"SERIAL_CRASH","MONTH","HOUR","HARM_EV","HARM_EVNAME","TYPE_OF_COLLIOSION","NUM_OF_PEOPLE","MOD_YEAR","VPICMAKENAME","VPICMODELNAME","TRAV_SP","DEFORMEDNAME","DEATHS","DR_DRINK","IS_DRIVER_PRESENT","L_TYPENAME","L_STATUSNAME","SPEEDRELNAME","VSPD_LIM","VSURCONDNAME","P_CRASH1NAME","P_CRASH2NAME","P_CRASH3NAME","PCRASH4NAME","PCRASH5NAME","BODY_STYLE","BLIND_SPOT_DETECTION","ARS","FRNT_COLLISION_WARNING","LANE_DEPARTURE_WARNING","CRASH_IMMINENT_BRAKE","DYNAMIC_BRAKE_SUPPORT","NHTSA_ESC","SAFETY_COUNT","notification_count"
10900,9,14,12,"Motor Vehicle In-Transport","Angle",1,2015,"JEEP","WRANGLER",45,"Disabling Damage",0,0,1,"Full Driver License","Valid","No",55,"Dry","Going Straight","From opposite direction  over left lane line","Braking","Tracking","Stayed in original travel lane","SUV",0,0,0,0,0,0,0,0,0
10900,9,14,12,"Motor Vehicle In-Transport","Angle",2,2017,"HONDA","ACCORD",10,"Minor Damage",0,0,1,"Full Driver License","Valid","No",55,"Dry","Decelerating in Road","From opposite direction  over left lane line","Unknown/Not Reported","Tracking","Stayed in original travel lane","4 DR",0,1,0,1,2,2,0,1,1
10901,10,7,24,"Guardrail Face","The First Harmful Event was Not a Collision with a Motor Vehicle in Transport",1,2020,"TOYOTA","CAMRY",999,"Disabling Damage",1,0,1,"Full Driver License","Valid","No",55,"Dry","Going Straight","Off the edge of the road on the right side","Unknown/Not Reported","Tracking","Departed roadway","4 DR",1,1,1,1,1,1,0,6,3
20006,1,22,12,"Motor Vehicle In-Transport","Front-to-Front",1,2014,"CADILLAC","ATS",998,"Disabling Damage",0,0,1,"Full Driver License","Valid","No",55,"Dry","Going Straight","Traveling in opposite direction","Unknown/Not Reported","Precrash stability unknown","Stayed on roadway, not known if left original travel lane","4 DR",0,1,1,1,2,2,1,3,2
20013,5,7,12,"Motor Vehicle In-Transport","Front-to-Front",1,2012,"CHEVROLET","SONIC",998,"Disabling Damage",1,0,1,"Full Driver License","Valid","No",50,"Dry","Going Straight","Over the lane line on left side of travel lane","Unknown/Not Reported","Precrash stability unknown","Stayed on roadway, but left original travel lane","5 HB",0,0,0,0,0,0,1,2,0
20033,8,3,8,"Pedestrian","The First Harmful Event was Not a Collision with a Motor Vehicle in Transport",1,2021,"SUBARU","IMPREZA",998,"Functional Damage",0,0,1,"Full Driver License","Valid","No",55,"Dry","Decelerating in Road","Pedestrian in road","No Avoidance Maneuver","Tracking","Stayed in original travel lane","4 DR",0,0,0,1,2,2,0,0,1
20041,9,14,12,"Motor Vehicle In-Transport","Front-to-Front",2,2022,"TOYOTA","COROLLA",998,"Disabling Damage",0,0,1,"Full Driver License","Valid","No",65,"Dry","Going Straight","From opposite direction  over left lane line","Unknown/Not Reported","Tracking","Stayed in original travel lane","4 DR",1,1,1,1,1,1,0,6,3
20043,9,15,12,"Motor Vehicle In-Transport","Front-to-Rear",2,2019,"DODGE","GRAND CARAVAN",998,"Disabling Damage",0,0,1,"Full Driver License","Valid","No",20,"Dry","Going Straight","From opposite direction  over left lane line","Unknown/Not Reported","Tracking","Stayed in original travel lane","VAN",0,0,0,0,0,0,0,0,0
40006,1,13,12,"Motor Vehicle In-Transport","Front-to-Front",2,2021,"TOYOTA","TACOMA",35,"Disabling Damage",0,0,1,"Full Driver License","Valid","No",35,"Dry","Going Straight","From opposite direction  over left lane line","No Avoidance Maneuver","Tracking","Stayed on roadway, not known if left original travel lane","PU/CC",0,2,1,1,1,1,0,5,2
40007,1,18,12,"Motor Vehicle In-Transport","Front-to-Front",1,2015,"SUBARU","OUTBACK",998,"Damage Reported, Extent Unknown",0,0,1,"Full Driver License","Valid","No",65,"Dry","Going Straight","From opposite direction  over left lane line","Steering right","Precrash stability unknown","Stayed in original travel lane","SUV",0,0,1,0,2,2,0,0,1
40008,1,6,8,"Pedestrian","The First Harmful Event was Not a Collision with a Motor Vehicle in Transport",99,2016,"HYUNDAI","TUCSON",998,"Minor Damage",0,0,1,"Full Driver License","Valid","No",45,"Dry","Going Straight","Pedestrian in road","No Avoidance Maneuver","Tracking","Departed roadway","SUV",0,1,0,0,2,2,0,1,0
40010,1,19,9,"Pedalcyclist","The First Harmful Event was Not a Collision with a Motor Vehicle in Transport",1,2021,"SUBARU","OUTBACK",998,"No Damage",0,0,1,"Full Driver License","Valid","No",55,"Dry","Going Straight","Object in road","No Avoidance Maneuver","Tracking","Stayed in original travel lane","SUV",1,0,1,1,1,1,0,4,3
40011,1,15,12,"Motor Vehicle In-Transport","Angle",1,2019,"NISSAN","ALTIMA",998,"Disabling Damage",1,0,1,"Full Driver License","Valid","No",65,"Dry","Turning Right","From crossing street, turning into opposite direction","No Avoidance Maneuver","Tracking","Stayed on roadway, but left original travel lane","4 DR",1,1,0,1,1,1,0,3,2
40016,1,18,12,"Motor Vehicle In-Transport","Angle",2,2016,"TOYOTA","SIENNA",60,"Disabling Damage",0,0,1,"Full Driver License","Valid","No",65,"Dry","Going Straight","Other vehicle stopped","No Avoidance Maneuver","Tracking","Stayed in original travel lane","VAN",0,1,1,0,2,2,0,1,1
40018,1,18,12,"Motor Vehicle In-Transport","Angle",2,2013,"DODGE","JOURNEY",998,"Disabling Damage",0,0,1,"Full Driver License","Valid","No",75,"Dry","Going Straight","Traveling in opposite direction","Braking","Tracking","Stayed in original travel lane","SUV",0,1,0,0,0,0,1,2,0
40019,1,19,9,"Pedalcyclist","The First Harmful Event was Not a Collision with a Motor Vehicle in Transport",1,2015,"RAM","1500",998,"Functional Damage",0,0,1,"Full Driver License","Valid","No",35,"Dry","Turning Left","Turning Left","No Avoidance Maneuver","Tracking","Stayed in original travel lane","PU/EC",0,0,0,0,0,0,0,0,0
40021,1,10,12,"Motor Vehicle In-Transport","Sideswipe - Same Direction",2,2022,"NISSAN","ALTIMA",998,"Disabling Damage",0,0,1,"Full Driver License","Valid","No",65,"Dry","Decelerating in Road","From adjacent lane (same direction) over right lane line","No Avoidance Maneuver","Precrash stability unknown","Stayed in original travel lane","4 DR",0,0,1,1,1,1,0,4,2
40021,1,10,12,"Motor Vehicle In-Transport","Sideswipe - Same Direction",1,2019,"NISSAN","FRONTIER",998,"Minor Damage",0,0,1,"Full Driver License","Valid","No",65,"Dry","Decelerating in Road","Traveling in same direction with higher speed","No Avoidance Maneuver","Tracking","Stayed in original travel lane","PU/EC",0,1,0,0,0,0,0,1,0
40021,1,10,12,"Motor Vehicle In-Transport","Sideswipe - Same Direction",1,2019,"TOYOTA","RAV4",998,"Minor Damage",0,0,1,"Full Driver License","Valid","No",65,"Dry","Going Straight","Traveling in same direction with higher speed","No Avoidance Maneuver","Tracking","Stayed in original travel lane","SUV",1,1,1,1,1,1,0,6,3
40024,1,18,12,"Motor Vehicle In-Transport","Front-to-Rear",3,2022,"CHEVROLET","BLAZER",70,"Disabling Damage",0,0,1,"Full Driver License","Valid","No",65,"Dry","Going Straight","Traveling in same direction with higher speed","No Avoidance Maneuver","Tracking","Stayed in original travel lane","SUV",1,1,1,1,2,1,0,5,3
40024,1,18,12,"Motor Vehicle In-Transport","Front-to-Rear",3,2012,"INFINITI","G37",65,"Disabling Damage",0,0,1,"Full Driver License","Valid","No",65,"Dry","Going Straight","Traveling in same direction with higher speed","No Avoidance Maneuver","Tracking","Stayed in original travel lane","4 DR",0,0,0,0,0,0,1,1,0
40026,1,17,12,"Motor Vehicle In-Transport","Angle",3,2022,"FORD","EDGE",13,"Disabling Damage",0,0,1,"Full Driver License","Valid","No",45,"Dry","Turning Left","Turning Left","No Avoidance Maneuver","Precrash stability unknown","Stayed on roadway, but left original travel lane","SUV",1,0,1,1,1,1,0,6,3
40027,1,7,12,"Motor Vehicle In-Transport","Front-to-Front",2,2013,"NISSAN","ALTIMA",50,"Disabling Damage",1,0,1,"Full Driver License","Valid","No",50,"Dry","Going Straight","Encroachment by other vehicle - details unknown","Unknown/Not Reported","Precrash stability unknown","Stayed on roadway, not known if left original travel lane","2 DR",0,1,0,0,0,0,1,2,0
40032,1,11,12,"Motor Vehicle In-Transport","Angle",1,2014,"FORD","TAURUS",5,"Minor Damage",0,0,1,"Full Driver License","Valid","No",40,"Dry","Turning Left","From opposite direction  over left lane line","Unknown/Not Reported","Precrash stability unknown","Stayed on roadway, not known if left original travel lane","4 DR",0,0,1,0,0,0,1,1,1
40034,1,6,12,"Motor Vehicle In-Transport","Front-to-Rear",1,2014,"TOYOTA","CAMRY",998,"Disabling Damage",1,0,1,"Full Driver License","Valid","No",65,"Dry","Unknown","Traveling in same direction with higher speed","Unknown/Not Reported","Tracking","Stayed in original travel lane","4 DR",0,0,0,0,0,0,1,1,0
40035,1,13,12,"Motor Vehicle In-Transport","Front-to-Front",4,2020,"HYUNDAI","SANTA FE",998,"Disabling Damage",1,0,1,"Full Driver License","Valid","No",65,"Dry","Passing or Overtaking Another Vehicle","Over the lane line on left side of travel lane","Steering left","Precrash stability unknown","Stayed on roadway, but left original travel lane","SUV",0,1,1,1,1,1,0,5,2
40035,1,13,12,"Motor Vehicle In-Transport","Front-to-Front",2,2017,"HYUNDAI","SANTA FE",998,"Disabling Damage",1,0,1,"Full Driver License","Valid","No",65,"Dry","Going Straight","From opposite direction  over left lane line","Steering right","Tracking","Stayed on roadway, not known if left original travel lane","SUV",0,1,1,1,2,2,0,2,2
40037,2,1,8,"Pedestrian","The First Harmful Event was Not a Collision with a Motor Vehicle in Transport",2,2017,"DODGE","JOURNEY",65,"Minor Damage",0,0,1,"Full Driver License","Valid","No",65,"Dry","Going Straight","Pedestrian in road","Steering left","Precrash stability unknown","Stayed in original travel lane","SUV",0,0,0,0,0,0,0,0,0
40043,2,4,8,"Pedestrian","The First Harmful Event was Not a Collision with a Motor Vehicle in Transport",1,2018,"NISSAN","KICKS",998,"Functional Damage",0,0,1,"Full Driver License","Valid","No",35,"Dry","Going Straight","Pedestrian in road","No Avoidance Maneuver","Tracking","Stayed in original travel lane","SUV",1,1,0,0,1,1,0,3,1
40044,2,5,12,"Motor Vehicle In-Transport","Front-to-Front",1,2021,"TOYOTA","CAMRY",55,"Disabling Damage",1,0,1,"Full Driver License","Valid","No",45,"Dry","Passing or Overtaking Another Vehicle","Traveling in opposite direction","Unknown/Not Reported","Tracking","Stayed on roadway, but left original travel lane","4 DR",1,1,1,1,1,1,0,6,3
40044,2,5,12,"Motor Vehicle In-Transport","Front-to-Front",1,2014,"GMC","ACADIA",45,"Disabling Damage",0,0,1,"Full Driver License","Valid","No",45,"Dry","Going Straight","Traveling in opposite direction","No Avoidance Maneuver","Tracking","Stayed in original travel lane","SUV",0,1,0,0,0,0,1,3,0
40044,2,5,12,"Motor Vehicle In-Transport","Front-to-Front",1,2019,"VOLKSWAGEN","JETTA",50,"Damage Reported, Extent Unknown",0,0,1,"Full Driver License","Valid","No",45,"Dry","Going Straight","From opposite direction  over left lane line","Unknown/Not Reported","Tracking","Stayed in original travel lane","4 DR",1,1,0,0,2,2,0,1,1
40045,2,17,12,"Motor Vehicle In-Transport","Angle",4,2012,"NISSAN","ALTIMA",998,"Disabling Damage",0,0,1,"Full Driver License","Valid","No",25,"Dry","Going Straight","Traveling in opposite direction","No Avoidance Maneuver","Tracking","Stayed in original travel lane","4 DR",0,0,0,0,0,0,1,1,0
40046,2,5,1,"Rollover/Overturn","The First Harmful Event was Not a Collision with a Motor Vehicle in Transport",1,2020,"TOYOTA","COROLLA",998,"Disabling Damage",1,0,1,"Full Driver License","Valid","No",65,"Dry","Going Straight","Off the edge of the road on the right side","Braking and steering right","Precrash stability unknown","Departed roadway","5 HB",1,1,1,1,1,1,0,6,3
40049,2,16,12,"Motor Vehicle In-Transport","Angle",2,2020,"RAM","2500",998,"Disabling Damage",0,0,1,"Full Driver License","Valid","No",45,"Dry","Going Straight","From opposite direction  over left lane line","Unknown/Not Reported","Tracking","Stayed on roadway, but left original travel lane","PU/RC",1,0,1,0,2,2,0,0,2
40056,1,18,8,"Pedestrian","The First Harmful Event was Not a Collision with a Motor Vehicle in Transport",2,2020,"TOYOTA","HIGHLANDER",40,"Minor Damage",0,0,1,"Full Driver License","Valid","No",40,"Dry","Going Straight","Pedestrian in road","Braking","Tracking","Unknown","SUV",0,1,1,1,1,1,0,6,2
40057,1,8,12,"Motor Vehicle In-Transport","Front-to-Front",1,2021,"FORD","EXPEDITION",15,"Disabling Damage",1,0,1,"Full Driver License","Valid","No",40,"Dry","Turning Left","Turning Left","No Avoidance Maneuver","Tracking","Stayed on roadway, not known if left original travel lane","SUV",1,0,1,0,1,1,0,5,2
40060,1,11,12,"Motor Vehicle In-Transport","Angle",1,2023,"TOYOTA","TACOMA",40,"Functional Damage",0,0,1,"Full Driver License","Valid","No",25,"Dry","Going Straight","From crossing street, across path","Unknown/Not Reported","Tracking","Stayed in original travel lane","PU/EC",1,2,1,1,1,1,0,4,3
40062,1,23,12,"Motor Vehicle In-Transport","Angle",1,2022,"KIA","RIO",40,"Disabling Damage",0,0,1,"Full Driver License","Valid","No",35,"Dry","Going Straight","From crossing street, across path","No Avoidance Maneuver","Precrash stability unknown","Stayed on roadway, not known if left original travel lane","4 DR",0,2,0,0,2,2,0,0,0
40064,1,7,12,"Motor Vehicle In-Transport","Front-to-Front",1,2016,"TOYOTA","TUNDRA",45,"Disabling Damage",0,0,1,"Full Driver License","Valid","No",45,"Dry","Negotiating a Curve","From opposite direction  over left lane line","Braking and steering right","Precrash stability unknown","Stayed on roadway, not known if left original travel lane","PU/CC",0,1,0,0,0,0,0,1,0
40066,2,8,12,"Motor Vehicle In-Transport","Angle",4,2019,"JEEP","COMPASS",998,"Disabling Damage",2,0,1,"Full Driver License","Valid","No",65,"Dry","Making a U-turn","Making a U-Turn","No Avoidance Maneuver","Precrash stability unknown","Stayed on roadway, not known if left original travel lane","SUV",1,0,1,0,2,2,0,0,2
40068,2,21,12,"Motor Vehicle In-Transport","Front-to-Front",3,2020,"TOYOTA","TUNDRA",35,"Disabling Damage",0,0,1,"Full Driver License","Valid","No",35,"Dry","Going Straight","From opposite direction  over left lane line","No Avoidance Maneuver","Tracking","Stayed on roadway, not known if left original travel lane","PU/EC",0,2,1,1,1,1,0,5,2
40069,2,22,8,"Pedestrian","The First Harmful Event was Not a Collision with a Motor Vehicle in Transport",2,2016,"KIA","SOUL",28,"Functional Damage",0,0,1,"Full Driver License","Valid","No",40,"Dry","Going Straight","Pedestrian in road","Unknown/Not Reported","Tracking","Stayed on roadway, not known if left original travel lane","SUV",0,1,0,1,0,0,0,1,1
40070,2,23,12,"Motor Vehicle In-Transport","Angle",2,2020,"JEEP","COMPASS",998,"Functional Damage",0,0,1,"Full Driver License","Valid","No",25,"Dry","Going Straight","From crossing street, across path","Unknown/Not Reported","Tracking","Stayed on roadway, not known if left original travel lane","SUV",1,1,1,1,2,2,0,1,3
40071,2,14,12,"Motor Vehicle In-Transport","Angle",2,2015,"CHEVROLET","MALIBU",3,"Functional Damage",0,0,1,"Full Driver License","Valid","No",45,"Dry","Going Straight","Object approaching road","Unknown/Not Reported","Tracking","Stayed on roadway, not known if left original travel lane","4 DR",1,0,1,1,0,0,0,1,3
40076,2,1,8,"Pedestrian","The First Harmful Event was Not a Collision with a Motor Vehicle in Transport",1,2012,"CHEVROLET","IMPALA",998,"Disabling Damage",0,0,1,"Full Driver License","Valid","No",55,"Dry","Going Straight","Pedestrian in road","No Avoidance Maneuver","Tracking","Stayed on roadway, not known if left original travel lane","4 DR",0,0,0,0,0,0,1,2,0
40077,2,22,12,"Motor Vehicle In-Transport","Angle",1,2022,"TOYOTA","AVALON",40,"Disabling Damage",0,0,1,"Full Driver License","Valid","No",45,"Dry","Going Straight","Over the lane line on right side of travel lane","Unknown/Not Reported","Tracking","Stayed on roadway, but left original travel lane","4 DR",1,1,1,1,1,1,0,7,3
40088,2,12,12,"Motor Vehicle In-Transport","Front-to-Front",2,2021,"TOYOTA","HIGHLANDER",998,"Disabling Damage",0,0,1,"Full Driver License","Valid","No",35,"Dry","Going Straight","Over the lane line on left side of travel lane","No Avoidance Maneuver","Precrash stability unknown","Stayed on roadway, but left original travel lane","SUV",1,1,1,1,1,1,0,6,3
40089,2,9,12,"Motor Vehicle In-Transport","Angle",2,2013,"DODGE","JOURNEY",65,"Disabling Damage",0,0,1,"Full Driver License","Valid","No",45,"Dry","Passing or Overtaking Another Vehicle","From crossing street, turning into opposite direction","Steering left","Tracking","Stayed on roadway, but left original travel lane","SUV",0,1,0,0,0,0,1,2,0
40089,2,9,12,"Motor Vehicle In-Transport","Angle",1,2022,"GMC","TERRAIN",15,"Disabling Damage",1,0,1,"Full Driver License","Valid","No",45,"Dry","Turning Left","Turning Left","Unknown/Not Reported","Tracking","Stayed on roadway, not known if left original travel lane","SUV",1,1,1,1,1,1,0,6,3
40093,2,18,12,"Motor Vehicle In-Transport","Angle",1,2017,"NISSAN","MAXIMA",10,"Disabling Damage",0,0,1,"Full Driver License","Valid","No",45,"Dry","Turning Left","From crossing street, across path","Unknown/Not Reported","Precrash stability unknown","Stayed on roadway, not known if left original travel lane","4 DR",0,0,1,0,2,2,0,0,1
40096,2,6,8,"Pedestrian","The First Harmful Event was Not a Collision with a Motor Vehicle in Transport",1,2020,"CHEVROLET","TRAVERSE",10,"Functional Damage",0,0,1,"Full Driver License","Valid","No",30,"Dry","Turning Left","Pedestrian in road","Unknown/Not Reported","Tracking","Stayed in original travel lane","SUV",0,0,1,1,2,2,0,1,2
40097,2,19,12,"Motor Vehicle In-Transport","Front-to-Rear",2,2011,"INFINITI","M37",998,"Disabling Damage",0,0,1,"Full Driver License","Valid","No",40,"Dry","Going Straight","From crossing street, across path","Unknown/Not Reported","Tracking","Stayed on roadway, but left original travel lane","4 DR",0,1,0,1,0,0,1,2,1
40099,2,23,12,"Motor Vehicle In-Transport","Front-to-Front",1,2018,"CHEVROLET","CRUZE",998,"Disabling Damage",1,0,1,"Full Driver License","Valid","No",45,"Dry","Going Straight","From opposite direction  over left lane line","Unknown/Not Reported","Precrash stability unknown","Stayed on roadway, but left original travel lane","5 HB",1,1,1,0,0,0,0,2,2
40102,1,0,8,"Pedestrian","The First Harmful Event was Not a Collision with a Motor Vehicle in Transport",1,2018,"NISSAN","ALTIMA",45,"Functional Damage",0,0,1,"Full Driver License","Valid","No",40,"Dry","Going Straight","Pedestrian in road","No Avoidance Maneuver","Tracking","Stayed in original travel lane","4 DR",1,1,1,0,1,1,0,4,2
40111,2,10,12,"Motor Vehicle In-Transport","Front-to-Rear",3,2017,"HYUNDAI","TUCSON",998,"Disabling Damage",1,0,1,"Full Driver License","Valid","No",65,"Dry","Turning Right","Traveling in same direction with higher speed","No Avoidance Maneuver","Tracking","Departed roadway","SUV",0,1,0,0,2,2,0,1,0
40113,2,1,25,"Concrete Traffic Barrier","The First Harmful Event was Not a Collision with a Motor Vehicle in Transport",1,2013,"HYUNDAI","SONATA",998,"Disabling Damage",1,0,1,"Full Driver License","Valid","No",65,"Dry","Going Straight","Off the edge of the road on the right side","No Avoidance Maneuver","Precrash stability unknown","Departed roadway","4 DR",0,1,0,0,0,0,1,2,0
40123,3,17,12,"Motor Vehicle In-Transport","Front-to-Front",2,2016,"DODGE","JOURNEY",998,"Disabling Damage",2,0,1,"Full Driver License","Valid","No",65,"Dry","Negotiating a Curve","Over the lane line on left side of travel lane","No Avoidance Maneuver","Precrash stability unknown","Stayed on roadway, but left original travel lane","SUV",0,0,0,0,0,0,0,0,0
40126,3,8,15,"Non-Motorist on Personal Conveyance","The First Harmful Event was Not a Collision with a Motor Vehicle in Transport",1,2012,"TOYOTA","SCION XB",35,"Functional Damage",0,0,1,"Full Driver License","Valid","No",45,"Dry","Going Straight","Pedalcyclist or other non-motorist in road","Braking","Precrash stability unknown","Stayed on roadway, not known if left original travel lane","SW",0,0,0,0,0,0,1,1,0
40128,3,21,12,"Motor Vehicle In-Transport","Front-to-Rear",1,2015,"KIA","RIO",998,"Disabling Damage",1,0,1,"Full Driver License","Valid","No",55,"Dry","Unknown","Traveling in same direction with higher speed","Unknown/Not Reported","Tracking","Stayed on roadway, but left original travel lane","4 DR",0,1,0,0,0,0,0,1,0
40128,3,21,12,"Motor Vehicle In-Transport","Front-to-Rear",2,2019,"MINI","CLUBMAN",998,"Minor Damage",0,0,1,"Full Driver License","Valid","No",55,"Dry","Unknown","Traveling in same direction with higher speed","Unknown/Not Reported","Tracking","Stayed on roadway, but left original travel lane","5 HB",0,1,0,1,2,2,0,1,1
40131,3,18,12,"Motor Vehicle In-Transport","Front-to-Front",2,2013,"HYUNDAI","SONATA",35,"Disabling Damage",1,0,1,"Full Driver License","Valid","No",35,"Dry","Going Straight","Crossing Over (Passing Through) Junction","No Avoidance Maneuver","Tracking","Stayed in original travel lane","4 DR",0,1,0,0,0,0,1,2,0
40133,3,13,12,"Motor Vehicle In-Transport","Angle",1,2015,"CHEVROLET","EQUINOX",14,"Disabling Damage",0,0,1,"Full Driver License","Valid","No",40,"Dry","Turning Left","Encroachment by other vehicle - details unknown","No Avoidance Maneuver","Tracking","Stayed on roadway, not known if left original travel lane","SUV",0,1,0,0,0,0,0,2,0
40135,3,14,12,"Motor Vehicle In-Transport","Front-to-Front",1,2017,"HYUNDAI","VELOSTER",25,"Disabling Damage",0,0,1,"Full Driver License","Valid","No",35,"Dry","Going Straight","From opposite direction  over left lane line","Unknown/Not Reported","Tracking","Stayed on roadway, not known if left original travel lane","3C",0,1,0,0,0,0,0,1,0
40136,3,22,12,"Motor Vehicle In-Transport","Angle",1,2020,"HONDA","CIVIC",998,"Disabling Damage",0,0,1,"Full Driver License","Valid","No",45,"Dry","Going Straight","From crossing street, across path","No Avoidance Maneuver","Tracking","Stayed in original travel lane","4 DR",0,1,1,1,1,1,0,5,2
40136,3,22,12,"Motor Vehicle In-Transport","Angle",1,2017,"HONDA","ACCORD",998,"Disabling Damage",0,0,1,"Full Driver License","Valid","No",45,"Dry","Going Straight","From adjacent lane (same direction) over left lane line","No Avoidance Maneuver","Tracking","Stayed in original travel lane","4 DR",0,1,0,1,2,2,0,1,1
40137,3,12,12,"Motor Vehicle In-Transport","Front-to-Front",1,2016,"HYUNDAI","SONATA",15,"Disabling Damage",0,0,1,"Full Driver License","Valid","No",45,"Dry","Turning Left","Turning Left","No Avoidance Maneuver","Tracking","Stayed in original travel lane","4 DR",1,1,1,0,2,2,0,2,2
40137,3,12,12,"Motor Vehicle In-Transport","Front-to-Front",1,2021,"HYUNDAI","TUCSON",0,"Disabling Damage",0,0,1,"Full Driver License","Valid","No",45,"Dry","Stopped in Roadway","From crossing street, across path","No Avoidance Maneuver","Tracking","Stayed in original travel lane","SUV",0,2,1,1,1,1,0,4,2
40142,3,6,8,"Pedestrian","The First Harmful Event was Not a Collision with a Motor Vehicle in Transport",1,2020,"FORD","ESCAPE",44,"Disabling Damage",0,0,1,"Full Driver License","Valid","No",40,"Dry","Going Straight","Pedestrian in road","Unknown/Not Reported","Tracking","Stayed on roadway, not known if left original travel lane","SUV",1,0,1,1,1,1,0,6,3
40143,3,9,12,"Motor Vehicle In-Transport","Sideswipe - Same Direction",1,2022,"CHEVROLET","COLORADO",998,"Minor Damage",0,0,1,"Full Driver License","Valid","No",55,"Dry","Going Straight","From adjacent lane (same direction) over left lane line","No Avoidance Maneuver","Tracking","Stayed on roadway, not known if left original travel lane","PU/CC",0,1,0,1,2,2,0,1,1
40144,3,9,12,"Motor Vehicle In-Transport","Front-to-Front",1,2020,"TOYOTA","TACOMA",998,"Disabling Damage",1,0,1,"Full Driver License","Valid","No",65,"Dry","Going Straight","From adjacent lane (same direction) over left lane line","Unknown/Not Reported","Tracking","Stayed on roadway, but left original travel lane","PU/EC",0,2,1,1,1,1,0,5,2
40144,3,9,12,"Motor Vehicle In-Transport","Front-to-Front",1,2020,"ACURA","RDX",998,"Functional Damage",0,0,1,"Full Driver License","Valid","No",65,"Dry","Going Straight","Object approaching road","Braking and steering left","Tracking","Stayed on roadway, not known if left original travel lane","SUV",1,1,1,1,1,1,0,6,3
40149,3,17,12,"Motor Vehicle In-Transport","Front-to-Front",5,2014,"VOLKSWAGEN","PASSAT",998,"Disabling Damage",1,0,1,"Full Driver License","Valid","No",65,"Dry","Going Straight","From opposite direction  over left lane line","Braking and steering right","Tracking","Stayed in original travel lane","4 DR",0,1,0,0,0,0,1,2,0
40160,3,22,12,"Motor Vehicle In-Transport","Angle",1,2018,"RAM","1500",40,"Disabling Damage",0,0,1,"Full Driver License","Valid","No",45,"Dry","Going Straight","Traveling in same direction with higher speed","Unknown/Not Reported","Tracking","Stayed in original travel lane","PU/RC",0,0,0,0,0,0,0,0,0
40160,3,22,12,"Motor Vehicle In-Transport","Angle",3,2015,"CHEVROLET","TAHOE",40,"Disabling Damage",0,0,1,"Full Driver License","Valid","No",45,"Dry","Going Straight","Traveling in same direction with higher speed","Unknown/Not Reported","Tracking","Stayed in original travel lane","SUV",1,1,1,0,2,0,0,2,2
40162,3,12,8,"Pedestrian","The First Harmful Event was Not a Collision with a Motor Vehicle in Transport",1,2020,"TOYOTA","CAMRY",20,"Disabling Damage",0,0,1,"Full Driver License","Valid","No",45,"Dry","Going Straight","Pedestrian in road","Steering left","Tracking","Departed roadway","4 DR",1,1,1,1,1,1,0,6,3
40163,3,19,8,"Pedestrian","The First Harmful Event was Not a Collision with a Motor Vehicle in Transport",1,2021,"HONDA","CIVIC",45,"Disabling Damage",0,0,1,"Full Driver License","Valid","No",45,"Dry","Going Straight","Pedestrian in road","Braking","Precrash stability unknown","Stayed on roadway, not known if left original travel lane","4 DR",0,1,1,1,1,1,0,5,2
40164,3,20,25,"Concrete Traffic Barrier","The First Harmful Event was Not a Collision with a Motor Vehicle in Transport",3,2021,"NISSAN","MURANO",998,"Disabling Damage",1,0,1,"Full Driver License","Valid","No",65,"Dry","Going Straight","Over the lane line on left side of travel lane","Steering left","Tracking","Departed roadway","SUV",1,0,1,1,1,1,0,5,3
40165,3,13,12,"Motor Vehicle In-Transport","Front-to-Rear",2,2019,"HONDA","CIVIC",998,"Minor Damage",0,0,1,"Full Driver License","Valid","No",65,"Dry","Going Straight","From adjacent lane (same direction) over left lane line","Unknown/Not Reported","Tracking","Stayed on roadway, not known if left original travel lane","2 DR",0,1,1,1,1,1,0,5,2
40168,3,15,8,"Pedestrian","The First Harmful Event was Not a Collision with a Motor Vehicle in Transport",1,2011,"TOYOTA","PRIUS",15,"Functional Damage",0,0,1,"Full Driver License","Valid","No",25,"Dry","Unknown","Pedestrian in road","Unknown/Not Reported","Tracking","Stayed in original travel lane","5 HB",0,1,0,0,0,0,1,2,0
40169,3,14,12,"Motor Vehicle In-Transport","Angle",3,2019,"DODGE","JOURNEY",11,"Disabling Damage",1,0,1,"Full Driver License","Valid","No",40,"Dry","Turning Left","Turning Left","Unknown/Not Reported","Tracking","Stayed on roadway, not known if left original travel lane","SUV",0,0,0,0,0,0,0,0,0
40175,1,3,8,"Pedestrian","The First Harmful Event was Not a Collision with a Motor Vehicle in Transport",1,2013,"CHEVROLET","TAHOE",42,"Functional Damage",0,0,1,"Full Driver License","Valid","No",40,"Dry","Going Straight","Pedestrian in road","Unknown/Not Reported","Tracking","Stayed on roadway, but left original travel lane","SUV",0,1,0,0,0,0,1,3,0