"SERIAL_CRASH","MONTH","HOUR","HARM_EV","HARM_EVNAME","TYPE_OF_COLLIOSION","NUM_OF_PEOPLE","MOD_YEAR","VPICMAKENAME","VPICMODELNAME","TRAV_SP","DEFORMEDNAME","DEATHS","DR_DRINK","IS_DRIVER_PRESENT","L_TYPENAME","L_STATUSNAME","SPEEDRELNAME","VSPD_LIM","VSURCONDNAME","P_CRASH1NAME","P_CRASH2NAME","P_CRASH3NAME","PCRASH4NAME","PCRASH5NAME","BODY_STYLE","BLIND_SPOT_DETECTION","ARS","FRNT_COLLISION_WARNING","LANE_DEPARTURE_WARNING","CRASH_IMMINENT_BRAKE","DYNAMIC_BRAKE_SUPPORT","NHTSA_ESC","SAFETY_COUNT","notification_count"
40178,2,18,8,"Pedestrian","The First Harmful Event was Not a Collision with a Motor Vehicle in Transport",1,2020,"MITSUBISHI","OUTLANDER",47,"Functional Damage",0,0,1,"Full Driver License","Valid","No",40,"Dry","Going Straight","Pedestrian in road","Unknown/Not Reported","Tracking","Stayed in original travel lane","SUV",1,0,0,0,2,2,0,0,1
40179,3,21,42,"Tree (Standing Only)","The First Harmful Event was Not a Collision with a Motor Vehicle in Transport",1,2021,"HONDA","ACCORD",998,"Disabling Damage",1,0,1,"Full Driver License","Valid","No",75,"Dry","Going Straight","Off the edge of the road on the left side","No Avoidance Maneuver","Tracking","Departed roadway","4 DR",1,1,1,1,1,1,0,6,3
40181,3,14,12,"Motor Vehicle In-Transport","Front-to-Front",3,2020,"MAZDA","CX-5",68,"Disabling Damage",2,0,1,"Full Driver License","Valid","No",65,"Dry","Going Straight","From opposite direction  over left lane line","No Avoidance Maneuver","Tracking","Stayed on roadway, but left original travel lane","SUV",1,1,0,1,2,2,0,3,2
40183,3,22,8,"Pedestrian","The First Harmful Event was Not a Collision with a Motor Vehicle in Transport",1,2013,"VOLKSWAGEN","PASSAT",50,"Minor Damage",0,0,1,"Full Driver License","Valid","No",45,"Dry","Going Straight","Pedestrian in road","Braking","Tracking","Stayed in original travel lane","4 DR",0,1,0,0,0,0,1,2,0
40186,3,10,12,"Motor Vehicle In-Transport","Front-to-Rear",1,2016,"CHRYSLER","TOWN AND COUNTRY",0,"Functional Damage",0,0,1,"Full Driver License","Valid","No",65,"Dry","Stopped in Roadway","Other vehicle stopped","No Avoidance Maneuver","Tracking","Stayed in original travel lane","VAN",0,0,0,0,0,0,0,0,0
40191,3,0,8,"Pedestrian","The First Harmful Event was Not a Collision with a Motor Vehicle in Transport",1,2020,"NISSAN","ALTIMA",40,"Functional Damage",0,0,1,"Full Driver License","Valid","No",40,"Dry","Going Straight","Pedestrian in road","No Avoidance Maneuver","Tracking","Stayed in original travel lane","4 DR",0,1,1,1,1,1,0,4,2
40196,3,12,12,"Motor Vehicle In-Transport","Angle",3,2022,"JEEP","COMPASS",53,"Disabling Damage",1,0,1,"Full Driver License","Valid","No",45,"Dry","Going Straight","From opposite direction  over left lane line","Steering right","Tracking","Stayed on roadway, but left original travel lane","SUV",0,1,1,0,1,1,0,5,1
40198,3,11,12,"Motor Vehicle In-Transport","Angle",2,2018,"BUICK","ENVISION",15,"Disabling Damage",0,0,1,"Full Driver License","Valid","No",45,"Dry","Turning Left","Turning Left","Unknown/Not Reported","Tracking","Stayed on roadway, not known if left original travel lane","SUV",0,1,1,0,2,2,0,2,1
40199,3,13,12,"Motor Vehicle In-Transport","Front-to-Rear",4,2019,"CHEVROLET","TRAVERSE",998,"Disabling Damage",2,0,1,"Full Driver License","Valid","No",75,"Dry","Going Straight","Traveling in same direction with lower steady speed","No Avoidance Maneuver","Tracking","Stayed in original travel lane","SUV",0,1,1,1,2,2,0,2,2
40202,3,16,1,"Rollover/Overturn","The First Harmful Event was Not a Collision with a Motor Vehicle in Transport",1,2017,"CHEVROLET","TAHOE",998,"Disabling Damage",1,0,1,"Full Driver License","Valid","No",35,"Dry","Negotiating a Curve","Off the edge of the road on the right side","Unknown/Not Reported","Tracking","Departed roadway","SUV",1,1,1,0,2,0,0,2,2
40204,3,19,8,"Pedestrian","The First Harmful Event was Not a Collision with a Motor Vehicle in Transport",1,2015,"NISSAN","NV200",30,"Minor Damage",0,0,1,"Full Driver License","Valid","No",30,"Dry","Going Straight","Pedestrian in road","No Avoidance Maneuver","Tracking","Stayed on roadway, not known if left original travel lane","VAN",0,0,0,0,0,0,0,0,0
40211,3,15,12,"Motor Vehicle In-Transport","Front-to-Front",1,2016,"DODGE","CHALLENGER",998,"Disabling Damage",0,0,1,"Full Driver License","Valid","No",65,"Dry","Going Straight","From opposite direction  over left lane line","Braking","Tracking","Stayed on roadway, but left original travel lane","2 DR",0,0,0,0,0,0,0,0,0
40212,3,17,12,"Motor Vehicle In-Transport","Front-to-Rear",1,2014,"INFINITI","Q50",998,"Functional Damage",0,0,1,"Full Driver License","Valid","No",55,"Dry","Going Straight","Traveling in same direction while decelerating","Braking","Tracking","Stayed on roadway, not known if left original travel lane","4 DR",0,0,0,0,2,2,1,1,0
40214,3,19,8,"Pedestrian","The First Harmful Event was Not a Collision with a Motor Vehicle in Transport",1,2016,"TOYOTA","HIGHLANDER",45,"Functional Damage",0,0,1,"Full Driver License","Valid","No",45,"Dry","Going Straight","Pedestrian in road","Braking","Tracking","Stayed on roadway, not known if left original travel lane","SUV",0,1,0,1,2,2,0,1,1
40232,4,20,8,"Pedestrian","The First Harmful Event was Not a Collision with a Motor Vehicle in Transport",1,2017,"CHEVROLET","CRUZE",43,"Functional Damage",0,0,1,"Full Driver License","Valid","No",40,"Dry","Going Straight","Pedestrian in road","No Avoidance Maneuver","Tracking","Stayed in original travel lane","4 DR",1,1,0,1,0,0,0,2,2
40233,4,23,8,"Pedestrian","The First Harmful Event was Not a Collision with a Motor Vehicle in Transport",1,2013,"HONDA","CIVIC",998,"Disabling Damage",0,0,1,"Full Driver License","Valid","No",65,"Dry","Changing Lanes","Pedestrian in road","Braking and Unknown Steering Direction","Tracking","Stayed on roadway, not known if left original travel lane","4 DR",0,0,0,0,0,0,1,1,0
40236,4,19,12,"Motor Vehicle In-Transport","Angle",1,2022,"HONDA","ACCORD",998,"Disabling Damage",0,0,1,"Full Driver License","Valid","No",40,"Dry","Turning Left","Turning Left","No Avoidance Maneuver","Tracking","Stayed on roadway, but left original travel lane","4 DR",0,1,1,1,1,1,0,6,2
40250,4,13,12,"Motor Vehicle In-Transport","Angle",1,2014,"FORD","E-350",0,"Minor Damage",0,0,1,"Full Driver License","Valid","No",45,"Dry","Stopped in Roadway","Encroachment by other vehicle - details unknown","No Avoidance Maneuver","Tracking","Stayed in original travel lane","VAN",0,0,0,0,0,0,1,1,0
40254,3,20,12,"Motor Vehicle In-Transport","Front-to-Front",1,2023,"GMC","ACADIA",998,"Minor Damage",0,0,1,"Full Driver License","Valid","No",75,"Dry","Negotiating a Curve","Off the edge of the road on the right side","Steering right","Tracking","Departed roadway","SUV",1,0,1,1,1,1,0,5,3
40259,4,18,12,"Motor Vehicle In-Transport","Sideswipe - Same Direction",3,2020,"TOYOTA","TACOMA",998,"Functional Damage",0,0,1,"Full Driver License","Valid","No",75,"Dry","Going Straight","Object approaching road","No Avoidance Maneuver","Tracking","Stayed on roadway, not known if left original travel lane","PU/EC",1,2,1,1,1,1,0,5,3
40260,4,16,12,"Motor Vehicle In-Transport","Front-to-Rear",1,2019,"JEEP","CHEROKEE",0,"Disabling Damage",1,0,1,"Full Driver License","Valid","No",75,"Dry","Stopped in Roadway","Traveling in same direction with higher speed","No Avoidance Maneuver","Tracking","Stayed in original travel lane","SUV",1,1,1,0,2,2,0,1,2
40260,4,16,12,"Motor Vehicle In-Transport","Front-to-Rear",1,2014,"FORD","EXPLORER",0,"Disabling Damage",0,0,1,"Full Driver License","Valid","No",75,"Dry","Stopped in Roadway","Traveling in same direction with higher speed","No Avoidance Maneuver","Tracking","Stayed in original travel lane","SUV",0,0,1,0,0,0,1,1,1
40260,4,16,12,"Motor Vehicle In-Transport","Front-to-Rear",3,2021,"MAZDA","CX-5",0,"Disabling Damage",0,0,1,"Full Driver License","Valid","No",75,"Dry","Stopped in Roadway","Traveling in same direction with higher speed","No Avoidance Maneuver","Tracking","Stayed in original travel lane","SUV",1,1,1,1,1,1,0,7,3
40260,4,16,12,"Motor Vehicle In-Transport","Front-to-Rear",1,2015,"TOYOTA","TUNDRA",0,"Functional Damage",0,0,1,"Full Driver License","Valid","No",75,"Dry","Stopped in Roadway","Traveling in same direction with higher speed","No Avoidance Maneuver","Tracking","Stayed in original travel lane","PU/RC",1,0,0,0,0,0,0,0,1
40261,4,15,12,"Motor Vehicle In-Transport","Angle",1,2019,"KIA","SORENTO",5,"Minor Damage",0,0,1,"Full Driver License","Valid","No",35,"Dry","Turning Left","Turning Left","No Avoidance Maneuver","Tracking","Stayed in original travel lane","SUV",0,2,1,1,2,2,0,0,2
40265,4,19,8,"Pedestrian","The First Harmful Event was Not a Collision with a Motor Vehicle in Transport",1,2015,"HYUNDAI","ELANTRA",35,"Disabling Damage",0,0,1,"Full Driver License","Valid","No",40,"Dry","Going Straight","Pedestrian in road","Unknown/Not Reported","Tracking","Stayed on roadway, not known if left original travel lane","2 DR",0,2,0,0,0,0,0,0,0
40269,4,14,43,"Other Fixed Object","The First Harmful Event was Not a Collision with a Motor Vehicle in Transport",2,2012,"HYUNDAI","ELANTRA",998,"Disabling Damage",1,0,1,"Full Driver License","Valid","No",75,"Dry","Going Straight","Off the edge of the road on the left side","Steering right","Tracking","Remained off roadway","4 DR",0,0,0,0,0,0,1,1,0
40270,4,18,12,"Motor Vehicle In-Transport","Angle",2,2012,"TOYOTA","COROLLA",15,"Disabling Damage",1,0,1,"Full Driver License","Valid","No",45,"Dry","Turning Left","Turning Left","No Avoidance Maneuver","Tracking","Stayed on roadway, but left original travel lane","4 DR",0,0,0,0,0,0,1,1,0
40270,4,18,12,"Motor Vehicle In-Transport","Angle",1,2013,"KIA","OPTIMA",47,"Disabling Damage",0,0,1,"Full Driver License","Valid","No",45,"Dry","Going Straight","From opposite direction  over left lane line","No Avoidance Maneuver","Tracking","Stayed on roadway, but left original travel lane","4 DR",0,1,0,0,0,0,1,2,0
40271,4,22,1,"Rollover/Overturn","The First Harmful Event was Not a Collision with a Motor Vehicle in Transport",2,2023,"VOLKSWAGEN","JETTA",998,"Disabling Damage",1,0,1,"Full Driver License","Valid","No",15,"Dry","Negotiating a Curve","Off the edge of the road on the left side","No Avoidance Maneuver","Tracking","Departed roadway","4 DR",1,0,1,1,1,1,0,4,3
40272,4,13,12,"Motor Vehicle In-Transport","Angle",1,2017,"HYUNDAI","ACCENT",998,"Disabling Damage",1,0,1,"Full Driver License","Valid","No",45,"Dry","Turning Left","Turning Left","No Avoidance Maneuver","Tracking","Stayed in original travel lane","4 DR",0,1,0,0,0,0,0,1,0
40273,4,21,12,"Motor Vehicle In-Transport","Angle",2,2018,"JEEP","GRAND CHEROKEE",998,"Functional Damage",0,0,1,"Full Driver License","Valid","No",40,"Dry","Turning Left","Turning Left","Unknown/Not Reported","Tracking","Stayed on roadway, but left original travel lane","SUV",1,0,1,1,2,2,0,0,3
40273,4,21,12,"Motor Vehicle In-Transport","Angle",1,2015,"NISSAN","ALTIMA",998,"Functional Damage",0,0,1,"Full Driver License","Valid","No",40,"Dry","Turning Left","From adjacent lane (same direction) over left lane line","No Avoidance Maneuver","Tracking","Stayed on roadway, not known if left original travel lane","4 DR",1,0,0,0,0,0,0,0,1
40274,1,3,8,"Pedestrian","The First Harmful Event was Not a Collision with a Motor Vehicle in Transport",1,2017,"NISSAN","SENTRA",45,"Minor Damage",0,0,1,"Full Driver License","Valid","No",40,"Dry","Going Straight","Pedestrian in road","No Avoidance Maneuver","Tracking","Stayed on roadway, not known if left original travel lane","4 DR",1,0,0,0,2,2,0,0,1
40278,4,16,8,"Pedestrian","The First Harmful Event was Not a Collision with a Motor Vehicle in Transport",1,2018,"DODGE","CHARGER",998,"Functional Damage",0,0,1,"Full Driver License","Valid","No",40,"Dry","Going Straight","Pedestrian in road","No Avoidance Maneuver","Tracking","Stayed on roadway, not known if left original travel lane","4 DR",1,0,0,0,2,2,0,0,1
40280,4,16,12,"Motor Vehicle In-Transport","Front-to-Front",3,2012,"DODGE","AVENGER",25,"Disabling Damage",1,0,1,"Full Driver License","Valid","No",25,"Dry","Going Straight","From adjacent lane (same direction) over left lane line","Steering right","Tracking","Stayed on roadway, not known if left original travel lane","4 DR",0,1,0,0,0,0,1,2,0
40281,4,15,12,"Motor Vehicle In-Transport","Sideswipe - Opposite Direction",1,2013,"CHRYSLER","200",998,"Disabling Damage",1,0,1,"Full Driver License","Valid","No",55,"Dry","Going Straight","Over the lane line on left side of travel lane","No Avoidance Maneuver","Tracking","Stayed on roadway, but left original travel lane","C",0,0,0,0,0,0,1,1,0
40281,4,15,12,"Motor Vehicle In-Transport","Sideswipe - Opposite Direction",1,2022,"SUBARU","FORESTER",998,"Disabling Damage",0,0,1,"Full Driver License","Valid","No",55,"Dry","Negotiating a Curve","From adjacent lane (same direction) over left lane line","No Avoidance Maneuver","Tracking","Departed roadway","SUV",0,1,1,1,1,1,0,5,2
40281,4,15,12,"Motor Vehicle In-Transport","Sideswipe - Opposite Direction",2,2011,"NISSAN","PATHFINDER",998,"Functional Damage",0,0,1,"Full Driver License","Valid","No",55,"Dry","Negotiating a Curve","From adjacent lane (same direction) over left lane line","Braking","Tracking","Stayed on roadway, but left original travel lane","SUV",0,1,0,0,0,0,1,2,0
40281,4,15,12,"Motor Vehicle In-Transport","Sideswipe - Opposite Direction",1,2023,"CHRYSLER","VOYAGER",998,"Minor Damage",0,0,1,"Full Driver License","Valid","No",55,"Dry","Negotiating a Curve","Other critical precrash event (specify:)","No Avoidance Maneuver","Tracking","Stayed on roadway, but left original travel lane","PV",0,0,1,1,1,1,0,3,2
40282,5,0,12,"Motor Vehicle In-Transport","Front-to-Rear",1,2021,"HYUNDAI","SANTA FE",998,"Disabling Damage",0,0,1,"Full Driver License","Valid","No",65,"Dry","Going Straight","Other vehicle stopped","No Avoidance Maneuver","Tracking","Stayed in original travel lane","SUV",0,0,1,1,1,1,0,4,2
40287,4,7,12,"Motor Vehicle In-Transport","Front-to-Front",1,2022,"TOYOTA","HIGHLANDER",55,"Disabling Damage",1,0,1,"Full Driver License","Valid","No",55,"Dry","Changing Lanes","Over the lane line on left side of travel lane","No Avoidance Maneuver","Tracking","Stayed on roadway, but left original travel lane","SUV",0,1,1,1,1,1,0,6,2
40291,3,22,12,"Motor Vehicle In-Transport","Front-to-Front",1,2015,"DODGE","DART",45,"Disabling Damage",0,0,1,"Full Driver License","Valid","No",45,"Dry","Going Straight","From opposite direction  over left lane line","No Avoidance Maneuver","Tracking","Stayed on roadway, not known if left original travel lane","4 DR",0,0,0,0,0,0,0,0,0
40292,3,12,12,"Motor Vehicle In-Transport","Angle",1,2017,"NISSAN","SENTRA",998,"Disabling Damage",1,0,1,"Full Driver License","Valid","No",65,"Dry","Going Straight","From opposite direction  over left lane line","Braking","Tracking","Stayed on roadway, but left original travel lane","4 DR",1,0,0,0,2,2,0,0,1
40292,3,12,12,"Motor Vehicle In-Transport","Angle",5,2021,"NISSAN","ROGUE",998,"Disabling Damage",0,0,1,"Full Driver License","Valid","No",65,"Dry","Turning Left","Turning Left","No Avoidance Maneuver","Tracking","Stayed on roadway, but left original travel lane","SUV",1,0,1,1,1,1,0,5,3
40301,5,13,12,"Motor Vehicle In-Transport","Front-to-Front",1,2021,"VOLKSWAGEN","TIGUAN",998,"Disabling Damage",1,0,1,"Full Driver License","Valid","No",40,"Dry","Going Straight","Over the lane line on left side of travel lane","Unknown/Not Reported","Tracking","Stayed on roadway, not known if left original travel lane","SUV",1,1,1,0,1,1,0,6,2
40307,5,17,12,"Motor Vehicle In-Transport","Angle",1,2021,"NISSAN","ROGUE",998,"Functional Damage",0,0,1,"Full Driver License","Valid","No",40,"Dry","Turning Left","Turning Left","No Avoidance Maneuver","Tracking","Stayed on roadway, not known if left original travel lane","SUV",1,0,1,1,1,1,0,5,3
40309,5,3,12,"Motor Vehicle In-Transport","Front-to-Front",3,2012,"MITSUBISHI","GALANT",998,"Disabling Damage",0,0,1,"Full Driver License","Valid","No",65,"Dry","Going Straight","From opposite direction  over left lane line","Steering right","Tracking","Stayed on roadway, but left original travel lane","4 DR",0,0,0,0,0,0,1,1,0
40314,5,5,12,"Motor Vehicle In-Transport","Front-to-Rear",1,2016,"JEEP","CHEROKEE",998,"Disabling Damage",0,0,1,"Full Driver License","Valid","No",65,"Dry","Going Straight","From adjacent lane (same direction) over left lane line","Braking","Tracking","Stayed on roadway, but left original travel lane","SUV",1,1,1,0,2,2,0,1,2
40316,5,20,8,"Pedestrian","The First Harmful Event was Not a Collision with a Motor Vehicle in Transport",1,2022,"FORD","BRONCO",45,"Functional Damage",0,0,1,"Full Driver License","Valid","No",45,"Dry","Going Straight","Pedestrian in road","Braking and Unknown Steering Direction","Tracking","Stayed in original travel lane","SUV",1,0,1,1,1,1,0,6,3
40317,5,21,8,"Pedestrian","The First Harmful Event was Not a Collision with a Motor Vehicle in Transport",1,2020,"NISSAN","KICKS",50,"Functional Damage",0,0,1,"Full Driver License","Valid","No",50,"Dry","Going Straight","Pedestrian in road","Unknown/Not Reported","Tracking","Stayed in original travel lane","SUV",1,1,1,1,1,1,0,6,3
40323,5,19,12,"Motor Vehicle In-Transport","Front-to-Rear",3,2017,"DODGE","JOURNEY",998,"Minor Damage",0,0,1,"Full Driver License","Valid","No",75,"Dry","Going Straight","Other critical precrash event (specify:)","No Avoidance Maneuver","Tracking","Stayed in original travel lane","SUV",0,0,0,0,0,0,0,0,0
40336,5,19,8,"Pedestrian","The First Harmful Event was Not a Collision with a Motor Vehicle in Transport",1,2015,"CHEVROLET","TAHOE",42,"Functional Damage",0,0,1,"Full Driver License","Valid","No",40,"Dry","Going Straight","Pedestrian in road","Unknown/Not Reported","Tracking","Stayed in original travel lane","SUV",0,1,0,1,2,0,0,2,1
40337,5,9,12,"Motor Vehicle In-Transport","Angle",1,2012,"CHEVROLET","EQUINOX",0,"Functional Damage",0,0,1,"Full Driver License","Valid","No",40,"Dry","Stopped in Roadway","From opposite direction  over left lane line","No Avoidance Maneuver","Tracking","Stayed on roadway, not known if left original travel lane","SUV",0,0,1,0,0,0,1,2,1
40340,3,21,12,"Motor Vehicle In-Transport","Front-to-Rear",1,2014,"HONDA","CR-V",65,"Disabling Damage",0,0,1,"Full Driver License","Valid","No",65,"Dry","Going Straight","Other vehicle stopped","Braking","Tracking","Stayed in original travel lane","SUV",0,0,0,0,0,0,1,1,0
40341,2,23,8,"Pedestrian","The First Harmful Event was Not a Collision with a Motor Vehicle in Transport",1,2013,"HONDA","CIVIC",998,"Minor Damage",0,0,1,"Full Driver License","Valid","No",25,"Dry","Going Straight","Pedestrian in road","Braking","Tracking","Stayed on roadway, not known if left original travel lane","4 DR",0,0,0,0,0,0,1,1,0
40343,3,6,12,"Motor Vehicle In-Transport","Front-to-Rear",2,2019,"NISSAN","ALTIMA",998,"Disabling Damage",1,0,1,"Full Driver License","Valid","No",45,"Dry","Going Straight","From adjacent lane (same direction) over left lane line","Braking and steering right","Tracking","Stayed on roadway, but left original travel lane","4 DR",0,1,0,1,1,1,0,3,1
40345,3,14,12,"Motor Vehicle In-Transport","Angle",1,2016,"TOYOTA","COROLLA",16,"Functional Damage",0,0,1,"Full Driver License","Valid","No",40,"Dry","Turning Left","Turning Left","No Avoidance Maneuver","Tracking","Stayed on roadway, not known if left original travel lane","4 DR",0,1,0,0,0,0,0,1,0
40348,4,23,12,"Motor Vehicle In-Transport","Front-to-Front",2,2022,"NISSAN","SENTRA",57,"Disabling Damage",2,0,1,"Full Driver License","Valid","No",45,"Dry","Going Straight","From opposite direction  over left lane line","Braking","Tracking","Stayed on roadway, but left original travel lane","4",1,0,1,1,1,1,0,5,3
40351,5,8,12,"Motor Vehicle In-Transport","Angle",7,2016,"CHEVROLET","TRAVERSE",31,"Disabling Damage",1,0,1,"Full Driver License","Valid","No",40,"Dry","Going Straight","Traveling in opposite direction","Unknown/Not Reported","Tracking","Stayed on roadway, not known if left original travel lane","SUV",1,1,0,1,0,0,0,2,2
40360,6,6,12,"Motor Vehicle In-Transport","Angle",1,2017,"RAM","1500",998,"Disabling Damage",0,0,1,"Full Driver License","Valid","No",45,"Dry","Turning Left","Turning Left","No Avoidance Maneuver","Tracking","Stayed on roadway, not known if left original travel lane","PU/EC",0,0,0,0,0,0,0,0,0
40362,5,5,8,"Pedestrian","The First Harmful Event was Not a Collision with a Motor Vehicle in Transport",2,2016,"CHEVROLET","MALIBU LIMITED",50,"Disabling Damage",0,0,1,"Full Driver License","Valid","No",45,"Dry","Going Straight","Pedestrian in road","No Avoidance Maneuver","Tracking","Stayed on roadway, not known if left original travel lane","4 DR",0,1,0,0,0,0,0,2,0
40384,5,17,12,"Motor Vehicle In-Transport","Sideswipe - Opposite Direction",2,2017,"CHEVROLET","TRAVERSE",50,"Disabling Damage",0,0,1,"Full Driver License","Valid","No",50,"Dry","Negotiating a Curve","From opposite direction  over left lane line","Braking and steering right","Tracking","Stayed in original travel lane","SUV",1,1,1,1,0,0,0,2,3
40388,4,0,12,"Motor Vehicle In-Transport","Angle",1,2014,"TOYOTA","COROLLA",34,"Functional Damage",0,0,1,"Full Driver License","Valid","No",35,"Dry","Going Straight","From crossing street, across path","Unknown/Not Reported","Tracking","Stayed in original travel lane","4 DR",0,0,0,0,0,0,1,1,0
40395,1,5,12,"Motor Vehicle In-Transport","Front-to-Rear",1,2017,"DODGE","CHARGER",0,"Damage Reported, Extent Unknown",0,0,1,"Full Driver License","Valid","No",45,"Dry","Stopped in Roadway","Traveling in same direction with higher speed","No Avoidance Maneuver","Tracking","Stayed in original travel lane","4 DR",0,0,0,1,2,2,0,0,1
40399,5,3,8,"Pedestrian","The First Harmful Event was Not a Collision with a Motor Vehicle in Transport",1,2014,"FORD","MUSTANG",998,"Functional Damage",0,0,1,"Full Driver License","Valid","No",55,"Dry","Going Straight","Pedestrian in road","No Avoidance Maneuver","Tracking","Stayed on roadway, not known if left original travel lane","2 DR",0,0,0,0,0,0,1,1,0
40406,4,18,12,"Motor Vehicle In-Transport","Angle",1,2016,"NISSAN","SENTRA",3,"Disabling Damage",1,0,1,"Full Driver License","Valid","No",45,"Dry","Turning Left","Turning Left","No Avoidance Maneuver","Tracking","Stayed on roadway, not known if left original travel lane","4 DR",1,0,0,0,2,2,0,0,1
40411,6,1,12,"Motor Vehicle In-Transport","Angle",1,2013,"VOLKSWAGEN","TIGUAN",13,"Functional Damage",0,0,1,"Full Driver License","Valid","No",40,"Dry","Turning Left","Turning Left","Unknown/Not Reported","Tracking","Stayed on roadway, but left original travel lane","SUV",0,1,0,0,0,0,1,2,0
40416,2,21,12,"Motor Vehicle In-Transport","Angle",4,2018,"JEEP","CHEROKEE",10,"Disabling Damage",1,0,1,"Full Driver License","Valid","No",45,"Dry","Turning Left","Over the lane line on right side of travel lane","Unknown/Not Reported","Tracking","Stayed on roadway, not known if left original travel lane","SUV",1,0,0,1,2,2,0,0,2
40416,2,21,12,"Motor Vehicle In-Transport","Angle",1,2011,"HYUNDAI","SONATA",50,"Disabling Damage",0,0,1,"Full Driver License","Valid","No",45,"Dry","Going Straight","From opposite direction  over left lane line","Unknown/Not Reported","Tracking","Stayed in original travel lane","4 DR",0,2,0,0,0,0,1,1,0
40421,6,19,12,"Motor Vehicle In-Transport","Angle",2,2012,"HONDA","PILOT",15,"Functional Damage",0,0,1,"Full Driver License","Valid","No",40,"Dry","Turning Left","Turning Left","No Avoidance Maneuver","Tracking","Stayed on roadway, not known if left original travel lane","SUV",0,0,0,0,0,0,1,1,0
40423,6,15,12,"Motor Vehicle In-Transport","Sideswipe - Same Direction",1,2017,"CHEVROLET","MALIBU",998,"Disabling Damage",1,0,1,"Full Driver License","Valid","No",65,"Dry","Going Straight","Over the lane line on left side of travel lane","No Avoidance Maneuver","Tracking","Stayed on roadway, but left original travel lane","4 DR",0,1,1,0,2,2,0,2,1
40426,6,21,8,"Pedestrian","The First Harmful Event was Not a Collision with a Motor Vehicle in Transport",1,2012,"GMC","ACADIA",25,"Minor Damage",0,0,1,"Full Driver License","Valid","No",25,"Dry","Going Straight","Pedestrian unknown location","Unknown/Not Reported","Tracking","Stayed in original travel lane","SUV",0,1,0,0,0,0,1,3,0
40431,6,19,38,"Fence","The First Harmful Event was Not a Collision with a Motor Vehicle in Transport",2,2020,"DODGE","GRAND CARAVAN",45,"Disabling Damage",1,0,1,"Full Driver License","Valid","No",45,"Dry","Going Straight","Over the lane line on left side of travel lane","No Avoidance Maneuver","Tracking","Departed roadway","MV",0,0,0,0,0,0,0,0,0
40433,6,13,12,"Motor Vehicle In-Transport","Angle",1,2016,"RAM","2500",998,"Functional Damage",0,0,1,"Full Driver License","Valid","No",65,"Dry","Going Straight","From crossing street, across path","Braking and steering left","Tracking","Stayed on roadway, not known if left original travel lane","PU/CC",0,0,0,0,0,0,0,0,0
40434,6,14,8,"Pedestrian","The First Harmful Event was Not a Collision with a Motor Vehicle in Transport",1,2012,"CHEVROLET","IMPALA",41,"Functional Damage",0,0,1,"Full Driver License","Valid","No",35,"Dry","Changing Lanes","Pedestrian in road","Unknown/Not Reported","Tracking","Stayed on roadway, but left original travel lane","4 DR",0,0,0,0,0,0,1,2,0
40436,6,21,8,"Pedestrian","The First Harmful Event was Not a Collision with a Motor Vehicle in Transport",1,2015,"TOYOTA","AVALON",45,"Minor Damage",0,0,1,"Full Driver License","Valid","No",45,"Dry","Going Straight","Pedestrian in road","No Avoidance Maneuver","Tracking","Stayed in original travel lane","4 DR",0,1,0,0,2,2,0,1,0
40437,6,20,8,"Pedestrian","The First Harmful Event was Not a Collision with a Motor Vehicle in Transport",1,2018,"KIA","OPTIMA",35,"Functional Damage",0,0,1,"Full Driver License","Valid","No",40,"Dry","Going Straight","Pedestrian in road","Unknown/Not Reported","Tracking","Stayed in original travel lane","4 DR",1,2,0,1,2,2,0,0,2
40441,6,15,12,"Motor Vehicle In-Transport","Angle",2,2020,"TESLA","MODEL 3",15,"Functional Damage",0,0,1,"Full Driver License","Valid","No",45,"Dry","Turning Left","Turning Left","Unknown/Not Reported","Tracking","Stayed on roadway, not known if left original travel lane","4 DR",1,1,1,1,1,1,0,6,3
40443,2,19,8,"Pedestrian","The First Harmful Event was Not a Collision with a Motor Vehicle in Transport",2,2015,"NISSAN","ALTIMA",998,"Damage Reported, Extent Unknown",0,0,1,"Full Driver License","Valid","No",40,"Dry","Going Straight","Object in road","Braking and Unknown Steering Direction","Tracking","Stayed on roadway, not known if left original travel lane","4 DR",1,0,0,0,0,0,0,0,1
40445,6,9,12,"Motor Vehicle In-Transport","Angle",1,2020,"HYUNDAI","SONATA",998,"Disabling Damage",1,0,1,"Full Driver License","Valid","No",45,"Dry","Going Straight","Over the lane line on left side of travel lane","Unknown/Not Reported","Tracking","Stayed on roadway, not known if left original travel lane","4 DR",1,1,1,1,1,1,0,5,3
40445,6,9,12,"Motor Vehicle In-Transport","Angle",1,2020,"VOLKSWAGEN","ATLAS CROSS SPORT",998,"Disabling Damage",0,0,1,"Full Driver License","Valid","No",45,"Dry","Going Straight","From crossing street, across path","Unknown/Not Reported","Tracking","Stayed on roadway, not known if left original travel lane","SUV",1,1,1,0,1,1,0,6,2
40452,6,20,8,"Pedestrian","The First Harmful Event was Not a Collision with a Motor Vehicle in Transport",1,2013,"NISSAN","ALTIMA",45,"Disabling Damage",0,0,1,"Full Driver License","Valid","No",45,"Dry","Going Straight","Pedestrian in road","Unknown/Not Reported","Tracking","Stayed in original travel lane","2 DR",0,1,0,0,0,0,1,2,0