"SERIAL_CRASH","MONTH","HOUR","HARM_EV","HARM_EVNAME","TYPE_OF_COLLIOSION","NUM_OF_PEOPLE","MOD_YEAR","VPICMAKENAME","VPICMODELNAME","TRAV_SP","DEFORMEDNAME","DEATHS","DR_DRINK","IS_DRIVER_PRESENT","L_TYPENAME","L_STATUSNAME","SPEEDRELNAME","VSPD_LIM","VSURCONDNAME","P_CRASH1NAME","P_CRASH2NAME","P_CRASH3NAME","PCRASH4NAME","PCRASH5NAME","BODY_STYLE","BLIND_SPOT_DETECTION","ARS","FRNT_COLLISION_WARNING","LANE_DEPARTURE_WARNING","CRASH_IMMINENT_BRAKE","DYNAMIC_BRAKE_SUPPORT","NHTSA_ESC","SAFETY_COUNT","notification_count"
40458,6,18,12,"Motor Vehicle In-Transport","Front-to-Rear",2,2023,"CHEVROLET","BLAZER",998,"Disabling Damage",0,0,1,"Full Driver License","Valid","No",65,"Dry","Going Straight","From adjacent lane (same direction) over right lane line","Unknown/Not Reported","Skidding Laterally, Rotation Direction Unknown","Departed roadway","SUV",1,0,1,1,1,1,0,4,3
40464,6,4,12,"Motor Vehicle In-Transport","Angle",1,2022,"TESLA","MODEL 3",0,"Functional Damage",0,0,1,"Full Driver License","Valid","No",35,"Dry","Stopped in Roadway","From crossing street, across path","No Avoidance Maneuver","Tracking","Stayed on roadway, not known if left original travel lane","4 DR",1,1,1,1,1,1,0,6,3
40467,2,21,9,"Pedalcyclist","The First Harmful Event was Not a Collision with a Motor Vehicle in Transport",1,2018,"FORD","FUSION",32,"Damage Reported, Extent Unknown",0,0,1,"Full Driver License","Valid","No",40,"Dry","Going Straight","Pedalcyclist or other non-motorist approaching road","Unknown/Not Reported","Tracking","Stayed in original travel lane","4 DR",1,1,0,0,2,2,0,2,1
40468,6,2,8,"Pedestrian","The First Harmful Event was Not a Collision with a Motor Vehicle in Transport",1,2018,"NISSAN","SENTRA",998,"Functional Damage",0,0,1,"Full Driver License","Valid","No",40,"Dry","Going Straight","Pedestrian in road","Braking","Tracking","Stayed in original travel lane","4 DR",1,1,1,0,2,2,0,1,2
40477,5,17,12,"Motor Vehicle In-Transport","Angle",1,2017,"CHEVROLET","CRUZE",15,"Disabling Damage",1,0,1,"Full Driver License","Valid","No",45,"Dry","Turning Left","Turning Left","No Avoidance Maneuver","Tracking","Stayed on roadway, but left original travel lane","4 DR",0,1,1,1,0,0,0,2,2
40478,8,10,12,"Motor Vehicle In-Transport","Angle",2,2022,"FORD","ESCAPE",35,"Disabling Damage",0,0,1,"Full Driver License","Valid","No",35,"Dry","Going Straight","Crossing Over (Passing Through) Junction","Other actions (specify:)","Tracking","Stayed in original travel lane","SUV",1,0,1,1,1,1,0,6,3
40479,5,22,8,"Pedestrian","The First Harmful Event was Not a Collision with a Motor Vehicle in Transport",1,2019,"JEEP","CHEROKEE",37,"Minor Damage",0,0,1,"Full Driver License","Valid","No",40,"Dry","Going Straight","Pedestrian in road","Unknown/Not Reported","Tracking","Stayed in original travel lane","SUV",1,1,1,1,2,2,0,1,3
40480,6,16,12,"Motor Vehicle In-Transport","Front-to-Front",1,2020,"FORD","TRANSIT",998,"Disabling Damage",0,0,1,"Full Driver License","Valid","No",65,"Dry","Going Straight","Over the lane line on left side of travel lane","No Avoidance Maneuver","Tracking","Stayed on roadway, but left original travel lane","VAN",1,0,1,0,1,1,0,4,2
40481,7,23,12,"Motor Vehicle In-Transport","Angle",2,2023,"CHEVROLET","TRAVERSE",40,"Disabling Damage",2,0,1,"Full Driver License","Valid","No",40,"Dry","Turning Left","From crossing street, across path","Unknown/Not Reported","Tracking","Stayed in original travel lane","SUV",1,0,1,1,1,1,0,4,3
40487,7,17,1,"Rollover/Overturn","The First Harmful Event was Not a Collision with a Motor Vehicle in Transport",3,2022,"NISSAN","FRONTIER",998,"Disabling Damage",1,0,1,"Full Driver License","Valid","No",65,"Dry","Going Straight","Other cause of control loss (specify:)","No Avoidance Maneuver","Precrash stability unknown","Departed roadway","PU/EC",1,0,1,1,1,1,0,3,3
40489,6,1,8,"Pedestrian","The First Harmful Event was Not a Collision with a Motor Vehicle in Transport",1,2015,"HYUNDAI","ELANTRA",44,"Functional Damage",0,0,1,"Full Driver License","Valid","No",45,"Dry","Going Straight","Pedestrian in road","No Avoidance Maneuver","Tracking","Stayed in original travel lane","2 DR",0,2,0,0,0,0,0,0,0
40493,6,21,8,"Pedestrian","The First Harmful Event was Not a Collision with a Motor Vehicle in Transport",1,2014,"CHEVROLET","MALIBU",998,"Functional Damage",0,0,1,"Full Driver License","Valid","No",40,"Dry","Going Straight","Pedestrian in road","No Avoidance Maneuver","Tracking","Stayed in original travel lane","4 DR",1,0,1,1,0,0,1,2,3
40499,7,16,12,"Motor Vehicle In-Transport","Angle",1,2014,"NISSAN","TITAN",998,"Minor Damage",0,0,1,"Full Driver License","Valid","No",40,"Dry","Turning Left","Turning Left","No Avoidance Maneuver","Tracking","Stayed in original travel lane","PU/EC",0,1,0,0,0,0,1,2,0
40500,5,1,12,"Motor Vehicle In-Transport","Front-to-Rear",1,2014,"CHEVROLET","CAMARO",998,"Disabling Damage",0,0,1,"Full Driver License","Valid","No",45,"Dry","Going Straight","Traveling in same direction with higher speed","Unknown/Not Reported","Skidding laterally counterclockwise rotation","Stayed on roadway, but left original travel lane","C",0,1,0,0,0,0,1,3,0
40500,5,1,12,"Motor Vehicle In-Transport","Front-to-Rear",1,2018,"TOYOTA","CAMRY",998,"Disabling Damage",1,0,1,"Full Driver License","Valid","No",45,"Dry","Going Straight","From opposite direction  over left lane line","Unknown/Not Reported","Tracking","Stayed in original travel lane","4 DR",0,1,1,1,1,1,0,5,2
40501,7,21,12,"Motor Vehicle In-Transport","Front-to-Front",2,2017,"RAM","1500",998,"Disabling Damage",0,0,1,"Full Driver License","Valid","No",65,"Dry","Decelerating in Road","Over the lane line on left side of travel lane","No Avoidance Maneuver","Tracking","Stayed on roadway, but left original travel lane","PU/EC",0,0,0,0,0,0,0,0,0
40503,6,17,12,"Motor Vehicle In-Transport","Front-to-Rear",1,2016,"FORD","FOCUS",998,"Disabling Damage",1,0,1,"Full Driver License","Valid","No",75,"Dry","Going Straight","Traveling in same direction while decelerating","Unknown/Not Reported","Tracking","Stayed on roadway, but left original travel lane","5 HB",0,0,0,0,0,0,0,0,0
40504,6,10,12,"Motor Vehicle In-Transport","Front-to-Front",4,2015,"NISSAN","ARMADA",998,"Disabling Damage",2,0,1,"Full Driver License","Valid","No",75,"Dry","Going Straight","From opposite direction  over left lane line","Braking","Tracking","Stayed on roadway, but left original travel lane","SUV",0,0,0,0,0,0,0,0,0
40505,7,4,42,"Tree (Standing Only)","The First Harmful Event was Not a Collision with a Motor Vehicle in Transport",1,2019,"FORD","FUSION",998,"Disabling Damage",1,0,1,"Full Driver License","Valid","No",75,"Dry","Negotiating a Curve","Off the edge of the road on the left side","Unknown/Not Reported","Tracking","Departed roadway","4 DR",0,1,1,1,1,1,0,6,2
40509,7,11,17,"Boulder","The First Harmful Event was Not a Collision with a Motor Vehicle in Transport",2,2017,"CADILLAC","XT5",998,"Disabling Damage",1,0,1,"Full Driver License","Valid","No",65,"Dry","Negotiating a Curve","Object in road","Braking and steering left","Tracking","Departed roadway","SUV",1,1,1,0,2,2,0,2,2
40512,5,15,12,"Motor Vehicle In-Transport","Front-to-Front",2,2015,"KIA","SOUL",49,"Disabling Damage",1,0,1,"Full Driver License","Valid","No",55,"Dry","Going Straight","Traveling in opposite direction","Steering left","Tracking","Stayed on roadway, not known if left original travel lane","SUV",0,1,0,0,0,0,0,1,0
40512,5,15,12,"Motor Vehicle In-Transport","Front-to-Front",7,2021,"HONDA","ODYSSEY",55,"Functional Damage",0,0,1,"Full Driver License","Valid","No",55,"Dry","Going Straight","Object unknown location","No Avoidance Maneuver","Tracking","Stayed on roadway, not known if left original travel lane","VAN",1,2,1,1,1,1,0,4,3
40512,5,15,12,"Motor Vehicle In-Transport","Front-to-Front",1,2022,"TOYOTA","TACOMA",55,"Functional Damage",0,0,1,"Full Driver License","Valid","No",55,"Dry","Going Straight","Object unknown location","No Avoidance Maneuver","Tracking","Stayed on roadway, not known if left original travel lane","PU/CC",1,2,1,1,1,1,0,5,3
40518,7,16,12,"Motor Vehicle In-Transport","Front-to-Front",1,2015,"TOYOTA","PRIUS",31,"Disabling Damage",1,0,1,"Full Driver License","Valid","No",45,"Dry","Changing Lanes","From opposite direction  over left lane line","Steering right","Tracking","Departed roadway","5 HB",0,1,0,1,2,2,0,1,1
40522,7,6,12,"Motor Vehicle In-Transport","Angle",1,2015,"BMW","328I",30,"Disabling Damage",0,0,1,"Full Driver License","Valid","No",30,"Dry","Turning Left","Turning Left","Steering right","Tracking","Stayed on roadway, not known if left original travel lane","4 DR",1,1,0,1,2,2,0,2,2
40523,7,21,12,"Motor Vehicle In-Transport","Angle",1,2022,"TOYOTA","CAMRY",21,"Disabling Damage",0,0,1,"Full Driver License","Valid","No",45,"Dry","Turning Left","Turning Left","Accelerating","Tracking","Stayed on roadway, not known if left original travel lane","4 DR",0,1,1,1,1,1,0,6,2
40524,5,7,12,"Motor Vehicle In-Transport","Angle",1,2017,"KIA","FORTE",15,"Disabling Damage",1,0,1,"Full Driver License","Valid","No",25,"Dry","Going Straight","Unknown travel direction","Braking and Unknown Steering Direction","Tracking","Stayed on roadway, not known if left original travel lane","4 DR",1,1,1,0,2,2,0,1,2
40525,5,8,1,"Rollover/Overturn","The First Harmful Event was Not a Collision with a Motor Vehicle in Transport",4,2022,"HYUNDAI","TUCSON",998,"Disabling Damage",1,0,1,"Full Driver License","Valid","No",75,"Dry","Going Straight","Off the edge of the road on the left side","No Avoidance Maneuver","Skidding laterally counterclockwise rotation","Departed roadway","SUV",0,2,1,1,1,1,0,4,2
40527,5,19,12,"Motor Vehicle In-Transport","Angle",1,2019,"NISSAN","KICKS",10,"Disabling Damage",0,0,1,"Full Driver License","Valid","No",40,"Dry","Turning Left","Turning Left","Accelerating and steering left","Tracking","Stayed on roadway, but left original travel lane","SUV",1,1,1,0,1,1,0,4,2
40528,6,20,12,"Motor Vehicle In-Transport","Sideswipe - Same Direction",1,2019,"NISSAN","ALTIMA",49,"Disabling Damage",0,0,1,"Full Driver License","Valid","No",45,"Dry","Going Straight","From adjacent lane (same direction) over left lane line","No Avoidance Maneuver","Tracking","Stayed on roadway, but left original travel lane","4 DR",1,1,0,1,1,1,0,3,2
40533,7,11,12,"Motor Vehicle In-Transport","Angle",2,2013,"HONDA","CIVIC",998,"Disabling Damage",0,0,1,"Full Driver License","Valid","No",65,"Dry","Changing Lanes","Over the lane line on right side of travel lane","No Avoidance Maneuver","Skidding laterally clockwise rotation","Stayed on roadway, but left original travel lane","4 DR",0,0,0,0,0,0,1,1,0
40533,7,11,12,"Motor Vehicle In-Transport","Angle",2,2017,"VOLKSWAGEN","JETTA",998,"Minor Damage",0,0,1,"Full Driver License","Valid","No",65,"Dry","Going Straight","From adjacent lane (same direction) over right lane line","No Avoidance Maneuver","Tracking","Stayed on roadway, not known if left original travel lane","4 DR",1,1,0,0,2,2,0,1,1
40533,7,11,12,"Motor Vehicle In-Transport","Angle",2,2019,"TOYOTA","RAV4",998,"Disabling Damage",1,0,1,"Full Driver License","Valid","No",65,"Dry","Going Straight","From adjacent lane (same direction) over left lane line","No Avoidance Maneuver","Tracking","Stayed in original travel lane","SUV",0,1,1,1,1,1,0,6,2
40533,7,11,12,"Motor Vehicle In-Transport","Angle",1,2023,"NISSAN","ROGUE",998,"Minor Damage",0,0,1,"Full Driver License","Valid","No",65,"Dry","Going Straight","From adjacent lane (same direction) over left lane line","No Avoidance Maneuver","Tracking","Stayed on roadway, not known if left original travel lane","SUV",1,0,1,1,1,1,0,5,3
40540,7,17,12,"Motor Vehicle In-Transport","Front-to-Front",3,2013,"CHEVROLET","IMPALA",998,"Disabling Damage",1,0,1,"Full Driver License","Valid","No",65,"Dry","Going Straight","Over the lane line on left side of travel lane","No Avoidance Maneuver","Tracking","Stayed on roadway, not known if left original travel lane","4 DR",0,1,0,0,0,0,1,3,0
40546,9,10,12,"Motor Vehicle In-Transport","Front-to-Front",3,2011,"TOYOTA","SIENNA",10,"Disabling Damage",0,0,1,"Full Driver License","Valid","No",50,"Dry","Turning Left","Turning Left","Steering left","Tracking","Stayed on roadway, but left original travel lane","VAN",0,1,0,0,0,0,1,2,0
40546,9,10,12,"Motor Vehicle In-Transport","Front-to-Front",2,2016,"DODGE","DART",50,"Disabling Damage",2,0,1,"Full Driver License","Valid","No",50,"Dry","Going Straight","From opposite direction  over left lane line","No Avoidance Maneuver","Skidding laterally counterclockwise rotation","Stayed on roadway, but left original travel lane","4 DR",0,0,0,0,0,0,0,0,0
40548,9,17,12,"Motor Vehicle In-Transport","Angle",1,2019,"CHEVROLET","EQUINOX",998,"Disabling Damage",0,0,1,"Full Driver License","Valid","No",40,"Dry","Turning Left","Turning Left","Unknown/Not Reported","Tracking","Stayed on roadway, not known if left original travel lane","SUV",1,1,0,1,2,2,0,2,2
40548,9,17,12,"Motor Vehicle In-Transport","Angle",2,2020,"HONDA","ACCORD",998,"Disabling Damage",1,0,1,"Full Driver License","Valid","No",40,"Dry","Going Straight","From opposite direction  over left lane line","Unknown/Not Reported","Tracking","Stayed on roadway, not known if left original travel lane","4 DR",1,1,1,1,1,1,0,6,3
40552,9,18,12,"Motor Vehicle In-Transport","Front-to-Rear",2,2014,"NISSAN","FRONTIER",998,"Functional Damage",0,0,1,"Full Driver License","Valid","No",65,"Dry","Going Straight","Traveling in same direction with higher speed","No Avoidance Maneuver","Tracking","Stayed in original travel lane","PU/EC",0,2,0,0,0,0,1,1,0
40553,9,5,8,"Pedestrian","The First Harmful Event was Not a Collision with a Motor Vehicle in Transport",1,2018,"FORD","MUSTANG",40,"Functional Damage",0,0,1,"Full Driver License","Valid","No",45,"Dry","Going Straight","Pedestrian in road","Unknown/Not Reported","Tracking","Stayed in original travel lane","2 DR",1,0,1,1,2,2,0,1,3
40559,7,22,12,"Motor Vehicle In-Transport","Front-to-Rear",1,2013,"TOYOTA","TUNDRA",998,"Disabling Damage",0,0,1,"Full Driver License","Valid","No",45,"Dry","Going Straight","Traveling in same direction with higher speed","No Avoidance Maneuver","Skidding laterally counterclockwise rotation","Stayed on roadway, but left original travel lane","PU/CC",0,1,0,0,0,0,1,2,0
40563,7,14,8,"Pedestrian","The First Harmful Event was Not a Collision with a Motor Vehicle in Transport",1,2017,"FORD","MUSTANG",40,"Functional Damage",0,0,1,"Full Driver License","Valid","No",45,"Dry","Going Straight","Pedestrian in road","No Avoidance Maneuver","Tracking","Stayed on roadway, not known if left original travel lane","C",0,0,0,0,0,0,0,1,0
40564,7,11,12,"Motor Vehicle In-Transport","Front-to-Rear",1,2020,"TOYOTA","COROLLA",0,"Disabling Damage",1,0,1,"Full Driver License","Valid","No",45,"Dry","Stopped in Roadway","Traveling in same direction with higher speed","No Avoidance Maneuver","Tracking","Stayed on roadway, not known if left original travel lane","5 HB",0,1,1,1,1,1,0,6,2
40564,7,11,12,"Motor Vehicle In-Transport","Front-to-Rear",1,2015,"KIA","OPTIMA",15,"Disabling Damage",0,0,1,"Full Driver License","Valid","No",45,"Dry","Turning Left","Traveling in same direction with higher speed","Unknown/Not Reported","Tracking","Stayed on roadway, not known if left original travel lane","4 DR",1,1,0,0,0,0,0,1,1
40565,8,12,12,"Motor Vehicle In-Transport","Angle",1,2018,"KIA","FORTE",998,"Functional Damage",0,0,1,"Full Driver License","Valid","No",65,"Dry","Going Straight","From adjacent lane (same direction) over left lane line","Steering right","Tracking","Stayed on roadway, but left original travel lane","4 DR",1,2,0,0,2,2,0,0,1
40566,8,8,12,"Motor Vehicle In-Transport","Sideswipe - Same Direction",99,2015,"BUICK","ENCLAVE",35,"Functional Damage",0,0,1,"Full Driver License","Valid","No",50,"Dry","Changing Lanes","Over the lane line on right side of travel lane","No Avoidance Maneuver","Tracking","Stayed on roadway, not known if left original travel lane","SUV",1,1,1,1,0,0,0,2,3
40567,8,15,12,"Motor Vehicle In-Transport","Angle",1,2014,"DODGE","GRAND CARAVAN",28,"Disabling Damage",1,0,1,"Full Driver License","Valid","No",35,"Dry","Going Straight","Other critical precrash event (specify:)","No Avoidance Maneuver","Tracking","Stayed on roadway, but left original travel lane","VAN",0,1,0,0,0,0,1,2,0
40572,6,10,12,"Motor Vehicle In-Transport","Front-to-Rear",1,2020,"TESLA","MODEL Y",0,"Functional Damage",0,0,1,"Full Driver License","Valid","No",50,"Dry","Stopped in Roadway","Crossing Over (Passing Through) Junction","No Avoidance Maneuver","Tracking","Stayed in original travel lane","SUV",1,1,1,1,1,1,0,6,3
40574,5,16,12,"Motor Vehicle In-Transport","Sideswipe - Same Direction",1,2014,"HONDA","PILOT",17,"Disabling Damage",0,0,1,"Full Driver License","Valid","No",45,"Dry","Turning Right","Turning Right","Unknown/Not Reported","Tracking","Stayed in original travel lane","SUV",0,0,0,0,0,0,1,1,0
40579,10,7,8,"Pedestrian","The First Harmful Event was Not a Collision with a Motor Vehicle in Transport",1,2023,"ACURA","INTEGRA",3,"No Damage",0,0,1,"Full Driver License","Valid","No",25,"Dry","Turning Right","Pedestrian in road","Unknown/Not Reported","Tracking","Unknown","5 HB",1,1,1,1,1,1,0,6,3
40581,8,11,12,"Motor Vehicle In-Transport","Angle",2,2022,"NISSAN","KICKS",998,"Disabling Damage",0,0,1,"Full Driver License","Valid","No",45,"Dry","Turning Left","From opposite direction  over right lane line","No Avoidance Maneuver","Tracking","Stayed on roadway, not known if left original travel lane","SUV",1,0,1,1,1,1,0,5,3
40582,8,13,12,"Motor Vehicle In-Transport","Angle",2,2020,"BMW","X3",45,"Disabling Damage",1,0,1,"Full Driver License","Valid","No",45,"Dry","Going Straight","From opposite direction  over left lane line","Unknown/Not Reported","Tracking","Stayed on roadway, but left original travel lane","SUV",0,1,1,1,1,1,0,5,2
40582,8,13,12,"Motor Vehicle In-Transport","Angle",1,2023,"TOYOTA","TUNDRA",5,"Disabling Damage",0,0,1,"Full Driver License","Valid","No",45,"Dry","Turning Left","Turning Left","Unknown/Not Reported","Tracking","Stayed on roadway, but left original travel lane","PU/EC",0,2,1,1,1,1,0,4,2
40584,8,21,12,"Motor Vehicle In-Transport","Front-to-Front",1,2016,"FORD","ESCAPE",45,"Disabling Damage",0,0,1,"Full Driver License","Valid","No",45,"Dry","Going Straight","From opposite direction  over left lane line","No Avoidance Maneuver","Tracking","Stayed on roadway, not known if left original travel lane","SUV",0,0,0,0,0,0,0,0,0
40585,8,15,12,"Motor Vehicle In-Transport","Sideswipe - Opposite Direction",1,2018,"CHEVROLET","COLORADO",998,"Disabling Damage",1,0,1,"Full Driver License","Valid","No",55,"Dry","Going Straight","Over the lane line on left side of travel lane","No Avoidance Maneuver","Tracking","Stayed on roadway, but left original travel lane","PU/EC",0,1,1,1,0,0,0,1,2
40586,9,13,12,"Motor Vehicle In-Transport","Front-to-Front",1,2020,"TOYOTA","CAMRY",55,"Disabling Damage",0,0,1,"Full Driver License","Valid","No",45,"Dry","Going Straight","Over the lane line on left side of travel lane","Steering right","Tracking","Stayed on roadway, but left original travel lane","4 DR",0,1,1,1,1,1,0,6,2
40586,9,13,12,"Motor Vehicle In-Transport","Front-to-Front",1,2017,"CHEVROLET","EQUINOX",40,"Disabling Damage",1,0,1,"Full Driver License","Valid","No",45,"Dry","Going Straight","From opposite direction  over left lane line","Steering left","Tracking","Stayed on roadway, but left original travel lane","SUV",1,0,1,0,0,0,0,1,2
40593,8,10,12,"Motor Vehicle In-Transport","Angle",1,2020,"NISSAN","ROGUE",15,"Disabling Damage",1,0,1,"Full Driver License","Valid","No",45,"Dry","Turning Left","Turning Left","Unknown/Not Reported","Tracking","Stayed on roadway, but left original travel lane","SUV",1,1,1,1,1,1,0,6,3
40593,8,10,12,"Motor Vehicle In-Transport","Angle",1,2020,"HONDA","CR-V",0,"Functional Damage",0,0,1,"Full Driver License","Valid","No",45,"Dry","Stopped in Roadway","From opposite direction  over left lane line","No Avoidance Maneuver","Tracking","Stayed on roadway, but left original travel lane","SUV",0,1,1,1,1,1,0,6,2
40593,8,10,12,"Motor Vehicle In-Transport","Angle",1,2011,"FORD","FUSION",998,"Minor Damage",0,0,1,"Full Driver License","Valid","No",45,"Dry","Going Straight","From opposite direction  over left lane line","Unknown/Not Reported","Tracking","Stayed on roadway, not known if left original travel lane","4 DR",1,2,0,0,0,0,1,1,1
40598,8,0,12,"Motor Vehicle In-Transport","Front-to-Rear",99,2020,"TOYOTA","CAMRY",998,"Functional Damage",0,0,1,"Full Driver License","Valid","No",65,"Dry","Going Straight","Traveling in same direction with higher speed","No Avoidance Maneuver","Tracking","Stayed on roadway, not known if left original travel lane","4 DR",0,1,1,1,1,1,0,6,2
40600,8,15,12,"Motor Vehicle In-Transport","Front-to-Rear",1,2016,"HYUNDAI","ACCENT",17,"Functional Damage",0,0,1,"Full Driver License","Valid","No",35,"Dry","Turning Right","Turning Right","Unknown/Not Reported","Tracking","Stayed on roadway, not known if left original travel lane","4 DR",0,1,0,0,0,0,0,1,0
40609,8,12,12,"Motor Vehicle In-Transport","Front-to-Front",1,2023,"TESLA","MODEL 3",75,"Disabling Damage",0,0,1,"Full Driver License","Valid","No",75,"Dry","Going Straight","From opposite direction  over left lane line","No Avoidance Maneuver","Tracking","Stayed on roadway, but left original travel lane","4 DR",1,1,1,1,1,1,0,6,3
40610,2,13,12,"Motor Vehicle In-Transport","Angle",1,2018,"TOYOTA","PRIUS",998,"Disabling Damage",1,0,1,"Full Driver License","Valid","No",45,"Dry","Turning Left","Turning Left","Unknown/Not Reported","Tracking","Stayed on roadway, but left original travel lane","5 HB",0,1,1,1,1,1,0,5,2
40612,5,22,8,"Pedestrian","The First Harmful Event was Not a Collision with a Motor Vehicle in Transport",1,2022,"CHEVROLET","COLORADO",998,"Minor Damage",0,0,1,"Full Driver License","Valid","No",55,"Dry","Negotiating a Curve","Pedestrian in road","No Avoidance Maneuver","Tracking","Stayed in original travel lane","PU/CC",0,1,0,0,2,2,0,1,0
40613,6,15,12,"Motor Vehicle In-Transport","Angle",1,2017,"MERCEDES-BENZ","C-CLASS",19,"Disabling Damage",1,0,1,"Full Driver License","Valid","No",40,"Dry","Turning Left","Turning Left","No Avoidance Maneuver","Tracking","Departed roadway","2 DR",0,1,1,0,1,1,0,4,1
40614,6,11,12,"Motor Vehicle In-Transport","Angle",1,2020,"RAM","2500",998,"Functional Damage",0,0,1,"Full Driver License","Valid","No",45,"Dry","Going Straight","From driveway, intended path not known","Unknown/Not Reported","Tracking","Stayed on roadway, not known if left original travel lane","PU/RC",1,0,0,0,2,2,0,0,1
40620,8,21,8,"Pedestrian","The First Harmful Event was Not a Collision with a Motor Vehicle in Transport",3,2011,"NISSAN","FRONTIER",40,"Minor Damage",0,0,1,"Full Driver License","Valid","No",40,"Dry","Going Straight","Pedestrian in road","Braking and steering left","Tracking","Stayed on roadway, not known if left original travel lane","PU/CC",0,0,0,0,0,0,1,1,0
40624,8,9,12,"Motor Vehicle In-Transport","Front-to-Rear",6,2015,"KIA","OPTIMA",998,"Disabling Damage",2,0,1,"Full Driver License","Valid","No",65,"Dry","Changing Lanes","Over the lane line on left side of travel lane","No Avoidance Maneuver","Skidding laterally counterclockwise rotation","Departed roadway","4 DR",1,1,0,0,0,0,0,1,1
40625,10,16,12,"Motor Vehicle In-Transport","Angle",1,2017,"JEEP","GRAND CHEROKEE",998,"Disabling Damage",0,0,1,"Full Driver License","Valid","No",40,"Dry","Going Straight","From opposite direction  over left lane line","Unknown/Not Reported","Tracking","Stayed on roadway, not known if left original travel lane","SUV",0,0,0,0,2,2,0,0,0
40627,6,15,12,"Motor Vehicle In-Transport","Front-to-Rear",2,2017,"NISSAN","ALTIMA",65,"Disabling Damage",0,0,1,"Full Driver License","Valid","No",65,"Dry","Going Straight","Traveling in same direction with lower steady speed","Braking and steering right","Precrash stability unknown","Stayed in original travel lane","4 DR",1,0,1,0,2,2,0,0,2
40627,6,15,12,"Motor Vehicle In-Transport","Front-to-Rear",1,2020,"TOYOTA","SIENNA",998,"Disabling Damage",0,0,1,"Full Driver License","Valid","No",55,"Dry","Going Straight","Traveling in same direction with higher speed","No Avoidance Maneuver","Tracking","Stayed on roadway, but left original travel lane","VAN",0,2,1,1,1,1,0,5,2
40630,9,13,12,"Motor Vehicle In-Transport","Front-to-Front",1,2019,"VOLKSWAGEN","JETTA",998,"Disabling Damage",0,0,1,"Full Driver License","Valid","No",65,"Dry","Going Straight","From opposite direction  over left lane line","No Avoidance Maneuver","Tracking","Stayed on roadway, not known if left original travel lane","4 DR",0,1,1,1,2,2,0,1,2
40640,8,21,8,"Pedestrian","The First Harmful Event was Not a Collision with a Motor Vehicle in Transport",1,2014,"TOYOTA","AVALON",998,"Functional Damage",0,0,1,"Full Driver License","Valid","No",65,"Dry","Going Straight","Pedestrian in road","Steering right","Tracking","Stayed in original travel lane","4 DR",0,0,1,0,2,2,1,1,1
40642,6,10,12,"Motor Vehicle In-Transport","Angle",3,2016,"NISSAN","VERSA",25,"Disabling Damage",1,0,1,"Full Driver License","Valid","No",25,"Dry","Going Straight","From crossing street, across path","No Avoidance Maneuver","Tracking","Stayed in original travel lane","4 DR",0,0,0,0,0,0,0,0,0
40643,4,23,12,"Motor Vehicle In-Transport","Angle",1,2012,"DODGE","CHALLENGER",53,"Disabling Damage",1,0,1,"Full Driver License","Valid","No",45,"Dry","Going Straight","From crossing street, across path","Unknown/Not Reported","Tracking","Stayed on roadway, but left original travel lane","2 DR",0,1,0,0,0,0,1,2,0
40643,4,23,12,"Motor Vehicle In-Transport","Angle",1,2018,"CHEVROLET","COLORADO",0,"Disabling Damage",0,0,1,"Full Driver License","Valid","No",45,"Dry","Stopped in Roadway","From crossing street, across path","No Avoidance Maneuver","Tracking","Stayed on roadway, not known if left original travel lane","PU/EC",0,1,1,1,0,0,0,1,2
40645,6,10,12,"Motor Vehicle In-Transport","Angle",1,2021,"TOYOTA","RAV4",998,"Disabling Damage",1,0,1,"Full Driver License","Valid","No",55,"Dry","Turning Left","Turning Left","No Avoidance Maneuver","Tracking","Stayed on roadway, but left original travel lane","SUV",1,1,1,1,1,1,0,6,3
40645,6,10,12,"Motor Vehicle In-Transport","Angle",1,2023,"HYUNDAI","ELANTRA",998,"Disabling Damage",1,0,1,"Full Driver License","Valid","No",55,"Dry","Going Straight","Crossing Over (Passing Through) Junction","No Avoidance Maneuver","Tracking","Stayed in original travel lane","4 DR",1,2,1,1,1,1,0,5,3
40648,11,9,12,"Motor Vehicle In-Transport","Front-to-Front",3,2011,"NISSAN","ALTIMA",998,"Disabling Damage",2,0,1,"Full Driver License","Valid","No",55,"Dry","Negotiating a Curve","From opposite direction  over left lane line","No Avoidance Maneuver","Tracking","Stayed in original travel lane","2 DR",0,1,0,0,0,0,1,2,0
40652,11,6,12,"Motor Vehicle In-Transport","Angle",1,2011,"CADILLAC","SRX",38,"Disabling Damage",0,0,1,"Full Driver License","Valid","No",45,"Dry","Going Straight","From opposite direction  over left lane line","Unknown/Not Reported","Tracking","Stayed on roadway, but left original travel lane","SUV",0,1,0,0,0,0,1,3,0
40654,11,10,12,"Motor Vehicle In-Transport","Angle",3,2019,"KIA","SORENTO",998,"Functional Damage",0,0,1,"Full Driver License","Valid","No",45,"Dry","Turning Left","Turning Left","Unknown/Not Reported","Tracking","Stayed on roadway, not known if left original travel lane","SUV",1,2,0,1,2,2,0,0,2