"SERIAL_CRASH","MONTH","HOUR","HARM_EV","HARM_EVNAME","TYPE_OF_COLLIOSION","NUM_OF_PEOPLE","MOD_YEAR","VPICMAKENAME","VPICMODELNAME","TRAV_SP","DEFORMEDNAME","DEATHS","DR_DRINK","IS_DRIVER_PRESENT","L_TYPENAME","L_STATUSNAME","SPEEDRELNAME","VSPD_LIM","VSURCONDNAME","P_CRASH1NAME","P_CRASH2NAME","P_CRASH3NAME","PCRASH4NAME","PCRASH5NAME","BODY_STYLE","BLIND_SPOT_DETECTION","ARS","FRNT_COLLISION_WARNING","LANE_DEPARTURE_WARNING","CRASH_IMMINENT_BRAKE","DYNAMIC_BRAKE_SUPPORT","NHTSA_ESC","SAFETY_COUNT","notification_count"
50378,9,5,8,"Pedestrian","The First Harmful Event was Not a Collision with a Motor Vehicle in Transport",1,2018,"TOYOTA","COROLLA",0,"Disabling Damage",1,0,1,"Full Driver License","Valid","No",65,"Dry","Disabled or ""Parked"" in Travel lane","Other critical precrash event (specify:)","No Avoidance Maneuver","Tracking","Stayed in original travel lane","4 DR",0,1,1,1,1,1,0,5,2
50380,9,19,12,"Motor Vehicle In-Transport","Front-to-Rear",1,2012,"HONDA","CIVIC",0,"Disabling Damage",0,0,1,"Full Driver License","Valid","No",40,"Dry","Stopped in Roadway","Traveling in same direction with higher speed","No Avoidance Maneuver","Tracking","Stayed in original travel lane","2 DR",0,0,0,0,0,0,1,1,0
50380,9,19,12,"Motor Vehicle In-Transport","Front-to-Rear",3,2019,"TOYOTA","TUNDRA",998,"Minor Damage",0,0,1,"Full Driver License","Valid","No",40,"Dry","Going Straight","From opposite direction  over left lane line","Unknown/Not Reported","Tracking","Stayed in original travel lane","PU/EC",0,2,1,1,1,1,0,4,2
50385,9,18,12,"Motor Vehicle In-Transport","Front-to-Rear",1,2014,"HONDA","ACCORD",0,"Disabling Damage",0,0,1,"Full Driver License","Valid","No",40,"Dry","Stopped in Roadway","Traveling in same direction with higher speed","No Avoidance Maneuver","Tracking","Stayed in original travel lane","2 DR",0,0,0,0,0,0,1,1,0
50385,9,18,12,"Motor Vehicle In-Transport","Front-to-Rear",1,2012,"HONDA","CIVIC",0,"Functional Damage",0,0,1,"Full Driver License","Valid","No",40,"Dry","Stopped in Roadway","Traveling in same direction with higher speed","No Avoidance Maneuver","Tracking","Stayed in original travel lane","2 DR",0,0,0,0,0,0,1,1,0
50387,9,15,12,"Motor Vehicle In-Transport","Front-to-Rear",1,2014,"CHRYSLER","TOWN AND COUNTRY",998,"Disabling Damage",1,0,1,"Full Driver License","Valid","No",55,"Dry","Going Straight","Other vehicle stopped","Unknown/Not Reported","Tracking","Stayed in original travel lane","VAN",0,1,0,0,0,0,1,2,0
50389,9,10,12,"Motor Vehicle In-Transport","Front-to-Front",1,2015,"TOYOTA","TACOMA",998,"Disabling Damage",1,0,1,"Full Driver License","Valid","No",55,"Dry","Making a U-turn","Making a U-Turn","Unknown/Not Reported","Tracking","Stayed on roadway, not known if left original travel lane","PU/EC",0,0,0,0,0,0,0,0,0
50393,9,9,12,"Motor Vehicle In-Transport","Front-to-Front",2,2015,"TOYOTA","RAV4",998,"Disabling Damage",0,0,1,"Full Driver License","Valid","No",55,"Dry","Going Straight","From opposite direction  over left lane line","Unknown/Not Reported","Tracking","Stayed in original travel lane","SUV",1,1,0,0,0,0,0,1,1
50405,8,7,8,"Pedestrian","The First Harmful Event was Not a Collision with a Motor Vehicle in Transport",2,2022,"VOLKSWAGEN","ATLAS",998,"Functional Damage",0,0,1,"Full Driver License","Valid","No",25,"Dry","Going Straight","Pedestrian in road","No Avoidance Maneuver","Tracking","Stayed in original travel lane","SUV",1,1,1,0,1,1,0,6,2
50414,8,19,12,"Motor Vehicle In-Transport","Front-to-Front",2,2014,"GMC","ACADIA",998,"Disabling Damage",0,0,1,"Full Driver License","Valid","No",40,"Dry","Going Straight","From opposite direction  over left lane line","Unknown/Not Reported","Tracking","Stayed in original travel lane","SUV",0,1,0,1,0,0,1,3,1
50417,10,18,12,"Motor Vehicle In-Transport","Front-to-Front",1,2019,"JEEP","WRANGLER",998,"Disabling Damage",0,0,1,"Full Driver License","Valid","No",35,"Dry","Going Straight","Traveling in same direction with lower steady speed","Unknown/Not Reported","Tracking","Stayed in original travel lane","SUV",0,0,0,0,0,0,0,0,0
50423,9,6,12,"Motor Vehicle In-Transport","Angle",1,2013,"HONDA","ACCORD",998,"Functional Damage",0,0,1,"Full Driver License","Valid","No",35,"Dry","Turning Left","Turning Left","Unknown/Not Reported","Tracking","Stayed in original travel lane","2 DR",0,0,0,1,0,0,1,1,1
50426,9,22,8,"Pedestrian","The First Harmful Event was Not a Collision with a Motor Vehicle in Transport",2,2022,"TOYOTA","CAMRY",998,"No Damage",0,0,1,"Full Driver License","Valid","No",65,"Dry","Going Straight","Pedestrian in road","Unknown/Not Reported","Tracking","Stayed in original travel lane","4 DR",0,1,1,1,1,1,0,6,2
50426,9,22,8,"Pedestrian","The First Harmful Event was Not a Collision with a Motor Vehicle in Transport",1,2013,"FORD","FUSION",998,"No Damage",0,0,1,"Full Driver License","Valid","No",65,"Dry","Going Straight","Pedestrian in road","Braking","Tracking","Stayed in original travel lane","4 DR",0,1,0,1,0,0,1,2,1
50427,9,12,12,"Motor Vehicle In-Transport","Front-to-Front",1,2020,"MERCEDES-BENZ","S-CLASS",998,"Disabling Damage",0,0,1,"Full Driver License","Valid","No",55,"Dry","Going Straight","From opposite direction  over left lane line","Unknown/Not Reported","Tracking","Stayed in original travel lane","4 DR",1,1,1,1,1,1,0,5,3
50448,11,4,12,"Motor Vehicle In-Transport","Front-to-Front",1,2017,"GMC","ACADIA",998,"Disabling Damage",0,0,1,"Full Driver License","Valid","No",45,"Dry","Negotiating a Curve","From opposite direction  over left lane line","Unknown/Not Reported","Tracking","Stayed in original travel lane","SUV",1,1,0,0,2,2,0,2,1
50454,10,22,8,"Pedestrian","The First Harmful Event was Not a Collision with a Motor Vehicle in Transport",1,2011,"LAND ROVER","RANGE ROVER SPORT",998,"Disabling Damage",0,0,1,"Full Driver License","Valid","No",60,"Dry","Going Straight","Pedestrian in road","Unknown/Not Reported","Tracking","Stayed in original travel lane","SUV",0,1,0,0,0,0,1,2,0
50458,11,9,12,"Motor Vehicle In-Transport","Front-to-Rear",1,2016,"TOYOTA","HIGHLANDER",998,"Disabling Damage",0,0,1,"Full Driver License","Valid","No",40,"Dry","Going Straight","From opposite direction  over left lane line","Unknown/Not Reported","Tracking","Stayed in original travel lane","SUV",0,1,1,1,2,2,0,1,2
50464,9,19,8,"Pedestrian","The First Harmful Event was Not a Collision with a Motor Vehicle in Transport",2,2016,"KIA","OPTIMA",998,"Functional Damage",0,0,1,"Full Driver License","Valid","No",35,"Dry","Going Straight","Pedestrian approaching road","Braking","Tracking","Stayed in original travel lane","4 DR",0,1,0,0,2,2,0,1,0
50466,10,16,12,"Motor Vehicle In-Transport","Angle",2,2012,"CHEVROLET","EQUINOX",998,"Disabling Damage",0,0,1,"Full Driver License","Valid","No",55,"Dry","Going Straight","From opposite direction  over left lane line","Braking","Tracking","Stayed in original travel lane","SUV",0,0,1,0,0,0,1,2,1
50469,10,14,12,"Motor Vehicle In-Transport","Front-to-Rear",1,2021,"RAM","1500",998,"Minor Damage",0,0,1,"Full Driver License","Valid","No",75,"Dry","Going Straight","Traveling in same direction with lower steady speed","Unknown/Not Reported","Precrash stability unknown","Stayed in original travel lane","PU/EC",0,0,0,1,2,2,0,0,1
50469,10,14,12,"Motor Vehicle In-Transport","Front-to-Rear",1,2021,"TOYOTA","RAV4",998,"Disabling Damage",0,0,1,"Full Driver License","Valid","No",75,"Dry","Going Straight","Traveling in same direction with lower steady speed","Unknown/Not Reported","Precrash stability unknown","Stayed on roadway, not known if left original travel lane","SUV",1,1,1,1,1,1,0,6,3
50471,11,19,8,"Pedestrian","The First Harmful Event was Not a Collision with a Motor Vehicle in Transport",1,2020,"KIA","SORENTO",998,"Functional Damage",0,0,1,"Full Driver License","Valid","No",45,"Dry","Going Straight","Pedestrian in road","Unknown/Not Reported","Tracking","Stayed in original travel lane","SUV",1,2,1,1,2,2,0,0,3
50476,10,12,9,"Pedalcyclist","The First Harmful Event was Not a Collision with a Motor Vehicle in Transport",1,2012,"BUICK","LACROSSE",998,"Minor Damage",0,0,1,"Full Driver License","Valid","No",35,"Dry","Turning Right","Pedalcyclist or other non-motorist in road","Unknown/Not Reported","Tracking","Stayed in original travel lane","4 DR",0,1,0,0,0,0,1,3,0
50477,11,18,10,"Railway Vehicle","The First Harmful Event was Not a Collision with a Motor Vehicle in Transport",1,2013,"CHEVROLET","EQUINOX",998,"Disabling Damage",1,0,1,"Full Driver License","Valid","No",35,"Dry","Going Straight","Object in road","Other actions (specify:)","Tracking","Stayed in original travel lane","SUV",0,1,1,1,0,0,1,3,2
50482,10,12,12,"Motor Vehicle In-Transport","Angle",1,2013,"NISSAN","ALTIMA",998,"Disabling Damage",1,0,1,"Full Driver License","Valid","No",35,"Dry","Making a U-turn","Making a U-Turn","Unknown/Not Reported","Tracking","Stayed in original travel lane","2 DR",0,1,0,0,0,0,1,2,0
50482,10,12,12,"Motor Vehicle In-Transport","Angle",1,2021,"NISSAN","ROGUE",998,"Disabling Damage",0,0,1,"Intermediate Driver License","Valid","No",35,"Dry","Going Straight","In crossover","Unknown/Not Reported","Tracking","Stayed in original travel lane","SUV",1,0,1,1,1,1,0,5,3
50490,10,6,12,"Motor Vehicle In-Transport","Front-to-Front",3,2019,"FORD","EDGE",998,"Disabling Damage",2,0,1,"Full Driver License","Valid","No",60,"Dry","Going Straight","From opposite direction  over left lane line","Unknown/Not Reported","Tracking","Stayed in original travel lane","SUV",1,0,1,1,1,1,0,5,3
50492,11,13,12,"Motor Vehicle In-Transport","Front-to-Front",1,2020,"KIA","SORENTO",998,"Disabling Damage",1,0,1,"Full Driver License","Valid","No",55,"Dry","Negotiating a Curve","Over the lane line on left side of travel lane","Unknown/Not Reported","Tracking","Stayed on roadway, but left original travel lane","SUV",1,2,0,0,2,2,0,0,1
50492,11,13,12,"Motor Vehicle In-Transport","Front-to-Front",1,2019,"FORD","RANGER",998,"Disabling Damage",0,0,1,"Full Driver License","Valid","No",55,"Dry","Negotiating a Curve","Other vehicle stopped","Unknown/Not Reported","Tracking","Stayed in original travel lane","PU/CC",1,0,1,1,1,1,0,3,3
50505,10,17,12,"Motor Vehicle In-Transport","Sideswipe - Same Direction",1,2020,"BUICK","ENCORE",998,"Functional Damage",0,0,1,"Full Driver License","Valid","No",65,"Dry","Negotiating a Curve","From adjacent lane (same direction) over left lane line","Unknown/Not Reported","Tracking","Stayed in original travel lane","SUV",1,1,0,1,0,0,0,2,2
50509,12,15,12,"Motor Vehicle In-Transport","Front-to-Front",1,2019,"NISSAN","FRONTIER",998,"Disabling Damage",1,0,1,"Full Driver License","Valid","No",55,"Dry","Going Straight","Other cause of control loss (specify:)","Unknown/Not Reported","Tracking","Stayed on roadway, but left original travel lane","PU/EC",0,1,0,0,0,0,0,1,0
50509,12,15,12,"Motor Vehicle In-Transport","Front-to-Front",2,2019,"NISSAN","SENTRA",998,"Disabling Damage",2,0,1,"Full Driver License","Valid","No",55,"Dry","Going Straight","From opposite direction  over left lane line","Braking","Tracking","Stayed in original travel lane","4 DR",1,1,0,0,2,2,0,1,1
50510,11,6,12,"Motor Vehicle In-Transport","Front-to-Front",1,2018,"GMC","CANYON",998,"Disabling Damage",1,0,1,"Full Driver License","Valid","No",55,"Dry","Going Straight","Over the lane line on left side of travel lane","Unknown/Not Reported","Tracking","Stayed on roadway, but left original travel lane","PU/EC",0,1,1,1,0,0,0,1,2
50511,11,11,12,"Motor Vehicle In-Transport","Angle",1,2013,"RAM","1500",998,"Disabling Damage",0,0,1,"Full Driver License","Valid","No",55,"Dry","Going Straight","Other critical precrash event (specify:)","Unknown/Not Reported","Tracking","Stayed in original travel lane","PU/RC",0,1,0,0,0,0,1,2,0
50512,12,12,12,"Motor Vehicle In-Transport","Front-to-Front",1,2023,"HYUNDAI","KONA",998,"Minor Damage",0,0,1,"Full Driver License","Valid","No",60,"Dry","Going Straight","Other critical precrash event (specify:)","Steering left","Precrash stability unknown","Stayed on roadway, but left original travel lane","SUV",1,2,1,1,1,1,0,5,3
50515,12,6,8,"Pedestrian","The First Harmful Event was Not a Collision with a Motor Vehicle in Transport",3,2020,"HYUNDAI","ELANTRA",998,"Disabling Damage",0,0,1,"Full Driver License","Valid","No",75,"Dry","Going Straight","Pedestrian in road","Other actions (specify:)","Tracking","Stayed in original travel lane","4 DR",1,2,1,0,2,2,0,0,2
50517,11,12,12,"Motor Vehicle In-Transport","Front-to-Front",1,2022,"GMC","CANYON",998,"Disabling Damage",0,0,1,"Full Driver License","Valid","No",55,"Dry","Negotiating a Curve","From opposite direction  over left lane line","Unknown/Not Reported","Tracking","Stayed in original travel lane","PU/CC",0,1,1,1,0,0,0,1,2
50528,11,11,9,"Pedalcyclist","The First Harmful Event was Not a Collision with a Motor Vehicle in Transport",1,2011,"TOYOTA","HIGHLANDER",998,"Minor Damage",0,0,1,"Full Driver License","Valid","No",35,"Dry","Turning Right","Pedalcyclist or other non-motorist in road","Unknown/Not Reported","Tracking","Stayed in original travel lane","SUV",0,1,0,0,0,0,1,2,0
50532,12,17,12,"Motor Vehicle In-Transport","Front-to-Front",2,2017,"FORD","EXPLORER",998,"Disabling Damage",0,0,1,"Full Driver License","Valid","No",55,"Dry","Going Straight","From opposite direction  over left lane line","Unknown/Not Reported","Tracking","Stayed in original travel lane","SUV",0,0,1,1,0,0,0,0,2
50533,12,20,8,"Pedestrian","The First Harmful Event was Not a Collision with a Motor Vehicle in Transport",1,2014,"CHEVROLET","MALIBU",998,"Minor Damage",0,0,1,"Full Driver License","Valid","No",35,"Dry","Going Straight","Pedestrian in road","Unknown/Not Reported","Tracking","Stayed in original travel lane","4 DR",0,0,1,0,0,0,1,2,1
50535,12,12,12,"Motor Vehicle In-Transport","Angle",2,2015,"BUICK","LACROSSE",998,"Disabling Damage",1,0,1,"Full Driver License","Valid","No",55,"Dry","Turning Left","Turning Left","Unknown/Not Reported","Tracking","Stayed in original travel lane","4 DR",0,1,1,1,2,0,0,2,2
50541,12,12,12,"Motor Vehicle In-Transport","Sideswipe - Same Direction",2,2011,"HONDA","CR-V",0,"Disabling Damage",0,0,1,"Full Driver License","Valid","No",55,"Dry","Stopped in Roadway","Traveling in same direction with higher speed","No Avoidance Maneuver","Tracking","Stayed in original travel lane","SUV",0,1,0,0,0,0,1,2,0
50541,12,12,12,"Motor Vehicle In-Transport","Sideswipe - Same Direction",3,2018,"RAM","2500",0,"Disabling Damage",0,0,1,"Full Driver License","Valid","No",55,"Dry","Stopped in Roadway","Traveling in same direction with higher speed","No Avoidance Maneuver","Tracking","Stayed in original travel lane","PU/EC",0,0,0,0,0,0,0,0,0
50543,12,13,12,"Motor Vehicle In-Transport","Sideswipe - Same Direction",2,2023,"TOYOTA","TUNDRA",998,"Functional Damage",0,0,1,"Full Driver License","Valid","No",75,"Dry","Going Straight","From adjacent lane (same direction) over left lane line","Unknown/Not Reported","Tracking","Stayed in original travel lane","PU/EC",1,2,1,1,1,1,0,4,3
50543,12,13,12,"Motor Vehicle In-Transport","Sideswipe - Same Direction",2,2017,"HYUNDAI","ELANTRA",998,"Functional Damage",0,0,1,"Full Driver License","Valid","No",75,"Dry","Going Straight","From adjacent lane (same direction) over right lane line","Unknown/Not Reported","Tracking","Stayed in original travel lane","4 DR",0,1,0,0,2,2,0,1,0
50545,12,7,12,"Motor Vehicle In-Transport","Angle",1,2014,"HONDA","ACCORD",998,"Disabling Damage",0,0,1,"Full Driver License","Valid","No",60,"Dry","Going Straight","From crossing street, turning into opposite direction","Braking","Skidding longitudinally  rotation less than 30 degrees","Stayed in original travel lane","2 DR",0,0,0,1,0,0,1,1,1
50547,12,5,24,"Guardrail Face","The First Harmful Event was Not a Collision with a Motor Vehicle in Transport",1,2016,"RAM","1500",998,"Disabling Damage",1,0,1,"Full Driver License","Valid","No",25,"Dry","Going Straight","Off the edge of the road on the right side","Steering left","Precrash stability unknown","Departed roadway","PU/RC",0,0,0,0,0,0,0,0,0
50554,12,10,12,"Motor Vehicle In-Transport","Sideswipe - Same Direction",1,2015,"HONDA","CR-V",998,"Disabling Damage",0,0,1,"Full Driver License","Valid","No",75,"Dry","Decelerating in Road","From adjacent lane (same direction) over left lane line","No Avoidance Maneuver","Tracking","Stayed in original travel lane","SUV",0,1,0,0,2,2,0,1,0
50556,12,19,12,"Motor Vehicle In-Transport","Front-to-Front",1,2021,"BUICK","ENCLAVE",60,"Disabling Damage",0,0,1,"Full Driver License","Valid","No",55,"Dry","Going Straight","From Parking Lane/Shoulder, Median/Crossover, Roadside","No Avoidance Maneuver","Tracking","Stayed in original travel lane","SUV",0,1,0,0,2,2,0,2,0
50556,12,19,12,"Motor Vehicle In-Transport","Front-to-Front",2,2019,"TOYOTA","HIGHLANDER",998,"Minor Damage",0,0,1,"Full Driver License","Valid","No",55,"Dry","Going Straight","Encroachment by other vehicle - details unknown","Unknown/Not Reported","Tracking","Stayed in original travel lane","SUV",1,1,1,1,1,1,0,5,3
60002,1,99,59,"Traffic Sign Support","The First Harmful Event was Not a Collision with a Motor Vehicle in Transport",1,2011,"NISSAN","VERSA",999,"Disabling Damage",1,0,1,"Full Driver License","Valid","No",70,"Dry","Going Straight","Unknown","Unknown/Not Reported","Tracking","Departed roadway","4 DR",0,1,0,0,0,0,2,1,0
60010,1,17,8,"Pedestrian","The First Harmful Event was Not a Collision with a Motor Vehicle in Transport",1,2019,"MERCEDES-BENZ","A-CLASS",998,"Minor Damage",0,0,1,"Full Driver License","Valid","No",65,"Dry","Negotiating a Curve","Pedestrian in road","No Avoidance Maneuver","Tracking","Stayed in original travel lane","4 DR",1,1,1,1,1,1,0,5,3
60025,1,17,12,"Motor Vehicle In-Transport","Front-to-Front",1,2014,"ACURA","MDX",55,"Damage Reported, Extent Unknown",0,0,1,"Full Driver License","Valid","No",55,"Dry","Going Straight","Over the lane line on left side of travel lane","Unknown/Not Reported","Tracking","Stayed on roadway, but left original travel lane","SUV",0,0,1,0,2,2,1,1,1
60026,1,10,12,"Motor Vehicle In-Transport","Sideswipe - Opposite Direction",1,2012,"TOYOTA","COROLLA",999,"Disabling Damage",1,0,1,"Full Driver License","Valid","No",55,"Dry","Going Straight","Over the lane line on left side of travel lane","Unknown/Not Reported","Tracking","Stayed on roadway, but left original travel lane","4 DR",0,0,0,0,0,0,1,1,0
60028,1,1,31,"Post, Pole or Other Supports","The First Harmful Event was Not a Collision with a Motor Vehicle in Transport",1,2022,"HONDA","CIVIC",998,"Damage Reported, Extent Unknown",1,0,1,"Full Driver License","Valid","No",70,"Dry","Going Straight","Off the edge of the road on the right side","Unknown/Not Reported","Tracking","Departed roadway","4 DR",1,1,1,1,1,1,0,5,3
60032,1,16,12,"Motor Vehicle In-Transport","Angle",2,2012,"HONDA","CR-V",40,"Disabling Damage",2,0,1,"Full Driver License","Valid","No",55,"Dry","Going Straight","Crossing Over (Passing Through) Junction","Unknown/Not Reported","Tracking","Stayed in original travel lane","SUV",0,0,0,0,0,0,1,1,0
60032,1,16,12,"Motor Vehicle In-Transport","Angle",1,2018,"RAM","2500",998,"Functional Damage",0,0,1,"Full Driver License","Valid","No",55,"Dry","Going Straight","From crossing street, across path","Braking","Tracking","Stayed in original travel lane","PU/EC",0,0,0,0,0,0,0,0,0
60034,2,20,8,"Pedestrian","The First Harmful Event was Not a Collision with a Motor Vehicle in Transport",1,2022,"KIA","K5",65,"Damage Reported, Extent Unknown",0,0,1,"Full Driver License","Valid","No",65,"Dry","Going Straight","Pedestrian in road","Unknown/Not Reported","Tracking","Stayed in original travel lane","4 DR",1,2,1,1,1,1,0,4,3
60041,2,4,8,"Pedestrian","The First Harmful Event was Not a Collision with a Motor Vehicle in Transport",99,2018,"MERCEDES-BENZ","C-CLASS",998,"Damage Reported, Extent Unknown",0,0,1,"Full Driver License","Valid","No",55,"Dry","Going Straight","Pedestrian in road","Unknown/Not Reported","Tracking","Stayed in original travel lane","2 DR",1,1,1,1,1,1,0,4,3
60043,2,20,8,"Pedestrian","The First Harmful Event was Not a Collision with a Motor Vehicle in Transport",5,2023,"BMW","X5",999,"Disabling Damage",0,0,1,"Full Driver License","Valid","No",55,"Dry","Going Straight","Pedestrian in road","Braking and steering left","Precrash stability unknown","Stayed in original travel lane","SUV",0,1,0,0,0,0,0,1,0
60045,2,12,42,"Tree (Standing Only)","The First Harmful Event was Not a Collision with a Motor Vehicle in Transport",1,2015,"KIA","FORTE",999,"Disabling Damage",1,0,1,"Full Driver License","Valid","No",55,"Dry","Going Straight","Off the edge of the road on the right side","Unknown/Not Reported","Tracking","Departed roadway","5 HB",0,1,0,0,0,0,0,2,0
60048,1,0,8,"Pedestrian","The First Harmful Event was Not a Collision with a Motor Vehicle in Transport",1,2015,"NISSAN","ALTIMA",45,"Functional Damage",0,0,1,"Full Driver License","Valid","No",65,"Dry","Negotiating a Curve","Pedestrian in road","No Avoidance Maneuver","Tracking","Stayed in original travel lane","4 DR",1,0,0,0,0,0,0,0,1
60050,1,3,8,"Pedestrian","The First Harmful Event was Not a Collision with a Motor Vehicle in Transport",1,2017,"DODGE","GRAND CARAVAN",65,"Functional Damage",0,0,1,"Full Driver License","Valid","No",65,"Dry","Going Straight","Pedestrian unknown location","No Avoidance Maneuver","Tracking","Stayed in original travel lane","VAN",1,0,0,0,0,0,0,0,1
60055,2,20,8,"Pedestrian","The First Harmful Event was Not a Collision with a Motor Vehicle in Transport",1,2018,"HYUNDAI","ELANTRA",35,"Functional Damage",0,0,1,"Full Driver License","Valid","No",55,"Dry","Going Straight","Pedestrian in road","Braking and steering right","Tracking","Stayed in original travel lane","4 DR",1,2,0,1,2,2,0,0,2
60058,1,17,8,"Pedestrian","The First Harmful Event was Not a Collision with a Motor Vehicle in Transport",1,2020,"KIA","RIO",40,"Damage Reported, Extent Unknown",0,0,1,"Full Driver License","Valid","No",55,"Dry","Going Straight","Pedestrian in road","No Avoidance Maneuver","Tracking","Stayed in original travel lane","4 DR",0,2,1,0,2,2,0,0,1
60062,1,14,12,"Motor Vehicle In-Transport","Front-to-Front",4,2021,"HYUNDAI","ELANTRA",35,"Disabling Damage",0,0,1,"Full Driver License","Valid","No",55,"Dry","Negotiating a Curve","From opposite direction  over left lane line","Braking and steering right","Precrash stability unknown","Stayed in original travel lane","4 DR",0,0,1,1,1,1,0,4,2
60063,1,2,12,"Motor Vehicle In-Transport","Front-to-Rear",1,2023,"CADILLAC","CT5",998,"Damage Reported, Extent Unknown",1,0,1,"Full Driver License","Valid","No",65,"Dry","Going Straight","Traveling in same direction with lower steady speed","Unknown/Not Reported","Tracking","Stayed in original travel lane","4 DR",1,0,1,1,1,1,0,5,3
60064,2,20,8,"Pedestrian","The First Harmful Event was Not a Collision with a Motor Vehicle in Transport",1,2012,"TOYOTA","COROLLA",45,"Minor Damage",0,0,1,"Intermediate Driver License","Valid","No",55,"Dry","Going Straight","Pedestrian unknown location","No Avoidance Maneuver","Tracking","Stayed in original travel lane","4 DR",0,0,0,0,0,0,1,1,0
60068,1,19,12,"Motor Vehicle In-Transport","Front-to-Front",2,2013,"CHEVROLET","CRUZE",50,"Disabling Damage",1,0,1,"Full Driver License","Valid","No",55,"Dry","Going Straight","Over the lane line on left side of travel lane","Steering right","Tracking","Stayed on roadway, but left original travel lane","4 DR",0,2,0,0,0,0,1,2,0
60071,1,5,8,"Pedestrian","The First Harmful Event was Not a Collision with a Motor Vehicle in Transport",1,2023,"HONDA","CR-V",35,"Damage Reported, Extent Unknown",0,0,1,"Full Driver License","Valid","No",65,"Dry","Negotiating a Curve","Pedestrian in road","Unknown/Not Reported","Tracking","Stayed in original travel lane","SUV",1,1,1,1,1,1,0,5,3
60075,1,18,8,"Pedestrian","The First Harmful Event was Not a Collision with a Motor Vehicle in Transport",1,2017,"DODGE","GRAND CARAVAN",998,"Functional Damage",0,0,1,"Full Driver License","Valid","No",40,"Dry","Going Straight","Pedestrian in road","No Avoidance Maneuver","Tracking","Stayed in original travel lane","VAN",0,0,0,0,0,0,0,0,0
60077,1,22,8,"Pedestrian","The First Harmful Event was Not a Collision with a Motor Vehicle in Transport",1,2017,"NISSAN","ROGUE",35,"Functional Damage",0,0,1,"Full Driver License","Valid","No",30,"Dry","Going Straight","Pedestrian in road","No Avoidance Maneuver","Tracking","Stayed in original travel lane","SUV",0,0,1,1,2,2,0,0,2
60078,1,15,9,"Pedalcyclist","The First Harmful Event was Not a Collision with a Motor Vehicle in Transport",99,2018,"RAM","1500",998,"No Damage",0,0,1,"Full Driver License","Valid","No",35,"Dry","Turning Right","Pedalcyclist or other non-motorist in road","Unknown/Not Reported","Precrash stability unknown","Stayed on roadway, not known if left original travel lane","PU/RC",0,0,0,0,0,0,0,0,0
60081,2,23,12,"Motor Vehicle In-Transport","Angle",1,2017,"CHEVROLET","CRUZE",998,"Disabling Damage",1,0,1,"Full Driver License","Valid","No",40,"Dry","Turning Left","From opposite direction  over right lane line","Unknown/Not Reported","Precrash stability unknown","Stayed in original travel lane","4 DR",0,1,0,1,0,0,0,2,1
60083,2,15,9,"Pedalcyclist","The First Harmful Event was Not a Collision with a Motor Vehicle in Transport",1,2020,"LINCOLN","NAUTILUS",48,"Minor Damage",0,0,1,"Full Driver License","Valid","No",50,"Dry","Going Straight","Pedalcyclist or other non-motorist in road","Braking","Precrash stability unknown","Stayed in original travel lane","SUV",1,1,1,1,1,1,0,7,3
60089,3,15,12,"Motor Vehicle In-Transport","Sideswipe - Opposite Direction",1,2012,"TOYOTA","CAMRY",68,"Disabling Damage",1,0,1,"Full Driver License","Valid","No",65,"Dry","Going Straight","Over the lane line on left side of travel lane","Unknown/Not Reported","Tracking","Stayed on roadway, but left original travel lane","4 DR",1,1,0,0,0,0,1,2,1
60089,3,15,12,"Motor Vehicle In-Transport","Sideswipe - Opposite Direction",1,2019,"TOYOTA","TACOMA",68,"Disabling Damage",0,0,1,"Full Driver License","Valid","No",65,"Dry","Going Straight","Other critical precrash event (specify:)","No Avoidance Maneuver","Tracking","Stayed in original travel lane","PU/EC",0,1,1,1,1,1,0,5,2
60089,3,15,12,"Motor Vehicle In-Transport","Sideswipe - Opposite Direction",1,2019,"HONDA","CIVIC",55,"Disabling Damage",0,0,1,"Full Driver License","Valid","No",65,"Dry","Going Straight","Other critical precrash event (specify:)","Steering right","Tracking","Stayed on roadway, not known if left original travel lane","2 DR",0,1,1,1,1,1,0,5,2
60092,2,22,12,"Motor Vehicle In-Transport","Front-to-Front",3,2023,"CHEVROLET","TRAILBLAZER",999,"Disabling Damage",2,0,1,"Full Driver License","Valid","No",55,"Dry","Going Straight","From opposite direction  over left lane line","Unknown/Not Reported","Tracking","Stayed in original travel lane","SUV",0,0,1,1,1,1,0,4,2
60095,1,19,8,"Pedestrian","The First Harmful Event was Not a Collision with a Motor Vehicle in Transport",1,2012,"TOYOTA","CAMRY",998,"Damage Reported, Extent Unknown",1,0,1,"Full Driver License","Valid","No",40,"Dry","Going Straight","From opposite direction  over left lane line","Unknown/Not Reported","Precrash stability unknown","Unknown","4 DR",1,1,0,0,0,0,1,2,1
60103,2,19,12,"Motor Vehicle In-Transport","Front-to-Front",2,2021,"TESLA","MODEL 3",999,"Disabling Damage",2,0,1,"Full Driver License","Valid","No",70,"Dry","Going Straight","Traveling in opposite direction","Unknown/Not Reported","Tracking","Stayed on roadway, but left original travel lane","4 DR",1,1,1,1,1,1,0,6,3