"SERIAL_CRASH","MONTH","HOUR","HARM_EV","HARM_EVNAME","TYPE_OF_COLLIOSION","NUM_OF_PEOPLE","MOD_YEAR","VPICMAKENAME","VPICMODELNAME","TRAV_SP","DEFORMEDNAME","DEATHS","DR_DRINK","IS_DRIVER_PRESENT","L_TYPENAME","L_STATUSNAME","SPEEDRELNAME","VSPD_LIM","VSURCONDNAME","P_CRASH1NAME","P_CRASH2NAME","P_CRASH3NAME","PCRASH4NAME","PCRASH5NAME","BODY_STYLE","BLIND_SPOT_DETECTION","ARS","FRNT_COLLISION_WARNING","LANE_DEPARTURE_WARNING","CRASH_IMMINENT_BRAKE","DYNAMIC_BRAKE_SUPPORT","NHTSA_ESC","SAFETY_COUNT","notification_count"
60103,2,19,12,"Motor Vehicle In-Transport","Front-to-Front",1,2016,"ACURA","ILX",999,"Disabling Damage",1,0,1,"Full Driver License","Valid","No",70,"Dry","Going Straight","Traveling in opposite direction","Unknown/Not Reported","Tracking","Stayed in original travel lane","4 DR",0,1,0,0,2,2,0,1,0
60105,1,18,8,"Pedestrian","The First Harmful Event was Not a Collision with a Motor Vehicle in Transport",1,2016,"FORD","EXPLORER",998,"Functional Damage",0,0,1,"Full Driver License","Valid","No",40,"Dry","Going Straight","Pedestrian in road","Unknown/Not Reported","Precrash stability unknown","Stayed in original travel lane","SUV",1,1,0,1,0,0,0,1,2
60106,1,15,12,"Motor Vehicle In-Transport","Front-to-Front",1,2023,"HYUNDAI","SONATA",998,"Damage Reported, Extent Unknown",1,0,1,"Full Driver License","Valid","No",55,"Dry","Going Straight","Over the lane line on left side of travel lane","Unknown/Not Reported","Tracking","Stayed on roadway, but left original travel lane","4 DR",1,0,1,1,1,1,0,5,3
60107,1,4,12,"Motor Vehicle In-Transport","Front-to-Rear",2,2015,"SUBARU","FORESTER",85,"Disabling Damage",2,0,1,"Full Driver License","Valid","No",70,"Dry","Going Straight","Traveling in same direction with lower steady speed","Unknown/Not Reported","Tracking","Stayed in original travel lane","SUV",0,0,1,1,2,2,0,0,2
60108,2,19,8,"Pedestrian","The First Harmful Event was Not a Collision with a Motor Vehicle in Transport",1,2016,"TOYOTA","RAV4",63,"Minor Damage",0,0,1,"Full Driver License","Valid","No",55,"Dry","Going Straight","Pedestrian in road","Braking and steering left","Tracking","Stayed in original travel lane","SUV",0,1,0,1,2,2,0,1,1
60110,2,20,8,"Pedestrian","The First Harmful Event was Not a Collision with a Motor Vehicle in Transport",1,2020,"NISSAN","ALTIMA",998,"Damage Reported, Extent Unknown",0,0,1,"Full Driver License","Valid","No",55,"Dry","Going Straight","Pedestrian in road","Unknown/Not Reported","Tracking","Stayed in original travel lane","4 DR",0,1,1,1,1,1,0,4,2
60113,3,20,8,"Pedestrian","The First Harmful Event was Not a Collision with a Motor Vehicle in Transport",1,2017,"AUDI","A4",998,"Functional Damage",0,0,1,"Full Driver License","Valid","No",40,"Dry","Going Straight","Pedestrian in road","No Avoidance Maneuver","Tracking","Stayed in original travel lane","4 DR",1,1,1,1,1,2,0,3,3
60128,3,1,8,"Pedestrian","The First Harmful Event was Not a Collision with a Motor Vehicle in Transport",1,2022,"MAZDA","MX-5",75,"Functional Damage",0,0,1,"Full Driver License","Valid","No",65,"Dry","Going Straight","Pedestrian in road","Braking","Tracking","Stayed in original travel lane","C",1,0,0,1,1,1,0,5,2
60137,3,15,12,"Motor Vehicle In-Transport","Front-to-Front",2,2019,"NISSAN","SENTRA",40,"Disabling Damage",1,0,1,"Full Driver License","Valid","No",55,"Dry","Going Straight","From crossing street, across path","Unknown/Not Reported","Tracking","Stayed in original travel lane","4 DR",1,1,1,0,2,2,0,1,2
60137,3,15,12,"Motor Vehicle In-Transport","Front-to-Front",1,2013,"SUBARU","FORESTER",45,"Damage Reported, Extent Unknown",0,0,1,"Full Driver License","Valid","No",45,"Dry","Going Straight","Crossing Over (Passing Through) Junction","Unknown/Not Reported","Tracking","Stayed in original travel lane","SUV",0,1,0,0,0,0,1,2,0
60139,2,12,33,"Curb","The First Harmful Event was Not a Collision with a Motor Vehicle in Transport",1,2012,"FORD","FUSION",40,"Not Reported",0,0,1,"Full Driver License","Valid","No",45,"Dry","Going Straight","Traveling in opposite direction","Steering right","Tracking","Stayed on roadway, but left original travel lane","4 DR",1,0,0,0,0,0,1,1,1
60139,2,12,33,"Curb","The First Harmful Event was Not a Collision with a Motor Vehicle in Transport",1,2020,"FORD","TRANSIT",998,"Minor Damage",0,0,1,"Full Driver License","Valid","No",45,"Dry","Going Straight","Traveling in opposite direction","Accelerating","Tracking","Stayed in original travel lane","VAN",1,0,1,0,1,1,0,4,2
60142,1,22,8,"Pedestrian","The First Harmful Event was Not a Collision with a Motor Vehicle in Transport",2,2012,"HYUNDAI","SONATA",45,"Functional Damage",0,0,1,"Full Driver License","Valid","No",65,"Dry","Negotiating a Curve","Pedestrian in road","No Avoidance Maneuver","Tracking","Stayed in original travel lane","4 DR",0,1,0,0,0,0,1,3,0
60142,1,22,8,"Pedestrian","The First Harmful Event was Not a Collision with a Motor Vehicle in Transport",1,2019,"KIA","OPTIMA",25,"Functional Damage",0,0,1,"Full Driver License","Valid","No",65,"Dry","Negotiating a Curve","Pedestrian in road","Braking and steering left","Precrash stability unknown","Stayed in original travel lane","4 DR",1,1,1,1,1,1,0,6,3
60158,1,22,8,"Pedestrian","The First Harmful Event was Not a Collision with a Motor Vehicle in Transport",1,2019,"NISSAN","SENTRA",998,"Damage Reported, Extent Unknown",0,0,1,"Full Driver License","Valid","No",65,"Dry","Going Straight","Pedestrian in road","No Avoidance Maneuver","Tracking","Stayed in original travel lane","4 DR",0,1,0,0,2,2,0,1,0
60160,4,7,12,"Motor Vehicle In-Transport","Sideswipe - Same Direction",1,2015,"FORD","FUSION",40,"Functional Damage",0,0,1,"Full Driver License","Valid","No",65,"Dry","Going Straight","Traveling in same direction with higher speed","Unknown/Not Reported","Tracking","Stayed in original travel lane","4 DR",0,1,0,1,0,0,0,1,1
60162,4,20,12,"Motor Vehicle In-Transport","Front-to-Front",1,2015,"CHEVROLET","TAHOE",50,"Damage Reported, Extent Unknown",0,0,1,"Full Driver License","Valid","No",55,"Dry","Negotiating a Curve","From opposite direction  over left lane line","Steering right","Tracking","Stayed in original travel lane","SUV",0,1,0,1,2,0,0,2,1
60164,4,1,12,"Motor Vehicle In-Transport","Front-to-Front",1,2016,"TOYOTA","SCION IA",999,"Disabling Damage",1,0,1,"Full Driver License","Valid","No",65,"Dry","Going Straight","Traveling in opposite direction","Unknown/Not Reported","Tracking","Stayed in original travel lane","4 DR",0,1,0,0,0,0,0,2,0
60167,2,12,12,"Motor Vehicle In-Transport","Sideswipe - Same Direction",2,2016,"TOYOTA","PRIUS",70,"Damage Reported, Extent Unknown",0,0,1,"Full Driver License","Valid","No",65,"Dry","Negotiating a Curve","From opposite direction  over left lane line","Steering right","Tracking","Stayed on roadway, not known if left original travel lane","5 HB",1,1,1,0,2,2,0,1,2
60167,2,12,12,"Motor Vehicle In-Transport","Sideswipe - Same Direction",1,2022,"KIA","EV6",70,"Damage Reported, Extent Unknown",0,0,1,"Full Driver License","Valid","No",65,"Dry","Negotiating a Curve","From adjacent lane (same direction) over left lane line","Unknown/Not Reported","Tracking","Stayed in original travel lane","SUV",1,0,1,1,1,1,0,6,3
60167,2,12,12,"Motor Vehicle In-Transport","Sideswipe - Same Direction",4,2021,"TOYOTA","RAV4",75,"Damage Reported, Extent Unknown",0,0,1,"Full Driver License","Valid","No",65,"Dry","Negotiating a Curve","Encroachment by other vehicle - details unknown","Braking and steering left","Tracking","Stayed on roadway, not known if left original travel lane","SUV",0,1,1,1,1,1,0,6,2
60172,4,21,31,"Post, Pole or Other Supports","The First Harmful Event was Not a Collision with a Motor Vehicle in Transport",1,2013,"HYUNDAI","ELANTRA",999,"Disabling Damage",1,0,1,"Full Driver License","Valid","No",65,"Dry","Negotiating a Curve","Unknown","Unknown/Not Reported","Tracking","Departed roadway","2 DR",0,1,0,0,0,0,1,2,0
60177,2,19,12,"Motor Vehicle In-Transport","Front-to-Rear",1,2021,"FORD","EXPLORER",70,"Damage Reported, Extent Unknown",0,0,1,"Full Driver License","Valid","No",55,"Dry","Going Straight","Other critical precrash event (specify:)","Unknown/Not Reported","Tracking","Stayed on roadway, not known if left original travel lane","SUV",1,0,1,1,1,1,0,6,3
60182,1,17,8,"Pedestrian","The First Harmful Event was Not a Collision with a Motor Vehicle in Transport",1,2012,"MAZDA","MAZDA3",35,"Functional Damage",0,0,1,"Full Driver License","Valid","No",55,"Dry","Decelerating in Road","Pedestrian in road","Braking","Precrash stability unknown","Stayed in original travel lane","4 DR",0,1,0,0,0,0,1,2,0
60183,2,5,8,"Pedestrian","The First Harmful Event was Not a Collision with a Motor Vehicle in Transport",1,2020,"CHEVROLET","MALIBU",60,"Functional Damage",0,0,1,"Full Driver License","Valid","No",65,"Dry","Going Straight","Pedestrian in road","No Avoidance Maneuver","Tracking","Stayed in original travel lane","4 DR",1,2,1,1,2,2,0,1,3
60184,3,22,12,"Motor Vehicle In-Transport","Front-to-Front",2,2015,"HYUNDAI","ELANTRA",999,"Disabling Damage",1,0,1,"Full Driver License","Valid","No",45,"Dry","Negotiating a Curve","From opposite direction  over left lane line","Unknown/Not Reported","Tracking","Stayed in original travel lane","2 DR",0,2,0,0,0,0,0,0,0
60187,1,21,12,"Motor Vehicle In-Transport","Angle",1,2017,"FORD","FUSION",998,"Damage Reported, Extent Unknown",0,0,1,"Full Driver License","Valid","No",65,"Dry","Negotiating a Curve","Other vehicle stopped","Braking","Precrash stability unknown","Stayed in original travel lane","4 DR",1,1,1,1,2,2,0,2,3
60188,2,15,12,"Motor Vehicle In-Transport","Front-to-Rear",1,2015,"JEEP","WRANGLER",0,"Minor Damage",0,0,1,"Full Driver License","Valid","No",45,"Dry","Stopped in Roadway","Traveling in same direction with higher speed","No Avoidance Maneuver","Tracking","Stayed in original travel lane","SUV",0,0,0,0,0,0,0,0,0
60193,2,14,12,"Motor Vehicle In-Transport","Front-to-Front",1,2017,"TOYOTA","CAMRY",999,"Disabling Damage",1,0,1,"Full Driver License","Valid","No",55,"Dry","Going Straight","Over the lane line on left side of travel lane","Unknown/Not Reported","Tracking","Stayed on roadway, but left original travel lane","4 DR",1,1,0,1,2,2,0,1,2
60193,2,14,12,"Motor Vehicle In-Transport","Front-to-Front",1,2023,"TESLA","MODEL 3",55,"Disabling Damage",0,0,1,"Full Driver License","Valid","No",55,"Dry","Going Straight","From opposite direction  over left lane line","Unknown/Not Reported","Tracking","Stayed in original travel lane","4 DR",1,1,1,1,1,1,0,6,3
60199,3,16,12,"Motor Vehicle In-Transport","Front-to-Front",5,2017,"FORD","ESCAPE",998,"Damage Reported, Extent Unknown",1,0,1,"Full Driver License","Valid","No",55,"Dry","Going Straight","From opposite direction  over left lane line","Unknown/Not Reported","Tracking","Stayed in original travel lane","SUV",0,0,1,0,0,0,0,1,1
60204,4,0,12,"Motor Vehicle In-Transport","Front-to-Front",1,2016,"TOYOTA","PRIUS",998,"Damage Reported, Extent Unknown",1,0,1,"Full Driver License","Valid","No",45,"Dry","Going Straight","Traveling in opposite direction","Unknown/Not Reported","Precrash stability unknown","Stayed in original travel lane","5 HB",1,1,1,0,2,2,0,1,2
60207,4,22,9,"Pedalcyclist","The First Harmful Event was Not a Collision with a Motor Vehicle in Transport",1,2022,"HONDA","PILOT",40,"Minor Damage",0,0,1,"Full Driver License","Valid","No",40,"Dry","Going Straight","Pedalcyclist or other non-motorist in road","Steering right","Tracking","Stayed on roadway, but left original travel lane","SUV",0,1,1,1,1,1,0,6,2
60210,4,13,12,"Motor Vehicle In-Transport","Angle",1,2018,"SUBARU","CROSSTREK",10,"Disabling Damage",0,0,1,"Full Driver License","Valid","No",55,"Dry","Turning Left","Turning Left","Unknown/Not Reported","Tracking","Stayed in original travel lane","SW",0,0,0,1,2,2,0,0,1
60216,4,12,12,"Motor Vehicle In-Transport","Sideswipe - Opposite Direction",1,2022,"JEEP","WRANGLER",999,"Disabling Damage",1,0,1,"Full Driver License","Valid","No",55,"Dry","Negotiating a Curve","Unknown","Unknown/Not Reported","Tracking","Stayed on roadway, but left original travel lane","SUV",0,0,1,0,2,2,0,1,1
60216,4,12,12,"Motor Vehicle In-Transport","Sideswipe - Opposite Direction",1,2018,"MERCEDES-BENZ","C-CLASS",55,"Disabling Damage",0,0,1,"Full Driver License","Valid","No",55,"Dry","Negotiating a Curve","From opposite direction  over left lane line","Steering right","Tracking","Stayed in original travel lane","2 DR",0,1,1,1,1,1,0,4,2
60217,4,20,12,"Motor Vehicle In-Transport","Front-to-Front",1,2016,"TOYOTA","RAV4",998,"Disabling Damage",1,0,1,"Full Driver License","Valid","No",65,"Dry","Going Straight","From opposite direction  over left lane line","Braking and steering right","Tracking","Stayed in original travel lane","SUV",0,1,1,1,2,2,0,1,2
60218,4,22,8,"Pedestrian","The First Harmful Event was Not a Collision with a Motor Vehicle in Transport",1,2018,"NISSAN","MAXIMA",65,"Functional Damage",0,0,1,"Full Driver License","Valid","No",65,"Dry","Going Straight","Pedestrian in road","Steering left","Tracking","Stayed in original travel lane","4 DR",1,1,1,0,1,1,0,4,2
60221,2,1,8,"Pedestrian","The First Harmful Event was Not a Collision with a Motor Vehicle in Transport",1,2017,"HONDA","CIVIC",998,"Damage Reported, Extent Unknown",0,0,1,"Full Driver License","Valid","No",65,"Dry","Negotiating a Curve","Pedestrian in road","Unknown/Not Reported","Tracking","Stayed in original travel lane","2 DR",0,1,0,1,2,2,0,1,1
60225,3,19,12,"Motor Vehicle In-Transport","Front-to-Rear",1,2016,"TOYOTA","PRIUS",70,"Disabling Damage",0,0,1,"Full Driver License","Valid","No",65,"Dry","Going Straight","Traveling in same direction with higher speed","No Avoidance Maneuver","Tracking","Stayed in original travel lane","5 HB",0,1,1,1,2,2,0,1,2
60230,4,22,12,"Motor Vehicle In-Transport","Angle",4,2021,"JEEP","WRANGLER",999,"Disabling Damage",1,0,1,"Full Driver License","Valid","No",65,"Dry","Turning Left","Turning Left","Unknown/Not Reported","Tracking","Stayed in original travel lane","SUV",1,0,1,0,2,2,0,0,2
60231,4,8,10,"Railway Vehicle","The First Harmful Event was Not a Collision with a Motor Vehicle in Transport",1,2014,"GMC","ACADIA",0,"Disabling Damage",1,0,1,"Full Driver License","Valid","No",35,"Dry","Stopped in Roadway","From crossing street, across path","No Avoidance Maneuver","Tracking","Stayed in original travel lane","SUV",0,1,0,1,0,0,1,3,1
60231,4,8,10,"Railway Vehicle","The First Harmful Event was Not a Collision with a Motor Vehicle in Transport",3,2011,"CHEVROLET","TRAVERSE",0,"Disabling Damage",0,0,1,"Full Driver License","Valid","No",35,"Dry","Stopped in Roadway","From opposite direction  over left lane line","No Avoidance Maneuver","Tracking","Stayed in original travel lane","SUV",0,1,0,0,0,0,1,3,0
60235,4,17,12,"Motor Vehicle In-Transport","Front-to-Rear",1,2018,"CHEVROLET","SPARK",0,"Disabling Damage",1,0,1,"Full Driver License","Valid","No",65,"Dry","Stopped in Roadway","Traveling in same direction with higher speed","No Avoidance Maneuver","Tracking","Stayed in original travel lane","5 HB",0,1,0,0,0,0,0,2,0
60238,3,16,25,"Concrete Traffic Barrier","The First Harmful Event was Not a Collision with a Motor Vehicle in Transport",1,2018,"NISSAN","ROGUE",999,"Damage Reported, Extent Unknown",1,0,1,"Full Driver License","Valid","No",65,"Dry","Going Straight","Off the edge of the road on the left side","Unknown/Not Reported","Tracking","Departed roadway","SUV",1,1,1,0,2,2,0,3,2
60241,4,17,35,"Embankment","The First Harmful Event was Not a Collision with a Motor Vehicle in Transport",1,2019,"MAZDA","CX-5",999,"Disabling Damage",1,0,1,"Full Driver License","Valid","No",55,"Dry","Going Straight","Off the edge of the road on the left side","Steering right","Skidding longitudinally  rotation less than 30 degrees","Departed roadway","SUV",1,1,1,1,1,1,0,6,3
60260,4,19,25,"Concrete Traffic Barrier","The First Harmful Event was Not a Collision with a Motor Vehicle in Transport",2,2017,"MERCEDES-BENZ","GLC-CLASS",65,"Disabling Damage",1,0,1,"Full Driver License","Valid","No",65,"Dry","Negotiating a Curve","Off the edge of the road on the right side","Unknown/Not Reported","Tracking","Departed roadway","SUV",0,1,1,0,1,1,0,4,1
60267,1,10,12,"Motor Vehicle In-Transport","Sideswipe - Same Direction",1,2015,"DODGE","CHALLENGER",65,"Functional Damage",0,0,1,"Full Driver License","Valid","No",70,"Dry","Going Straight","Other critical precrash event (specify:)","Braking","Tracking","Stayed in original travel lane","2 DR",0,0,0,0,0,0,0,0,0
60269,1,18,8,"Pedestrian","The First Harmful Event was Not a Collision with a Motor Vehicle in Transport",2,2019,"CHEVROLET","MALIBU",999,"Functional Damage",0,0,1,"Full Driver License","Valid","No",45,"Dry","Going Straight","Pedestrian in road","No Avoidance Maneuver","Tracking","Stayed in original travel lane","4 DR",0,1,0,0,2,2,0,2,0
60277,1,18,8,"Pedestrian","The First Harmful Event was Not a Collision with a Motor Vehicle in Transport",2,2022,"HONDA","CIVIC",70,"Damage Reported, Extent Unknown",0,0,1,"Full Driver License","Valid","No",60,"Dry","Going Straight","Pedestrian in road","No Avoidance Maneuver","Tracking","Stayed in original travel lane","4 DR",1,1,1,1,1,1,0,5,3
60279,1,9,18,"Other Object (not fixed)","The First Harmful Event was Not a Collision with a Motor Vehicle in Transport",1,2021,"NISSAN","ARMADA",65,"Damage Reported, Extent Unknown",1,0,1,"Full Driver License","Valid","No",35,"Dry","Negotiating a Curve","Over the lane line on left side of travel lane","Unknown/Not Reported","Tracking","Departed roadway","SUV",1,0,1,1,1,1,0,6,3
60280,2,19,8,"Pedestrian","The First Harmful Event was Not a Collision with a Motor Vehicle in Transport",1,2016,"HONDA","CIVIC",65,"Damage Reported, Extent Unknown",0,0,1,"Full Driver License","Valid","No",65,"Dry","Going Straight","Pedestrian in road","No Avoidance Maneuver","Tracking","Stayed in original travel lane","4 DR",0,1,1,1,2,2,0,1,2
60280,2,19,8,"Pedestrian","The First Harmful Event was Not a Collision with a Motor Vehicle in Transport",2,2016,"CHRYSLER","300",65,"Damage Reported, Extent Unknown",0,0,1,"Full Driver License","Valid","No",65,"Dry","Going Straight","Pedestrian in road","No Avoidance Maneuver","Tracking","Stayed in original travel lane","4 DR",1,0,1,1,2,2,0,0,3
60281,1,21,8,"Pedestrian","The First Harmful Event was Not a Collision with a Motor Vehicle in Transport",1,2016,"KIA","OPTIMA",70,"Functional Damage",0,0,1,"Full Driver License","Valid","No",65,"Dry","Going Straight","Pedestrian in road","Braking","Tracking","Stayed in original travel lane","4 DR",0,1,1,1,2,2,0,1,2
60284,2,13,12,"Motor Vehicle In-Transport","Angle",2,2020,"CHEVROLET","SPARK",50,"Disabling Damage",1,0,1,"Full Driver License","Valid","No",35,"Dry","Turning Left","Turning Left","Unknown/Not Reported","Tracking","Stayed in original travel lane","5 HB",0,2,1,0,2,2,0,1,1
60284,2,13,12,"Motor Vehicle In-Transport","Angle",1,2018,"TOYOTA","SIENNA",0,"Minor Damage",0,0,1,"Full Driver License","Valid","No",55,"Dry","Stopped in Roadway","From opposite direction  over left lane line","No Avoidance Maneuver","Tracking","Stayed in original travel lane","VAN",1,1,1,1,1,1,0,5,3
60289,1,16,12,"Motor Vehicle In-Transport","Front-to-Rear",2,2018,"KIA","SPORTAGE",998,"Damage Reported, Extent Unknown",0,0,1,"Full Driver License","Valid","No",65,"Dry","Going Straight","Traveling in same direction while decelerating","Unknown/Not Reported","Tracking","Stayed in original travel lane","SUV",0,2,1,0,2,2,0,0,1
60291,1,17,12,"Motor Vehicle In-Transport","Front-to-Front",1,2019,"SUBARU","WRX",28,"Damage Reported, Extent Unknown",0,0,1,"Full Driver License","Valid","No",45,"Dry","Going Straight","Traveling in opposite direction","Braking","Tracking","Stayed in original travel lane","4 DR",1,0,0,1,2,2,0,0,2
60292,2,17,1,"Rollover/Overturn","The First Harmful Event was Not a Collision with a Motor Vehicle in Transport",2,2018,"TOYOTA","C-HR",70,"Damage Reported, Extent Unknown",2,0,1,"Full Driver License","Valid","No",70,"Dry","Going Straight","Off the edge of the road on the right side","Unknown/Not Reported","Tracking","Departed roadway","5 HB",1,1,1,1,1,1,0,5,3
60293,3,12,12,"Motor Vehicle In-Transport","Angle",2,2023,"NISSAN","ROGUE",998,"Disabling Damage",1,0,1,"Full Driver License","Valid","No",65,"Dry","Making a U-turn","Making a U-Turn","Unknown/Not Reported","Tracking","Entered roadway","SUV",1,0,1,1,1,1,0,5,3
60294,1,2,12,"Motor Vehicle In-Transport","Sideswipe - Same Direction",1,2016,"HYUNDAI","ELANTRA",0,"Disabling Damage",1,0,1,"Full Driver License","Valid","No",45,"Dry","Stopped in Roadway","From adjacent lane (same direction) over left lane line","No Avoidance Maneuver","Tracking","Stayed in original travel lane","4 DR",0,1,0,0,0,0,0,1,0
60297,1,19,8,"Pedestrian","The First Harmful Event was Not a Collision with a Motor Vehicle in Transport",1,2021,"CHEVROLET","COLORADO",35,"Functional Damage",0,0,1,"Full Driver License","Valid","No",40,"Dry","Going Straight","Pedestrian in road","No Avoidance Maneuver","Tracking","Stayed in original travel lane","PU/EC",0,1,0,1,2,2,0,1,1
60299,1,10,14,"Parked Motor Vehicle","The First Harmful Event was Not a Collision with a Motor Vehicle in Transport",1,2013,"FORD","MUSTANG",998,"Disabling Damage",1,0,1,"Full Driver License","Valid","No",45,"Dry","Going Straight","Over the lane line on right side of travel lane","Unknown/Not Reported","Precrash stability unknown","Departed roadway","C",0,0,0,0,0,0,1,1,0
60302,1,19,9,"Pedalcyclist","The First Harmful Event was Not a Collision with a Motor Vehicle in Transport",1,2020,"KIA","SORENTO",998,"Disabling Damage",0,0,1,"Full Driver License","Valid","No",40,"Dry","Going Straight","Pedalcyclist or other non-motorist in road","Unknown/Not Reported","Tracking","Stayed in original travel lane","SUV",1,2,0,0,2,2,0,0,1
60308,2,18,8,"Pedestrian","The First Harmful Event was Not a Collision with a Motor Vehicle in Transport",1,2013,"MERCEDES-BENZ","C-CLASS",58,"Damage Reported, Extent Unknown",0,0,1,"Full Driver License","Valid","No",50,"Dry","Going Straight","Pedestrian in road","Unknown/Not Reported","Tracking","Stayed in original travel lane","2 DR",0,0,1,0,0,0,1,1,1
60310,2,13,12,"Motor Vehicle In-Transport","Angle",1,2019,"KIA","FORTE",998,"Damage Reported, Extent Unknown",1,0,1,"Full Driver License","Valid","No",40,"Dry","Going Straight","From crossing street, across path","Unknown/Not Reported","Tracking","Stayed in original travel lane","4 DR",0,1,1,1,1,1,0,5,2
60310,2,13,12,"Motor Vehicle In-Transport","Angle",1,2015,"MERCEDES-BENZ","ML-CLASS",998,"Damage Reported, Extent Unknown",0,0,1,"Full Driver License","Valid","No",40,"Dry","Going Straight","From crossing street, across path","Unknown/Not Reported","Tracking","Stayed in original travel lane","SUV",0,1,1,0,2,2,0,2,1
60312,4,17,12,"Motor Vehicle In-Transport","Front-to-Front",2,2019,"DODGE","CHARGER",998,"Not Reported",0,0,1,"Full Driver License","Valid","No",50,"Dry","Unknown","Traveling in opposite direction","Unknown/Not Reported","Precrash stability unknown","Stayed on roadway, but left original travel lane","4 DR",1,0,0,0,2,2,0,0,1
60312,4,17,12,"Motor Vehicle In-Transport","Front-to-Front",2,2018,"HONDA","CIVIC",998,"Not Reported",1,0,1,"Full Driver License","Valid","No",50,"Dry","Going Straight","Traveling in opposite direction","Unknown/Not Reported","Precrash stability unknown","Unknown","5 HB",0,1,1,0,2,2,0,1,1
60316,5,22,8,"Pedestrian","The First Harmful Event was Not a Collision with a Motor Vehicle in Transport",1,2018,"CHRYSLER","PACIFICA",50,"Damage Reported, Extent Unknown",0,0,1,"Full Driver License","Valid","No",55,"Dry","Going Straight","Pedestrian in road","Braking and steering left","Tracking","Stayed in original travel lane","VAN",1,0,1,1,2,2,0,0,3
60322,2,1,24,"Guardrail Face","The First Harmful Event was Not a Collision with a Motor Vehicle in Transport",1,2017,"HYUNDAI","SONATA",999,"Disabling Damage",1,0,1,"Full Driver License","Valid","No",65,"Dry","Negotiating a Curve","Off the edge of the road on the right side","Unknown/Not Reported","Skidding longitudinally  rotation less than 30 degrees","Departed roadway","4 DR",1,1,1,0,2,2,0,2,2
60329,3,15,12,"Motor Vehicle In-Transport","Front-to-Rear",1,2013,"TOYOTA","TACOMA",43,"Disabling Damage",0,0,1,"Full Driver License","Valid","No",55,"Dry","Decelerating in Road","Traveling in same direction with higher speed","Unknown/Not Reported","Tracking","Stayed in original travel lane","PU/CC",0,0,0,0,0,0,1,1,0
60332,3,3,8,"Pedestrian","The First Harmful Event was Not a Collision with a Motor Vehicle in Transport",1,2021,"TOYOTA","CAMRY",998,"Damage Reported, Extent Unknown",0,0,1,"Full Driver License","Valid","No",65,"Dry","Negotiating a Curve","Pedestrian unknown location","Unknown/Not Reported","Tracking","Stayed in original travel lane","4 DR",1,1,1,1,1,1,0,6,3
60333,5,21,8,"Pedestrian","The First Harmful Event was Not a Collision with a Motor Vehicle in Transport",1,2015,"TOYOTA","CAMRY",999,"Damage Reported, Extent Unknown",0,0,1,"Full Driver License","Valid","No",45,"Dry","Going Straight","Pedestrian in road","No Avoidance Maneuver","Tracking","Stayed in original travel lane","4 DR",0,1,1,1,2,2,0,1,2
60343,5,8,12,"Motor Vehicle In-Transport","Angle",1,2012,"JEEP","WRANGLER",998,"Disabling Damage",0,0,1,"Full Driver License","Valid","No",55,"Dry","Going Straight","From opposite direction  over left lane line","Steering right","Tracking","Departed roadway","SUV",0,1,0,0,0,0,1,2,0
60345,4,0,12,"Motor Vehicle In-Transport","Front-to-Rear",1,2020,"HYUNDAI","SONATA",65,"Disabling Damage",0,0,1,"Full Driver License","Valid","No",65,"Dry","Going Straight","Traveling in same direction with higher speed","Unknown/Not Reported","Tracking","Stayed in original travel lane","4 DR",1,1,1,1,1,1,0,5,3
60346,4,21,25,"Concrete Traffic Barrier","The First Harmful Event was Not a Collision with a Motor Vehicle in Transport",1,2021,"HONDA","ACCORD",998,"Damage Reported, Extent Unknown",1,0,1,"Full Driver License","Valid","No",65,"Dry","Going Straight","Off the edge of the road on the left side","Unknown/Not Reported","Tracking","Departed roadway","4 DR",1,1,1,1,1,1,0,6,3
60346,4,21,25,"Concrete Traffic Barrier","The First Harmful Event was Not a Collision with a Motor Vehicle in Transport",6,2020,"NISSAN","VERSA",998,"Damage Reported, Extent Unknown",0,0,1,"Full Driver License","Valid","No",65,"Dry","Going Straight","From adjacent lane (same direction) over left lane line","Braking","Tracking","Stayed in original travel lane","4 DR",1,0,1,1,1,1,0,4,3
60353,5,10,1,"Rollover/Overturn","The First Harmful Event was Not a Collision with a Motor Vehicle in Transport",1,2022,"KIA","EV6",40,"Damage Reported, Extent Unknown",0,0,1,"Full Driver License","Valid","No",35,"Dry","Negotiating a Curve","From opposite direction  over left lane line","Unknown/Not Reported","Tracking","Stayed in original travel lane","SUV",1,0,1,1,1,1,0,6,3
60358,2,19,8,"Pedestrian","The First Harmful Event was Not a Collision with a Motor Vehicle in Transport",1,2017,"TOYOTA","CAMRY",70,"Disabling Damage",0,0,1,"Full Driver License","Valid","No",70,"Dry","Going Straight","Pedestrian in road","No Avoidance Maneuver","Tracking","Stayed in original travel lane","4 DR",0,1,0,1,2,2,0,1,1
60361,4,21,8,"Pedestrian","The First Harmful Event was Not a Collision with a Motor Vehicle in Transport",1,2018,"MERCEDES-BENZ","GLC-CLASS",998,"Damage Reported, Extent Unknown",0,0,1,"Full Driver License","Valid","No",40,"Dry","Going Straight","Pedestrian in road","No Avoidance Maneuver","Tracking","Stayed in original travel lane","SUV",0,1,1,1,1,1,0,4,2