"SERIAL_CRASH","MONTH","HOUR","HARM_EV","HARM_EVNAME","TYPE_OF_COLLIOSION","NUM_OF_PEOPLE","MOD_YEAR","VPICMAKENAME","VPICMODELNAME","TRAV_SP","DEFORMEDNAME","DEATHS","DR_DRINK","IS_DRIVER_PRESENT","L_TYPENAME","L_STATUSNAME","SPEEDRELNAME","VSPD_LIM","VSURCONDNAME","P_CRASH1NAME","P_CRASH2NAME","P_CRASH3NAME","PCRASH4NAME","PCRASH5NAME","BODY_STYLE","BLIND_SPOT_DETECTION","ARS","FRNT_COLLISION_WARNING","LANE_DEPARTURE_WARNING","CRASH_IMMINENT_BRAKE","DYNAMIC_BRAKE_SUPPORT","NHTSA_ESC","SAFETY_COUNT","notification_count"
60364,5,6,12,"Motor Vehicle In-Transport","Front-to-Front",1,2017,"VOLKSWAGEN","JETTA",999,"Disabling Damage",1,0,1,"Full Driver License","Valid","No",55,"Dry","Negotiating a Curve","Over the lane line on left side of travel lane","Unknown/Not Reported","Tracking","Stayed on roadway, but left original travel lane","4 DR",0,1,1,0,2,2,0,1,1
60365,2,2,25,"Concrete Traffic Barrier","The First Harmful Event was Not a Collision with a Motor Vehicle in Transport",1,2018,"CHEVROLET","EQUINOX",998,"Damage Reported, Extent Unknown",1,0,1,"Full Driver License","Valid","No",55,"Dry","Going Straight","Other vehicle stopped","Steering left","Tracking","Departed roadway","SUV",0,1,0,1,2,2,0,2,1
60370,4,6,12,"Motor Vehicle In-Transport","Front-to-Front",1,2013,"DODGE","DURANGO",60,"Disabling Damage",0,0,1,"Full Driver License","Valid","No",55,"Dry","Going Straight","From opposite direction  over left lane line","Steering right","Skidding longitudinally  rotation less than 30 degrees","Returned to roadway","SUV",0,1,0,0,2,2,1,2,0
60370,4,6,12,"Motor Vehicle In-Transport","Front-to-Front",1,2016,"KIA","FORTE",999,"Disabling Damage",1,0,1,"Full Driver License","Valid","No",55,"Dry","Going Straight","From opposite direction  over left lane line","Unknown/Not Reported","Tracking","Stayed in original travel lane","4 DR",0,1,0,0,0,0,0,1,0
60370,4,6,12,"Motor Vehicle In-Transport","Front-to-Front",1,2020,"TOYOTA","TACOMA",50,"Disabling Damage",0,0,1,"Full Driver License","Valid","No",55,"Dry","Going Straight","From opposite direction  over left lane line","Braking and steering right","Tracking","Stayed in original travel lane","PU/EC",1,2,1,1,1,1,0,5,3
60372,5,5,8,"Pedestrian","The First Harmful Event was Not a Collision with a Motor Vehicle in Transport",1,2019,"JEEP","CHEROKEE",35,"Damage Reported, Extent Unknown",0,0,1,"Full Driver License","Valid","No",45,"Dry","Going Straight","Pedestrian in road","No Avoidance Maneuver","Tracking","Stayed in original travel lane","SUV",1,1,1,1,2,2,0,1,3
60373,5,5,12,"Motor Vehicle In-Transport","Front-to-Front",1,2014,"HONDA","CIVIC",998,"Damage Reported, Extent Unknown",1,0,1,"Full Driver License","Valid","No",55,"Dry","Going Straight","From opposite direction  over left lane line","Unknown/Not Reported","Tracking","Stayed in original travel lane","4 DR",0,0,0,0,0,0,1,1,0
60374,5,15,12,"Motor Vehicle In-Transport","Angle",1,2019,"RAM","1500",58,"Damage Reported, Extent Unknown",0,0,1,"Full Driver License","Valid","No",55,"Dry","Going Straight","From crossing street, across path","Unknown/Not Reported","Tracking","Stayed in original travel lane","PU/EC",1,1,1,1,2,2,0,1,3
60377,3,4,8,"Pedestrian","The First Harmful Event was Not a Collision with a Motor Vehicle in Transport",1,2013,"FORD","EXPLORER",43,"Minor Damage",0,0,1,"Full Driver License","Valid","No",40,"Dry","Going Straight","Pedestrian in road","No Avoidance Maneuver","Tracking","Stayed in original travel lane","SUV",0,0,0,1,0,0,1,1,1
60378,1,6,12,"Motor Vehicle In-Transport","Front-to-Front",1,2019,"JEEP","CHEROKEE",45,"Disabling Damage",0,0,1,"Full Driver License","Valid","No",55,"Dry","Negotiating a Curve","From opposite direction  over left lane line","Steering right","Tracking","Departed roadway","SUV",1,1,1,1,2,2,0,1,3
60378,1,6,12,"Motor Vehicle In-Transport","Front-to-Front",1,2022,"CHEVROLET","TRAVERSE",45,"Functional Damage",0,0,1,"Full Driver License","Valid","No",55,"Dry","Negotiating a Curve","Other critical precrash event (specify:)","Steering left","Tracking","Stayed on roadway, but left original travel lane","SUV",1,1,0,0,0,0,0,2,1
60380,5,12,12,"Motor Vehicle In-Transport","Sideswipe - Same Direction",1,2021,"HYUNDAI","ELANTRA",40,"Damage Reported, Extent Unknown",0,0,1,"Full Driver License","Valid","No",45,"Dry","Entering a Parking Position","Other critical precrash event (specify:)","Unknown/Not Reported","Tracking","Departed roadway","4 DR",1,0,1,1,1,1,0,4,3
60382,1,18,12,"Motor Vehicle In-Transport","Angle",2,2021,"NISSAN","KICKS",998,"Damage Reported, Extent Unknown",0,0,1,"Full Driver License","Valid","No",25,"Dry","Turning Left","Turning Left","Unknown/Not Reported","Tracking","Stayed on roadway, but left original travel lane","SUV",1,0,1,1,1,1,0,5,3
60383,3,0,12,"Motor Vehicle In-Transport","Front-to-Front",1,2016,"FORD","ESCAPE",40,"Disabling Damage",0,0,1,"Full Driver License","Valid","No",35,"Dry","Going Straight","From opposite direction  over left lane line","Steering left","Tracking","Stayed on roadway, not known if left original travel lane","SUV",1,0,0,0,0,0,0,0,1
60384,1,5,33,"Curb","The First Harmful Event was Not a Collision with a Motor Vehicle in Transport",2,2018,"ALFA ROMEO","STELVIO",998,"Damage Reported, Extent Unknown",0,0,1,"Full Driver License","Valid","No",55,"Dry","Going Straight","Off the edge of the road on the left side","Unknown/Not Reported","Skidding longitudinally  rotation less than 30 degrees","Departed roadway","SUV",0,0,0,1,2,2,0,0,1
60384,1,5,33,"Curb","The First Harmful Event was Not a Collision with a Motor Vehicle in Transport",3,2023,"CHEVROLET","SUBURBAN",60,"Functional Damage",0,0,1,"Full Driver License","Valid","No",65,"Dry","Going Straight","From entrance to limited access highway","Steering left","Tracking","Stayed on roadway, but left original travel lane","SUV",0,0,1,1,1,1,0,4,2
60401,3,19,8,"Pedestrian","The First Harmful Event was Not a Collision with a Motor Vehicle in Transport",1,2016,"MERCEDES-BENZ","CLS-CLASS",50,"Functional Damage",0,0,1,"Full Driver License","Valid","No",65,"Dry","Negotiating a Curve","Pedestrian in road","No Avoidance Maneuver","Tracking","Stayed in original travel lane","4 DR",1,1,1,1,1,1,0,4,3
60403,5,17,12,"Motor Vehicle In-Transport","Front-to-Rear",1,2019,"KIA","OPTIMA",18,"Damage Reported, Extent Unknown",1,0,1,"Full Driver License","Valid","No",50,"Dry","Decelerating in Road","Traveling in same direction with higher speed","No Avoidance Maneuver","Tracking","Stayed in original travel lane","4 DR",1,1,1,1,1,1,0,6,3
60406,5,7,12,"Motor Vehicle In-Transport","Front-to-Front",1,2013,"MAZDA","MAZDA6",999,"Damage Reported, Extent Unknown",1,0,1,"Full Driver License","Valid","No",55,"Dry","Going Straight","Over the lane line on left side of travel lane","Unknown/Not Reported","Tracking","Stayed on roadway, but left original travel lane","4 DR",0,1,0,0,0,0,1,2,0
60411,4,22,12,"Motor Vehicle In-Transport","Sideswipe - Same Direction",1,2014,"HONDA","CR-V",60,"Functional Damage",0,0,1,"Full Driver License","Valid","No",55,"Dry","Going Straight","From adjacent lane (same direction) over left lane line","Unknown/Not Reported","Tracking","Stayed in original travel lane","SUV",0,0,0,0,0,0,1,1,0
60414,2,21,12,"Motor Vehicle In-Transport","Angle",1,2021,"TOYOTA","CAMRY",999,"Damage Reported, Extent Unknown",1,0,1,"Full Driver License","Valid","No",55,"Dry","Going Straight","Crossing Over (Passing Through) Junction","Unknown/Not Reported","Tracking","Stayed in original travel lane","4 DR",1,1,1,1,1,1,0,6,3
60417,5,17,12,"Motor Vehicle In-Transport","Angle",3,2011,"TOYOTA","RAV4",998,"Damage Reported, Extent Unknown",2,0,1,"Full Driver License","Valid","No",55,"Dry","Negotiating a Curve","From opposite direction  over left lane line","Unknown/Not Reported","Tracking","Stayed in original travel lane","SUV",0,1,0,0,0,0,1,2,0
60419,3,13,8,"Pedestrian","The First Harmful Event was Not a Collision with a Motor Vehicle in Transport",1,2017,"TOYOTA","TUNDRA",998,"No Damage",0,0,1,"Full Driver License","Valid","No",0,"Dry","Turning Left","Pedestrian in road","No Avoidance Maneuver","Tracking","Stayed in original travel lane","PU/RC",0,0,0,0,0,0,0,0,0
60432,4,9,12,"Motor Vehicle In-Transport","Front-to-Front",1,2019,"DODGE","CHALLENGER",57,"Disabling Damage",1,0,1,"Full Driver License","Valid","No",65,"Dry","Passing or Overtaking Another Vehicle","Over the lane line on left side of travel lane","Unknown/Not Reported","Tracking","Stayed on roadway, but left original travel lane","2 DR",1,0,1,0,0,0,0,0,2
60436,6,23,8,"Pedestrian","The First Harmful Event was Not a Collision with a Motor Vehicle in Transport",1,2019,"HONDA","CR-V",65,"Disabling Damage",0,0,1,"Full Driver License","Valid","No",65,"Dry","Going Straight","Pedestrian in road","Steering left","Tracking","Stayed in original travel lane","SUV",0,1,0,0,2,2,0,1,0
60443,3,20,12,"Motor Vehicle In-Transport","Front-to-Front",2,2012,"MAZDA","MAZDA3",43,"Disabling Damage",0,0,1,"Intermediate Driver License","Valid","No",45,"Dry","Going Straight","From opposite direction  over left lane line","Unknown/Not Reported","Tracking","Stayed in original travel lane","4 DR",0,1,0,0,0,0,1,2,0
60445,6,17,12,"Motor Vehicle In-Transport","Sideswipe - Same Direction",1,2021,"NISSAN","ROGUE SPORT",998,"Minor Damage",0,0,1,"Full Driver License","Valid","No",50,"Dry","Going Straight","From adjacent lane (same direction) over left lane line","Unknown/Not Reported","Precrash stability unknown","Stayed in original travel lane","SUV",1,0,1,1,1,1,0,5,3
60445,6,17,12,"Motor Vehicle In-Transport","Sideswipe - Same Direction",1,2016,"TOYOTA","CAMRY",998,"Disabling Damage",1,0,1,"Full Driver License","Valid","No",45,"Dry","Going Straight","From crossing street, across path","Unknown/Not Reported","Precrash stability unknown","Stayed in original travel lane","4 DR",1,1,1,1,2,2,0,1,3
60445,6,17,12,"Motor Vehicle In-Transport","Sideswipe - Same Direction",1,2020,"KIA","SPORTAGE",0,"Functional Damage",0,0,1,"Full Driver License","Valid","No",45,"Dry","Stopped in Roadway","From crossing street, across path","No Avoidance Maneuver","Tracking","Stayed in original travel lane","SUV",1,2,1,1,1,1,0,5,3
60445,6,17,12,"Motor Vehicle In-Transport","Sideswipe - Same Direction",1,2011,"HONDA","PILOT",0,"Minor Damage",0,0,1,"Full Driver License","Valid","No",45,"Dry","Stopped in Roadway","From adjacent lane (same direction) over left lane line","No Avoidance Maneuver","Tracking","Stayed in original travel lane","SUV",0,1,0,0,0,0,1,2,0
60451,3,20,8,"Pedestrian","The First Harmful Event was Not a Collision with a Motor Vehicle in Transport",2,2016,"KIA","CADENZA",63,"Functional Damage",0,0,1,"Full Driver License","Valid","No",65,"Dry","Changing Lanes","Pedestrian in road","Steering left","Tracking","Stayed on roadway, but left original travel lane","4 DR",0,1,0,1,0,0,0,1,1
60455,5,21,8,"Pedestrian","The First Harmful Event was Not a Collision with a Motor Vehicle in Transport",1,2013,"MERCEDES-BENZ","S-CLASS",998,"Damage Reported, Extent Unknown",0,0,1,"Full Driver License","Valid","No",45,"Dry","Going Straight","Pedestrian in road","Unknown/Not Reported","Precrash stability unknown","Stayed on roadway, but left original travel lane","4 DR",0,0,1,1,0,0,1,1,2
60461,6,12,12,"Motor Vehicle In-Transport","Angle",2,2015,"HONDA","CIVIC",63,"Disabling Damage",0,0,1,"Full Driver License","Valid","No",65,"Dry","Going Straight","Crossing Over (Passing Through) Junction","Braking","Tracking","Stayed in original travel lane","4 DR",0,1,0,0,0,0,0,1,0
60461,6,12,12,"Motor Vehicle In-Transport","Angle",2,2022,"HONDA","ACCORD",998,"Disabling Damage",1,0,1,"Full Driver License","Valid","No",55,"Dry","Going Straight","From crossing street, across path","Unknown/Not Reported","Tracking","Stayed in original travel lane","4 DR",1,1,1,1,1,1,0,6,3
60472,4,1,1,"Rollover/Overturn","The First Harmful Event was Not a Collision with a Motor Vehicle in Transport",3,2017,"BMW","X1",64,"Disabling Damage",1,0,1,"Full Driver License","Valid","No",70,"Dry","Going Straight","Off the edge of the road on the right side","Steering left","Precrash stability unknown","Returned to roadway","SUV",0,1,0,1,2,2,0,2,1
60485,6,12,12,"Motor Vehicle In-Transport","Angle",2,2017,"FORD","FOCUS",45,"Damage Reported, Extent Unknown",1,0,1,"Full Driver License","Valid","No",55,"Dry","Making a U-turn","Making a U-Turn","Unknown/Not Reported","Tracking","Stayed on roadway, but left original travel lane","4 DR",0,0,0,1,0,0,0,0,1
60490,3,13,12,"Motor Vehicle In-Transport","Front-to-Front",1,2018,"SUBARU","LEGACY",70,"Disabling Damage",0,0,1,"Full Driver License","Valid","No",65,"Dry","Passing or Overtaking Another Vehicle","Traveling in opposite direction","Steering left","Tracking","Stayed on roadway, but left original travel lane","4 DR",1,0,0,1,2,2,0,0,2
60490,3,13,12,"Motor Vehicle In-Transport","Front-to-Front",2,2012,"NISSAN","JUKE",999,"Disabling Damage",2,0,1,"Full Driver License","Valid","No",65,"Dry","Going Straight","Traveling in opposite direction","Steering right","Tracking","Stayed in original travel lane","SUV",0,0,0,0,0,0,1,1,0
60491,4,1,33,"Curb","The First Harmful Event was Not a Collision with a Motor Vehicle in Transport",1,2023,"LAND ROVER","DISCOVERY SPORT",75,"Functional Damage",0,0,1,"Full Driver License","Valid","No",65,"Dry","Going Straight","Other critical precrash event (specify:)","No Avoidance Maneuver","Tracking","Stayed in original travel lane","SUV",0,1,1,1,1,1,0,5,2
60493,6,22,8,"Pedestrian","The First Harmful Event was Not a Collision with a Motor Vehicle in Transport",2,2015,"TOYOTA","SIENNA",65,"Functional Damage",0,0,1,"Full Driver License","Valid","No",65,"Dry","Going Straight","Pedestrian in road","No Avoidance Maneuver","Tracking","Stayed in original travel lane","VAN",0,1,1,0,2,2,0,1,1
60495,3,9,12,"Motor Vehicle In-Transport","Front-to-Front",2,2019,"HONDA","ACCORD",38,"Functional Damage",0,0,1,"Full Driver License","Valid","No",55,"Dry","Negotiating a Curve","From opposite direction  over left lane line","Unknown/Not Reported","Tracking","Stayed in original travel lane","4 DR",0,1,1,1,1,1,0,6,2
60496,5,22,8,"Pedestrian","The First Harmful Event was Not a Collision with a Motor Vehicle in Transport",2,2019,"TOYOTA","PRIUS",48,"Damage Reported, Extent Unknown",0,0,1,"Full Driver License","Valid","No",50,"Dry","Going Straight","Pedestrian in road","No Avoidance Maneuver","Tracking","Stayed in original travel lane","5 HB",0,1,1,1,1,1,0,5,2
60498,5,12,12,"Motor Vehicle In-Transport","Front-to-Front",3,2016,"MAZDA","CX-5",998,"Damage Reported, Extent Unknown",2,0,1,"Full Driver License","Valid","No",55,"Dry","Going Straight","From opposite direction  over left lane line","Unknown/Not Reported","Tracking","Stayed in original travel lane","SUV",0,1,0,0,2,2,0,2,0
60499,5,11,12,"Motor Vehicle In-Transport","Angle",2,2017,"MITSUBISHI","MIRAGE",998,"Damage Reported, Extent Unknown",0,0,1,"Full Driver License","Valid","No",45,"Dry","Going Straight","Crossing Over (Passing Through) Junction","Unknown/Not Reported","Precrash stability unknown","Stayed on roadway, not known if left original travel lane","5 HB",0,1,0,0,0,0,0,1,0
60504,2,5,8,"Pedestrian","The First Harmful Event was Not a Collision with a Motor Vehicle in Transport",1,2022,"MERCEDES-BENZ","GLC-CLASS",70,"Disabling Damage",0,0,1,"Full Driver License","Valid","No",70,"Dry","Going Straight","Pedestrian in road","No Avoidance Maneuver","Tracking","Stayed in original travel lane","SUV",1,1,1,1,1,1,0,5,3
60505,5,20,8,"Pedestrian","The First Harmful Event was Not a Collision with a Motor Vehicle in Transport",1,2019,"NISSAN","KICKS",45,"Damage Reported, Extent Unknown",0,0,1,"Full Driver License","Valid","No",45,"Dry","Going Straight","Pedestrian in road","Steering left","Tracking","Stayed in original travel lane","SUV",0,1,1,0,1,1,0,4,1
60505,5,20,8,"Pedestrian","The First Harmful Event was Not a Collision with a Motor Vehicle in Transport",2,2019,"DODGE","GRAND CARAVAN",35,"Damage Reported, Extent Unknown",0,0,1,"Full Driver License","Valid","No",45,"Dry","Going Straight","Pedestrian in road","Braking","Tracking","Stayed in original travel lane","VAN",1,0,0,0,0,0,0,0,1
60513,5,18,1,"Rollover/Overturn","The First Harmful Event was Not a Collision with a Motor Vehicle in Transport",1,2017,"HONDA","RIDGELINE",999,"Disabling Damage",1,0,1,"Full Driver License","Valid","No",55,"Dry","Negotiating a Curve","Traveling Too Fast for Conditions or Road Configuration","Unknown/Not Reported","Tracking","Departed roadway","PU/CC",0,1,0,0,2,2,0,1,0
60519,4,20,8,"Pedestrian","The First Harmful Event was Not a Collision with a Motor Vehicle in Transport",1,2021,"HYUNDAI","SONATA",65,"Minor Damage",0,0,1,"Full Driver License","Valid","No",65,"Dry","Going Straight","Pedestrian in road","Unknown/Not Reported","Tracking","Stayed in original travel lane","4 DR",0,0,1,1,1,1,0,4,2
60519,4,20,8,"Pedestrian","The First Harmful Event was Not a Collision with a Motor Vehicle in Transport",2,2016,"HYUNDAI","ACCENT",60,"Minor Damage",0,0,1,"Full Driver License","Valid","No",65,"Dry","Going Straight","Pedestrian in road","Unknown/Not Reported","Tracking","Stayed in original travel lane","4 DR",0,1,0,0,0,0,0,1,0
60521,3,0,8,"Pedestrian","The First Harmful Event was Not a Collision with a Motor Vehicle in Transport",1,2020,"DODGE","CHALLENGER",68,"Functional Damage",0,0,1,"Full Driver License","Valid","No",65,"Dry","Passing or Overtaking Another Vehicle","Pedestrian in road","Unknown/Not Reported","Tracking","Stayed in original travel lane","2 DR",0,0,0,0,0,0,0,0,0
60524,4,15,12,"Motor Vehicle In-Transport","Angle",1,2014,"NISSAN","VERSA",7,"Disabling Damage",1,0,1,"Full Driver License","Valid","No",65,"Dry","Turning Left","Turning Left","Unknown/Not Reported","Tracking","Stayed in original travel lane","4 DR",0,0,0,0,0,0,1,1,0
60530,4,6,12,"Motor Vehicle In-Transport","Angle",1,2016,"HONDA","CR-V",30,"Damage Reported, Extent Unknown",0,0,1,"Full Driver License","Valid","No",40,"Dry","Turning Left","Turning Left","Unknown/Not Reported","Tracking","Stayed in original travel lane","SUV",0,1,1,1,2,2,0,1,2
60541,4,3,12,"Motor Vehicle In-Transport","Front-to-Front",1,2011,"BMW","535I",998,"Damage Reported, Extent Unknown",0,0,1,"Full Driver License","Valid","No",55,"Dry","Going Straight","Traveling in opposite direction","Steering right","Tracking","Stayed in original travel lane","4 DR",0,1,0,0,0,0,1,3,0
60548,6,22,12,"Motor Vehicle In-Transport","Angle",1,2017,"BUICK","LACROSSE",998,"Damage Reported, Extent Unknown",0,0,1,"Full Driver License","Valid","No",45,"Dry","Turning Left","From crossing street, across path","Unknown/Not Reported","Tracking","Stayed in original travel lane","4 DR",1,1,1,1,2,2,0,2,3
60553,5,20,12,"Motor Vehicle In-Transport","Not Reported",2,2017,"SUBARU","BRZ",998,"Damage Reported, Extent Unknown",1,0,1,"Full Driver License","Valid","No",55,"Dry","Negotiating a Curve","Over the lane line on left side of travel lane","Unknown/Not Reported","Tracking","Stayed on roadway, but left original travel lane","2 DR",0,1,0,0,0,0,0,1,0
60558,4,6,12,"Motor Vehicle In-Transport","Front-to-Rear",5,2013,"TOYOTA","TACOMA",0,"Disabling Damage",1,0,1,"Full Driver License","Valid","No",70,"Dry","Stopped in Roadway","Traveling in same direction with higher speed","No Avoidance Maneuver","Tracking","Stayed in original travel lane","PU/CC",0,0,0,0,0,0,1,1,0
60561,4,5,8,"Pedestrian","The First Harmful Event was Not a Collision with a Motor Vehicle in Transport",1,2013,"HONDA","CIVIC",45,"Damage Reported, Extent Unknown",0,0,1,"Full Driver License","Valid","No",55,"Dry","Going Straight","Pedestrian in road","Braking","Tracking","Stayed in original travel lane","4 DR",0,0,0,0,0,0,1,1,0
60566,5,23,8,"Pedestrian","The First Harmful Event was Not a Collision with a Motor Vehicle in Transport",1,2012,"NISSAN","VERSA",70,"Disabling Damage",0,0,1,"Full Driver License","Valid","No",65,"Dry","Negotiating a Curve","Pedestrian in road","Unknown/Not Reported","Tracking","Stayed in original travel lane","4 DR",0,0,0,0,0,0,1,1,0
60569,6,21,12,"Motor Vehicle In-Transport","Front-to-Front",3,2017,"NISSAN","SENTRA",55,"Damage Reported, Extent Unknown",0,0,1,"Full Driver License","Valid","No",55,"Dry","Going Straight","From opposite direction  over left lane line","Steering left","Tracking","Stayed on roadway, but left original travel lane","4 DR",0,0,1,0,2,2,0,0,1
60580,6,23,12,"Motor Vehicle In-Transport","Angle",1,2017,"SUBARU","BRZ",999,"Damage Reported, Extent Unknown",0,0,1,"Full Driver License","Valid","No",55,"Dry","Going Straight","From crossing street, across path","Steering left","Tracking","Stayed on roadway, but left original travel lane","2 DR",0,1,0,0,0,0,0,1,0
60582,2,10,25,"Concrete Traffic Barrier","The First Harmful Event was Not a Collision with a Motor Vehicle in Transport",1,2015,"BUICK","VERANO",84,"Disabling Damage",0,0,1,"Full Driver License","Valid","No",65,"Dry","Negotiating a Curve","Over the lane line on left side of travel lane","Unknown/Not Reported","Tracking","Departed roadway","4 DR",1,1,0,1,0,0,0,2,2
60588,5,13,12,"Motor Vehicle In-Transport","Angle",3,2020,"TOYOTA","TACOMA",15,"Functional Damage",0,0,1,"Full Driver License","Valid","No",55,"Dry","Turning Left","Turning Left","No Avoidance Maneuver","Tracking","Stayed in original travel lane","PU/EC",0,2,1,1,1,1,0,5,2
60589,2,16,12,"Motor Vehicle In-Transport","Angle",3,2016,"TOYOTA","TACOMA",999,"Disabling Damage",3,0,1,"Full Driver License","Valid","No",65,"Dry","Going Straight","From opposite direction  over left lane line","Unknown/Not Reported","Tracking","Stayed in original travel lane","PU/EC",0,0,0,0,0,0,0,0,0
60589,2,16,12,"Motor Vehicle In-Transport","Angle",5,2019,"TOYOTA","HIGHLANDER",68,"Functional Damage",0,0,1,"Full Driver License","Valid","No",65,"Dry","Going Straight","Other critical precrash event (specify:)","Unknown/Not Reported","Tracking","Stayed in original travel lane","SUV",1,1,1,1,1,1,0,5,3
60590,4,16,33,"Curb","The First Harmful Event was Not a Collision with a Motor Vehicle in Transport",1,2017,"HYUNDAI","SONATA",50,"Damage Reported, Extent Unknown",0,0,1,"Full Driver License","Valid","No",55,"Dry","Going Straight","Off the edge of the road on the left side","Unknown/Not Reported","Tracking","Departed roadway","4 DR",0,1,1,0,2,2,0,2,1
60595,1,22,12,"Motor Vehicle In-Transport","Front-to-Rear",2,2016,"TOYOTA","SCION IA",85,"Disabling Damage",0,0,1,"Full Driver License","Valid","No",65,"Dry","Going Straight","From adjacent lane (same direction) over right lane line","Braking","Tracking","Stayed in original travel lane","4 DR",0,1,0,0,0,0,0,2,0
60597,3,5,42,"Tree (Standing Only)","The First Harmful Event was Not a Collision with a Motor Vehicle in Transport",1,2017,"NISSAN","PATHFINDER",35,"Disabling Damage",1,0,1,"Full Driver License","Valid","No",35,"Dry","Going Straight","Off the edge of the road on the right side","Unknown/Not Reported","Tracking","Departed roadway","SUV",1,0,1,0,2,2,0,0,2
60599,4,99,42,"Tree (Standing Only)","The First Harmful Event was Not a Collision with a Motor Vehicle in Transport",1,2016,"TOYOTA","TACOMA",999,"Disabling Damage",1,0,1,"Full Driver License","Valid","No",55,"Dry","Negotiating a Curve","Off the edge of the road on the left side","Unknown/Not Reported","Skidding longitudinally  rotation less than 30 degrees","Departed roadway","PU/EC",0,0,0,0,0,0,0,0,0
60606,6,15,12,"Motor Vehicle In-Transport","Front-to-Front",1,2013,"TOYOTA","COROLLA",998,"Disabling Damage",1,0,1,"Full Driver License","Valid","No",40,"Dry","Turning Left","Turning Left","Unknown/Not Reported","Tracking","Stayed in original travel lane","4 DR",0,0,0,0,0,0,1,1,0
60607,6,3,12,"Motor Vehicle In-Transport","Front-to-Front",2,2015,"HONDA","CIVIC",999,"Damage Reported, Extent Unknown",0,0,1,"Full Driver License","Valid","No",65,"Dry","Going Straight","Traveling in opposite direction","Unknown/Not Reported","Tracking","Stayed in original travel lane","4 DR",0,1,0,0,0,0,0,1,0
60608,6,18,8,"Pedestrian","The First Harmful Event was Not a Collision with a Motor Vehicle in Transport",1,2015,"NISSAN","SENTRA",998,"Disabling Damage",0,0,1,"Full Driver License","Valid","No",65,"Dry","Going Straight","Pedestrian in road","Braking","Tracking","Stayed in original travel lane","4 DR",0,1,0,0,0,0,0,1,0
60609,7,13,5,"Fell/Jumped from Vehicle","The First Harmful Event was Not a Collision with a Motor Vehicle in Transport",1,2016,"NISSAN","MURANO",998,"Damage Reported, Extent Unknown",0,0,1,"Full Driver License","Valid","No",55,"Dry","Decelerating in Road","Traveling in same direction with higher speed","No Avoidance Maneuver","Tracking","Stayed in original travel lane","SUV",0,0,1,0,2,2,0,0,1
60611,5,18,12,"Motor Vehicle In-Transport","Angle",2,2014,"DODGE","CHARGER",50,"Damage Reported, Extent Unknown",0,0,1,"Full Driver License","Valid","No",55,"Dry","Negotiating a Curve","From opposite direction  over left lane line","Unknown/Not Reported","Tracking","Stayed in original travel lane","4 DR",0,1,1,0,0,0,1,2,1
60620,3,18,12,"Motor Vehicle In-Transport","Angle",3,2020,"TOYOTA","COROLLA",55,"Disabling Damage",1,0,1,"Full Driver License","Valid","No",55,"Dry","Going Straight","From crossing street, across path","No Avoidance Maneuver","Tracking","Stayed in original travel lane","5 HB",0,1,1,1,1,1,0,6,2
60621,6,4,12,"Motor Vehicle In-Transport","Angle",2,2015,"TOYOTA","PRIUS",8,"Disabling Damage",0,0,1,"Full Driver License","Valid","No",45,"Dry","Going Straight","From crossing street, across path","No Avoidance Maneuver","Tracking","Stayed in original travel lane","5 HB",0,1,0,1,2,2,0,1,1
60626,4,23,12,"Motor Vehicle In-Transport","Angle",2,2012,"CHEVROLET","MALIBU",38,"Damage Reported, Extent Unknown",1,0,1,"Full Driver License","Valid","No",35,"Dry","Going Straight","From crossing street, across path","No Avoidance Maneuver","Tracking","Stayed in original travel lane","4 DR",0,0,0,0,0,0,1,2,0
60627,5,14,12,"Motor Vehicle In-Transport","Angle",2,2022,"KIA","SPORTAGE",998,"Disabling Damage",1,0,1,"Full Driver License","Valid","No",35,"Dry","Going Straight","From opposite direction  over left lane line","Unknown/Not Reported","Precrash stability unknown","Unknown","SUV",0,2,1,1,1,1,0,4,2
60629,5,18,12,"Motor Vehicle In-Transport","Front-to-Front",1,2016,"JEEP","CHEROKEE",998,"Damage Reported, Extent Unknown",1,0,1,"Full Driver License","Valid","No",55,"Dry","Turning Left","Turning Left","Unknown/Not Reported","Tracking","Stayed in original travel lane","SUV",0,1,1,0,2,2,0,1,1
60630,5,1,12,"Motor Vehicle In-Transport","Front-to-Front",4,2021,"GENESIS","GV80",49,"Damage Reported, Extent Unknown",0,0,1,"Full Driver License","Valid","No",55,"Dry","Going Straight","From opposite direction  over left lane line","No Avoidance Maneuver","Tracking","Stayed in original travel lane","SUV",1,0,1,1,1,1,0,6,3
60631,5,2,12,"Motor Vehicle In-Transport","Front-to-Front",2,2014,"TOYOTA","PRIUS V",999,"Disabling Damage",1,0,1,"Full Driver License","Valid","No",55,"Dry","Going Straight","Traveling in opposite direction","Unknown/Not Reported","Tracking","Stayed in original travel lane","SW",0,0,0,0,2,2,1,1,0
60634,6,2,8,"Pedestrian","The First Harmful Event was Not a Collision with a Motor Vehicle in Transport",1,2013,"TOYOTA","TACOMA",50,"Disabling Damage",0,0,1,"Full Driver License","Valid","No",50,"Dry","Going Straight","Pedestrian in road","Braking","Tracking","Stayed in original travel lane","PU/CC",0,0,0,0,0,0,1,1,0