"SERIAL_CRASH","MONTH","HOUR","HARM_EV","HARM_EVNAME","TYPE_OF_COLLIOSION","NUM_OF_PEOPLE","MOD_YEAR","VPICMAKENAME","VPICMODELNAME","TRAV_SP","DEFORMEDNAME","DEATHS","DR_DRINK","IS_DRIVER_PRESENT","L_TYPENAME","L_STATUSNAME","SPEEDRELNAME","VSPD_LIM","VSURCONDNAME","P_CRASH1NAME","P_CRASH2NAME","P_CRASH3NAME","PCRASH4NAME","PCRASH5NAME","BODY_STYLE","BLIND_SPOT_DETECTION","ARS","FRNT_COLLISION_WARNING","LANE_DEPARTURE_WARNING","CRASH_IMMINENT_BRAKE","DYNAMIC_BRAKE_SUPPORT","NHTSA_ESC","SAFETY_COUNT","notification_count"
60636,6,23,8,"Pedestrian","The First Harmful Event was Not a Collision with a Motor Vehicle in Transport",1,2011,"TOYOTA","YARIS",58,"Functional Damage",0,0,1,"Full Driver License","Valid","No",55,"Dry","Going Straight","Pedestrian in road","Braking","Tracking","Stayed in original travel lane","5 HB",0,0,0,0,0,0,1,1,0
60636,6,23,8,"Pedestrian","The First Harmful Event was Not a Collision with a Motor Vehicle in Transport",1,2017,"TOYOTA","COROLLA",68,"Minor Damage",0,0,1,"Full Driver License","Valid","No",55,"Dry","Going Straight","Pedestrian in road","Steering right","Tracking","Stayed in original travel lane","4 DR",0,1,1,1,2,2,0,2,2
60642,5,15,1,"Rollover/Overturn","The First Harmful Event was Not a Collision with a Motor Vehicle in Transport",1,2020,"JEEP","RENEGADE",55,"Functional Damage",0,0,1,"Full Driver License","Valid","No",55,"Dry","Negotiating a Curve","From opposite direction  over left lane line","Braking and steering right","Skidding longitudinally  rotation less than 30 degrees","Stayed in original travel lane","SUV",1,0,1,0,2,2,0,0,2
60644,5,21,8,"Pedestrian","The First Harmful Event was Not a Collision with a Motor Vehicle in Transport",1,2011,"TOYOTA","CAMRY",50,"Damage Reported, Extent Unknown",0,0,1,"Full Driver License","Valid","No",45,"Dry","Going Straight","Pedestrian in road","No Avoidance Maneuver","Tracking","Stayed in original travel lane","4 DR",0,1,0,0,0,0,1,2,0
60648,6,5,1,"Rollover/Overturn","The First Harmful Event was Not a Collision with a Motor Vehicle in Transport",2,2013,"NISSAN","SENTRA",999,"Disabling Damage",1,0,1,"Full Driver License","Valid","No",55,"Dry","Negotiating a Curve","Over the lane line on left side of travel lane","Steering right","Skidding laterally clockwise rotation","Departed roadway","4 DR",0,1,0,0,0,0,1,2,0
60656,5,22,8,"Pedestrian","The First Harmful Event was Not a Collision with a Motor Vehicle in Transport",1,2016,"TOYOTA","AVALON",998,"Damage Reported, Extent Unknown",0,0,1,"Full Driver License","Valid","No",65,"Dry","Going Straight","Pedestrian in road","No Avoidance Maneuver","Tracking","Stayed in original travel lane","4 DR",1,1,0,0,2,2,0,1,1
60664,5,1,8,"Pedestrian","The First Harmful Event was Not a Collision with a Motor Vehicle in Transport",1,2016,"SUBARU","OUTBACK",999,"Damage Reported, Extent Unknown",0,0,1,"Full Driver License","Valid","No",65,"Dry","Going Straight","Pedestrian in road","No Avoidance Maneuver","Tracking","Stayed in original travel lane","SUV",0,0,0,1,2,2,0,0,1
60672,5,15,35,"Embankment","The First Harmful Event was Not a Collision with a Motor Vehicle in Transport",1,2017,"SUBARU","OUTBACK",999,"Disabling Damage",1,0,1,"Full Driver License","Valid","No",55,"Dry","Going Straight","Off the edge of the road on the left side","Unknown/Not Reported","Tracking","Departed roadway","SW",0,0,1,0,2,2,0,0,1
60673,4,19,8,"Pedestrian","The First Harmful Event was Not a Collision with a Motor Vehicle in Transport",1,2016,"AUDI","A3",35,"Damage Reported, Extent Unknown",0,0,1,"Full Driver License","Valid","No",40,"Dry","Going Straight","Pedestrian in road","Steering left","Tracking","Stayed in original travel lane","4 DR",0,1,0,1,2,2,0,1,1
60673,4,19,8,"Pedestrian","The First Harmful Event was Not a Collision with a Motor Vehicle in Transport",1,2015,"NISSAN","SENTRA",998,"Damage Reported, Extent Unknown",0,0,1,"Full Driver License","Valid","No",40,"Dry","Going Straight","Pedestrian in road","Unknown/Not Reported","Tracking","Stayed in original travel lane","4 DR",0,1,0,0,0,0,0,1,0
60674,5,10,12,"Motor Vehicle In-Transport","Angle",2,2019,"HYUNDAI","ELANTRA",998,"Damage Reported, Extent Unknown",0,0,1,"Full Driver License","Valid","No",35,"Dry","Going Straight","Encroachment by other vehicle - details unknown","Unknown/Not Reported","Precrash stability unknown","Unknown","4 DR",0,2,1,0,2,2,0,0,1
60682,1,14,8,"Pedestrian","The First Harmful Event was Not a Collision with a Motor Vehicle in Transport",1,2017,"CHEVROLET","CAMARO",998,"Disabling Damage",0,0,1,"Full Driver License","Valid","No",30,"Dry","Going Straight","Pedestrian in road","Unknown/Not Reported","Tracking","Stayed in original travel lane","2 DR",0,1,0,0,0,0,0,2,0
60683,3,20,12,"Motor Vehicle In-Transport","Front-to-Rear",1,2023,"TOYOTA","COROLLA",30,"Damage Reported, Extent Unknown",0,0,1,"Full Driver License","Valid","No",55,"Dry","Accelerating in Road","Traveling in same direction with higher speed","Unknown/Not Reported","Tracking","Stayed in original travel lane","4 DR",0,1,1,1,1,1,0,5,2
60688,7,21,8,"Pedestrian","The First Harmful Event was Not a Collision with a Motor Vehicle in Transport",4,2016,"NISSAN","SENTRA",64,"Damage Reported, Extent Unknown",0,0,1,"Full Driver License","Valid","No",55,"Dry","Going Straight","Pedestrian in road","No Avoidance Maneuver","Tracking","Stayed in original travel lane","4 DR",1,0,0,0,2,2,0,0,1
60692,5,18,54,"Motor Vehicle In-Transport Strikes or is Struck by Cargo, Persons or Objects Set-in-Motion from/by Another Motor Vehicle In Transport","Other",1,2014,"BUICK","LACROSSE",998,"Damage Reported, Extent Unknown",0,0,1,"Full Driver License","Valid","No",25,"Dry","Turning Left","Turning Left","Unknown/Not Reported","Tracking","Stayed in original travel lane","4 DR",0,1,1,1,2,0,1,3,2
60697,4,15,12,"Motor Vehicle In-Transport","Angle",8,2020,"HYUNDAI","PALISADE",998,"Damage Reported, Extent Unknown",1,0,1,"Full Driver License","Valid","No",45,"Dry","Turning Left","Turning Left","No Avoidance Maneuver","Tracking","Stayed in original travel lane","SUV",0,1,1,1,1,1,0,5,2
60699,5,12,12,"Motor Vehicle In-Transport","Front-to-Front",1,2018,"TOYOTA","HIGHLANDER",999,"Disabling Damage",1,0,1,"Full Driver License","Valid","No",55,"Dry","Negotiating a Curve","From opposite direction  over left lane line","Steering right","Tracking","Departed roadway","SUV",0,1,1,1,1,1,0,5,2
60701,7,18,9,"Pedalcyclist","The First Harmful Event was Not a Collision with a Motor Vehicle in Transport",1,2023,"KIA","SORENTO",998,"Damage Reported, Extent Unknown",0,0,1,"Full Driver License","Valid","No",40,"Dry","Going Straight","Pedalcyclist or other non-motorist in road","No Avoidance Maneuver","Tracking","Stayed in original travel lane","SUV",1,0,1,1,1,1,0,5,3
60705,5,16,12,"Motor Vehicle In-Transport","Front-to-Front",2,2015,"TOYOTA","CAMRY",998,"Damage Reported, Extent Unknown",2,0,1,"Full Driver License","Valid","No",70,"Dry","Going Straight","From opposite direction  over left lane line","Unknown/Not Reported","Tracking","Stayed in original travel lane","4 DR",0,1,0,0,2,2,0,1,0
60708,7,15,12,"Motor Vehicle In-Transport","Angle",1,2013,"TOYOTA","COROLLA",998,"Damage Reported, Extent Unknown",1,0,1,"Full Driver License","Valid","No",40,"Dry","Going Straight","Crossing Over (Passing Through) Junction","Steering right","Skidding longitudinally  rotation less than 30 degrees","Stayed in original travel lane","4 DR",0,0,0,0,0,0,1,1,0
60708,7,15,12,"Motor Vehicle In-Transport","Angle",3,2022,"MERCEDES-BENZ","GLC-CLASS",998,"Damage Reported, Extent Unknown",0,0,1,"Full Driver License","Valid","No",45,"Dry","Going Straight","From crossing street, across path","Unknown/Not Reported","Tracking","Stayed in original travel lane","SUV",0,1,1,0,1,1,0,5,1
60714,4,10,8,"Pedestrian","The First Harmful Event was Not a Collision with a Motor Vehicle in Transport",1,2015,"CHRYSLER","200",40,"Damage Reported, Extent Unknown",0,0,1,"Full Driver License","Valid","No",40,"Dry","Going Straight","Pedestrian in road","Unknown/Not Reported","Precrash stability unknown","Stayed on roadway, not known if left original travel lane","4 DR",0,0,0,0,0,0,0,0,0
60717,7,6,8,"Pedestrian","The First Harmful Event was Not a Collision with a Motor Vehicle in Transport",1,2017,"RAM","1500",999,"Damage Reported, Extent Unknown",0,0,1,"Full Driver License","Valid","No",45,"Dry","Going Straight","Pedestrian in road","Unknown/Not Reported","Tracking","Stayed in original travel lane","PU/EC",0,0,0,0,0,0,0,0,0
60722,5,2,8,"Pedestrian","The First Harmful Event was Not a Collision with a Motor Vehicle in Transport",1,2022,"TOYOTA","TACOMA",998,"Disabling Damage",0,0,1,"Full Driver License","Valid","No",65,"Dry","Going Straight","Pedestrian in road","Unknown/Not Reported","Tracking","Stayed in original travel lane","PU/CC",1,2,1,1,1,1,0,5,3
60728,6,20,33,"Curb","The First Harmful Event was Not a Collision with a Motor Vehicle in Transport",1,2012,"TOYOTA","COROLLA",72,"Disabling Damage",1,0,1,"Full Driver License","Valid","No",65,"Dry","Going Straight","Off the edge of the road on the left side","Unknown/Not Reported","Skidding longitudinally  rotation less than 30 degrees","Departed roadway","4 DR",0,0,0,0,0,0,1,1,0
60730,6,3,45,"Working Motor Vehicle","The First Harmful Event was Not a Collision with a Motor Vehicle in Transport",1,2016,"MERCEDES-BENZ","E-CLASS",60,"Damage Reported, Extent Unknown",1,0,1,"Full Driver License","Valid","No",55,"Dry","Going Straight","Off the edge of the road on the left side","Unknown/Not Reported","Tracking","Departed roadway","2 DR",0,1,1,1,1,1,0,4,2
60734,3,10,12,"Motor Vehicle In-Transport","Front-to-Front",2,2012,"VOLKSWAGEN","CC",60,"Disabling Damage",0,0,1,"Full Driver License","Valid","No",60,"Dry","Negotiating a Curve","From crossing street, turning into opposite direction","Braking and steering left","Skidding longitudinally  rotation less than 30 degrees","Stayed in original travel lane","4 DR",0,1,0,0,0,0,1,2,0
60740,5,19,12,"Motor Vehicle In-Transport","Front-to-Front",6,2021,"FORD","EXPLORER",55,"Damage Reported, Extent Unknown",0,0,1,"Full Driver License","Valid","No",55,"Dry","Turning Left","Turning Left","Unknown/Not Reported","Tracking","Stayed in original travel lane","SUV",1,0,1,1,1,1,0,6,3
60744,7,17,12,"Motor Vehicle In-Transport","Angle",3,2021,"JEEP","WRANGLER",998,"Damage Reported, Extent Unknown",1,0,1,"Intermediate Driver License","Valid","No",55,"Dry","Going Straight","Crossing Over (Passing Through) Junction","Unknown/Not Reported","Tracking","Stayed in original travel lane","SUV",1,0,0,0,2,2,0,0,1
60749,1,4,12,"Motor Vehicle In-Transport","Front-to-Front",1,2018,"FORD","FUSION",68,"Disabling Damage",1,0,1,"Full Driver License","Valid","No",45,"Dry","Going Straight","Traveling in opposite direction","Unknown/Not Reported","Tracking","Stayed in original travel lane","4 DR",0,1,1,1,2,2,0,2,2
60753,5,19,12,"Motor Vehicle In-Transport","Angle",1,2023,"TESLA","MODEL 3",38,"Disabling Damage",0,0,1,"Full Driver License","Valid","No",45,"Dry","Negotiating a Curve","From opposite direction  over left lane line","Unknown/Not Reported","Tracking","Stayed in original travel lane","4 DR",1,1,1,1,1,1,0,6,3
60754,5,4,12,"Motor Vehicle In-Transport","Sideswipe - Same Direction",1,2016,"FORD","FUSION",60,"Damage Reported, Extent Unknown",0,0,1,"Full Driver License","Valid","No",40,"Dry","Going Straight","From adjacent lane (same direction) over right lane line","Unknown/Not Reported","Tracking","Stayed in original travel lane","4 DR",0,1,1,0,0,0,0,1,1
60761,7,21,42,"Tree (Standing Only)","The First Harmful Event was Not a Collision with a Motor Vehicle in Transport",1,2011,"TOYOTA","TUNDRA",35,"Disabling Damage",1,0,1,"Full Driver License","Valid","No",45,"Dry","Going Straight","Off the edge of the road on the right side","Unknown/Not Reported","Tracking","Departed roadway","PU/RC",0,0,0,0,0,0,1,1,0
60772,6,14,12,"Motor Vehicle In-Transport","Front-to-Front",2,2015,"BMW","428I",999,"Damage Reported, Extent Unknown",1,0,1,"Full Driver License","Valid","No",65,"Dry","Going Straight","From opposite direction  over left lane line","Unknown/Not Reported","Tracking","Stayed on roadway, but left original travel lane","4 DR",0,1,1,0,2,2,0,2,1
60777,6,20,24,"Guardrail Face","The First Harmful Event was Not a Collision with a Motor Vehicle in Transport",3,2023,"GMC","TERRAIN",60,"Damage Reported, Extent Unknown",0,0,1,"Full Driver License","Valid","No",65,"Dry","Going Straight","Other critical precrash event (specify:)","Braking","Tracking","Stayed in original travel lane","SUV",1,0,1,1,1,1,0,4,3
60784,5,12,12,"Motor Vehicle In-Transport","Angle",2,2017,"TOYOTA","CAMRY",998,"Damage Reported, Extent Unknown",1,0,1,"Full Driver License","Valid","No",35,"Dry","Going Straight","From crossing street, across path","No Avoidance Maneuver","Tracking","Stayed in original travel lane","4 DR",0,1,1,1,2,2,0,1,2
60792,5,2,12,"Motor Vehicle In-Transport","Front-to-Rear",2,2017,"JEEP","COMPASS",999,"Disabling Damage",1,0,1,"Full Driver License","Valid","No",65,"Dry","Going Straight","Traveling in same direction with higher speed","Unknown/Not Reported","Tracking","Stayed in original travel lane","SUV",0,0,0,0,0,0,0,0,0
60795,6,7,12,"Motor Vehicle In-Transport","Front-to-Front",1,2019,"HONDA","ACCORD",999,"Damage Reported, Extent Unknown",1,0,1,"Full Driver License","Valid","No",55,"Dry","Going Straight","Over the lane line on left side of travel lane","Unknown/Not Reported","Tracking","Stayed on roadway, but left original travel lane","4 DR",0,1,1,1,1,1,0,6,2
60797,7,15,12,"Motor Vehicle In-Transport","Front-to-Front",1,2020,"FORD","ESCAPE",58,"Damage Reported, Extent Unknown",0,0,1,"Full Driver License","Valid","No",55,"Dry","Negotiating a Curve","Over the lane line on left side of travel lane","Unknown/Not Reported","Tracking","Stayed on roadway, but left original travel lane","SUV",1,0,1,1,1,1,0,6,3
60799,3,8,12,"Motor Vehicle In-Transport","Front-to-Rear",1,2018,"NISSAN","ROGUE",999,"Minor Damage",0,0,1,"Full Driver License","Valid","No",60,"Dry","Going Straight","From adjacent lane (same direction) over left lane line","Unknown/Not Reported","Precrash stability unknown","Stayed in original travel lane","SUV",1,1,1,0,2,2,0,3,2
60803,7,18,12,"Motor Vehicle In-Transport","Sideswipe - Same Direction",3,2020,"TOYOTA","TACOMA",48,"Functional Damage",0,0,1,"Full Driver License","Valid","No",55,"Dry","Negotiating a Curve","Traveling in same direction with higher speed","No Avoidance Maneuver","Tracking","Stayed in original travel lane","PU/EC",0,2,1,1,1,1,0,5,2
60806,7,8,35,"Embankment","The First Harmful Event was Not a Collision with a Motor Vehicle in Transport",1,2023,"TESLA","MODEL 3",999,"Disabling Damage",1,0,1,"Full Driver License","Valid","No",65,"Dry","Going Straight","Off the edge of the road on the right side","Unknown/Not Reported","Tracking","Departed roadway","4 DR",1,1,1,1,1,1,0,6,3
60812,7,15,12,"Motor Vehicle In-Transport","Front-to-Rear",2,2013,"TOYOTA","TUNDRA",5,"Disabling Damage",0,0,1,"Full Driver License","Valid","No",65,"Dry","Decelerating in Road","Traveling in same direction with higher speed","No Avoidance Maneuver","Tracking","Stayed in original travel lane","PU/CC",0,1,0,0,0,0,1,2,0
60814,8,17,1,"Rollover/Overturn","The First Harmful Event was Not a Collision with a Motor Vehicle in Transport",1,2014,"HONDA","ACCORD",999,"Disabling Damage",1,0,1,"Full Driver License","Valid","No",55,"Dry","Going Straight","Off the edge of the road on the right side","Steering right","Skidding longitudinally  rotation less than 30 degrees","Departed roadway","2 DR",0,0,1,1,0,0,1,1,2
60815,2,1,8,"Pedestrian","The First Harmful Event was Not a Collision with a Motor Vehicle in Transport",99,2023,"GENESIS","GV60",999,"Damage Reported, Extent Unknown",0,0,1,"Full Driver License","Valid","No",40,"Dry","Going Straight","Pedestrian in road","No Avoidance Maneuver","Precrash stability unknown","Stayed in original travel lane","SUV",1,1,1,1,1,1,0,6,3
60817,6,18,54,"Motor Vehicle In-Transport Strikes or is Struck by Cargo, Persons or Objects Set-in-Motion from/by Another Motor Vehicle In Transport","Other",2,2016,"TOYOTA","PRIUS",75,"Damage Reported, Extent Unknown",0,0,1,"Full Driver License","Valid","No",65,"Dry","Negotiating a Curve","Other critical precrash event (specify:)","Unknown/Not Reported","Tracking","Stayed in original travel lane","5 HB",1,1,1,0,2,2,0,1,2
60822,7,15,12,"Motor Vehicle In-Transport","Angle",1,2014,"KIA","SOUL",998,"Disabling Damage",0,0,1,"Full Driver License","Valid","No",45,"Dry","Going Straight","From driveway, across path","Unknown/Not Reported","Tracking","Stayed in original travel lane","SUV",0,0,0,0,0,0,1,1,0
60828,4,23,8,"Pedestrian","The First Harmful Event was Not a Collision with a Motor Vehicle in Transport",2,2017,"CHRYSLER","300",70,"Disabling Damage",0,0,1,"Full Driver License","Valid","No",65,"Dry","Going Straight","Pedestrian in road","No Avoidance Maneuver","Tracking","Stayed in original travel lane","4 DR",0,0,0,1,2,2,0,0,1
60830,7,12,12,"Motor Vehicle In-Transport","Angle",1,2011,"HYUNDAI","SONATA",998,"Disabling Damage",1,0,1,"Full Driver License","Valid","No",55,"Dry","Turning Left","Crossing Over (Passing Through) Junction","Unknown/Not Reported","Tracking","Stayed in original travel lane","4 DR",0,2,0,0,0,0,1,1,0
60832,8,11,12,"Motor Vehicle In-Transport","Angle",2,2017,"GMC","ACADIA",998,"Disabling Damage",0,0,1,"Full Driver License","Valid","No",45,"Dry","Turning Left","Turning Left","Unknown/Not Reported","Tracking","Stayed in original travel lane","SUV",1,1,0,1,2,2,0,2,2
60834,2,0,12,"Motor Vehicle In-Transport","Angle",1,2014,"TOYOTA","CAMRY",65,"Damage Reported, Extent Unknown",0,0,1,"Full Driver License","Valid","No",65,"Dry","Going Straight","From opposite direction  over right lane line","No Avoidance Maneuver","Tracking","Stayed in original travel lane","4 DR",0,0,0,0,0,0,1,1,0
60839,8,15,12,"Motor Vehicle In-Transport","Angle",2,2012,"HONDA","CR-V",40,"Disabling Damage",2,0,1,"Full Driver License","Valid","No",55,"Dry","Going Straight","From crossing street, turning into opposite direction","No Avoidance Maneuver","Tracking","Stayed in original travel lane","SUV",0,0,0,0,0,0,1,1,0
60845,8,1,8,"Pedestrian","The First Harmful Event was Not a Collision with a Motor Vehicle in Transport",1,2020,"FORD","FUSION",50,"Disabling Damage",0,0,1,"Full Driver License","Valid","No",50,"Dry","Going Straight","Pedestrian in road","Steering right","Tracking","Stayed in original travel lane","4 DR",1,1,1,1,1,1,0,7,3
60849,7,4,8,"Pedestrian","The First Harmful Event was Not a Collision with a Motor Vehicle in Transport",1,2014,"TOYOTA","AVALON",70,"Disabling Damage",0,0,1,"Full Driver License","Valid","No",55,"Dry","Going Straight","Pedestrian in road","Braking","Tracking","Stayed in original travel lane","4 DR",0,0,0,0,2,2,1,1,0
60851,3,14,12,"Motor Vehicle In-Transport","Front-to-Rear",1,2022,"CHEVROLET","EQUINOX",1,"Disabling Damage",0,0,1,"Full Driver License","Valid","No",65,"Dry","Going Straight","From adjacent lane (same direction) over right lane line","Unknown/Not Reported","Precrash stability unknown","Stayed in original travel lane","SUV",0,1,1,1,1,1,0,6,2
60851,3,14,12,"Motor Vehicle In-Transport","Front-to-Rear",1,2018,"CHEVROLET","MALIBU",30,"Minor Damage",0,0,1,"Full Driver License","Valid","No",65,"Dry","Going Straight","From adjacent lane (same direction) over right lane line","Unknown/Not Reported","Precrash stability unknown","Stayed in original travel lane","4 DR",0,1,0,0,2,2,0,2,0
60859,7,11,59,"Traffic Sign Support","The First Harmful Event was Not a Collision with a Motor Vehicle in Transport",1,2017,"NISSAN","ROGUE",999,"Disabling Damage",1,0,1,"Full Driver License","Valid","No",55,"Dry","Going Straight","Off the edge of the road on the left side","Unknown/Not Reported","Tracking","Departed roadway","SUV",0,0,0,0,2,2,0,0,0
60860,4,15,12,"Motor Vehicle In-Transport","Sideswipe - Same Direction",4,2017,"CHRYSLER","PACIFICA",5,"Functional Damage",0,0,1,"Full Driver License","Valid","No",55,"Dry","Merging","From adjacent lane (same direction) over left lane line","No Avoidance Maneuver","Tracking","Stayed on roadway, but left original travel lane","VAN",0,0,0,1,2,2,0,0,1
60860,4,15,12,"Motor Vehicle In-Transport","Sideswipe - Same Direction",3,2020,"ACURA","RDX",998,"Functional Damage",0,0,1,"Full Driver License","Valid","No",55,"Dry","Decelerating in Road","From adjacent lane (same direction) over left lane line","No Avoidance Maneuver","Tracking","Stayed in original travel lane","SUV",0,1,1,1,1,1,0,6,2
60860,4,15,12,"Motor Vehicle In-Transport","Sideswipe - Same Direction",2,2014,"SUBARU","OUTBACK",5,"Functional Damage",0,0,1,"Full Driver License","Valid","No",55,"Dry","Negotiating a Curve","Traveling in same direction with higher speed","Unknown/Not Reported","Tracking","Stayed in original travel lane","SUV",0,1,0,1,2,2,1,2,1
60861,6,13,12,"Motor Vehicle In-Transport","Front-to-Front",1,2018,"KIA","SPORTAGE",999,"Disabling Damage",1,0,1,"Full Driver License","Valid","No",55,"Dry","Going Straight","From opposite direction  over left lane line","Braking","Precrash stability unknown","Stayed in original travel lane","SUV",1,2,1,0,2,2,0,0,2
60861,6,13,12,"Motor Vehicle In-Transport","Front-to-Front",1,2020,"FORD","MUSTANG",55,"Minor Damage",0,0,1,"Full Driver License","Valid","No",55,"Dry","Going Straight","Traveling in same direction while decelerating","Braking and steering right","Tracking","Departed roadway","C",1,0,0,0,2,2,0,2,1
60864,8,4,12,"Motor Vehicle In-Transport","Angle",1,2016,"FORD","MUSTANG",10,"Disabling Damage",0,0,1,"Full Driver License","Valid","No",55,"Dry","Turning Left","Turning Left","Unknown/Not Reported","Tracking","Stayed in original travel lane","C",0,0,0,0,0,0,0,0,0
60865,1,5,8,"Pedestrian","The First Harmful Event was Not a Collision with a Motor Vehicle in Transport",1,2013,"TOYOTA","TACOMA",25,"Functional Damage",0,0,1,"Full Driver License","Valid","No",40,"Dry","Going Straight","Pedestrian in road","No Avoidance Maneuver","Tracking","Stayed in original travel lane","PU/CC",0,0,0,0,0,0,1,1,0
60866,5,17,8,"Pedestrian","The First Harmful Event was Not a Collision with a Motor Vehicle in Transport",1,2018,"NISSAN","VERSA",998,"Disabling Damage",0,0,1,"Full Driver License","Valid","No",30,"Dry","Going Straight","Pedestrian in road","Unknown/Not Reported","Tracking","Stayed in original travel lane","4 DR",0,0,0,0,0,0,0,0,0
60872,9,16,12,"Motor Vehicle In-Transport","Front-to-Rear",1,2019,"NISSAN","KICKS",998,"Functional Damage",1,0,1,"Full Driver License","Valid","No",65,"Dry","Decelerating in Road","Traveling in same direction with higher speed","Unknown/Not Reported","Tracking","Stayed in original travel lane","SUV",0,1,1,0,1,1,0,4,1
60876,6,14,12,"Motor Vehicle In-Transport","Front-to-Front",1,2013,"FORD","FIESTA",59,"Disabling Damage",0,0,1,"Full Driver License","Valid","No",55,"Dry","Going Straight","Over the lane line on left side of travel lane","Unknown/Not Reported","Tracking","Stayed on roadway, but left original travel lane","4 DR",0,0,0,0,0,0,1,1,0
60877,7,6,12,"Motor Vehicle In-Transport","Angle",1,2017,"NISSAN","MURANO",998,"Damage Reported, Extent Unknown",0,0,1,"Full Driver License","Valid","No",45,"Dry","Going Straight","From crossing street, across path","Unknown/Not Reported","Tracking","Stayed in original travel lane","SUV",1,0,1,0,2,2,0,0,2
60885,7,0,12,"Motor Vehicle In-Transport","Angle",2,2014,"NISSAN","LEAF",998,"Damage Reported, Extent Unknown",0,0,1,"Full Driver License","Valid","No",45,"Dry","Going Straight","From crossing street, intended path not known","Unknown/Not Reported","Precrash stability unknown","Unknown","5 HB",0,1,0,0,0,0,1,2,0
60889,1,23,8,"Pedestrian","The First Harmful Event was Not a Collision with a Motor Vehicle in Transport",1,2013,"NISSAN","ALTIMA",60,"Functional Damage",0,0,1,"Full Driver License","Valid","No",55,"Dry","Negotiating a Curve","Pedestrian in road","Unknown/Not Reported","Precrash stability unknown","Stayed in original travel lane","2 DR",0,1,0,0,0,0,1,2,0
60895,1,17,12,"Motor Vehicle In-Transport","Angle",1,2013,"MAZDA","MAZDA5",998,"Functional Damage",0,0,1,"Full Driver License","Valid","No",35,"Dry","Making a U-turn","Making a U-Turn","Unknown/Not Reported","Precrash stability unknown","Entered roadway","SW",0,1,0,0,0,0,1,2,0
60897,1,17,8,"Pedestrian","The First Harmful Event was Not a Collision with a Motor Vehicle in Transport",3,2012,"FORD","ESCAPE",998,"Minor Damage",0,0,1,"Full Driver License","Valid","No",25,"Dry","Turning Right","Pedestrian in road","No Avoidance Maneuver","Tracking","Stayed in original travel lane","SUV",0,0,0,0,0,0,1,1,0
60902,7,16,12,"Motor Vehicle In-Transport","Front-to-Front",5,2015,"HONDA","ODYSSEY",75,"Disabling Damage",0,0,1,"Full Driver License","Valid","No",55,"Dry","Passing or Overtaking Another Vehicle","Traveling in opposite direction","No Avoidance Maneuver","Tracking","Stayed in original travel lane","VAN",1,1,0,0,0,0,0,1,1
60903,8,11,12,"Motor Vehicle In-Transport","Angle",2,2017,"CHEVROLET","COLORADO",25,"Disabling Damage",1,0,1,"Full Driver License","Valid","No",50,"Dry","Turning Left","Turning Left","Unknown/Not Reported","Tracking","Stayed in original travel lane","PU/EC",0,1,1,1,0,0,0,1,2
60905,9,20,12,"Motor Vehicle In-Transport","Angle",1,2020,"RAM","1500",998,"Damage Reported, Extent Unknown",0,0,1,"Full Driver License","Valid","No",50,"Dry","Going Straight","From opposite direction  over left lane line","Unknown/Not Reported","Tracking","Stayed in original travel lane","PU/EC",0,0,1,1,2,2,0,0,2
60906,6,13,12,"Motor Vehicle In-Transport","Angle",1,2021,"TOYOTA","TACOMA",60,"Disabling Damage",0,0,1,"Full Driver License","Valid","No",55,"Dry","Going Straight","From crossing street, across path","No Avoidance Maneuver","Tracking","Stayed in original travel lane","PU/CC",0,2,1,1,1,1,0,5,2
60907,5,4,8,"Pedestrian","The First Harmful Event was Not a Collision with a Motor Vehicle in Transport",2,2015,"SUBARU","OUTBACK",67,"Disabling Damage",0,0,1,"Full Driver License","Valid","No",65,"Dry","Going Straight","Pedestrian in road","No Avoidance Maneuver","Tracking","Stayed in original travel lane","SUV",0,0,1,0,2,2,0,0,1
60917,1,20,8,"Pedestrian","The First Harmful Event was Not a Collision with a Motor Vehicle in Transport",1,2014,"TOYOTA","CAMRY",12,"Minor Damage",0,0,1,"Full Driver License","Valid","No",25,"Dry","Turning Left","Pedestrian in road","No Avoidance Maneuver","Tracking","Stayed in original travel lane","4 DR",0,0,0,0,0,0,1,1,0
60918,1,4,8,"Pedestrian","The First Harmful Event was Not a Collision with a Motor Vehicle in Transport",1,2016,"NISSAN","ROGUE",25,"Functional Damage",0,0,1,"Full Driver License","Valid","No",40,"Dry","Going Straight","Pedestrian in road","No Avoidance Maneuver","Tracking","Stayed in original travel lane","SUV",0,0,0,0,2,2,0,0,0
60927,1,6,12,"Motor Vehicle In-Transport","Front-to-Rear",1,2022,"HONDA","CIVIC",35,"Functional Damage",0,0,1,"Full Driver License","Valid","No",40,"Dry","Going Straight","Other critical precrash event (specify:)","Braking","Tracking","Stayed in original travel lane","4 DR",0,1,1,1,1,1,0,5,2
60931,6,21,8,"Pedestrian","The First Harmful Event was Not a Collision with a Motor Vehicle in Transport",2,2015,"AUDI","A3",65,"Damage Reported, Extent Unknown",0,0,1,"Full Driver License","Valid","No",65,"Dry","Going Straight","Pedestrian in road","No Avoidance Maneuver","Tracking","Stayed in original travel lane","4 DR",0,1,1,0,2,2,0,1,1