"SERIAL_CRASH","MONTH","HOUR","HARM_EV","HARM_EVNAME","TYPE_OF_COLLIOSION","NUM_OF_PEOPLE","MOD_YEAR","VPICMAKENAME","VPICMODELNAME","TRAV_SP","DEFORMEDNAME","DEATHS","DR_DRINK","IS_DRIVER_PRESENT","L_TYPENAME","L_STATUSNAME","SPEEDRELNAME","VSPD_LIM","VSURCONDNAME","P_CRASH1NAME","P_CRASH2NAME","P_CRASH3NAME","PCRASH4NAME","PCRASH5NAME","BODY_STYLE","BLIND_SPOT_DETECTION","ARS","FRNT_COLLISION_WARNING","LANE_DEPARTURE_WARNING","CRASH_IMMINENT_BRAKE","DYNAMIC_BRAKE_SUPPORT","NHTSA_ESC","SAFETY_COUNT","notification_count"
60934,7,17,12,"Motor Vehicle In-Transport","Front-to-Rear",6,2017,"TOYOTA","SIENNA",0,"Disabling Damage",0,0,1,"Full Driver License","Valid","No",55,"Dry","Stopped in Roadway","Traveling in same direction with higher speed","No Avoidance Maneuver","Tracking","Stayed in original travel lane","VAN",1,1,0,0,2,2,0,1,1
60955,7,12,18,"Other Object (not fixed)","The First Harmful Event was Not a Collision with a Motor Vehicle in Transport",1,2017,"SUBARU","BRZ",75,"Minor Damage",0,0,1,"Full Driver License","Valid","No",70,"Dry","Changing Lanes","Over the lane line on left side of travel lane","Unknown/Not Reported","Tracking","Stayed on roadway, but left original travel lane","2 DR",0,1,0,0,0,0,0,1,0
60969,3,14,12,"Motor Vehicle In-Transport","Angle",2,2022,"HYUNDAI","SANTA FE",20,"Disabling Damage",0,0,1,"Full Driver License","Valid","No",45,"Dry","Turning Left","Turning Left","Accelerating","Tracking","Stayed in original travel lane","SUV",1,2,1,1,1,1,0,4,3
60971,9,2,8,"Pedestrian","The First Harmful Event was Not a Collision with a Motor Vehicle in Transport",1,2012,"LINCOLN","NAVIGATOR",45,"Damage Reported, Extent Unknown",0,0,1,"Full Driver License","Valid","No",65,"Dry","Going Straight","Pedestrian in road","No Avoidance Maneuver","Tracking","Stayed in original travel lane","EXTENDED SUV",0,0,0,0,0,0,1,1,0
60977,1,19,8,"Pedestrian","The First Harmful Event was Not a Collision with a Motor Vehicle in Transport",1,2016,"HONDA","CIVIC",30,"Functional Damage",0,0,1,"Full Driver License","Valid","No",30,"Dry","Going Straight","Pedestrian in road","No Avoidance Maneuver","Tracking","Stayed in original travel lane","4 DR",0,1,0,0,2,2,0,1,0
60979,1,20,12,"Motor Vehicle In-Transport","Angle",1,2015,"NISSAN","ALTIMA",998,"Disabling Damage",0,0,1,"Full Driver License","Valid","No",35,"Dry","Turning Left","Turning Left","Unknown/Not Reported","Precrash stability unknown","Stayed in original travel lane","4 DR",1,0,0,1,0,0,0,0,2
60991,6,19,12,"Motor Vehicle In-Transport","Front-to-Front",1,2022,"DODGE","CHALLENGER",25,"Disabling Damage",0,0,1,"Full Driver License","Valid","No",35,"Dry","Going Straight","From opposite direction  over left lane line","Braking","Tracking","Stayed in original travel lane","2 DR",0,0,0,0,2,2,0,1,0
60991,6,19,12,"Motor Vehicle In-Transport","Front-to-Front",4,2018,"TOYOTA","RAV4",998,"Disabling Damage",0,0,1,"Full Driver License","Valid","No",35,"Dry","Going Straight","From opposite direction  over left lane line","Unknown/Not Reported","Tracking","Stayed on roadway, but left original travel lane","SUV",1,1,1,1,1,1,0,5,3
60991,6,19,12,"Motor Vehicle In-Transport","Front-to-Front",1,2018,"JEEP","COMPASS",998,"Minor Damage",0,0,1,"Full Driver License","Valid","No",35,"Dry","Going Straight","From opposite direction  over left lane line","Steering left","Tracking","Stayed in original travel lane","SUV",0,0,0,0,2,2,0,0,0
60993,5,18,59,"Traffic Sign Support","The First Harmful Event was Not a Collision with a Motor Vehicle in Transport",3,2017,"TOYOTA","PRIUS",998,"Disabling Damage",1,0,1,"Full Driver License","Valid","No",55,"Dry","Negotiating a Curve","From opposite direction  over left lane line","Unknown/Not Reported","Tracking","Stayed in original travel lane","5 HB",0,1,1,1,2,2,0,1,2
61004,1,3,1,"Rollover/Overturn","The First Harmful Event was Not a Collision with a Motor Vehicle in Transport",3,2020,"HONDA","CIVIC",998,"Minor Damage",0,0,1,"Full Driver License","Valid","No",40,"Dry","Turning Left","Other critical precrash event (specify:)","No Avoidance Maneuver","Tracking","Stayed in original travel lane","4 DR",0,1,1,1,1,1,0,5,2
61007,1,20,12,"Motor Vehicle In-Transport","Angle",1,2022,"NISSAN","SENTRA",998,"Disabling Damage",1,0,1,"Full Driver License","Valid","No",40,"Dry","Going Straight","Crossing Over (Passing Through) Junction","Unknown/Not Reported","Tracking","Stayed in original travel lane","4",1,0,1,1,1,1,0,5,3
61012,1,5,8,"Pedestrian","The First Harmful Event was Not a Collision with a Motor Vehicle in Transport",1,2016,"MAZDA","CX-5",30,"Minor Damage",0,0,1,"Full Driver License","Valid","No",25,"Dry","Going Straight","Pedestrian in road","No Avoidance Maneuver","Tracking","Stayed in original travel lane","SUV",0,1,1,1,2,2,0,2,2
61013,1,14,12,"Motor Vehicle In-Transport","Angle",1,2023,"TOYOTA","TACOMA",10,"Disabling Damage",0,0,1,"Full Driver License","Valid","No",40,"Dry","Negotiating a Curve","From opposite direction  over left lane line","Unknown/Not Reported","Tracking","Stayed in original travel lane","PU/EC",1,2,1,1,1,1,0,4,3
61023,7,22,33,"Curb","The First Harmful Event was Not a Collision with a Motor Vehicle in Transport",1,2016,"CHEVROLET","CRUZE LIMITED",998,"Disabling Damage",1,0,1,"Full Driver License","Valid","No",35,"Dry","Going Straight","Off the edge of the road on the left side","Unknown/Not Reported","Precrash stability unknown","Departed roadway","4 DR",1,1,0,0,0,0,0,2,1
61036,4,14,12,"Motor Vehicle In-Transport","Front-to-Front",1,2015,"TOYOTA","TACOMA",53,"Damage Reported, Extent Unknown",0,0,1,"Full Driver License","Valid","No",55,"Dry","Going Straight","Over the lane line on left side of travel lane","Unknown/Not Reported","Tracking","Stayed on roadway, but left original travel lane","PU/EC",0,0,0,0,0,0,0,0,0
61038,5,21,12,"Motor Vehicle In-Transport","Sideswipe - Opposite Direction",2,2014,"HYUNDAI","SANTA FE",50,"Damage Reported, Extent Unknown",0,0,1,"Full Driver License","Valid","No",55,"Dry","Negotiating a Curve","From opposite direction  over left lane line","Steering right","Tracking","Stayed in original travel lane","SUV",0,0,0,0,0,0,1,1,0
61039,5,21,12,"Motor Vehicle In-Transport","Front-to-Front",1,2016,"RAM","2500",999,"Disabling Damage",1,0,1,"Full Driver License","Valid","No",65,"Dry","Going Straight","Traveling in opposite direction","Steering right","Tracking","Stayed in original travel lane","PU/CC",0,0,0,0,0,0,0,0,0
61042,5,23,12,"Motor Vehicle In-Transport","Angle",1,2018,"CHEVROLET","EQUINOX",0,"Disabling Damage",1,0,1,"Full Driver License","Valid","No",55,"Dry","Stopped in Roadway","Traveling in same direction with higher speed","No Avoidance Maneuver","Tracking","Stayed in original travel lane","SUV",0,1,1,1,2,2,0,2,2
61043,7,8,12,"Motor Vehicle In-Transport","Front-to-Front",2,2017,"CHEVROLET","TAHOE",45,"Disabling Damage",0,0,1,"Full Driver License","Valid","No",55,"Dry","Going Straight","From opposite direction  over left lane line","Steering right","Tracking","Stayed in original travel lane","SUV",1,1,0,0,2,0,0,2,1
61047,1,1,12,"Motor Vehicle In-Transport","Angle",4,2021,"TOYOTA","C-HR",30,"Damage Reported, Extent Unknown",2,0,1,"Full Driver License","Valid","No",40,"Dry","Going Straight","From crossing street, across path","Unknown/Not Reported","Tracking","Stayed in original travel lane","5 HB",1,1,1,1,1,1,0,6,3
61047,1,1,12,"Motor Vehicle In-Transport","Angle",3,2018,"RAM","2500",0,"Minor Damage",0,0,1,"Full Driver License","Valid","No",40,"Dry","Stopped in Roadway","Other critical precrash event (specify:)","No Avoidance Maneuver","Tracking","Stayed in original travel lane","PU/EC",0,0,0,0,0,0,0,0,0
61050,7,4,12,"Motor Vehicle In-Transport","Front-to-Front",1,2021,"HONDA","ACCORD",999,"Disabling Damage",1,0,1,"Full Driver License","Valid","No",65,"Dry","Going Straight","Traveling in opposite direction","Unknown/Not Reported","Tracking","Stayed in original travel lane","4 DR",0,1,1,1,1,1,0,6,2
61055,1,17,8,"Pedestrian","The First Harmful Event was Not a Collision with a Motor Vehicle in Transport",1,2018,"RAM","PROMASTER CITY",998,"No Damage",0,0,1,"Full Driver License","Valid","No",25,"Dry","Turning Left","Pedestrian in road","No Avoidance Maneuver","Tracking","Stayed on roadway, but left original travel lane","VAN",0,0,0,0,0,0,0,0,0
61059,5,0,12,"Motor Vehicle In-Transport","Front-to-Front",1,2021,"JEEP","RENEGADE",65,"Disabling Damage",0,0,1,"Full Driver License","Valid","No",65,"Dry","Going Straight","Traveling in opposite direction","No Avoidance Maneuver","Tracking","Stayed in original travel lane","SUV",0,0,0,1,2,2,0,0,1
61063,1,10,12,"Motor Vehicle In-Transport","Angle",1,2019,"FORD","MUSTANG",25,"Functional Damage",0,0,1,"Full Driver License","Valid","No",40,"Dry","Turning Left","Turning Left","Unknown/Not Reported","Tracking","Stayed in original travel lane","C",1,0,0,0,2,2,0,1,1
61065,1,19,12,"Motor Vehicle In-Transport","Angle",2,2016,"HONDA","CIVIC",998,"Disabling Damage",2,0,1,"Full Driver License","Valid","No",35,"Dry","Going Straight","From crossing street, across path","Unknown/Not Reported","Tracking","Stayed in original travel lane","4 DR",0,1,0,1,2,2,0,1,1
61067,1,17,12,"Motor Vehicle In-Transport","Angle",2,2011,"HONDA","CR-V",0,"Minor Damage",0,0,1,"Full Driver License","Valid","No",45,"Dry","Stopped in Roadway","From crossing street, across path","No Avoidance Maneuver","Tracking","Stayed in original travel lane","SUV",0,1,0,0,0,0,1,2,0
61073,8,17,12,"Motor Vehicle In-Transport","Angle",1,2016,"FORD","MUSTANG",35,"Damage Reported, Extent Unknown",0,0,1,"Full Driver License","Valid","No",50,"Dry","Going Straight","From crossing street, across path","Unknown/Not Reported","Tracking","Stayed in original travel lane","C",1,0,0,0,0,0,0,0,1
61080,2,3,12,"Motor Vehicle In-Transport","Angle",1,2022,"HONDA","ACCORD",35,"Disabling Damage",1,0,1,"Full Driver License","Valid","No",40,"Dry","Going Straight","From crossing street, across path","Unknown/Not Reported","Precrash stability unknown","Stayed in original travel lane","4 DR",0,1,1,1,1,1,0,6,2
61085,9,19,8,"Pedestrian","The First Harmful Event was Not a Collision with a Motor Vehicle in Transport",1,2020,"RAM","2500",999,"Functional Damage",0,0,1,"Full Driver License","Valid","No",50,"Dry","Going Straight","Pedestrian in road","Unknown/Not Reported","Tracking","Stayed in original travel lane","PU/RC",1,0,0,0,2,2,0,0,1
61090,2,14,12,"Motor Vehicle In-Transport","Front-to-Rear",2,2021,"CHEVROLET","SPARK",0,"Functional Damage",0,0,1,"Full Driver License","Valid","No",45,"Dry","Stopped in Roadway","Traveling in same direction with higher speed","No Avoidance Maneuver","Tracking","Stayed in original travel lane","5 HB",0,2,1,0,2,2,0,1,1
61095,2,4,33,"Curb","The First Harmful Event was Not a Collision with a Motor Vehicle in Transport",1,2016,"TOYOTA","COROLLA",999,"Disabling Damage",1,0,1,"Full Driver License","Valid","No",35,"Dry","Going Straight","Off the edge of the road on the right side","Unknown/Not Reported","Precrash stability unknown","Departed roadway","4 DR",0,1,0,0,0,0,0,1,0
61098,1,4,9,"Pedalcyclist","The First Harmful Event was Not a Collision with a Motor Vehicle in Transport",1,2019,"CHEVROLET","COLORADO",45,"Minor Damage",0,0,1,"Full Driver License","Valid","No",45,"Dry","Going Straight","Pedalcyclist or other non-motorist in road","Braking and Unknown Steering Direction","Tracking","Stayed in original travel lane","PU/CC",0,1,1,1,0,0,0,1,2
61100,5,10,12,"Motor Vehicle In-Transport","Angle",4,2011,"CHEVROLET","VOLT",55,"Disabling Damage",0,0,1,"Full Driver License","Valid","No",55,"Dry","Going Straight","From driveway, intended path not known","Braking and steering right","Tracking","Stayed in original travel lane","4 DR",0,0,0,0,0,0,1,2,0
61101,7,20,12,"Motor Vehicle In-Transport","Sideswipe - Opposite Direction",1,2022,"KIA","SORENTO",65,"Disabling Damage",0,0,1,"Full Driver License","Valid","No",65,"Dry","Negotiating a Curve","From opposite direction  over left lane line","Steering left","Tracking","Stayed on roadway, but left original travel lane","SUV",1,0,1,1,1,1,0,4,3
61101,7,20,12,"Motor Vehicle In-Transport","Sideswipe - Opposite Direction",3,2021,"SUBARU","FORESTER",65,"Disabling Damage",3,0,1,"Full Driver License","Valid","No",65,"Dry","Negotiating a Curve","Traveling in opposite direction","Unknown/Not Reported","Tracking","Stayed in original travel lane","SUV",1,0,1,1,1,1,0,4,3
61103,3,19,12,"Motor Vehicle In-Transport","Angle",3,2021,"HONDA","CIVIC",20,"Disabling Damage",1,0,1,"Full Driver License","Valid","No",45,"Dry","Going Straight","From crossing street, across path","Unknown/Not Reported","Tracking","Stayed in original travel lane","4 DR",0,1,1,1,1,1,0,5,2
61105,5,17,12,"Motor Vehicle In-Transport","Front-to-Rear",1,2011,"MAZDA","MAZDA3",0,"Minor Damage",0,0,1,"Full Driver License","Valid","No",65,"Dry","Stopped in Roadway","Traveling in same direction with higher speed","No Avoidance Maneuver","Tracking","Stayed in original travel lane","5 HB",0,1,0,0,0,0,1,2,0
61108,6,2,14,"Parked Motor Vehicle","The First Harmful Event was Not a Collision with a Motor Vehicle in Transport",1,2016,"HONDA","CIVIC",999,"Damage Reported, Extent Unknown",1,0,1,"Full Driver License","Valid","No",65,"Dry","Going Straight","Off the edge of the road on the right side","Unknown/Not Reported","Tracking","Departed roadway","4 DR",0,1,1,1,2,2,0,1,2
61110,7,16,12,"Motor Vehicle In-Transport","Angle",7,2021,"GMC","YUKON",20,"Functional Damage",0,0,1,"Full Driver License","Valid","No",55,"Dry","Turning Left","Traveling in same direction with higher speed","No Avoidance Maneuver","Tracking","Stayed in original travel lane","SUV",0,1,1,0,1,1,0,5,1
61111,7,21,12,"Motor Vehicle In-Transport","Front-to-Front",1,2015,"NISSAN","SENTRA",999,"Disabling Damage",1,0,1,"Full Driver License","Valid","No",55,"Dry","Going Straight","From opposite direction  over left lane line","Unknown/Not Reported","Tracking","Stayed in original travel lane","4 DR",0,1,0,0,0,0,0,1,0
61113,7,12,9,"Pedalcyclist","The First Harmful Event was Not a Collision with a Motor Vehicle in Transport",1,2020,"FORD","RANGER",50,"Disabling Damage",0,0,1,"Full Driver License","Valid","No",45,"Dry","Negotiating a Curve","Off the edge of the road on the right side","No Avoidance Maneuver","Tracking","Departed roadway","PU/EC",1,0,1,1,1,1,0,6,3
61116,9,6,8,"Pedestrian","The First Harmful Event was Not a Collision with a Motor Vehicle in Transport",1,2022,"TOYOTA","COROLLA",55,"Functional Damage",0,0,1,"Full Driver License","Valid","No",55,"Dry","Going Straight","Pedestrian in road","Braking","Tracking","Stayed in original travel lane","4 DR",0,1,1,1,1,1,0,6,2
61118,9,13,12,"Motor Vehicle In-Transport","Angle",2,2014,"TOYOTA","CAMRY",40,"Damage Reported, Extent Unknown",0,0,1,"Full Driver License","Valid","No",25,"Dry","Going Straight","From crossing street, turning into same direction","Braking and steering left","Skidding longitudinally  rotation less than 30 degrees","Stayed in original travel lane","4 DR",0,0,0,0,0,0,1,1,0
61119,6,21,12,"Motor Vehicle In-Transport","Front-to-Front",2,2016,"NISSAN","ALTIMA",35,"Damage Reported, Extent Unknown",1,0,1,"Full Driver License","Valid","No",55,"Dry","Going Straight","Traveling in opposite direction","Steering left","Tracking","Stayed on roadway, but left original travel lane","4 DR",0,0,1,0,2,2,0,0,1
61120,8,19,12,"Motor Vehicle In-Transport","Front-to-Front",3,2020,"HONDA","CIVIC",999,"Disabling Damage",3,0,1,"Full Driver License","Valid","No",65,"Dry","Passing or Overtaking Another Vehicle","Traveling in opposite direction","Steering left","Skidding longitudinally  rotation less than 30 degrees","Returned to roadway","4 DR",0,1,1,1,1,1,0,5,2
61121,2,19,8,"Pedestrian","The First Harmful Event was Not a Collision with a Motor Vehicle in Transport",1,2016,"CHEVROLET","COLORADO",38,"Functional Damage",0,0,1,"Full Driver License","Valid","No",40,"Dry","Going Straight","Pedestrian in road","Steering left","Tracking","Stayed in original travel lane","PU/EC",0,1,0,1,0,0,0,1,1
61122,2,0,8,"Pedestrian","The First Harmful Event was Not a Collision with a Motor Vehicle in Transport",1,2016,"KIA","OPTIMA",35,"Minor Damage",0,0,1,"Full Driver License","Valid","No",45,"Dry","Going Straight","Pedestrian in road","Other actions (specify:)","Tracking","Stayed in original travel lane","4 DR",0,1,0,1,2,2,0,1,1
61122,2,0,8,"Pedestrian","The First Harmful Event was Not a Collision with a Motor Vehicle in Transport",1,2014,"FORD","FUSION",998,"Minor Damage",0,0,1,"Full Driver License","Valid","No",45,"Dry","Going Straight","Pedestrian in road","No Avoidance Maneuver","Tracking","Stayed in original travel lane","4 DR",1,1,1,0,0,0,1,2,2
61128,4,16,9,"Pedalcyclist","The First Harmful Event was Not a Collision with a Motor Vehicle in Transport",3,2022,"ACURA","TLX",50,"Disabling Damage",0,0,1,"Full Driver License","Valid","No",45,"Dry","Going Straight","Pedalcyclist or other non-motorist in road","No Avoidance Maneuver","Tracking","Stayed in original travel lane","4 DR",0,1,1,1,1,1,0,6,2
61137,2,18,12,"Motor Vehicle In-Transport","Front-to-Front",1,2017,"HONDA","CR-V",35,"Disabling Damage",0,0,1,"Full Driver License","Valid","No",35,"Dry","Negotiating a Curve","Over the lane line on left side of travel lane","Unknown/Not Reported","Precrash stability unknown","Stayed on roadway, but left original travel lane","SUV",0,1,0,0,2,2,0,1,0
61139,2,4,8,"Pedestrian","The First Harmful Event was Not a Collision with a Motor Vehicle in Transport",1,2012,"TOYOTA","TACOMA",40,"Functional Damage",0,0,1,"Full Driver License","Valid","No",45,"Dry","Going Straight","Pedestrian in road","No Avoidance Maneuver","Tracking","Stayed in original travel lane","PU/CC",0,0,0,0,0,0,1,1,0
61141,2,18,8,"Pedestrian","The First Harmful Event was Not a Collision with a Motor Vehicle in Transport",1,2016,"LINCOLN","MKZ",998,"Functional Damage",0,0,1,"Full Driver License","Valid","No",45,"Dry","Going Straight","Pedestrian in road","No Avoidance Maneuver","Tracking","Stayed in original travel lane","4 DR",0,1,1,0,0,0,0,2,1
61143,2,5,1,"Rollover/Overturn","The First Harmful Event was Not a Collision with a Motor Vehicle in Transport",1,2015,"FORD","MUSTANG",998,"Not Reported",0,0,1,"Full Driver License","Valid","No",40,"Dry","Turning Right","Turning Right","No Avoidance Maneuver","Tracking","Entered roadway","2 DR",0,1,1,0,0,0,0,1,1
61148,2,18,8,"Pedestrian","The First Harmful Event was Not a Collision with a Motor Vehicle in Transport",1,2015,"TOYOTA","COROLLA",47,"Damage Reported, Extent Unknown",0,0,1,"Full Driver License","Valid","No",45,"Dry","Going Straight","Pedestrian in road","Unknown/Not Reported","Tracking","Stayed in original travel lane","4 DR",0,1,0,0,0,0,0,1,0
61148,2,18,8,"Pedestrian","The First Harmful Event was Not a Collision with a Motor Vehicle in Transport",1,2013,"KIA","FORTE",33,"Damage Reported, Extent Unknown",0,0,1,"Full Driver License","Valid","No",45,"Dry","Going Straight","Pedestrian in road","No Avoidance Maneuver","Tracking","Stayed in original travel lane","4 DR",0,1,0,0,0,0,1,2,0
61149,4,10,14,"Parked Motor Vehicle","The First Harmful Event was Not a Collision with a Motor Vehicle in Transport",3,2018,"FORD","EXPLORER",70,"Functional Damage",0,0,1,"Full Driver License","Valid","No",65,"Dry","Going Straight","From adjacent lane (same direction) over right lane line","No Avoidance Maneuver","Tracking","Stayed in original travel lane","SUV",0,0,1,1,0,0,0,0,2
61150,8,10,20,"Impact Attenuator/Crash Cushion","The First Harmful Event was Not a Collision with a Motor Vehicle in Transport",1,2019,"FORD","EDGE",53,"Disabling Damage",1,0,1,"Full Driver License","Valid","No",65,"Dry","Changing Lanes","Over the lane line on right side of travel lane","Unknown/Not Reported","Tracking","Departed roadway","SUV",1,0,1,1,1,1,0,5,3
61176,8,19,12,"Motor Vehicle In-Transport","Front-to-Front",1,2022,"TOYOTA","CAMRY",60,"Disabling Damage",0,0,1,"Full Driver License","Valid","No",65,"Dry","Negotiating a Curve","From opposite direction  over left lane line","Steering left","Tracking","Stayed on roadway, but left original travel lane","4 DR",0,1,1,1,1,1,0,6,2
61180,3,23,12,"Motor Vehicle In-Transport","Angle",1,2015,"INFINITI","Q50",998,"Disabling Damage",0,0,1,"Full Driver License","Valid","No",25,"Dry","Making a U-turn","Making a U-Turn","Unknown/Not Reported","Precrash stability unknown","Entered roadway","4 DR",0,0,0,0,2,2,0,0,0
61183,3,23,12,"Motor Vehicle In-Transport","Angle",2,2016,"MERCEDES-BENZ","C-CLASS",998,"Disabling Damage",0,0,1,"Full Driver License","Valid","No",30,"Dry","Making a U-turn","Making a U-Turn","Unknown/Not Reported","Precrash stability unknown","Stayed in original travel lane","4 DR",1,1,1,1,1,1,0,4,3
61184,3,4,12,"Motor Vehicle In-Transport","Angle",1,2012,"HYUNDAI","ELANTRA",45,"Disabling Damage",1,0,1,"Full Driver License","Valid","No",35,"Dry","Going Straight","Crossing Over (Passing Through) Junction","Unknown/Not Reported","Precrash stability unknown","Stayed in original travel lane","4 DR",0,0,0,0,0,0,1,1,0
61184,3,4,12,"Motor Vehicle In-Transport","Angle",1,2020,"NISSAN","ALTIMA",32,"Disabling Damage",0,0,1,"Full Driver License","Valid","No",35,"Dry","Going Straight","From crossing street, across path","Unknown/Not Reported","Precrash stability unknown","Stayed in original travel lane","4 DR",0,1,1,0,1,1,0,4,1
61187,3,19,1,"Rollover/Overturn","The First Harmful Event was Not a Collision with a Motor Vehicle in Transport",1,2017,"HYUNDAI","ELANTRA",15,"Functional Damage",0,0,1,"Full Driver License","Valid","No",35,"Dry","Turning Left","Turning Left","No Avoidance Maneuver","Tracking","Stayed in original travel lane","4 DR",0,1,0,0,2,2,0,1,0
61192,3,21,8,"Pedestrian","The First Harmful Event was Not a Collision with a Motor Vehicle in Transport",1,2018,"TOYOTA","C-HR",15,"Minor Damage",0,0,1,"Full Driver License","Valid","No",25,"Dry","Turning Left","Pedestrian in road","Braking","Precrash stability unknown","Stayed in original travel lane","5 HB",0,1,1,1,1,1,0,5,2
61197,8,2,12,"Motor Vehicle In-Transport","Front-to-Rear",2,2016,"JEEP","PATRIOT",73,"Functional Damage",0,0,1,"Full Driver License","Valid","No",65,"Dry","Negotiating a Curve","Traveling in same direction with higher speed","Unknown/Not Reported","Tracking","Stayed in original travel lane","SUV",0,0,0,0,0,0,0,0,0
61208,2,20,8,"Pedestrian","The First Harmful Event was Not a Collision with a Motor Vehicle in Transport",1,2017,"CHEVROLET","CRUZE",998,"Functional Damage",0,0,1,"Full Driver License","Valid","No",45,"Dry","Going Straight","Pedestrian in road","Other actions (specify:)","Tracking","Stayed on roadway, not known if left original travel lane","4 DR",0,1,1,1,0,0,0,2,2
61209,9,17,12,"Motor Vehicle In-Transport","Front-to-Rear",1,2020,"MITSUBISHI","OUTLANDER",0,"Damage Reported, Extent Unknown",0,0,1,"Full Driver License","Valid","No",45,"Dry","Stopped in Roadway","From adjacent lane (same direction) over left lane line","No Avoidance Maneuver","Tracking","Stayed in original travel lane","SUV",0,0,0,1,2,2,0,0,1
61217,3,3,12,"Motor Vehicle In-Transport","Front-to-Front",1,2019,"HONDA","CIVIC",50,"Damage Reported, Extent Unknown",0,0,1,"Full Driver License","Valid","No",65,"Dry","Going Straight","Traveling in opposite direction","Unknown/Not Reported","Tracking","Stayed in original travel lane","2 DR",0,1,1,1,1,1,0,5,2
61232,4,2,12,"Motor Vehicle In-Transport","Angle",4,2017,"HONDA","ACCORD",998,"Damage Reported, Extent Unknown",1,0,1,"Full Driver License","Valid","No",35,"Dry","Going Straight","From adjacent lane (same direction) over left lane line","Unknown/Not Reported","Tracking","Stayed in original travel lane","4 DR",0,1,1,0,2,2,0,1,1
61234,3,20,12,"Motor Vehicle In-Transport","Sideswipe - Same Direction",2,2011,"HONDA","PILOT",33,"Damage Reported, Extent Unknown",0,0,1,"Full Driver License","Valid","No",40,"Dry","Going Straight","Traveling in same direction with higher speed","No Avoidance Maneuver","Tracking","Stayed in original travel lane","SUV",0,1,0,0,0,0,1,2,0
61234,3,20,12,"Motor Vehicle In-Transport","Sideswipe - Same Direction",1,2018,"TOYOTA","RAV4",38,"Disabling Damage",0,0,1,"Full Driver License","Valid","No",40,"Dry","Going Straight","From adjacent lane (same direction) over right lane line","No Avoidance Maneuver","Tracking","Stayed in original travel lane","SUV",1,1,1,1,1,1,0,5,3
61235,3,21,9,"Pedalcyclist","The First Harmful Event was Not a Collision with a Motor Vehicle in Transport",1,2013,"TOYOTA","CAMRY",40,"Damage Reported, Extent Unknown",0,0,1,"Full Driver License","Valid","No",35,"Dry","Going Straight","Pedalcyclist or other non-motorist in road","No Avoidance Maneuver","Tracking","Stayed in original travel lane","4 DR",0,1,0,0,0,0,1,2,0
61243,8,13,12,"Motor Vehicle In-Transport","Angle",1,2023,"KIA","FORTE",45,"Functional Damage",1,0,1,"Full Driver License","Valid","No",45,"Dry","Going Straight","From crossing street, turning into opposite direction","Unknown/Not Reported","Tracking","Stayed in original travel lane","4 DR",1,2,0,1,2,2,0,1,2
61244,8,8,12,"Motor Vehicle In-Transport","Front-to-Front",1,2015,"NISSAN","SENTRA",999,"Disabling Damage",1,0,1,"Full Driver License","Valid","No",65,"Dry","Passing or Overtaking Another Vehicle","Traveling in opposite direction","Steering left","Tracking","Departed roadway","4 DR",0,1,0,0,0,0,0,1,0
61244,8,8,12,"Motor Vehicle In-Transport","Front-to-Front",2,2018,"INFINITI","Q50",999,"Disabling Damage",2,0,1,"Full Driver License","Valid","No",65,"Dry","Going Straight","Traveling in opposite direction","Steering right","Tracking","Departed roadway","4 DR",1,0,1,0,2,2,0,0,2
61248,4,12,12,"Motor Vehicle In-Transport","Angle",2,2014,"MERCEDES-BENZ","ML-CLASS",998,"Functional Damage",0,0,1,"Full Driver License","Valid","No",25,"Dry","Turning Left","Turning Left","Steering left","Tracking","Stayed in original travel lane","SUV",0,0,1,0,2,2,1,2,1
61265,5,4,8,"Pedestrian","The First Harmful Event was Not a Collision with a Motor Vehicle in Transport",2,2016,"TOYOTA","TACOMA",45,"Disabling Damage",0,0,1,"Full Driver License","Valid","No",50,"Dry","Going Straight","Pedestrian in road","No Avoidance Maneuver","Tracking","Stayed in original travel lane","PU/EC",0,0,0,0,0,0,0,0,0
61266,9,3,12,"Motor Vehicle In-Transport","Front-to-Front",1,2019,"TOYOTA","CAMRY",55,"Disabling Damage",0,0,1,"Full Driver License","Valid","No",55,"Dry","Negotiating a Curve","From opposite direction  over left lane line","Braking and steering right","Tracking","Stayed in original travel lane","4 DR",1,1,1,1,1,1,0,5,3
61271,8,16,12,"Motor Vehicle In-Transport","Angle",1,2022,"TOYOTA","HIGHLANDER",998,"Disabling Damage",0,0,1,"Full Driver License","Valid","No",45,"Dry","Going Straight","From crossing street, across path","Unknown/Not Reported","Precrash stability unknown","Stayed in original travel lane","SUV",0,1,1,1,1,1,0,6,2
61275,4,19,12,"Motor Vehicle In-Transport","Front-to-Front",1,2022,"FORD","BRONCO",35,"Disabling Damage",0,0,1,"Full Driver License","Valid","No",55,"Dry","Negotiating a Curve","From opposite direction  over left lane line","No Avoidance Maneuver","Tracking","Stayed in original travel lane","SUV",1,0,1,1,1,1,0,6,3
61281,4,1,8,"Pedestrian","The First Harmful Event was Not a Collision with a Motor Vehicle in Transport",1,2016,"CHEVROLET","CAMARO",55,"Functional Damage",0,0,1,"Full Driver License","Valid","No",60,"Dry","Going Straight","Pedestrian in road","No Avoidance Maneuver","Tracking","Stayed in original travel lane","C",0,1,0,0,0,0,0,2,0