"SERIAL_CRASH","MONTH","HOUR","HARM_EV","HARM_EVNAME","TYPE_OF_COLLIOSION","NUM_OF_PEOPLE","MOD_YEAR","VPICMAKENAME","VPICMODELNAME","TRAV_SP","DEFORMEDNAME","DEATHS","DR_DRINK","IS_DRIVER_PRESENT","L_TYPENAME","L_STATUSNAME","SPEEDRELNAME","VSPD_LIM","VSURCONDNAME","P_CRASH1NAME","P_CRASH2NAME","P_CRASH3NAME","PCRASH4NAME","PCRASH5NAME","BODY_STYLE","BLIND_SPOT_DETECTION","ARS","FRNT_COLLISION_WARNING","LANE_DEPARTURE_WARNING","CRASH_IMMINENT_BRAKE","DYNAMIC_BRAKE_SUPPORT","NHTSA_ESC","SAFETY_COUNT","notification_count"
61283,4,19,12,"Motor Vehicle In-Transport","Angle",1,2021,"NISSAN","ROGUE SPORT",998,"Disabling Damage",1,0,1,"Full Driver License","Valid","No",35,"Dry","Going Straight","From driveway, turning into same direction","Unknown/Not Reported","Precrash stability unknown","Stayed in original travel lane","SUV",1,0,1,1,1,1,0,5,3
61286,4,16,46,"Traffic Signal Support","The First Harmful Event was Not a Collision with a Motor Vehicle in Transport",1,2015,"TOYOTA","PRIUS",998,"Disabling Damage",1,0,1,"Full Driver License","Valid","No",40,"Dry","Going Straight","Off the edge of the road on the left side","Unknown/Not Reported","Tracking","Departed roadway","5 HB",0,1,1,1,2,2,0,1,2
61289,4,12,12,"Motor Vehicle In-Transport","Sideswipe - Same Direction",1,2013,"HONDA","CIVIC",45,"Functional Damage",0,0,1,"Full Driver License","Valid","No",55,"Dry","Going Straight","From adjacent lane (same direction) over left lane line","Unknown/Not Reported","Precrash stability unknown","Stayed in original travel lane","4 DR",0,0,0,0,0,0,1,1,0
61291,4,15,8,"Pedestrian","The First Harmful Event was Not a Collision with a Motor Vehicle in Transport",1,2020,"CHEVROLET","TRAVERSE",998,"Minor Damage",0,0,1,"Full Driver License","Valid","No",25,"Dry","Going Straight","Pedestrian in road","Unknown/Not Reported","Precrash stability unknown","Stayed in original travel lane","SUV",0,0,1,0,2,2,0,1,1
61293,4,19,1,"Rollover/Overturn","The First Harmful Event was Not a Collision with a Motor Vehicle in Transport",2,2022,"TOYOTA","CAMRY",998,"Damage Reported, Extent Unknown",0,0,1,"Full Driver License","Valid","No",25,"Dry","Starting in Road","Turning Right","No Avoidance Maneuver","Tracking","Stayed in original travel lane","4 DR",0,1,1,1,1,1,0,6,2
61297,5,0,8,"Pedestrian","The First Harmful Event was Not a Collision with a Motor Vehicle in Transport",1,2015,"JEEP","GRAND CHEROKEE",65,"Damage Reported, Extent Unknown",0,0,1,"Full Driver License","Valid","No",65,"Dry","Going Straight","Pedestrian in road","No Avoidance Maneuver","Tracking","Stayed in original travel lane","SUV",0,0,0,0,0,0,0,0,0
61298,7,16,12,"Motor Vehicle In-Transport","Angle",3,2020,"NISSAN","KICKS",998,"Disabling Damage",1,0,1,"Full Driver License","Valid","No",45,"Dry","Turning Left","From opposite direction  over right lane line","Unknown/Not Reported","Tracking","Stayed in original travel lane","SUV",1,1,1,1,1,1,0,6,3
61304,9,17,12,"Motor Vehicle In-Transport","Angle",2,2014,"NISSAN","SENTRA",998,"Disabling Damage",0,0,1,"Full Driver License","Valid","No",45,"Dry","Turning Left","Turning Left","No Avoidance Maneuver","Tracking","Stayed in original travel lane","4 DR",0,1,0,0,0,0,1,2,0
61310,6,20,12,"Motor Vehicle In-Transport","Sideswipe - Same Direction",1,2013,"VOLKSWAGEN","BEETLE",60,"Disabling Damage",0,0,1,"Full Driver License","Valid","No",65,"Dry","Negotiating a Curve","From adjacent lane (same direction) over left lane line","No Avoidance Maneuver","Tracking","Stayed in original travel lane","C",0,0,0,0,0,0,1,1,0
61311,6,20,8,"Pedestrian","The First Harmful Event was Not a Collision with a Motor Vehicle in Transport",1,2014,"NISSAN","MAXIMA",998,"Damage Reported, Extent Unknown",0,0,1,"Full Driver License","Valid","No",45,"Dry","Going Straight","Pedestrian unknown location","Unknown/Not Reported","Precrash stability unknown","Remained off roadway","4 DR",0,1,0,0,0,0,1,2,0
61315,9,19,8,"Pedestrian","The First Harmful Event was Not a Collision with a Motor Vehicle in Transport",1,2017,"CHEVROLET","EQUINOX",998,"Damage Reported, Extent Unknown",0,0,1,"Full Driver License","Valid","No",45,"Dry","Going Straight","Pedestrian in road","Unknown/Not Reported","Precrash stability unknown","Unknown","SUV",0,0,1,0,0,0,0,1,1
61322,4,20,12,"Motor Vehicle In-Transport","Front-to-Front",1,2013,"MERCEDES-BENZ","E-CLASS",998,"Disabling Damage",0,0,1,"Full Driver License","Valid","No",55,"Dry","Going Straight","From opposite direction  over left lane line","Unknown/Not Reported","Tracking","Stayed in original travel lane","2 DR",0,0,0,0,0,0,1,1,0
61326,4,22,12,"Motor Vehicle In-Transport","Front-to-Rear",1,2016,"BMW","X3",5,"Damage Reported, Extent Unknown",0,0,1,"Full Driver License","Valid","No",55,"Dry","Going Straight","Traveling in same direction with higher speed","No Avoidance Maneuver","Tracking","Stayed in original travel lane","SUV",0,1,0,1,2,2,0,2,1
61326,4,22,12,"Motor Vehicle In-Transport","Front-to-Rear",1,2018,"TOYOTA","COROLLA",0,"Damage Reported, Extent Unknown",0,0,1,"Full Driver License","Valid","No",55,"Dry","Stopped in Roadway","Traveling in same direction with higher speed","No Avoidance Maneuver","Tracking","Stayed in original travel lane","4 DR",0,1,1,1,1,1,0,5,2
61333,8,22,12,"Motor Vehicle In-Transport","Angle",1,2012,"HONDA","CIVIC",998,"Disabling Damage",1,0,1,"Full Driver License","Valid","No",45,"Dry","Going Straight","From crossing street, across path","Unknown/Not Reported","Precrash stability unknown","Stayed on roadway, not known if left original travel lane","2 DR",0,0,0,0,0,0,1,1,0
61339,5,23,15,"Non-Motorist on Personal Conveyance","The First Harmful Event was Not a Collision with a Motor Vehicle in Transport",2,2012,"TOYOTA","CAMRY",35,"Functional Damage",0,0,1,"Full Driver License","Valid","No",30,"Dry","Going Straight","Pedalcyclist or other non-motorist in road","Steering left","Tracking","Stayed in original travel lane","4 DR",1,1,0,0,0,0,1,2,1
61343,5,1,8,"Pedestrian","The First Harmful Event was Not a Collision with a Motor Vehicle in Transport",1,2021,"DODGE","CHARGER",35,"Not Reported",0,0,1,"Full Driver License","Valid","No",35,"Dry","Going Straight","Pedestrian in road","Braking and Unknown Steering Direction","Precrash stability unknown","Stayed on roadway, not known if left original travel lane","4 DR",0,0,1,1,2,2,0,0,2
61344,5,16,12,"Motor Vehicle In-Transport","Sideswipe - Same Direction",1,2013,"FORD","E-350",998,"Minor Damage",0,0,1,"Full Driver License","Valid","No",45,"Dry","Going Straight","From adjacent lane (same direction) over right lane line","Unknown/Not Reported","Tracking","Stayed in original travel lane","WAGON",0,0,0,0,0,0,1,1,0
61349,4,7,8,"Pedestrian","The First Harmful Event was Not a Collision with a Motor Vehicle in Transport",1,2015,"TOYOTA","TACOMA",998,"No Damage",0,0,1,"Full Driver License","Valid","No",40,"Dry","Turning Left","Pedestrian in road","Braking","Precrash stability unknown","Stayed in original travel lane","PU/EC",0,0,0,0,0,0,0,0,0
61351,5,19,1,"Rollover/Overturn","The First Harmful Event was Not a Collision with a Motor Vehicle in Transport",2,2018,"FORD","EDGE",45,"Disabling Damage",1,0,1,"Full Driver License","Valid","No",50,"Dry","Going Straight","Off the edge of the road on the left side","Steering left","Precrash stability unknown","Departed roadway","SUV",0,0,0,1,0,0,0,1,1
61352,4,0,12,"Motor Vehicle In-Transport","Front-to-Rear",1,2015,"DODGE","DART",0,"Disabling Damage",0,0,1,"Full Driver License","Valid","No",50,"Dry","Stopped in Roadway","From crossing street, across path","No Avoidance Maneuver","Tracking","Stayed in original travel lane","4 DR",0,0,0,0,0,0,0,0,0
61354,6,20,8,"Pedestrian","The First Harmful Event was Not a Collision with a Motor Vehicle in Transport",1,2016,"CADILLAC","XTS",13,"Damage Reported, Extent Unknown",0,0,1,"Full Driver License","Valid","No",25,"Dry","Turning Left","Pedestrian in road","Unknown/Not Reported","Tracking","Stayed in original travel lane","4 DR",1,1,0,0,2,2,0,2,1
61355,6,20,14,"Parked Motor Vehicle","The First Harmful Event was Not a Collision with a Motor Vehicle in Transport",1,2019,"GENESIS","G90",65,"Damage Reported, Extent Unknown",0,0,1,"Full Driver License","Valid","No",65,"Dry","Going Straight","From Parking Lane/Shoulder, Median/Crossover, Roadside","Unknown/Not Reported","Tracking","Stayed in original travel lane","4 DR",1,1,1,1,1,1,0,7,3
61359,8,22,8,"Pedestrian","The First Harmful Event was Not a Collision with a Motor Vehicle in Transport",1,2011,"NISSAN","MURANO",75,"Disabling Damage",0,0,1,"Full Driver License","Valid","No",65,"Dry","Going Straight","Pedestrian in road","Braking and steering right","Tracking","Stayed in original travel lane","SUV",0,1,0,0,0,0,1,2,0
61361,8,18,12,"Motor Vehicle In-Transport","Angle",1,2011,"TOYOTA","CAMRY",40,"Disabling Damage",0,0,1,"Full Driver License","Valid","No",40,"Dry","Going Straight","From driveway, across path","Other actions (specify:)","Tracking","Stayed in original travel lane","4 DR",0,1,0,0,0,0,1,2,0
61365,5,4,12,"Motor Vehicle In-Transport","Not Reported",1,2018,"HONDA","ACCORD",70,"Minor Damage",0,0,1,"Full Driver License","Valid","No",55,"Dry","Negotiating a Curve","Traveling in opposite direction","Steering left","Tracking","Stayed in original travel lane","4 DR",1,1,1,1,1,1,0,5,3
61365,5,4,12,"Motor Vehicle In-Transport","Not Reported",1,2016,"JEEP","WRANGLER",60,"Disabling Damage",0,0,1,"Full Driver License","Valid","No",55,"Dry","Negotiating a Curve","From adjacent lane (same direction) over left lane line","Unknown/Not Reported","Tracking","Stayed in original travel lane","4 DR",0,0,0,0,0,0,0,0,0
61365,5,4,12,"Motor Vehicle In-Transport","Not Reported",1,2016,"MAZDA","MAZDA3",998,"Functional Damage",0,0,1,"Full Driver License","Valid","No",55,"Dry","Negotiating a Curve","Other critical precrash event (specify:)","Unknown/Not Reported","Tracking","Stayed in original travel lane","4 DR",0,1,1,0,2,0,0,2,1
61366,9,2,8,"Pedestrian","The First Harmful Event was Not a Collision with a Motor Vehicle in Transport",1,2011,"CHEVROLET","IMPALA",55,"Minor Damage",0,0,1,"Full Driver License","Valid","No",55,"Dry","Going Straight","Pedestrian in road","Steering left","Tracking","Stayed in original travel lane","4 DR",0,0,0,0,0,0,1,2,0
61368,5,23,8,"Pedestrian","The First Harmful Event was Not a Collision with a Motor Vehicle in Transport",3,2016,"NISSAN","VERSA",998,"Functional Damage",0,0,1,"Full Driver License","Valid","No",35,"Dry","Going Straight","Pedestrian in road","Unknown/Not Reported","Tracking","Stayed in original travel lane","4 DR",0,0,0,0,0,0,0,0,0
61374,8,12,12,"Motor Vehicle In-Transport","Front-to-Front",1,2017,"DODGE","CHARGER",55,"Disabling Damage",1,0,1,"Full Driver License","Valid","No",55,"Dry","Going Straight","Traveling in opposite direction","Unknown/Not Reported","Tracking","Stayed on roadway, but left original travel lane","4 DR",0,0,0,0,2,2,0,0,0
61375,8,3,38,"Fence","The First Harmful Event was Not a Collision with a Motor Vehicle in Transport",1,2022,"VOLKSWAGEN","PASSAT",999,"Disabling Damage",1,0,1,"Full Driver License","Valid","No",55,"Dry","Going Straight","Off the edge of the road on the right side","Unknown/Not Reported","Tracking","Departed roadway","4 DR",1,1,1,1,1,1,0,7,3
61378,6,99,43,"Other Fixed Object","The First Harmful Event was Not a Collision with a Motor Vehicle in Transport",1,2016,"TOYOTA","CAMRY",999,"Disabling Damage",1,0,1,"Full Driver License","Valid","No",70,"Dry","Going Straight","Off the edge of the road on the right side","Unknown/Not Reported","Tracking","Departed roadway","4 DR",1,1,0,0,2,2,0,1,1
61381,7,2,8,"Pedestrian","The First Harmful Event was Not a Collision with a Motor Vehicle in Transport",1,2012,"HONDA","CIVIC",70,"Damage Reported, Extent Unknown",0,0,1,"Full Driver License","Valid","No",55,"Dry","Going Straight","Pedestrian in road","Steering right","Tracking","Stayed in original travel lane","2 DR",0,0,0,0,0,0,1,1,0
61383,5,2,33,"Curb","The First Harmful Event was Not a Collision with a Motor Vehicle in Transport",1,2013,"CHEVROLET","EQUINOX",998,"Disabling Damage",1,0,1,"Full Driver License","Valid","No",35,"Dry","Going Straight","Off the edge of the road on the left side","Unknown/Not Reported","Tracking","Departed roadway","SUV",0,1,0,1,0,0,1,3,1
61384,7,12,12,"Motor Vehicle In-Transport","Angle",1,2017,"NISSAN","ROGUE",998,"Functional Damage",0,0,1,"Full Driver License","Valid","No",25,"Dry","Turning Left","Turning Left","No Avoidance Maneuver","Tracking","Stayed in original travel lane","SUV",0,0,0,1,2,2,0,0,1
61385,8,14,12,"Motor Vehicle In-Transport","Angle",6,2017,"HONDA","ODYSSEY",998,"Functional Damage",0,0,1,"Full Driver License","Valid","No",55,"Dry","Turning Right","Turning Right","No Avoidance Maneuver","Tracking","Stayed in original travel lane","VAN",0,1,0,0,0,0,0,1,0
61388,2,19,1,"Rollover/Overturn","The First Harmful Event was Not a Collision with a Motor Vehicle in Transport",2,2022,"FORD","MAVERICK",998,"Functional Damage",0,0,1,"Full Driver License","Valid","No",35,"Dry","Negotiating a Curve","From opposite direction  over left lane line","Braking and steering right","Precrash stability unknown","Stayed on roadway, but left original travel lane","PU/CC",0,0,1,1,2,2,0,3,2
61389,4,16,12,"Motor Vehicle In-Transport","Angle",5,2013,"KIA","SORENTO",999,"Damage Reported, Extent Unknown",2,0,1,"Full Driver License","Valid","No",35,"Dry","Going Straight","From crossing street, across path","Unknown/Not Reported","Tracking","Stayed in original travel lane","SUV",0,1,0,0,0,0,1,2,0
61389,4,16,12,"Motor Vehicle In-Transport","Angle",5,2017,"HYUNDAI","SANTA FE",30,"Damage Reported, Extent Unknown",0,0,1,"Full Driver License","Valid","No",35,"Dry","Going Straight","From crossing street, across path","No Avoidance Maneuver","Tracking","Stayed in original travel lane","SUV",1,1,1,0,2,2,0,2,2
61391,7,14,12,"Motor Vehicle In-Transport","Angle",1,2011,"SUBARU","OUTBACK",998,"Functional Damage",0,0,1,"Full Driver License","Valid","No",25,"Dry","Going Straight","From crossing street, across path","No Avoidance Maneuver","Tracking","Stayed in original travel lane","SUV",0,2,0,0,0,0,1,1,0
61395,6,22,8,"Pedestrian","The First Harmful Event was Not a Collision with a Motor Vehicle in Transport",1,2017,"HONDA","CIVIC",38,"Damage Reported, Extent Unknown",0,0,1,"Full Driver License","Valid","No",35,"Dry","Going Straight","Pedestrian in road","Other actions (specify:)","Tracking","Stayed on roadway, not known if left original travel lane","2 DR",0,1,0,0,2,2,0,1,0
61404,8,5,12,"Motor Vehicle In-Transport","Angle",5,2021,"HONDA","ACCORD",998,"Disabling Damage",3,0,1,"Full Driver License","Valid","No",35,"Dry","Going Straight","From crossing street, across path","Unknown/Not Reported","Tracking","Stayed in original travel lane","4 DR",1,1,1,1,1,1,0,6,3
61407,9,20,8,"Pedestrian","The First Harmful Event was Not a Collision with a Motor Vehicle in Transport",1,2013,"CHEVROLET","CRUZE",998,"Minor Damage",0,0,1,"Full Driver License","Valid","No",35,"Dry","Going Straight","Pedestrian in road","Unknown/Not Reported","Tracking","Stayed in original travel lane","4 DR",0,2,0,0,0,0,1,2,0
61409,9,5,12,"Motor Vehicle In-Transport","Not Reported",1,2022,"TOYOTA","RAV4",48,"Disabling Damage",0,0,1,"Full Driver License","Valid","No",50,"Dry","Going Straight","From opposite direction  over left lane line","No Avoidance Maneuver","Tracking","Stayed in original travel lane","SUV",0,1,1,1,1,1,0,6,2
61409,9,5,12,"Motor Vehicle In-Transport","Not Reported",1,2023,"TESLA","MODEL 3",998,"Disabling Damage",0,0,1,"Full Driver License","Valid","No",50,"Dry","Going Straight","From opposite direction  over left lane line","No Avoidance Maneuver","Tracking","Stayed in original travel lane","4 DR",1,1,1,1,1,1,0,6,3
61412,5,8,12,"Motor Vehicle In-Transport","Angle",1,2014,"TOYOTA","TUNDRA",998,"Functional Damage",0,0,1,"Full Driver License","Valid","No",25,"Dry","Going Straight","Crossing Over (Passing Through) Junction","Unknown/Not Reported","Precrash stability unknown","Stayed in original travel lane","PU/EC",0,0,0,0,0,0,1,1,0
61414,4,9,12,"Motor Vehicle In-Transport","Front-to-Front",1,2020,"RAM","1500",998,"Disabling Damage",0,0,1,"Full Driver License","Valid","No",55,"Dry","Going Straight","From opposite direction  over left lane line","Accelerating","Tracking","Stayed in original travel lane","PU/EC",1,0,1,0,2,2,0,0,2
61415,5,1,12,"Motor Vehicle In-Transport","Front-to-Front",4,2015,"HONDA","CR-V",70,"Disabling Damage",1,0,1,"Full Driver License","Valid","No",65,"Dry","Going Straight","Traveling in opposite direction","No Avoidance Maneuver","Tracking","Stayed in original travel lane","SUV",0,1,0,0,2,2,0,1,0
61416,8,20,8,"Pedestrian","The First Harmful Event was Not a Collision with a Motor Vehicle in Transport",1,2022,"VOLKSWAGEN","TIGUAN",15,"Damage Reported, Extent Unknown",0,0,1,"Full Driver License","Valid","No",40,"Dry","Decelerating in Road","Pedestrian in road","No Avoidance Maneuver","Tracking","Stayed in original travel lane","SUV",1,1,1,1,1,1,0,6,3
61421,7,17,30,"Utility Pole/Light Support","The First Harmful Event was Not a Collision with a Motor Vehicle in Transport",2,2016,"NISSAN","VERSA",999,"Disabling Damage",1,0,1,"Full Driver License","Valid","No",55,"Dry","Negotiating a Curve","Off the edge of the road on the left side","No Avoidance Maneuver","Tracking","Departed roadway","4 DR",0,0,0,0,0,0,0,0,0
61422,5,22,8,"Pedestrian","The First Harmful Event was Not a Collision with a Motor Vehicle in Transport",1,2017,"BMW","I3",68,"Functional Damage",0,0,1,"Full Driver License","Valid","No",65,"Dry","Going Straight","Pedestrian in road","Braking and steering left","Precrash stability unknown","Stayed in original travel lane","5 HB",0,1,0,0,2,2,0,2,0
61425,5,20,8,"Pedestrian","The First Harmful Event was Not a Collision with a Motor Vehicle in Transport",2,2020,"TOYOTA","CAMRY",998,"Minor Damage",0,0,1,"Full Driver License","Valid","No",45,"Dry","Going Straight","Pedestrian in road","No Avoidance Maneuver","Tracking","Stayed in original travel lane","4 DR",0,1,1,1,1,1,0,6,2
61426,5,15,46,"Traffic Signal Support","The First Harmful Event was Not a Collision with a Motor Vehicle in Transport",1,2021,"TOYOTA","RAV4",998,"Disabling Damage",1,0,1,"Full Driver License","Valid","No",35,"Dry","Going Straight","In crossover","Unknown/Not Reported","Tracking","Stayed in original travel lane","SUV",0,1,1,1,1,1,0,6,2
61436,5,18,12,"Motor Vehicle In-Transport","Front-to-Front",1,2021,"MITSUBISHI","OUTLANDER SPORT",998,"Disabling Damage",1,0,1,"Full Driver License","Valid","No",55,"Dry","Going Straight","Over the lane line on left side of travel lane","Unknown/Not Reported","Tracking","Stayed on roadway, but left original travel lane","SUV",1,0,1,0,2,2,0,0,2
61436,5,18,12,"Motor Vehicle In-Transport","Front-to-Front",2,2019,"CHEVROLET","TRAVERSE",35,"Disabling Damage",0,0,1,"Full Driver License","Valid","No",55,"Dry","Going Straight","From opposite direction  over left lane line","Unknown/Not Reported","Tracking","Stayed in original travel lane","SUV",0,1,0,0,2,2,0,2,0
61438,5,21,8,"Pedestrian","The First Harmful Event was Not a Collision with a Motor Vehicle in Transport",2,2021,"JEEP","GRAND CHEROKEE",50,"Minor Damage",0,0,1,"Full Driver License","Valid","No",50,"Dry","Going Straight","Pedestrian in road","Steering right","Tracking","Stayed in original travel lane","SUV",1,1,0,1,2,2,0,2,2
61439,4,20,10,"Railway Vehicle","The First Harmful Event was Not a Collision with a Motor Vehicle in Transport",2,2021,"FORD","MUSTANG MACH-E",998,"Disabling Damage",2,0,1,"Full Driver License","Valid","No",35,"Dry","Going Straight","Object in road","Unknown/Not Reported","Tracking","Stayed in original travel lane","SUV",1,1,1,1,1,1,0,7,3
61441,5,12,12,"Motor Vehicle In-Transport","Front-to-Rear",1,2020,"JEEP","COMPASS",50,"Functional Damage",0,0,1,"Full Driver License","Valid","No",40,"Dry","Going Straight","Traveling in same direction with lower steady speed","Unknown/Not Reported","Tracking","Stayed in original travel lane","SUV",0,1,1,0,2,2,0,1,1
61442,5,16,8,"Pedestrian","The First Harmful Event was Not a Collision with a Motor Vehicle in Transport",1,2020,"CHEVROLET","TRAVERSE",5,"Damage Reported, Extent Unknown",0,0,1,"Full Driver License","Valid","No",25,"Dry","Entering a Parking Position","Pedestrian in road","No Avoidance Maneuver","Tracking","Stayed in original travel lane","SUV",0,0,1,1,2,2,0,1,2
61445,5,23,12,"Motor Vehicle In-Transport","Front-to-Rear",1,2016,"KIA","OPTIMA",75,"Damage Reported, Extent Unknown",0,0,1,"Full Driver License","Valid","No",65,"Dry","Going Straight","Traveling in same direction with higher speed","Unknown/Not Reported","Tracking","Stayed in original travel lane","4 DR",0,1,0,1,2,2,0,1,1
61450,5,23,8,"Pedestrian","The First Harmful Event was Not a Collision with a Motor Vehicle in Transport",2,2020,"MERCEDES-BENZ","C-CLASS",33,"Minor Damage",0,0,1,"Full Driver License","Valid","No",35,"Dry","Going Straight","Pedestrian in road","Unknown/Not Reported","Tracking","Stayed in original travel lane","2 DR",1,1,1,1,1,1,0,5,3
61452,5,21,9,"Pedalcyclist","The First Harmful Event was Not a Collision with a Motor Vehicle in Transport",1,2019,"HONDA","CIVIC",38,"Minor Damage",0,0,1,"Full Driver License","Valid","No",35,"Dry","Going Straight","Pedalcyclist or other non-motorist in road","Unknown/Not Reported","Tracking","Stayed in original travel lane","2 DR",0,1,1,1,1,1,0,5,2
61456,6,21,15,"Non-Motorist on Personal Conveyance","The First Harmful Event was Not a Collision with a Motor Vehicle in Transport",1,2020,"NISSAN","PATHFINDER",998,"Disabling Damage",0,0,1,"Full Driver License","Valid","No",25,"Dry","Going Straight","Pedalcyclist or other non-motorist in road","Steering left","Tracking","Stayed on roadway, but left original travel lane","SUV",1,2,1,0,1,1,0,3,2
61458,5,22,8,"Pedestrian","The First Harmful Event was Not a Collision with a Motor Vehicle in Transport",99,2023,"LAND ROVER","RANGE ROVER",998,"Damage Reported, Extent Unknown",0,0,1,"Full Driver License","Valid","No",40,"Dry","Going Straight","Pedestrian in road","Unknown/Not Reported","Precrash stability unknown","Stayed in original travel lane","SUV",1,1,1,1,1,1,0,6,3
61465,7,17,1,"Rollover/Overturn","The First Harmful Event was Not a Collision with a Motor Vehicle in Transport",2,2018,"KIA","OPTIMA",33,"Damage Reported, Extent Unknown",0,0,1,"Full Driver License","Valid","No",55,"Dry","Negotiating a Curve","From opposite direction  over left lane line","Unknown/Not Reported","Tracking","Stayed in original travel lane","4 DR",1,2,1,1,2,2,0,0,3
61466,8,7,12,"Motor Vehicle In-Transport","Front-to-Rear",1,2014,"TOYOTA","CAMRY",0,"Minor Damage",0,0,1,"Full Driver License","Valid","No",55,"Dry","Stopped in Roadway","Traveling in same direction with higher speed","No Avoidance Maneuver","Tracking","Stayed in original travel lane","4 DR",0,0,0,0,0,0,1,1,0
61470,3,3,8,"Pedestrian","The First Harmful Event was Not a Collision with a Motor Vehicle in Transport",1,2015,"HONDA","CIVIC",998,"Damage Reported, Extent Unknown",0,0,1,"Full Driver License","Valid","No",50,"Dry","Going Straight","Pedestrian in road","Unknown/Not Reported","Tracking","Stayed in original travel lane","4 DR",0,1,1,0,0,0,0,1,1
61472,6,21,12,"Motor Vehicle In-Transport","Angle",5,2016,"HONDA","PILOT",55,"Damage Reported, Extent Unknown",0,0,1,"Full Driver License","Valid","No",55,"Dry","Negotiating a Curve","From opposite direction  over left lane line","Unknown/Not Reported","Tracking","Stayed in original travel lane","SUV",1,1,1,0,2,2,0,1,2
61473,8,18,12,"Motor Vehicle In-Transport","Front-to-Rear",4,2020,"NISSAN","PATHFINDER",0,"Functional Damage",0,0,1,"Full Driver License","Valid","No",55,"Dry","Stopped in Roadway","Traveling in same direction with higher speed","No Avoidance Maneuver","Tracking","Stayed in original travel lane","SUV",1,2,1,0,1,1,0,3,2
61474,4,22,8,"Pedestrian","The First Harmful Event was Not a Collision with a Motor Vehicle in Transport",1,2023,"KIA","EV6",70,"Minor Damage",0,0,1,"Full Driver License","Valid","No",70,"Dry","Going Straight","Pedestrian unknown location","Unknown/Not Reported","Precrash stability unknown","Unknown","SUV",1,0,1,1,1,1,0,5,3
61476,6,17,18,"Other Object (not fixed)","The First Harmful Event was Not a Collision with a Motor Vehicle in Transport",1,2017,"FORD","EXPLORER",998,"Disabling Damage",0,0,1,"Full Driver License","Valid","No",35,"Dry","Going Straight","From adjacent lane (same direction) over right lane line","Unknown/Not Reported","Tracking","Stayed in original travel lane","SUV",1,0,1,0,0,0,0,0,2
61478,6,20,12,"Motor Vehicle In-Transport","Front-to-Rear",2,2014,"SUBARU","FORESTER",0,"Disabling Damage",1,0,1,"Full Driver License","Valid","No",50,"Dry","Stopped in Roadway","Traveling in same direction with higher speed","No Avoidance Maneuver","Tracking","Stayed in original travel lane","SUV",0,0,0,0,2,2,1,1,0
61479,6,15,8,"Pedestrian","The First Harmful Event was Not a Collision with a Motor Vehicle in Transport",2,2022,"TOYOTA","COROLLA CROSS",998,"Functional Damage",0,0,1,"Full Driver License","Valid","No",45,"Dry","Negotiating a Curve","Pedestrian in road","Unknown/Not Reported","Precrash stability unknown","Stayed in original travel lane","SUV",1,1,1,1,1,1,0,7,3
61484,1,16,12,"Motor Vehicle In-Transport","Angle",1,2013,"TOYOTA","SIENNA",5,"Functional Damage",0,0,1,"Full Driver License","Valid","No",65,"Dry","Accelerating in Road","From crossing street, across path","No Avoidance Maneuver","Tracking","Stayed in original travel lane","VAN",0,1,0,0,2,2,1,2,0
61486,1,20,8,"Pedestrian","The First Harmful Event was Not a Collision with a Motor Vehicle in Transport",1,2019,"TOYOTA","TUNDRA",10,"Damage Reported, Extent Unknown",0,0,1,"Full Driver License","Valid","No",25,"Dry","Turning Left","Pedestrian in road","No Avoidance Maneuver","Tracking","Stayed in original travel lane","PU/EC",1,2,1,1,1,1,0,4,3
61490,7,1,8,"Pedestrian","The First Harmful Event was Not a Collision with a Motor Vehicle in Transport",1,2021,"TOYOTA","COROLLA",64,"Functional Damage",0,0,1,"Full Driver License","Valid","No",65,"Dry","Negotiating a Curve","Pedestrian in road","Braking","Tracking","Stayed in original travel lane","4 DR",0,1,1,1,1,1,0,6,2
61494,8,5,12,"Motor Vehicle In-Transport","Angle",2,2020,"BUICK","ENCORE GX",75,"Disabling Damage",0,0,1,"Full Driver License","Valid","No",65,"Dry","Going Straight","From crossing street, across path","Unknown/Not Reported","Tracking","Stayed in original travel lane","SUV",1,1,1,1,1,1,0,6,3
61496,6,21,8,"Pedestrian","The First Harmful Event was Not a Collision with a Motor Vehicle in Transport",99,2020,"JEEP","GRAND CHEROKEE",48,"Damage Reported, Extent Unknown",0,0,1,"Full Driver License","Valid","No",45,"Dry","Going Straight","Pedestrian in road","Steering right","Tracking","Stayed in original travel lane","SUV",1,1,0,1,2,2,0,2,2
61498,4,0,12,"Motor Vehicle In-Transport","Angle",1,2014,"CHEVROLET","MALIBU",58,"Damage Reported, Extent Unknown",0,0,1,"Full Driver License","Valid","No",55,"Dry","Going Straight","From crossing street, across path","No Avoidance Maneuver","Tracking","Stayed in original travel lane","4 DR",0,0,0,0,0,0,1,2,0
61501,6,10,18,"Other Object (not fixed)","The First Harmful Event was Not a Collision with a Motor Vehicle in Transport",2,2015,"FORD","TRANSIT",62,"Functional Damage",0,0,1,"Full Driver License","Valid","No",65,"Dry","Going Straight","Other critical precrash event (specify:)","Braking","Tracking","Stayed in original travel lane","VAN",0,1,0,0,0,0,0,1,0