"SERIAL_CRASH","MONTH","HOUR","HARM_EV","HARM_EVNAME","TYPE_OF_COLLIOSION","NUM_OF_PEOPLE","MOD_YEAR","VPICMAKENAME","VPICMODELNAME","TRAV_SP","DEFORMEDNAME","DEATHS","DR_DRINK","IS_DRIVER_PRESENT","L_TYPENAME","L_STATUSNAME","SPEEDRELNAME","VSPD_LIM","VSURCONDNAME","P_CRASH1NAME","P_CRASH2NAME","P_CRASH3NAME","PCRASH4NAME","PCRASH5NAME","BODY_STYLE","BLIND_SPOT_DETECTION","ARS","FRNT_COLLISION_WARNING","LANE_DEPARTURE_WARNING","CRASH_IMMINENT_BRAKE","DYNAMIC_BRAKE_SUPPORT","NHTSA_ESC","SAFETY_COUNT","notification_count"
61504,6,14,12,"Motor Vehicle In-Transport","Angle",2,2012,"FORD","FOCUS",5,"Disabling Damage",1,0,1,"Full Driver License","Valid","No",55,"Dry","Going Straight","Crossing Over (Passing Through) Junction","Unknown/Not Reported","Tracking","Stayed in original travel lane","5 HB",0,1,0,0,0,0,1,2,0
61506,6,20,8,"Pedestrian","The First Harmful Event was Not a Collision with a Motor Vehicle in Transport",1,2018,"DODGE","CHALLENGER",35,"Functional Damage",0,0,1,"Full Driver License","Valid","No",35,"Dry","Going Straight","Pedestrian in road","Unknown/Not Reported","Tracking","Stayed in original travel lane","2 DR",1,0,0,0,0,0,0,0,1
61507,6,14,12,"Motor Vehicle In-Transport","Front-to-Rear",2,2015,"TOYOTA","CAMRY",0,"Damage Reported, Extent Unknown",1,0,1,"Full Driver License","Valid","No",35,"Dry","Stopped in Roadway","Traveling in same direction with higher speed","No Avoidance Maneuver","Tracking","Stayed in original travel lane","4 DR",0,1,0,0,2,2,0,1,0
61507,6,14,12,"Motor Vehicle In-Transport","Front-to-Rear",1,2016,"HONDA","ACCORD",0,"Damage Reported, Extent Unknown",0,0,1,"Full Driver License","Valid","No",35,"Dry","Stopped in Roadway","Traveling in same direction with higher speed","No Avoidance Maneuver","Tracking","Stayed in original travel lane","4 DR",0,1,1,1,2,2,0,2,2
61509,6,1,9,"Pedalcyclist","The First Harmful Event was Not a Collision with a Motor Vehicle in Transport",4,2016,"MAZDA","CX-5",998,"Damage Reported, Extent Unknown",0,0,1,"Full Driver License","Valid","No",45,"Dry","Going Straight","Pedalcyclist or other non-motorist in road","Unknown/Not Reported","Tracking","Stayed in original travel lane","SUV",0,1,0,0,2,2,0,2,0
61513,6,13,8,"Pedestrian","The First Harmful Event was Not a Collision with a Motor Vehicle in Transport",1,2020,"MERCEDES-BENZ","A-CLASS",998,"Damage Reported, Extent Unknown",0,0,1,"Full Driver License","Valid","No",45,"Dry","Going Straight","Unknown cause of control loss","Braking and steering left","Tracking","Stayed in original travel lane","4 DR",0,1,1,1,1,1,0,5,2
61517,6,21,8,"Pedestrian","The First Harmful Event was Not a Collision with a Motor Vehicle in Transport",1,2011,"TOYOTA","CAMRY",38,"Damage Reported, Extent Unknown",0,0,1,"Full Driver License","Valid","No",35,"Dry","Going Straight","Pedestrian in road","No Avoidance Maneuver","Tracking","Stayed in original travel lane","4 DR",0,1,0,0,0,0,1,2,0
61520,2,18,12,"Motor Vehicle In-Transport","Front-to-Front",1,2021,"TOYOTA","RAV4",60,"Disabling Damage",0,0,1,"Full Driver License","Valid","No",70,"Dry","Going Straight","Over the lane line on left side of travel lane","Unknown/Not Reported","Precrash stability unknown","Stayed on roadway, but left original travel lane","SUV",0,1,1,1,1,1,0,6,2
61520,2,18,12,"Motor Vehicle In-Transport","Front-to-Front",5,2020,"CADILLAC","XT5",70,"Disabling Damage",1,0,1,"Full Driver License","Valid","No",70,"Dry","Going Straight","From opposite direction  over left lane line","Unknown/Not Reported","Tracking","Stayed in original travel lane","SUV",1,1,1,1,2,1,0,5,3
61531,6,21,12,"Motor Vehicle In-Transport","Front-to-Front",2,2014,"HONDA","ACCORD",998,"Disabling Damage",0,0,1,"Full Driver License","Valid","No",45,"Dry","Going Straight","Over the lane line on left side of travel lane","Unknown/Not Reported","Precrash stability unknown","Stayed on roadway, but left original travel lane","2 DR",0,0,1,0,0,0,1,1,1
61532,7,20,8,"Pedestrian","The First Harmful Event was Not a Collision with a Motor Vehicle in Transport",1,2019,"HYUNDAI","ELANTRA",33,"Functional Damage",0,0,1,"Full Driver License","Valid","No",45,"Dry","Going Straight","Pedestrian in road","No Avoidance Maneuver","Tracking","Stayed in original travel lane","4 DR",1,2,1,1,2,2,0,0,3
61542,9,18,12,"Motor Vehicle In-Transport","Front-to-Rear",1,2016,"TOYOTA","TUNDRA",63,"Minor Damage",0,0,1,"Full Driver License","Valid","No",65,"Dry","Negotiating a Curve","Traveling in same direction with higher speed","Unknown/Not Reported","Tracking","Stayed in original travel lane","PU/CC",0,1,0,0,0,0,0,1,0
61543,9,12,11,"Live Animal","The First Harmful Event was Not a Collision with a Motor Vehicle in Transport",1,2011,"BUICK","ENCLAVE",999,"Disabling Damage",1,0,1,"Full Driver License","Valid","No",25,"Dry","Negotiating a Curve","Animal in road","Unknown/Not Reported","Tracking","Stayed in original travel lane","SUV",0,1,0,0,0,0,1,3,0
61552,7,13,8,"Pedestrian","The First Harmful Event was Not a Collision with a Motor Vehicle in Transport",1,2023,"NISSAN","ALTIMA",998,"Functional Damage",0,0,1,"Full Driver License","Valid","No",45,"Dry","Going Straight","Pedestrian in road","Braking","Tracking","Stayed in original travel lane","4 DR",0,0,1,1,1,1,0,4,2
61553,7,7,8,"Pedestrian","The First Harmful Event was Not a Collision with a Motor Vehicle in Transport",1,2013,"KIA","OPTIMA",998,"No Damage",0,0,1,"Full Driver License","Valid","No",35,"Dry","Other(specify:)","Pedestrian in road","Unknown/Not Reported","Tracking","Entered roadway","4 DR",0,1,0,0,0,0,1,2,0
61554,7,21,12,"Motor Vehicle In-Transport","Angle",1,2016,"NISSAN","SENTRA",998,"Disabling Damage",0,0,1,"Full Driver License","Valid","No",50,"Dry","Going Straight","Crossing Over (Passing Through) Junction","Unknown/Not Reported","Tracking","Stayed in original travel lane","4 DR",1,0,1,0,2,2,0,0,2
61555,7,16,12,"Motor Vehicle In-Transport","Angle",1,2016,"CHEVROLET","VOLT",998,"Disabling Damage",0,0,1,"Full Driver License","Valid","No",35,"Dry","Making a U-turn","Making a U-Turn","Unknown/Not Reported","Tracking","Stayed on roadway, but left original travel lane","4 DR",0,1,0,1,2,0,0,2,1
61558,6,19,12,"Motor Vehicle In-Transport","Sideswipe - Same Direction",2,2021,"TOYOTA","CAMRY",998,"Disabling Damage",1,0,1,"Full Driver License","Valid","No",45,"Dry","Going Straight","From crossing street, turning into same direction","Unknown/Not Reported","Tracking","Stayed in original travel lane","4 DR",1,1,1,1,1,1,0,6,3
61559,7,2,8,"Pedestrian","The First Harmful Event was Not a Collision with a Motor Vehicle in Transport",99,2013,"TOYOTA","PRIUS V",999,"Functional Damage",0,0,1,"Full Driver License","Valid","No",65,"Dry","Going Straight","Pedestrian in road","Unknown/Not Reported","Tracking","Stayed in original travel lane","SW",0,0,0,0,2,2,1,1,0
61566,8,0,8,"Pedestrian","The First Harmful Event was Not a Collision with a Motor Vehicle in Transport",1,2019,"HONDA","ODYSSEY",40,"Damage Reported, Extent Unknown",0,0,1,"Full Driver License","Valid","No",55,"Dry","Going Straight","Pedestrian in road","Unknown/Not Reported","Tracking","Stayed in original travel lane","VAN",0,1,1,1,2,2,0,1,2
61568,7,21,12,"Motor Vehicle In-Transport","Angle",2,2015,"TOYOTA","CAMRY",998,"Damage Reported, Extent Unknown",0,0,1,"Full Driver License","Valid","No",55,"Dry","Turning Left","Turning Left","No Avoidance Maneuver","Tracking","Stayed in original travel lane","4 DR",1,1,1,0,2,2,0,1,2
61572,8,1,8,"Pedestrian","The First Harmful Event was Not a Collision with a Motor Vehicle in Transport",1,2018,"MERCEDES-BENZ","C-CLASS",998,"Functional Damage",0,0,1,"Full Driver License","Valid","No",50,"Dry","Going Straight","Pedestrian in road","Unknown/Not Reported","Precrash stability unknown","Stayed in original travel lane","2 DR",1,1,1,0,1,1,0,4,2
61574,9,14,33,"Curb","The First Harmful Event was Not a Collision with a Motor Vehicle in Transport",1,2011,"TOYOTA","SIENNA",998,"Damage Reported, Extent Unknown",1,0,1,"Full Driver License","Valid","No",40,"Dry","Going Straight","Off the edge of the road on the right side","Unknown/Not Reported","Tracking","Departed roadway","VAN",0,1,1,0,0,0,1,2,1
61575,9,10,12,"Motor Vehicle In-Transport","Angle",1,2013,"CHEVROLET","VOLT",65,"Disabling Damage",1,0,1,"Full Driver License","Valid","No",65,"Dry","Changing Lanes","Over the lane line on right side of travel lane","Unknown/Not Reported","Tracking","Stayed on roadway, but left original travel lane","4 DR",0,1,1,1,0,0,1,3,2
61576,10,16,33,"Curb","The First Harmful Event was Not a Collision with a Motor Vehicle in Transport",1,2018,"FORD","EXPLORER",0,"Functional Damage",0,0,1,"Full Driver License","Valid","No",25,"Dry","Stopped in Roadway","From adjacent lane (same direction) over right lane line","No Avoidance Maneuver","Tracking","Stayed in original travel lane","SUV",0,0,1,1,0,0,0,0,2
61580,7,22,8,"Pedestrian","The First Harmful Event was Not a Collision with a Motor Vehicle in Transport",1,2012,"HONDA","ACCORD",60,"Disabling Damage",0,0,1,"Full Driver License","Valid","No",65,"Dry","Changing Lanes","Pedestrian in road","No Avoidance Maneuver","Tracking","Stayed on roadway, but left original travel lane","2 DR",0,0,0,0,0,0,1,1,0
61581,8,2,9,"Pedalcyclist","The First Harmful Event was Not a Collision with a Motor Vehicle in Transport",1,2019,"NISSAN","KICKS",45,"Disabling Damage",0,0,1,"Full Driver License","Valid","No",40,"Dry","Going Straight","Pedalcyclist or other non-motorist in road","Braking","Tracking","Stayed in original travel lane","SUV",1,1,1,0,1,1,0,4,2
61583,8,18,59,"Traffic Sign Support","The First Harmful Event was Not a Collision with a Motor Vehicle in Transport",5,2016,"RAM","1500",35,"Functional Damage",1,0,1,"Full Driver License","Valid","No",55,"Dry","Going Straight","Off the edge of the road on the right side","Steering right","Tracking","Departed roadway","PU/RC",0,0,0,0,0,0,0,0,0
61587,10,22,8,"Pedestrian","The First Harmful Event was Not a Collision with a Motor Vehicle in Transport",2,2016,"MERCEDES-BENZ","E-CLASS",48,"Damage Reported, Extent Unknown",0,0,1,"Full Driver License","Valid","No",55,"Dry","Going Straight","Pedestrian in road","No Avoidance Maneuver","Tracking","Stayed in original travel lane","2 DR",1,1,1,0,1,1,0,4,2
61588,10,20,12,"Motor Vehicle In-Transport","Front-to-Front",1,2014,"HONDA","ACCORD",999,"Disabling Damage",1,0,1,"Full Driver License","Valid","No",55,"Dry","Going Straight","Over the lane line on left side of travel lane","Unknown/Not Reported","Tracking","Stayed on roadway, but left original travel lane","2 DR",0,0,1,0,0,0,1,1,1
61588,10,20,12,"Motor Vehicle In-Transport","Front-to-Front",4,2016,"TOYOTA","RAV4",999,"Disabling Damage",0,0,1,"Full Driver License","Valid","No",55,"Dry","Going Straight","From opposite direction  over left lane line","Steering right","Tracking","Stayed in original travel lane","SUV",0,1,1,1,2,2,0,1,2
61593,6,17,12,"Motor Vehicle In-Transport","Angle",2,2016,"SUBARU","OUTBACK",75,"Disabling Damage",1,0,1,"Full Driver License","Valid","No",70,"Dry","Going Straight","From adjacent lane (same direction) over left lane line","Unknown/Not Reported","Tracking","Stayed in original travel lane","SUV",0,0,1,0,2,2,0,0,1
61593,6,17,12,"Motor Vehicle In-Transport","Angle",3,2022,"TESLA","MODEL 3",65,"Disabling Damage",0,0,1,"Full Driver License","Valid","No",70,"Dry","Going Straight","From opposite direction  over left lane line","Unknown/Not Reported","Tracking","Stayed in original travel lane","4 DR",1,1,1,1,1,1,0,6,3
61597,8,5,8,"Pedestrian","The First Harmful Event was Not a Collision with a Motor Vehicle in Transport",1,2019,"TOYOTA","CAMRY",37,"Functional Damage",0,0,1,"Full Driver License","Valid","No",45,"Dry","Going Straight","Pedestrian in road","Unknown/Not Reported","Skidding longitudinally  rotation less than 30 degrees","Stayed in original travel lane","4 DR",1,1,1,1,1,1,0,5,3
61608,1,9,12,"Motor Vehicle In-Transport","Angle",2,2012,"HONDA","ACCORD",998,"Damage Reported, Extent Unknown",1,0,1,"Full Driver License","Valid","No",55,"Dry","Turning Left","Turning Left","Unknown/Not Reported","Tracking","Stayed in original travel lane","2 DR",0,0,0,0,0,0,1,1,0
61612,7,3,8,"Pedestrian","The First Harmful Event was Not a Collision with a Motor Vehicle in Transport",1,2021,"CHEVROLET","COLORADO",65,"Functional Damage",0,0,1,"Full Driver License","Valid","No",55,"Dry","Going Straight","Pedestrian in road","Braking and steering right","Skidding longitudinally  rotation less than 30 degrees","Stayed on roadway, not known if left original travel lane","PU/EC",0,1,1,1,2,2,0,1,2
61616,9,7,12,"Motor Vehicle In-Transport","Angle",2,2013,"HONDA","CIVIC",999,"Disabling Damage",2,0,1,"Full Driver License","Valid","No",55,"Dry","Going Straight","Crossing Over (Passing Through) Junction","Unknown/Not Reported","Tracking","Stayed in original travel lane","4 DR",0,0,0,0,0,0,1,1,0
61616,9,7,12,"Motor Vehicle In-Transport","Angle",5,2021,"CHEVROLET","SUBURBAN",75,"Disabling Damage",0,0,1,"Full Driver License","Valid","No",55,"Dry","Going Straight","From crossing street, across path","Steering right","Tracking","Stayed in original travel lane","SUV",1,1,1,0,1,1,0,5,2
61622,1,14,12,"Motor Vehicle In-Transport","Angle",2,2020,"HYUNDAI","VENUE",4,"Damage Reported, Extent Unknown",2,0,1,"Full Driver License","Valid","No",45,"Dry","Starting in Road","From crossing street, across path","Unknown/Not Reported","Tracking","Stayed in original travel lane","5 HB",0,2,1,1,1,1,0,4,2
61622,1,14,12,"Motor Vehicle In-Transport","Angle",2,2021,"TOYOTA","COROLLA",998,"Damage Reported, Extent Unknown",0,0,1,"Full Driver License","Valid","No",45,"Dry","Decelerating in Road","From opposite direction  over left lane line","Braking and steering right","Tracking","Stayed in original travel lane","4 DR",0,1,1,1,1,1,0,6,2
61632,3,23,25,"Concrete Traffic Barrier","The First Harmful Event was Not a Collision with a Motor Vehicle in Transport",1,2021,"KIA","K5",65,"Damage Reported, Extent Unknown",0,0,1,"Full Driver License","Valid","No",65,"Dry","Negotiating a Curve","Other critical precrash event (specify:)","Unknown/Not Reported","Tracking","Stayed in original travel lane","4 DR",1,2,1,1,1,1,0,6,3
61636,7,5,12,"Motor Vehicle In-Transport","Angle",2,2012,"DODGE","AVENGER",999,"Disabling Damage",1,0,1,"Full Driver License","Valid","No",55,"Dry","Going Straight","Crossing Over (Passing Through) Junction","Unknown/Not Reported","Tracking","Stayed in original travel lane","4 DR",0,1,0,0,0,0,1,2,0
61638,8,18,12,"Motor Vehicle In-Transport","Front-to-Rear",3,2023,"NISSAN","SENTRA",0,"Functional Damage",1,0,1,"Full Driver License","Valid","No",65,"Dry","Stopped in Roadway","Traveling in same direction with higher speed","No Avoidance Maneuver","Tracking","Stayed in original travel lane","4 DR",1,2,1,1,1,1,0,5,3
61639,8,23,12,"Motor Vehicle In-Transport","Angle",1,2022,"TOYOTA","COROLLA",998,"Damage Reported, Extent Unknown",1,0,1,"Full Driver License","Valid","No",65,"Dry","Turning Left","From crossing street, across path","Unknown/Not Reported","Tracking","Stayed in original travel lane","4 DR",0,1,1,1,1,1,0,6,2
61640,8,23,8,"Pedestrian","The First Harmful Event was Not a Collision with a Motor Vehicle in Transport",1,2023,"TOYOTA","CAMRY",65,"Functional Damage",0,0,1,"Full Driver License","Valid","No",65,"Dry","Going Straight","Pedestrian in road","No Avoidance Maneuver","Tracking","Stayed in original travel lane","4 DR",0,1,1,1,1,1,0,5,2
61645,6,18,12,"Motor Vehicle In-Transport","Angle",1,2018,"HONDA","CIVIC",25,"Functional Damage",0,0,1,"Full Driver License","Valid","No",35,"Dry","Turning Left","Turning Left","No Avoidance Maneuver","Tracking","Stayed in original travel lane","5 HB",0,1,1,0,2,2,0,1,1
61656,10,12,20,"Impact Attenuator/Crash Cushion","The First Harmful Event was Not a Collision with a Motor Vehicle in Transport",1,2012,"HONDA","CIVIC",65,"Disabling Damage",1,0,1,"Full Driver License","Valid","No",65,"Dry","Going Straight","Blow out/flat tire","Steering right","Skidding laterally clockwise rotation","Departed roadway","2 DR",0,0,0,0,0,0,1,1,0
61657,10,16,9,"Pedalcyclist","The First Harmful Event was Not a Collision with a Motor Vehicle in Transport",1,2017,"CHEVROLET","VOLT",35,"Damage Reported, Extent Unknown",0,0,1,"Full Driver License","Valid","No",45,"Dry","Going Straight","Pedalcyclist or other non-motorist in road","No Avoidance Maneuver","Tracking","Stayed in original travel lane","5 HB",1,1,0,1,2,2,0,2,2
61661,8,3,12,"Motor Vehicle In-Transport","Front-to-Front",1,2023,"TOYOTA","TACOMA",998,"Disabling Damage",1,0,1,"Full Driver License","Valid","No",60,"Dry","Going Straight","From opposite direction  over left lane line","Unknown/Not Reported","Tracking","Stayed in original travel lane","PU/EC",1,2,1,1,1,1,0,4,3
61662,8,14,12,"Motor Vehicle In-Transport","Angle",1,2013,"TOYOTA","RAV4",998,"Disabling Damage",0,0,1,"Full Driver License","Valid","No",55,"Dry","Turning Left","Turning Left","Unknown/Not Reported","Precrash stability unknown","Stayed in original travel lane","SUV",0,0,0,0,0,0,1,1,0
61664,8,22,12,"Motor Vehicle In-Transport","Front-to-Front",1,2018,"HONDA","ACCORD",998,"Disabling Damage",1,0,1,"Full Driver License","Valid","No",35,"Dry","Going Straight","From opposite direction  over left lane line","Unknown/Not Reported","Precrash stability unknown","Stayed in original travel lane","4 DR",1,1,1,1,1,1,0,5,3
61667,10,3,8,"Pedestrian","The First Harmful Event was Not a Collision with a Motor Vehicle in Transport",1,2014,"HONDA","CIVIC",60,"Damage Reported, Extent Unknown",0,0,1,"Full Driver License","Valid","No",65,"Dry","Going Straight","Pedestrian in road","No Avoidance Maneuver","Tracking","Stayed in original travel lane","4 DR",0,0,0,0,0,0,1,1,0
61668,10,0,12,"Motor Vehicle In-Transport","Front-to-Front",1,2015,"HONDA","PILOT",999,"Damage Reported, Extent Unknown",1,0,1,"Full Driver License","Valid","No",65,"Dry","Going Straight","From opposite direction  over left lane line","Unknown/Not Reported","Tracking","Stayed in original travel lane","SUV",0,1,0,0,0,0,0,1,0
61680,9,3,20,"Impact Attenuator/Crash Cushion","The First Harmful Event was Not a Collision with a Motor Vehicle in Transport",1,2011,"KIA","OPTIMA",999,"Disabling Damage",1,0,1,"Full Driver License","Valid","No",70,"Dry","Going Straight","Off the edge of the road on the left side","Unknown/Not Reported","Precrash stability unknown","Departed roadway","4 DR",0,2,0,0,0,0,1,1,0
61681,9,23,12,"Motor Vehicle In-Transport","Front-to-Rear",1,2018,"GMC","ACADIA",65,"Functional Damage",0,0,1,"Full Driver License","Valid","No",65,"Dry","Negotiating a Curve","Traveling in same direction with higher speed","No Avoidance Maneuver","Tracking","Stayed in original travel lane","SUV",0,1,0,1,2,2,0,2,1
61683,1,3,12,"Motor Vehicle In-Transport","Front-to-Rear",1,2015,"CHEVROLET","IMPALA",60,"Disabling Damage",1,0,1,"Full Driver License","Valid","No",55,"Dry","Going Straight","From adjacent lane (same direction) over right lane line","Unknown/Not Reported","Tracking","Stayed in original travel lane","4 DR",0,1,1,1,2,0,0,2,2
61687,7,20,1,"Rollover/Overturn","The First Harmful Event was Not a Collision with a Motor Vehicle in Transport",4,2020,"FORD","EXPLORER",998,"Minor Damage",0,0,1,"Full Driver License","Valid","No",40,"Dry","Going Straight","Other critical precrash event (specify:)","Unknown/Not Reported","Tracking","Stayed in original travel lane","SUV",1,0,1,1,1,1,0,6,3
61688,3,11,12,"Motor Vehicle In-Transport","Front-to-Front",1,2019,"HONDA","HR-V",40,"Disabling Damage",0,0,1,"Full Driver License","Valid","No",45,"Dry","Going Straight","From opposite direction  over left lane line","No Avoidance Maneuver","Tracking","Stayed in original travel lane","SUV",0,1,0,0,2,2,0,1,0
61689,3,23,8,"Pedestrian","The First Harmful Event was Not a Collision with a Motor Vehicle in Transport",2,2014,"KIA","SOUL",998,"Disabling Damage",0,0,1,"Full Driver License","Valid","No",40,"Dry","Going Straight","Pedestrian in road","No Avoidance Maneuver","Tracking","Stayed in original travel lane","SUV",0,0,0,0,0,0,1,1,0
61695,4,18,14,"Parked Motor Vehicle","The First Harmful Event was Not a Collision with a Motor Vehicle in Transport",1,2017,"HONDA","CIVIC",998,"Disabling Damage",0,0,1,"Full Driver License","Valid","No",45,"Dry","Going Straight","Traveling in same direction with higher speed","Unknown/Not Reported","Precrash stability unknown","Stayed in original travel lane","2 DR",0,1,0,0,2,2,0,1,0
61695,4,18,14,"Parked Motor Vehicle","The First Harmful Event was Not a Collision with a Motor Vehicle in Transport",1,2017,"HONDA","ACCORD",998,"Disabling Damage",0,0,1,"Full Driver License","Valid","No",45,"Dry","Going Straight","Traveling in same direction with higher speed","Unknown/Not Reported","Precrash stability unknown","Stayed in original travel lane","4 DR",0,1,0,1,2,2,0,1,1
61695,4,18,14,"Parked Motor Vehicle","The First Harmful Event was Not a Collision with a Motor Vehicle in Transport",1,2012,"CHEVROLET","MALIBU",0,"Minor Damage",0,0,1,"Full Driver License","Valid","No",45,"Dry","Stopped in Roadway","Traveling in same direction with higher speed","No Avoidance Maneuver","Tracking","Stayed in original travel lane","4 DR",0,0,0,0,0,0,1,2,0
61698,8,5,8,"Pedestrian","The First Harmful Event was Not a Collision with a Motor Vehicle in Transport",1,2012,"TOYOTA","TACOMA",998,"Functional Damage",0,0,1,"Full Driver License","Valid","No",35,"Dry","Going Straight","Pedestrian in road","Steering left","Tracking","Stayed on roadway, not known if left original travel lane","PU/CC",0,0,0,0,0,0,1,1,0
61706,9,6,12,"Motor Vehicle In-Transport","Front-to-Rear",1,2019,"TOYOTA","C-HR",0,"Functional Damage",0,0,1,"Full Driver License","Valid","No",65,"Dry","Stopped in Roadway","Traveling in same direction with higher speed","No Avoidance Maneuver","Tracking","Stayed in original travel lane","5 HB",1,1,1,1,1,1,0,5,3
61713,9,0,12,"Motor Vehicle In-Transport","Front-to-Front",2,2022,"TOYOTA","RAV4",47,"Disabling Damage",2,0,1,"Full Driver License","Valid","No",55,"Dry","Going Straight","From opposite direction  over left lane line","Braking","Precrash stability unknown","Stayed in original travel lane","SUV",1,1,1,1,1,1,0,6,3
61714,10,17,12,"Motor Vehicle In-Transport","Front-to-Rear",3,2023,"CHEVROLET","BOLT EUV",35,"Minor Damage",0,0,1,"Full Driver License","Valid","No",65,"Dry","Decelerating in Road","Traveling in same direction with higher speed","No Avoidance Maneuver","Tracking","Stayed in original travel lane","SUV",0,0,1,1,1,1,0,4,2
61721,9,7,12,"Motor Vehicle In-Transport","Angle",2,2020,"TOYOTA","RAV4",999,"Disabling Damage",1,0,1,"Full Driver License","Valid","No",55,"Dry","Negotiating a Curve","From Parking Lane/Shoulder, Median/Crossover, Roadside","Unknown/Not Reported","Tracking","Stayed in original travel lane","SUV",0,1,1,1,1,1,0,6,2
61722,10,18,12,"Motor Vehicle In-Transport","Angle",1,2020,"HONDA","FIT",998,"Damage Reported, Extent Unknown",1,0,1,"Full Driver License","Valid","No",25,"Dry","Turning Left","From crossing street, across path","Braking","Tracking","Stayed in original travel lane","5 HB",0,1,0,0,2,2,0,1,0
61726,8,13,8,"Pedestrian","The First Harmful Event was Not a Collision with a Motor Vehicle in Transport",1,2019,"TOYOTA","COROLLA",998,"Damage Reported, Extent Unknown",0,0,1,"Full Driver License","Valid","No",40,"Dry","Going Straight","Pedestrian in road","No Avoidance Maneuver","Tracking","Stayed in original travel lane","4 DR",0,1,1,1,1,1,0,5,2
61728,8,21,8,"Pedestrian","The First Harmful Event was Not a Collision with a Motor Vehicle in Transport",1,2017,"NISSAN","PATHFINDER",55,"Functional Damage",0,0,1,"Full Driver License","Valid","No",55,"Dry","Going Straight","Pedestrian in road","Steering left","Tracking","Stayed in original travel lane","SUV",1,0,0,0,2,2,0,0,1
61729,8,4,24,"Guardrail Face","The First Harmful Event was Not a Collision with a Motor Vehicle in Transport",1,2018,"FORD","MUSTANG",999,"Disabling Damage",1,0,1,"Full Driver License","Valid","No",65,"Dry","Going Straight","Off the edge of the road on the right side","Unknown/Not Reported","Tracking","Departed roadway","2 DR",1,0,1,0,2,2,0,1,2
61735,10,3,8,"Pedestrian","The First Harmful Event was Not a Collision with a Motor Vehicle in Transport",1,2011,"HONDA","ACCORD",50,"Damage Reported, Extent Unknown",0,0,1,"Full Driver License","Valid","No",50,"Dry","Going Straight","Pedestrian in road","Braking","Tracking","Stayed in original travel lane","2 DR",0,1,0,0,0,0,1,2,0
61738,10,18,12,"Motor Vehicle In-Transport","Front-to-Rear",3,2015,"CHEVROLET","TRAX",33,"Functional Damage",0,0,1,"Full Driver License","Valid","No",35,"Dry","Going Straight","Traveling in same direction with higher speed","Unknown/Not Reported","Tracking","Stayed on roadway, but left original travel lane","SUV",0,1,0,0,0,0,0,2,0
61742,4,19,12,"Motor Vehicle In-Transport","Front-to-Front",2,2019,"HYUNDAI","ACCENT",21,"Disabling Damage",0,0,1,"Full Driver License","Valid","No",45,"Dry","Turning Left","Turning Left","No Avoidance Maneuver","Tracking","Stayed in original travel lane","4 DR",0,1,1,0,2,2,0,1,1
61747,5,8,12,"Motor Vehicle In-Transport","Front-to-Front",1,2013,"NISSAN","ALTIMA",998,"Disabling Damage",1,0,1,"Full Driver License","Valid","No",45,"Dry","Going Straight","Over the lane line on left side of travel lane","Unknown/Not Reported","Tracking","Stayed on roadway, but left original travel lane","2 DR",0,1,0,0,0,0,1,2,0
61747,5,8,12,"Motor Vehicle In-Transport","Front-to-Front",1,2018,"HYUNDAI","SONATA",998,"Disabling Damage",0,0,1,"Full Driver License","Valid","No",45,"Dry","Going Straight","From opposite direction  over left lane line","Steering right","Tracking","Stayed in original travel lane","4 DR",1,2,0,0,2,2,0,2,1
61753,4,4,12,"Motor Vehicle In-Transport","Front-to-Front",1,2017,"HONDA","CIVIC",999,"Disabling Damage",1,0,1,"Full Driver License","Valid","No",65,"Dry","Going Straight","Traveling in opposite direction","Unknown/Not Reported","Tracking","Stayed in original travel lane","2 DR",0,1,0,0,2,2,0,1,0
61757,11,3,12,"Motor Vehicle In-Transport","Front-to-Front",1,2023,"HYUNDAI","ELANTRA",998,"Damage Reported, Extent Unknown",1,0,1,"Full Driver License","Valid","No",35,"Dry","Going Straight","Traveling in opposite direction","No Avoidance Maneuver","Tracking","Stayed in original travel lane","4 DR",1,2,1,1,1,1,0,5,3
61758,8,4,46,"Traffic Signal Support","The First Harmful Event was Not a Collision with a Motor Vehicle in Transport",1,2013,"HONDA","ACCORD",999,"Disabling Damage",1,0,1,"Full Driver License","Valid","No",40,"Dry","Going Straight","Off the edge of the road on the right side","Unknown/Not Reported","Precrash stability unknown","Departed roadway","2 DR",0,0,1,0,0,0,1,1,1
61762,8,6,12,"Motor Vehicle In-Transport","Angle",1,2019,"HONDA","ACCORD",998,"Disabling Damage",0,0,1,"Full Driver License","Valid","No",45,"Dry","Going Straight","Crossing Over (Passing Through) Junction","Unknown/Not Reported","Precrash stability unknown","Stayed in original travel lane","4 DR",0,1,1,1,1,1,0,6,2
61765,10,19,12,"Motor Vehicle In-Transport","Front-to-Front",2,2022,"CHEVROLET","COLORADO",35,"Disabling Damage",0,0,1,"Full Driver License","Valid","No",55,"Dry","Going Straight","From opposite direction  over left lane line","Braking","Tracking","Stayed in original travel lane","PU/CC",0,1,0,0,2,2,0,1,0