"SERIAL_CRASH","MONTH","HOUR","HARM_EV","HARM_EVNAME","TYPE_OF_COLLIOSION","NUM_OF_PEOPLE","MOD_YEAR","VPICMAKENAME","VPICMODELNAME","TRAV_SP","DEFORMEDNAME","DEATHS","DR_DRINK","IS_DRIVER_PRESENT","L_TYPENAME","L_STATUSNAME","SPEEDRELNAME","VSPD_LIM","VSURCONDNAME","P_CRASH1NAME","P_CRASH2NAME","P_CRASH3NAME","PCRASH4NAME","PCRASH5NAME","BODY_STYLE","BLIND_SPOT_DETECTION","ARS","FRNT_COLLISION_WARNING","LANE_DEPARTURE_WARNING","CRASH_IMMINENT_BRAKE","DYNAMIC_BRAKE_SUPPORT","NHTSA_ESC","SAFETY_COUNT","notification_count"
62013,11,12,42,"Tree (Standing Only)","The First Harmful Event was Not a Collision with a Motor Vehicle in Transport",1,2023,"BUICK","ENVISION",999,"Disabling Damage",1,0,1,"Full Driver License","Valid","No",55,"Dry","Negotiating a Curve","Off the edge of the road on the right side","Unknown/Not Reported","Tracking","Departed roadway","SUV",1,0,1,1,1,1,0,5,3
62015,9,20,15,"Non-Motorist on Personal Conveyance","The First Harmful Event was Not a Collision with a Motor Vehicle in Transport",1,2022,"HONDA","ACCORD",35,"Minor Damage",0,0,1,"Full Driver License","Valid","No",35,"Dry","Going Straight","Pedalcyclist or other non-motorist in road","Braking","Tracking","Stayed in original travel lane","4 DR",1,1,1,1,1,1,0,6,3
62016,10,17,8,"Pedestrian","The First Harmful Event was Not a Collision with a Motor Vehicle in Transport",1,2019,"RAM","1500",998,"Damage Reported, Extent Unknown",0,0,1,"Full Driver License","Valid","No",25,"Dry","Going Straight","Pedestrian in road","Unknown/Not Reported","Tracking","Stayed on roadway, not known if left original travel lane","PU/EC",0,1,1,0,2,2,0,1,1
62019,10,5,8,"Pedestrian","The First Harmful Event was Not a Collision with a Motor Vehicle in Transport",1,2019,"TOYOTA","TACOMA",998,"Damage Reported, Extent Unknown",0,0,1,"Full Driver License","Valid","No",40,"Dry","Going Straight","Pedestrian in road","Unknown/Not Reported","Tracking","Stayed in original travel lane","PU/EC",0,1,1,1,1,1,0,5,2
62023,3,19,12,"Motor Vehicle In-Transport","Angle",3,2017,"NISSAN","ALTIMA",998,"Damage Reported, Extent Unknown",2,0,1,"Full Driver License","Valid","No",30,"Dry","Turning Left","From opposite direction  over left lane line","No Avoidance Maneuver","Tracking","Stayed on roadway, but left original travel lane","4 DR",0,0,0,0,2,2,0,0,0
62033,11,6,12,"Motor Vehicle In-Transport","Front-to-Front",1,2017,"TOYOTA","TACOMA",35,"Damage Reported, Extent Unknown",0,0,1,"Full Driver License","Valid","No",35,"Dry","Going Straight","From opposite direction  over left lane line","Unknown/Not Reported","Precrash stability unknown","Stayed in original travel lane","PU/CC",1,1,0,0,0,0,0,1,1
62034,11,16,12,"Motor Vehicle In-Transport","Front-to-Rear",1,2023,"LAND ROVER","RANGE ROVER",3,"Damage Reported, Extent Unknown",0,0,1,"Full Driver License","Valid","No",65,"Dry","Going Straight","Traveling in same direction with higher speed","No Avoidance Maneuver","Tracking","Stayed in original travel lane","SUV",1,1,1,1,1,1,0,6,3
62036,9,23,8,"Pedestrian","The First Harmful Event was Not a Collision with a Motor Vehicle in Transport",1,2015,"HYUNDAI","TUCSON",43,"Damage Reported, Extent Unknown",0,0,1,"Full Driver License","Valid","No",45,"Dry","Negotiating a Curve","Pedestrian in road","Braking and steering left","Tracking","Stayed on roadway, but left original travel lane","SUV",0,1,0,0,0,0,0,1,0
62037,6,21,8,"Pedestrian","The First Harmful Event was Not a Collision with a Motor Vehicle in Transport",2,2012,"TOYOTA","TACOMA",45,"Damage Reported, Extent Unknown",0,0,1,"Full Driver License","Valid","No",45,"Dry","Going Straight","Pedestrian in road","Braking and steering left","Skidding longitudinally  rotation less than 30 degrees","Stayed in original travel lane","PU/CC",0,0,0,0,0,0,1,1,0
62038,10,23,12,"Motor Vehicle In-Transport","Front-to-Front",1,2015,"HONDA","ACCORD",53,"Disabling Damage",0,0,1,"Full Driver License","Valid","No",55,"Dry","Negotiating a Curve","From opposite direction  over left lane line","Unknown/Not Reported","Precrash stability unknown","Stayed in original travel lane","4 DR",0,1,1,0,0,0,0,2,1
62041,11,20,8,"Pedestrian","The First Harmful Event was Not a Collision with a Motor Vehicle in Transport",1,2017,"HONDA","CIVIC",75,"Damage Reported, Extent Unknown",0,0,1,"Full Driver License","Valid","No",70,"Dry","Going Straight","Pedestrian in road","Braking and steering left","Tracking","Stayed in original travel lane","2 DR",0,1,0,1,2,2,0,1,1
62042,9,20,8,"Pedestrian","The First Harmful Event was Not a Collision with a Motor Vehicle in Transport",1,2013,"FORD","TRANSIT CONNECT",60,"Functional Damage",0,0,1,"Full Driver License","Valid","No",65,"Dry","Going Straight","Pedestrian in road","Unknown/Not Reported","Tracking","Stayed in original travel lane","VAN",0,0,0,0,0,0,1,1,0
62043,9,14,12,"Motor Vehicle In-Transport","Angle",1,2020,"NISSAN","VERSA",998,"Damage Reported, Extent Unknown",1,0,1,"Full Driver License","Valid","No",45,"Dry","Turning Left","Turning Left","Unknown/Not Reported","Tracking","Stayed on roadway, but left original travel lane","4 DR",0,0,1,1,1,1,0,4,2
62046,11,8,12,"Motor Vehicle In-Transport","Front-to-Front",5,2015,"AUDI","Q5",40,"Disabling Damage",2,0,1,"Full Driver License","Valid","No",55,"Dry","Negotiating a Curve","Other critical precrash event (specify:)","Steering left","Skidding longitudinally  rotation less than 30 degrees","Stayed in original travel lane","SUV",1,1,0,0,2,0,0,1,1
62049,8,0,8,"Pedestrian","The First Harmful Event was Not a Collision with a Motor Vehicle in Transport",2,2023,"GENESIS","GV70",63,"Damage Reported, Extent Unknown",0,0,1,"Full Driver License","Valid","No",65,"Dry","Going Straight","Pedestrian in road","Braking","Tracking","Stayed in original travel lane","SUV",1,0,1,1,1,1,0,5,3
62050,9,20,12,"Motor Vehicle In-Transport","Front-to-Rear",1,2020,"MINI","CLUBMAN",0,"Minor Damage",0,0,1,"Full Driver License","Valid","No",35,"Dry","Stopped in Roadway","Other critical precrash event (specify:)","No Avoidance Maneuver","Tracking","Stayed in original travel lane","5 HB",0,1,1,0,1,1,0,5,1
62051,9,1,9,"Pedalcyclist","The First Harmful Event was Not a Collision with a Motor Vehicle in Transport",1,2022,"NISSAN","ALTIMA",35,"Functional Damage",0,0,1,"Full Driver License","Valid","No",35,"Dry","Going Straight","Pedalcyclist or other non-motorist in road","No Avoidance Maneuver","Tracking","Stayed in original travel lane","4 DR",1,0,1,1,1,1,0,4,3
62054,9,10,12,"Motor Vehicle In-Transport","Sideswipe - Same Direction",1,2023,"ACURA","MDX",5,"Disabling Damage",0,0,1,"Full Driver License","Valid","No",40,"Dry","Changing Lanes","Over the lane line on right side of travel lane","Unknown/Not Reported","Precrash stability unknown","Stayed on roadway, but left original travel lane","SUV",1,1,1,1,1,1,0,7,3
62061,10,6,12,"Motor Vehicle In-Transport","Angle",1,2017,"JEEP","PATRIOT",40,"Disabling Damage",0,0,1,"Full Driver License","Valid","No",50,"Dry","Going Straight","Crossing Over (Passing Through) Junction","No Avoidance Maneuver","Tracking","Stayed in original travel lane","SUV",0,0,0,0,0,0,0,0,0
62063,8,21,15,"Non-Motorist on Personal Conveyance","The First Harmful Event was Not a Collision with a Motor Vehicle in Transport",1,2017,"CHEVROLET","TRAVERSE",43,"Functional Damage",0,0,1,"Full Driver License","Valid","No",45,"Dry","Going Straight","Pedestrian in road","No Avoidance Maneuver","Tracking","Stayed in original travel lane","SUV",0,1,0,0,0,0,0,2,0
62068,10,7,8,"Pedestrian","The First Harmful Event was Not a Collision with a Motor Vehicle in Transport",3,2019,"TOYOTA","TUNDRA",9,"Damage Reported, Extent Unknown",0,0,1,"Full Driver License","Valid","No",25,"Dry","Turning Left","Turning Left","Unknown/Not Reported","Tracking","Stayed in original travel lane","PU/EC",1,2,1,1,1,1,0,4,3
62072,10,5,8,"Pedestrian","The First Harmful Event was Not a Collision with a Motor Vehicle in Transport",1,2021,"CHEVROLET","EQUINOX",35,"Damage Reported, Extent Unknown",0,0,1,"Full Driver License","Valid","No",30,"Dry","Going Straight","Pedestrian in road","No Avoidance Maneuver","Tracking","Stayed in original travel lane","SUV",1,1,1,1,1,1,0,6,3
62079,10,7,12,"Motor Vehicle In-Transport","Front-to-Front",1,2011,"NISSAN","SENTRA",998,"Disabling Damage",1,0,1,"Full Driver License","Valid","No",35,"Dry","Going Straight","From opposite direction  over left lane line","Unknown/Not Reported","Tracking","Stayed in original travel lane","4 DR",0,1,0,0,0,0,1,2,0
62085,10,19,8,"Pedestrian","The First Harmful Event was Not a Collision with a Motor Vehicle in Transport",1,2021,"MERCEDES-BENZ","G-CLASS",35,"Minor Damage",0,0,1,"Full Driver License","Valid","No",35,"Dry","Going Straight","Pedestrian in road","Unknown/Not Reported","Tracking","Stayed in original travel lane","SUV",1,1,1,1,1,1,0,7,3
62093,5,12,12,"Motor Vehicle In-Transport","Angle",5,2014,"HONDA","ACCORD",60,"Damage Reported, Extent Unknown",2,0,1,"Full Driver License","Valid","No",55,"Dry","Going Straight","From crossing street, turning into same direction","Steering left","Tracking","Stayed on roadway, not known if left original travel lane","2 DR",0,0,1,1,0,0,1,1,2
62097,7,21,8,"Pedestrian","The First Harmful Event was Not a Collision with a Motor Vehicle in Transport",3,2022,"TOYOTA","COROLLA",74,"Disabling Damage",0,0,1,"Full Driver License","Valid","No",70,"Dry","Going Straight","Pedestrian in road","No Avoidance Maneuver","Tracking","Stayed in original travel lane","4 DR",0,1,1,1,1,1,0,6,2
62102,9,21,12,"Motor Vehicle In-Transport","Angle",1,2012,"CHEVROLET","COLORADO",45,"Minor Damage",0,0,1,"Full Driver License","Valid","No",45,"Dry","Going Straight","From adjacent lane (same direction) over left lane line","Unknown/Not Reported","Tracking","Stayed in original travel lane","PU/EC",0,0,0,0,0,0,1,2,0
62106,10,4,12,"Motor Vehicle In-Transport","Sideswipe - Same Direction",1,2016,"HYUNDAI","ACCENT",998,"Minor Damage",0,0,1,"Full Driver License","Valid","No",45,"Dry","Going Straight","From adjacent lane (same direction) over right lane line","Unknown/Not Reported","Precrash stability unknown","Stayed in original travel lane","4 DR",0,1,0,0,0,0,0,1,0
62107,5,20,8,"Pedestrian","The First Harmful Event was Not a Collision with a Motor Vehicle in Transport",1,2013,"NISSAN","SENTRA",998,"Disabling Damage",0,0,1,"Full Driver License","Valid","No",40,"Dry","Going Straight","Pedestrian in road","No Avoidance Maneuver","Tracking","Stayed in original travel lane","4 DR",0,1,0,0,0,0,1,2,0
62109,8,9,24,"Guardrail Face","The First Harmful Event was Not a Collision with a Motor Vehicle in Transport",1,2014,"HONDA","ACCORD",70,"Disabling Damage",1,0,1,"Full Driver License","Valid","No",65,"Dry","Going Straight","Off the edge of the road on the left side","Unknown/Not Reported","Tracking","Departed roadway","2 DR",0,0,1,0,0,0,1,1,1
62110,9,3,35,"Embankment","The First Harmful Event was Not a Collision with a Motor Vehicle in Transport",1,2015,"TOYOTA","CAMRY",998,"Damage Reported, Extent Unknown",1,0,1,"Full Driver License","Valid","No",30,"Dry","Negotiating a Curve","Off the edge of the road on the left side","Unknown/Not Reported","Tracking","Departed roadway","4 DR",0,1,1,0,2,2,0,1,1
62111,10,15,12,"Motor Vehicle In-Transport","Angle",1,2014,"NISSAN","SENTRA",998,"Disabling Damage",1,0,1,"Full Driver License","Valid","No",25,"Dry","Going Straight","From crossing street, across path","Unknown/Not Reported","Precrash stability unknown","Stayed in original travel lane","4 DR",0,1,0,0,0,0,1,2,0
62112,11,19,12,"Motor Vehicle In-Transport","Front-to-Front",1,2018,"FIAT","500L",999,"Damage Reported, Extent Unknown",1,0,1,"Full Driver License","Valid","No",55,"Dry","Going Straight","Over the lane line on left side of travel lane","Unknown/Not Reported","Precrash stability unknown","Stayed on roadway, but left original travel lane","5 HB",0,0,0,0,0,0,0,0,0
62114,12,3,12,"Motor Vehicle In-Transport","Front-to-Front",2,2011,"HONDA","PILOT",998,"Disabling Damage",1,0,1,"Full Driver License","Valid","No",40,"Dry","Turning Left","Turning Left","No Avoidance Maneuver","Tracking","Stayed in original travel lane","SUV",0,1,0,0,0,0,1,2,0
62114,12,3,12,"Motor Vehicle In-Transport","Front-to-Front",1,2018,"MERCEDES-BENZ","C-CLASS",998,"Disabling Damage",0,0,1,"Full Driver License","Valid","No",40,"Dry","Going Straight","From opposite direction  over left lane line","No Avoidance Maneuver","Tracking","Stayed in original travel lane","2 DR",0,1,1,0,1,1,0,4,1
62116,12,2,8,"Pedestrian","The First Harmful Event was Not a Collision with a Motor Vehicle in Transport",1,2017,"NISSAN","SENTRA",998,"Damage Reported, Extent Unknown",0,0,1,"Full Driver License","Valid","No",65,"Dry","Going Straight","Pedestrian in road","No Avoidance Maneuver","Tracking","Stayed in original travel lane","4 DR",1,0,0,0,2,2,0,0,1
62118,12,18,8,"Pedestrian","The First Harmful Event was Not a Collision with a Motor Vehicle in Transport",3,2019,"INFINITI","Q50",998,"Damage Reported, Extent Unknown",0,0,1,"Full Driver License","Valid","No",40,"Dry","Going Straight","Pedestrian in road","Unknown/Not Reported","Precrash stability unknown","Stayed in original travel lane","4 DR",0,0,1,0,1,1,0,3,1
62118,12,18,8,"Pedestrian","The First Harmful Event was Not a Collision with a Motor Vehicle in Transport",1,2023,"NISSAN","ROGUE",28,"Functional Damage",0,0,1,"Full Driver License","Valid","No",40,"Dry","Going Straight","From opposite direction  over left lane line","Steering right","Tracking","Stayed in original travel lane","SUV",1,0,1,1,1,1,0,5,3
62119,6,15,12,"Motor Vehicle In-Transport","Angle",1,2016,"FORD","FOCUS",998,"Damage Reported, Extent Unknown",0,0,1,"Full Driver License","Valid","No",35,"Dry","Turning Left","Turning Left","No Avoidance Maneuver","Tracking","Stayed in original travel lane","5 HB",0,0,0,0,0,0,0,0,0
62121,8,5,12,"Motor Vehicle In-Transport","Front-to-Front",1,2016,"RAM","1500",55,"Disabling Damage",0,0,1,"Full Driver License","Valid","No",55,"Dry","Negotiating a Curve","Traveling in opposite direction","Steering right","Tracking","Stayed in original travel lane","PU/RC",0,0,0,0,0,0,0,0,0
62124,10,12,12,"Motor Vehicle In-Transport","Front-to-Front",1,2016,"KIA","SOUL",60,"Damage Reported, Extent Unknown",1,0,1,"Full Driver License","Valid","No",55,"Dry","Going Straight","Over the lane line on left side of travel lane","Unknown/Not Reported","Tracking","Stayed on roadway, but left original travel lane","SUV",0,1,0,1,0,0,0,1,1
62127,11,4,12,"Motor Vehicle In-Transport","Front-to-Front",4,2013,"CHEVROLET","TAHOE",60,"Damage Reported, Extent Unknown",1,0,1,"Full Driver License","Valid","No",65,"Dry","Negotiating a Curve","Traveling in opposite direction","Steering left","Tracking","Stayed in original travel lane","SUV",0,1,0,0,0,0,1,3,0
62128,12,19,12,"Motor Vehicle In-Transport","Front-to-Rear",1,2016,"RAM","1500",55,"Damage Reported, Extent Unknown",0,0,1,"Full Driver License","Valid","No",55,"Dry","Going Straight","From adjacent lane (same direction) over right lane line","No Avoidance Maneuver","Tracking","Stayed in original travel lane","PU/RC",0,0,0,0,0,0,0,0,0
62130,11,17,8,"Pedestrian","The First Harmful Event was Not a Collision with a Motor Vehicle in Transport",2,2013,"RAM","1500",40,"Damage Reported, Extent Unknown",0,0,1,"Full Driver License","Valid","No",45,"Dry","Going Straight","Pedestrian in road","No Avoidance Maneuver","Tracking","Stayed in original travel lane","PU/RC",0,1,0,0,0,0,1,2,0
62133,7,8,12,"Motor Vehicle In-Transport","Sideswipe - Same Direction",1,2020,"FORD","ESCAPE",0,"Disabling Damage",0,0,1,"Full Driver License","Valid","No",40,"Dry","Stopped in Roadway","Traveling in same direction with higher speed","No Avoidance Maneuver","Tracking","Stayed in original travel lane","SUV",1,0,1,1,1,1,0,6,3
62133,7,8,12,"Motor Vehicle In-Transport","Sideswipe - Same Direction",3,2016,"MAZDA","CX-5",998,"Damage Reported, Extent Unknown",0,0,1,"Full Driver License","Valid","No",40,"Dry","Going Straight","From adjacent lane (same direction) over right lane line","No Avoidance Maneuver","Tracking","Stayed in original travel lane","SUV",0,1,0,0,2,2,0,2,0
62133,7,8,12,"Motor Vehicle In-Transport","Sideswipe - Same Direction",1,2022,"FORD","BRONCO",998,"Disabling Damage",0,0,1,"Full Driver License","Valid","No",40,"Dry","Going Straight","Traveling in same direction with higher speed","No Avoidance Maneuver","Tracking","Stayed in original travel lane","SUV",1,0,1,1,1,1,0,6,3
62141,11,17,8,"Pedestrian","The First Harmful Event was Not a Collision with a Motor Vehicle in Transport",4,2018,"LAND ROVER","DISCOVERY",45,"Damage Reported, Extent Unknown",0,0,1,"Full Driver License","Valid","No",55,"Dry","Going Straight","Pedestrian in road","Braking","Tracking","Stayed in original travel lane","SUV",0,1,1,0,1,1,0,4,1
62143,3,22,12,"Motor Vehicle In-Transport","Front-to-Rear",1,2013,"HONDA","CR-V",70,"Minor Damage",0,0,1,"Full Driver License","Valid","No",65,"Dry","Going Straight","Other vehicle stopped","Braking and steering right","Skidding longitudinally  rotation less than 30 degrees","Stayed on roadway, but left original travel lane","SUV",0,0,0,0,0,0,1,1,0
62150,10,23,12,"Motor Vehicle In-Transport","Front-to-Front",1,2017,"FORD","EXPLORER",55,"Damage Reported, Extent Unknown",0,0,1,"Full Driver License","Valid","No",55,"Dry","Going Straight","From opposite direction  over left lane line","Steering left","Tracking","Stayed in original travel lane","SUV",0,0,0,1,0,0,0,0,1
62152,11,18,15,"Non-Motorist on Personal Conveyance","The First Harmful Event was Not a Collision with a Motor Vehicle in Transport",1,2015,"NISSAN","ROGUE",40,"Damage Reported, Extent Unknown",0,0,1,"Full Driver License","Valid","No",45,"Dry","Going Straight","Pedestrian in road","Braking","Tracking","Stayed in original travel lane","SUV",0,0,1,0,0,0,0,0,1
62155,8,17,12,"Motor Vehicle In-Transport","Angle",2,2019,"HONDA","ACCORD",16,"Damage Reported, Extent Unknown",0,0,1,"Full Driver License","Valid","No",25,"Dry","Turning Right","From crossing street, across path","Unknown/Not Reported","Precrash stability unknown","Stayed in original travel lane","4 DR",1,1,1,1,1,1,0,6,3
62155,8,17,12,"Motor Vehicle In-Transport","Angle",1,2019,"VOLKSWAGEN","JETTA",0,"Damage Reported, Extent Unknown",0,0,1,"Intermediate Driver License","Valid","No",35,"Dry","Stopped in Roadway","Other critical precrash event (specify:)","No Avoidance Maneuver","Tracking","Stayed in original travel lane","4 DR",1,1,1,1,2,2,0,1,3
62159,8,17,12,"Motor Vehicle In-Transport","Front-to-Front",1,2016,"CHRYSLER","200",998,"Disabling Damage",1,0,1,"Full Driver License","Valid","No",35,"Dry","Going Straight","From crossing street, turning into same direction","Unknown/Not Reported","Tracking","Stayed in original travel lane","4 DR",0,0,1,0,2,2,0,0,1
62161,9,23,10,"Railway Vehicle","The First Harmful Event was Not a Collision with a Motor Vehicle in Transport",1,2020,"TOYOTA","RAV4",998,"Disabling Damage",1,0,1,"Full Driver License","Valid","No",45,"Dry","Turning Right","Off the edge of the road on the right side","Unknown/Not Reported","Tracking","Departed roadway","SUV",0,1,1,1,1,1,0,6,2
62162,6,12,12,"Motor Vehicle In-Transport","Angle",1,2015,"AUDI","A6",998,"Disabling Damage",0,0,1,"Full Driver License","Valid","No",40,"Dry","Going Straight","From opposite direction  over left lane line","No Avoidance Maneuver","Tracking","Stayed in original travel lane","4 DR",0,1,0,0,2,2,0,1,0
62163,10,16,33,"Curb","The First Harmful Event was Not a Collision with a Motor Vehicle in Transport",3,2022,"TOYOTA","CAMRY",0,"Disabling Damage",0,0,1,"Full Driver License","Valid","No",40,"Dry","Stopped in Roadway","From adjacent lane (same direction) over left lane line","No Avoidance Maneuver","Tracking","Stayed in original travel lane","4 DR",0,1,1,1,1,1,0,6,2
62167,10,17,12,"Motor Vehicle In-Transport","Angle",2,2013,"TOYOTA","CAMRY",40,"Disabling Damage",0,0,1,"Full Driver License","Valid","No",35,"Dry","Going Straight","Crossing Over (Passing Through) Junction","Unknown/Not Reported","Tracking","Stayed in original travel lane","4 DR",0,1,0,0,0,0,1,2,0
62167,10,17,12,"Motor Vehicle In-Transport","Angle",1,2014,"ACURA","ILX",998,"Disabling Damage",1,0,1,"Full Driver License","Valid","No",35,"Dry","Going Straight","From crossing street, across path","Unknown/Not Reported","Tracking","Stayed in original travel lane","4 DR",0,0,0,0,0,0,1,1,0
62170,10,4,25,"Concrete Traffic Barrier","The First Harmful Event was Not a Collision with a Motor Vehicle in Transport",1,2020,"TOYOTA","CAMRY",65,"Damage Reported, Extent Unknown",0,0,1,"Full Driver License","Valid","No",65,"Dry","Going Straight","From adjacent lane (same direction) over left lane line","Steering left","Tracking","Stayed on roadway, but left original travel lane","4 DR",1,1,1,1,1,1,0,6,3
62172,7,20,15,"Non-Motorist on Personal Conveyance","The First Harmful Event was Not a Collision with a Motor Vehicle in Transport",2,2017,"MITSUBISHI","OUTLANDER SPORT",50,"Functional Damage",0,0,1,"Full Driver License","Valid","No",55,"Dry","Going Straight","Pedalcyclist or other non-motorist in road","Unknown/Not Reported","Tracking","Stayed in original travel lane","SUV",0,1,0,0,0,0,0,1,0
62173,8,3,18,"Other Object (not fixed)","The First Harmful Event was Not a Collision with a Motor Vehicle in Transport",1,2015,"TOYOTA","RAV4",40,"Disabling Damage",0,0,1,"Full Driver License","Valid","No",45,"Dry","Negotiating a Curve","Off the edge of the road on the right side","No Avoidance Maneuver","Tracking","Departed roadway","SUV",1,1,0,1,0,0,0,1,2
62176,4,15,38,"Fence","The First Harmful Event was Not a Collision with a Motor Vehicle in Transport",3,2022,"TESLA","MODEL 3",70,"Disabling Damage",0,0,1,"Full Driver License","Valid","No",50,"Dry","Decelerating in Road","Traveling in opposite direction","Braking and steering left","Tracking","Stayed on roadway, not known if left original travel lane","4 DR",1,1,1,1,1,1,0,6,3
62179,12,13,32,"Culvert","The First Harmful Event was Not a Collision with a Motor Vehicle in Transport",2,2014,"KIA","SORENTO",55,"Disabling Damage",1,0,1,"Full Driver License","Valid","No",65,"Dry","Negotiating a Curve","Off the edge of the road on the right side","Unknown/Not Reported","Skidding longitudinally  rotation less than 30 degrees","Departed roadway","SUV",0,0,0,0,0,0,1,1,0
62184,10,12,12,"Motor Vehicle In-Transport","Front-to-Front",2,2012,"HONDA","PILOT",68,"Damage Reported, Extent Unknown",1,0,1,"Full Driver License","Valid","No",65,"Dry","Going Straight","From opposite direction  over left lane line","No Avoidance Maneuver","Tracking","Stayed in original travel lane","SUV",0,0,0,0,0,0,1,1,0
62188,11,17,8,"Pedestrian","The First Harmful Event was Not a Collision with a Motor Vehicle in Transport",1,2017,"TOYOTA","COROLLA",70,"Damage Reported, Extent Unknown",0,0,1,"Full Driver License","Valid","No",65,"Dry","Going Straight","Pedestrian in road","Unknown/Not Reported","Tracking","Stayed in original travel lane","4 DR",0,1,1,1,2,2,0,2,2
62190,4,2,12,"Motor Vehicle In-Transport","Front-to-Rear",1,2016,"RAM","2500",70,"Disabling Damage",0,0,1,"Full Driver License","Valid","No",70,"Dry","Going Straight","Other vehicle stopped","Steering left","Skidding longitudinally  rotation less than 30 degrees","Stayed in original travel lane","PU/CC",0,0,0,0,0,0,0,0,0
62193,1,17,12,"Motor Vehicle In-Transport","Angle",5,2019,"VOLKSWAGEN","JETTA",62,"Disabling Damage",5,0,1,"Full Driver License","Valid","No",55,"Dry","Going Straight","Crossing Over (Passing Through) Junction","Braking and steering right","Precrash stability unknown","Stayed in original travel lane","4 DR",0,1,0,1,2,2,0,1,1
62203,11,14,9,"Pedalcyclist","The First Harmful Event was Not a Collision with a Motor Vehicle in Transport",1,2014,"AUDI","A4",33,"Functional Damage",0,0,1,"Full Driver License","Valid","No",45,"Dry","Going Straight","Pedalcyclist or other non-motorist in road","Unknown/Not Reported","Tracking","Stayed in original travel lane","4 DR",0,1,0,0,2,0,1,2,0
62204,11,21,8,"Pedestrian","The First Harmful Event was Not a Collision with a Motor Vehicle in Transport",1,2012,"DODGE","JOURNEY",30,"No Damage",0,0,1,"Full Driver License","Valid","No",55,"Dry","Going Straight","Pedestrian in road","No Avoidance Maneuver","Tracking","Stayed in original travel lane","SUV",0,1,0,0,0,0,1,2,0
62209,4,21,12,"Motor Vehicle In-Transport","Front-to-Rear",3,2018,"JEEP","GRAND CHEROKEE",998,"Damage Reported, Extent Unknown",0,0,1,"Full Driver License","Valid","No",45,"Dry","Going Straight","Traveling in same direction with higher speed","No Avoidance Maneuver","Tracking","Stayed in original travel lane","SUV",0,0,0,1,2,2,0,0,1
62211,10,23,8,"Pedestrian","The First Harmful Event was Not a Collision with a Motor Vehicle in Transport",1,2022,"HONDA","CR-V",40,"Damage Reported, Extent Unknown",0,0,1,"Full Driver License","Valid","No",45,"Dry","Going Straight","Pedestrian in road","No Avoidance Maneuver","Tracking","Stayed in original travel lane","SUV",1,1,1,1,1,1,0,6,3
62215,7,18,8,"Pedestrian","The First Harmful Event was Not a Collision with a Motor Vehicle in Transport",2,2022,"TOYOTA","CAMRY",50,"Disabling Damage",0,0,1,"Full Driver License","Valid","No",50,"Dry","Going Straight","Pedestrian in road","Braking","Precrash stability unknown","Stayed in original travel lane","4 DR",0,1,1,1,1,1,0,6,2
62217,11,19,12,"Motor Vehicle In-Transport","Sideswipe - Same Direction",4,2019,"RAM","1500",55,"Damage Reported, Extent Unknown",0,0,1,"Full Driver License","Valid","No",50,"Dry","Going Straight","From adjacent lane (same direction) over right lane line","Unknown/Not Reported","Precrash stability unknown","Stayed in original travel lane","PU/EC",1,1,1,1,2,2,0,1,3
62219,7,17,25,"Concrete Traffic Barrier","The First Harmful Event was Not a Collision with a Motor Vehicle in Transport",1,2020,"TOYOTA","TUNDRA",70,"Disabling Damage",0,0,1,"Full Driver License","Valid","No",65,"Dry","Going Straight","From adjacent lane (same direction) over right lane line","Braking","Skidding longitudinally  rotation less than 30 degrees","Stayed in original travel lane","PU/EC",0,2,1,1,1,1,0,5,2
62225,11,3,14,"Parked Motor Vehicle","The First Harmful Event was Not a Collision with a Motor Vehicle in Transport",1,2016,"HONDA","ACCORD",70,"Damage Reported, Extent Unknown",1,0,1,"Full Driver License","Valid","No",65,"Dry","Going Straight","Over the lane line on right side of travel lane","Unknown/Not Reported","Precrash stability unknown","Departed roadway","4 DR",0,1,0,0,2,2,0,2,0
62241,11,13,25,"Concrete Traffic Barrier","The First Harmful Event was Not a Collision with a Motor Vehicle in Transport",1,2023,"KIA","SORENTO",999,"Damage Reported, Extent Unknown",0,0,1,"Full Driver License","Valid","No",65,"Dry","Negotiating a Curve","Off the edge of the road on the left side","Unknown/Not Reported","Tracking","Departed roadway","SUV",1,0,1,1,1,1,0,5,3
62242,11,9,42,"Tree (Standing Only)","The First Harmful Event was Not a Collision with a Motor Vehicle in Transport",1,2015,"NISSAN","VERSA",28,"Disabling Damage",1,0,1,"Full Driver License","Valid","No",25,"Dry","Going Straight","Off the edge of the road on the right side","Unknown/Not Reported","Tracking","Departed roadway","4 DR",0,0,0,0,0,0,0,0,0
62243,12,17,12,"Motor Vehicle In-Transport","Front-to-Front",1,2019,"KIA","OPTIMA",50,"Damage Reported, Extent Unknown",0,0,1,"Full Driver License","Valid","No",55,"Dry","Negotiating a Curve","From opposite direction  over left lane line","Steering right","Tracking","Stayed in original travel lane","4 DR",1,1,1,1,1,1,0,6,3