"SERIAL_CRASH","MONTH","HOUR","HARM_EV","HARM_EVNAME","TYPE_OF_COLLIOSION","NUM_OF_PEOPLE","MOD_YEAR","VPICMAKENAME","VPICMODELNAME","TRAV_SP","DEFORMEDNAME","DEATHS","DR_DRINK","IS_DRIVER_PRESENT","L_TYPENAME","L_STATUSNAME","SPEEDRELNAME","VSPD_LIM","VSURCONDNAME","P_CRASH1NAME","P_CRASH2NAME","P_CRASH3NAME","PCRASH4NAME","PCRASH5NAME","BODY_STYLE","BLIND_SPOT_DETECTION","ARS","FRNT_COLLISION_WARNING","LANE_DEPARTURE_WARNING","CRASH_IMMINENT_BRAKE","DYNAMIC_BRAKE_SUPPORT","NHTSA_ESC","SAFETY_COUNT","notification_count"
63025,6,20,12,"Motor Vehicle In-Transport","Sideswipe - Same Direction",1,2017,"KIA","SPORTAGE",60,"Damage Reported, Extent Unknown",0,0,1,"Full Driver License","Valid","No",55,"Dry","Going Straight","From opposite direction  over right lane line","Unknown/Not Reported","Tracking","Stayed in original travel lane","SUV",0,1,1,0,2,2,0,1,1
63025,6,20,12,"Motor Vehicle In-Transport","Sideswipe - Same Direction",4,2014,"TOYOTA","YARIS",75,"Damage Reported, Extent Unknown",0,0,1,"Full Driver License","Valid","No",55,"Dry","Going Straight","Object approaching road","Unknown/Not Reported","Tracking","Stayed in original travel lane","5 HB",0,0,0,0,0,0,1,1,0
63034,3,18,8,"Pedestrian","The First Harmful Event was Not a Collision with a Motor Vehicle in Transport",1,2017,"VOLKSWAGEN","PASSAT",998,"Damage Reported, Extent Unknown",0,0,1,"Full Driver License","Valid","No",35,"Dry","Going Straight","Pedestrian in road","Unknown/Not Reported","Tracking","Stayed in original travel lane","4 DR",0,1,1,0,2,2,0,3,1
63035,5,20,12,"Motor Vehicle In-Transport","Front-to-Rear",3,2011,"TOYOTA","SIENNA",998,"Damage Reported, Extent Unknown",2,0,1,"Full Driver License","Valid","No",40,"Dry","Going Straight","Traveling in same direction with higher speed","Unknown/Not Reported","Tracking","Stayed in original travel lane","VAN",0,1,0,0,0,0,1,2,0
63036,6,12,12,"Motor Vehicle In-Transport","Front-to-Rear",1,2017,"TOYOTA","CAMRY",0,"Damage Reported, Extent Unknown",0,0,1,"Full Driver License","Valid","No",35,"Dry","Stopped in Roadway","Traveling in same direction with higher speed","No Avoidance Maneuver","Tracking","Stayed in original travel lane","4 DR",0,1,1,1,2,2,0,1,2
63036,6,12,12,"Motor Vehicle In-Transport","Front-to-Rear",2,2014,"NISSAN","VERSA",0,"Damage Reported, Extent Unknown",1,0,1,"Full Driver License","Valid","No",35,"Dry","Stopped in Roadway","Traveling in same direction with higher speed","No Avoidance Maneuver","Tracking","Stayed in original travel lane","4 DR",0,0,0,0,0,0,1,1,0
63037,7,1,25,"Concrete Traffic Barrier","The First Harmful Event was Not a Collision with a Motor Vehicle in Transport",1,2022,"NISSAN","SENTRA",999,"Damage Reported, Extent Unknown",1,0,1,"Full Driver License","Valid","No",65,"Dry","Going Straight","Off the edge of the road on the left side","Unknown/Not Reported","Precrash stability unknown","Departed roadway","4",1,0,1,1,1,1,0,5,3
63039,7,18,31,"Post, Pole or Other Supports","The First Harmful Event was Not a Collision with a Motor Vehicle in Transport",1,2017,"SUBARU","OUTBACK",999,"Damage Reported, Extent Unknown",1,0,1,"Full Driver License","Valid","No",35,"Dry","Going Straight","Off the edge of the road on the right side","Unknown/Not Reported","Tracking","Departed roadway","SW",1,0,1,0,2,2,0,0,2
63042,10,17,12,"Motor Vehicle In-Transport","Angle",1,2015,"JEEP","CHEROKEE",998,"Functional Damage",0,0,1,"Full Driver License","Valid","No",30,"Dry","Turning Left","From opposite direction  over right lane line","Unknown/Not Reported","Tracking","Stayed in original travel lane","SUV",0,0,0,0,0,0,0,0,0
63044,4,23,12,"Motor Vehicle In-Transport","Angle",1,2015,"DODGE","CHARGER",37,"Damage Reported, Extent Unknown",0,0,1,"Full Driver License","Valid","No",35,"Dry","Going Straight","From opposite direction  over left lane line","Unknown/Not Reported","Tracking","Stayed in original travel lane","4 DR",1,1,1,0,0,0,0,1,2
63046,5,5,12,"Motor Vehicle In-Transport","Angle",2,2015,"CHEVROLET","CRUZE",55,"Damage Reported, Extent Unknown",1,0,1,"Full Driver License","Valid","No",45,"Dry","Going Straight","From driveway, turning into opposite direction","No Avoidance Maneuver","Tracking","Stayed in original travel lane","4 DR",0,1,0,1,0,0,0,2,1
63047,7,16,12,"Motor Vehicle In-Transport","Angle",1,2016,"CHRYSLER","300",998,"Damage Reported, Extent Unknown",0,0,1,"Full Driver License","Valid","No",25,"Dry","Turning Left","From crossing street, across path","Unknown/Not Reported","Tracking","Stayed in original travel lane","4 DR",1,0,0,1,2,2,0,0,2
63060,12,7,8,"Pedestrian","The First Harmful Event was Not a Collision with a Motor Vehicle in Transport",1,2018,"HONDA","ACCORD",35,"No Damage",0,0,1,"Full Driver License","Valid","No",35,"Dry","Going Straight","Pedestrian in road","Braking and steering left","Tracking","Stayed in original travel lane","4 DR",1,1,1,1,1,1,0,5,3
63062,3,20,8,"Pedestrian","The First Harmful Event was Not a Collision with a Motor Vehicle in Transport",1,2012,"FORD","ESCAPE",998,"Damage Reported, Extent Unknown",0,0,1,"Full Driver License","Valid","No",35,"Dry","Going Straight","Pedestrian in road","No Avoidance Maneuver","Tracking","Stayed in original travel lane","SUV",0,0,0,0,0,0,1,1,0
63069,7,20,12,"Motor Vehicle In-Transport","Front-to-Rear",2,2019,"NISSAN","SENTRA",0,"Damage Reported, Extent Unknown",2,0,1,"Full Driver License","Valid","No",65,"Dry","Stopped in Roadway","Traveling in same direction with higher speed","No Avoidance Maneuver","Tracking","Stayed in original travel lane","4 DR",0,1,1,0,2,2,0,1,1
63069,7,20,12,"Motor Vehicle In-Transport","Front-to-Rear",1,2020,"NISSAN","ALTIMA",0,"Damage Reported, Extent Unknown",0,0,1,"Full Driver License","Valid","No",65,"Dry","Stopped in Roadway","Traveling in same direction with higher speed","No Avoidance Maneuver","Tracking","Stayed in original travel lane","4 DR",1,1,1,0,1,1,0,4,2
63069,7,20,12,"Motor Vehicle In-Transport","Front-to-Rear",3,2021,"HONDA","ACCORD",0,"Damage Reported, Extent Unknown",0,0,1,"Full Driver License","Valid","No",65,"Dry","Stopped in Roadway","Traveling in same direction with higher speed","No Avoidance Maneuver","Tracking","Stayed in original travel lane","4 DR",0,1,1,1,1,1,0,6,2
63070,12,17,12,"Motor Vehicle In-Transport","Angle",1,2014,"HONDA","PILOT",998,"Disabling Damage",0,0,1,"Full Driver License","Valid","No",45,"Dry","Turning Left","Turning Left","No Avoidance Maneuver","Tracking","Stayed in original travel lane","SUV",0,0,0,0,0,0,1,1,0
63076,11,18,35,"Embankment","The First Harmful Event was Not a Collision with a Motor Vehicle in Transport",1,2014,"HONDA","CR-V",68,"Disabling Damage",1,0,1,"Full Driver License","Valid","No",65,"Dry","Negotiating a Curve","Off the edge of the road on the left side","Unknown/Not Reported","Skidding longitudinally  rotation less than 30 degrees","Departed roadway","SUV",0,0,0,0,0,0,1,1,0
63077,11,9,12,"Motor Vehicle In-Transport","Angle",2,2018,"HYUNDAI","TUCSON",998,"Damage Reported, Extent Unknown",1,0,1,"Full Driver License","Valid","No",55,"Dry","Starting in Road","Crossing Over (Passing Through) Junction","Unknown/Not Reported","Tracking","Stayed in original travel lane","SUV",1,2,0,0,2,2,0,0,1
63080,11,20,8,"Pedestrian","The First Harmful Event was Not a Collision with a Motor Vehicle in Transport",1,2021,"HONDA","CR-V",35,"Functional Damage",0,0,1,"Full Driver License","Valid","No",40,"Dry","Going Straight","Pedestrian in road","No Avoidance Maneuver","Tracking","Stayed in original travel lane","SUV",0,1,1,1,1,1,0,6,2
63083,9,5,25,"Concrete Traffic Barrier","The First Harmful Event was Not a Collision with a Motor Vehicle in Transport",1,2019,"KIA","OPTIMA",65,"Damage Reported, Extent Unknown",0,0,1,"Full Driver License","Valid","No",65,"Dry","Negotiating a Curve","From adjacent lane (same direction) over left lane line","Braking","Tracking","Stayed in original travel lane","4 DR",1,1,1,1,1,1,0,6,3
63084,11,10,1,"Rollover/Overturn","The First Harmful Event was Not a Collision with a Motor Vehicle in Transport",2,2015,"KIA","SPORTAGE",28,"Damage Reported, Extent Unknown",0,0,1,"Full Driver License","Valid","No",55,"Dry","Negotiating a Curve","From opposite direction  over left lane line","Unknown/Not Reported","Tracking","Stayed in original travel lane","SUV",0,1,0,0,0,0,0,1,0
63087,11,21,8,"Pedestrian","The First Harmful Event was Not a Collision with a Motor Vehicle in Transport",1,2017,"HONDA","CIVIC",28,"Minor Damage",0,0,1,"Full Driver License","Valid","No",40,"Dry","Going Straight","Pedestrian in road","No Avoidance Maneuver","Tracking","Stayed in original travel lane","2 DR",0,1,1,1,2,2,0,1,2
63088,11,15,8,"Pedestrian","The First Harmful Event was Not a Collision with a Motor Vehicle in Transport",1,2018,"JEEP","GRAND CHEROKEE",23,"Disabling Damage",0,0,1,"Full Driver License","Valid","No",25,"Dry","Going Straight","Pedestrian in road","No Avoidance Maneuver","Tracking","Stayed in original travel lane","SUV",1,0,0,1,2,2,0,0,2
63093,9,1,12,"Motor Vehicle In-Transport","Front-to-Front",2,2021,"INFINITI","QX50",998,"Damage Reported, Extent Unknown",0,0,1,"Full Driver License","Valid","No",40,"Dry","Turning Left","Turning Left","No Avoidance Maneuver","Tracking","Stayed in original travel lane","SUV",1,0,1,1,1,1,0,5,3
63104,9,13,12,"Motor Vehicle In-Transport","Sideswipe - Same Direction",2,2018,"SUBARU","CROSSTREK",30,"Damage Reported, Extent Unknown",0,0,1,"Full Driver License","Valid","No",65,"Dry","Going Straight","From adjacent lane (same direction) over left lane line","No Avoidance Maneuver","Tracking","Stayed in original travel lane","SW",0,0,1,1,2,2,0,0,2
63111,12,17,12,"Motor Vehicle In-Transport","Angle",3,2014,"HONDA","CIVIC",998,"Damage Reported, Extent Unknown",0,0,1,"Full Driver License","Valid","No",25,"Dry","Turning Left","Turning Left","No Avoidance Maneuver","Tracking","Stayed in original travel lane","4 DR",0,0,0,0,0,0,1,1,0
63113,12,20,8,"Pedestrian","The First Harmful Event was Not a Collision with a Motor Vehicle in Transport",2,2021,"MAZDA","CX-9",998,"Minor Damage",0,0,1,"Full Driver License","Valid","No",45,"Dry","Going Straight","Pedestrian in road","No Avoidance Maneuver","Tracking","Stayed in original travel lane","SUV",1,1,1,1,1,1,0,7,3
63117,12,4,8,"Pedestrian","The First Harmful Event was Not a Collision with a Motor Vehicle in Transport",1,2019,"MAZDA","CX-5",70,"Disabling Damage",0,0,1,"Full Driver License","Valid","No",65,"Dry","Going Straight","Pedestrian in road","No Avoidance Maneuver","Tracking","Stayed in original travel lane","SUV",1,1,1,1,1,1,0,6,3
63121,5,16,12,"Motor Vehicle In-Transport","Front-to-Rear",4,2023,"JEEP","GRAND CHEROKEE",55,"Damage Reported, Extent Unknown",0,0,1,"Full Driver License","Valid","No",65,"Dry","Going Straight","From adjacent lane (same direction) over right lane line","No Avoidance Maneuver","Tracking","Stayed in original travel lane","SUV",1,0,1,1,1,1,0,5,3
63124,12,19,8,"Pedestrian","The First Harmful Event was Not a Collision with a Motor Vehicle in Transport",2,2013,"KIA","OPTIMA",70,"Disabling Damage",0,0,1,"Full Driver License","Valid","No",65,"Dry","Going Straight","Pedestrian in road","Braking","Tracking","Stayed in original travel lane","4 DR",0,1,0,0,0,0,1,2,0
63125,7,17,12,"Motor Vehicle In-Transport","Front-to-Rear",1,2022,"FORD","MAVERICK",65,"Damage Reported, Extent Unknown",1,0,1,"Full Driver License","Valid","No",65,"Dry","Going Straight","Traveling in same direction with higher speed","Unknown/Not Reported","Tracking","Stayed in original travel lane","PU/CC",0,0,1,1,2,2,0,3,2
63125,7,17,12,"Motor Vehicle In-Transport","Front-to-Rear",1,2016,"AUDI","Q5",65,"Damage Reported, Extent Unknown",0,0,1,"Full Driver License","Valid","No",65,"Dry","Going Straight","Traveling in same direction with higher speed","No Avoidance Maneuver","Tracking","Stayed in original travel lane","SUV",1,1,1,1,2,2,0,1,3
63125,7,17,12,"Motor Vehicle In-Transport","Front-to-Rear",1,2014,"HONDA","ACCORD",65,"Damage Reported, Extent Unknown",0,0,1,"Full Driver License","Valid","No",65,"Dry","Going Straight","From adjacent lane (same direction) over left lane line","No Avoidance Maneuver","Tracking","Stayed in original travel lane","2 DR",0,0,1,1,0,0,1,1,2
63126,11,17,12,"Motor Vehicle In-Transport","Not Reported",1,2017,"JEEP","CHEROKEE",998,"Disabling Damage",0,0,1,"Full Driver License","Valid","No",25,"Dry","Turning Left","Turning Left","Unknown/Not Reported","Tracking","Stayed in original travel lane","SUV",1,0,1,1,2,2,0,0,3
63126,11,17,12,"Motor Vehicle In-Transport","Not Reported",3,2019,"NISSAN","ALTIMA",998,"Minor Damage",0,0,1,"Full Driver License","Valid","No",35,"Dry","Going Straight","Other critical precrash event (specify:)","Unknown/Not Reported","Tracking","Stayed in original travel lane","4 DR",0,1,0,0,1,1,0,3,0
63127,9,6,8,"Pedestrian","The First Harmful Event was Not a Collision with a Motor Vehicle in Transport",1,2016,"HONDA","CIVIC",35,"Damage Reported, Extent Unknown",0,0,1,"Full Driver License","Valid","No",35,"Dry","Going Straight","Pedestrian in road","No Avoidance Maneuver","Tracking","Stayed in original travel lane","4 DR",0,1,1,0,2,2,0,1,1
63129,8,19,14,"Parked Motor Vehicle","The First Harmful Event was Not a Collision with a Motor Vehicle in Transport",1,2012,"HYUNDAI","ELANTRA",65,"Disabling Damage",1,0,1,"Full Driver License","Valid","No",65,"Dry","Going Straight","Over the lane line on right side of travel lane","Unknown/Not Reported","Tracking","Departed roadway","4 DR",0,0,0,0,0,0,1,1,0
63129,8,19,14,"Parked Motor Vehicle","The First Harmful Event was Not a Collision with a Motor Vehicle in Transport",3,2023,"KIA","NIRO",65,"Disabling Damage",0,0,1,"Full Driver License","Valid","No",65,"Dry","Going Straight","From adjacent lane (same direction) over right lane line","Unknown/Not Reported","Tracking","Stayed in original travel lane","SUV",1,0,1,1,1,1,0,5,3
63130,10,19,12,"Motor Vehicle In-Transport","Front-to-Rear",1,2017,"DODGE","JOURNEY",999,"Minor Damage",0,0,1,"Full Driver License","Valid","No",55,"Dry","Passing or Overtaking Another Vehicle","Over the lane line on left side of travel lane","Unknown/Not Reported","Precrash stability unknown","Remained off roadway","SUV",0,0,0,0,0,0,0,0,0
63131,12,11,12,"Motor Vehicle In-Transport","Sideswipe - Same Direction",1,2016,"DODGE","GRAND CARAVAN",998,"Minor Damage",0,0,1,"Full Driver License","Valid","No",40,"Dry","Successful Avoidance Maneuver to a Previous Critical Event","Pedestrian in road","Steering left","Tracking","Stayed on roadway, but left original travel lane","VAN",0,0,0,0,0,0,0,0,0
63135,12,4,8,"Pedestrian","The First Harmful Event was Not a Collision with a Motor Vehicle in Transport",1,2016,"HONDA","CIVIC",55,"Damage Reported, Extent Unknown",0,0,1,"Full Driver License","Valid","No",55,"Dry","Going Straight","Pedestrian in road","No Avoidance Maneuver","Tracking","Stayed in original travel lane","4 DR",0,1,0,1,2,2,0,1,1
63144,11,21,8,"Pedestrian","The First Harmful Event was Not a Collision with a Motor Vehicle in Transport",1,2019,"FORD","RANGER",65,"Damage Reported, Extent Unknown",0,0,1,"Full Driver License","Valid","No",65,"Dry","Negotiating a Curve","Pedestrian in road","Braking and steering right","Precrash stability unknown","Stayed in original travel lane","PU/CC",1,0,0,1,1,1,0,3,2
63146,10,10,12,"Motor Vehicle In-Transport","Angle",1,2015,"NISSAN","VERSA",0,"Damage Reported, Extent Unknown",0,0,1,"Full Driver License","Valid","No",40,"Dry","Stopped in Roadway","From adjacent lane (same direction) over left lane line","No Avoidance Maneuver","Tracking","Stayed in original travel lane","4 DR",0,0,0,0,0,0,0,0,0
63147,9,7,12,"Motor Vehicle In-Transport","Front-to-Front",2,2015,"HYUNDAI","SONATA",59,"Damage Reported, Extent Unknown",2,0,1,"Full Driver License","Valid","No",55,"Dry","Going Straight","From opposite direction  over left lane line","Unknown/Not Reported","Tracking","Stayed in original travel lane","4 DR",0,1,1,0,0,0,0,1,1
63148,11,16,12,"Motor Vehicle In-Transport","Angle",1,2011,"BMW","328I",998,"Damage Reported, Extent Unknown",1,0,1,"Full Driver License","Valid","No",50,"Dry","Turning Left","From crossing street, across path","Unknown/Not Reported","Tracking","Stayed in original travel lane","2 DR",0,1,0,0,0,0,1,2,0
63154,11,8,12,"Motor Vehicle In-Transport","Front-to-Front",2,2017,"KIA","OPTIMA",80,"Disabling Damage",2,0,1,"Full Driver License","Valid","No",65,"Dry","Going Straight","From opposite direction  over left lane line","Braking and steering right","Tracking","Departed roadway","4 DR",0,1,1,0,2,2,0,1,1
63156,11,23,12,"Motor Vehicle In-Transport","Angle",2,2013,"MERCEDES-BENZ","C-CLASS",10,"Functional Damage",0,0,1,"Full Driver License","Valid","No",45,"Dry","Going Straight","From crossing street, across path","Unknown/Not Reported","Tracking","Stayed in original travel lane","2 DR",0,0,1,1,0,0,1,1,2
63161,5,20,8,"Pedestrian","The First Harmful Event was Not a Collision with a Motor Vehicle in Transport",5,2014,"TOYOTA","SCION XD",65,"Damage Reported, Extent Unknown",0,0,1,"Full Driver License","Valid","No",65,"Dry","Going Straight","Pedestrian in road","No Avoidance Maneuver","Tracking","Stayed in original travel lane","5 HB",0,0,0,0,0,0,1,1,0
63162,11,21,12,"Motor Vehicle In-Transport","Sideswipe - Same Direction",1,2015,"CHEVROLET","EQUINOX",998,"Damage Reported, Extent Unknown",0,0,1,"Full Driver License","Valid","No",40,"Dry","Going Straight","From adjacent lane (same direction) over left lane line","Unknown/Not Reported","Tracking","Stayed in original travel lane","SUV",0,1,0,1,0,0,0,2,1
63163,10,9,1,"Rollover/Overturn","The First Harmful Event was Not a Collision with a Motor Vehicle in Transport",2,2021,"TOYOTA","RAV4",35,"Disabling Damage",0,0,1,"Full Driver License","Valid","No",55,"Dry","Negotiating a Curve","From opposite direction  over left lane line","Unknown/Not Reported","Tracking","Stayed in original travel lane","SUV",0,1,1,1,1,1,0,6,2
63181,7,2,8,"Pedestrian","The First Harmful Event was Not a Collision with a Motor Vehicle in Transport",1,2019,"TOYOTA","TACOMA",55,"Functional Damage",0,0,1,"Full Driver License","Valid","No",65,"Dry","Going Straight","Pedestrian in road","Braking","Tracking","Stayed in original travel lane","PU/EC",0,1,1,1,1,1,0,5,2
63182,10,22,8,"Pedestrian","The First Harmful Event was Not a Collision with a Motor Vehicle in Transport",1,2021,"NISSAN","ROGUE SPORT",85,"Damage Reported, Extent Unknown",0,0,1,"Full Driver License","Valid","No",65,"Dry","Negotiating a Curve","Pedestrian in road","Braking and Unknown Steering Direction","Skidding longitudinally  rotation less than 30 degrees","Stayed in original travel lane","SUV",1,0,1,1,1,1,0,5,3
63184,12,15,8,"Pedestrian","The First Harmful Event was Not a Collision with a Motor Vehicle in Transport",3,2013,"TOYOTA","TUNDRA",8,"No Damage",0,0,1,"Full Driver License","Valid","No",25,"Dry","Going Straight","Pedestrian in road","No Avoidance Maneuver","Tracking","Stayed in original travel lane","PU/CC",0,1,0,0,0,0,1,2,0
63188,12,6,12,"Motor Vehicle In-Transport","Angle",1,2018,"HONDA","CIVIC",30,"Disabling Damage",1,0,1,"Full Driver License","Valid","No",55,"Dry","Going Straight","Crossing Over (Passing Through) Junction","Unknown/Not Reported","Tracking","Stayed in original travel lane","5 HB",0,1,1,0,2,2,0,1,1
63189,6,15,12,"Motor Vehicle In-Transport","Angle",1,2020,"HONDA","CIVIC",998,"Damage Reported, Extent Unknown",1,0,1,"Full Driver License","Valid","No",25,"Dry","Going Straight","From crossing street, across path","Unknown/Not Reported","Tracking","Stayed in original travel lane","4 DR",0,1,1,1,1,1,0,5,2
63189,6,15,12,"Motor Vehicle In-Transport","Angle",3,2021,"NISSAN","ROGUE",998,"Damage Reported, Extent Unknown",0,0,1,"Full Driver License","Valid","No",45,"Dry","Going Straight","Crossing Over (Passing Through) Junction","Unknown/Not Reported","Tracking","Stayed in original travel lane","SUV",1,0,1,1,1,1,0,5,3
63189,6,15,12,"Motor Vehicle In-Transport","Angle",1,2022,"SUBARU","CROSSTREK",0,"Damage Reported, Extent Unknown",0,0,1,"Full Driver License","Valid","No",45,"Dry","Stopped in Roadway","From opposite direction  over left lane line","No Avoidance Maneuver","Tracking","Stayed in original travel lane","SW",0,1,1,0,2,2,0,1,1
63190,6,9,12,"Motor Vehicle In-Transport","Sideswipe - Same Direction",2,2012,"TOYOTA","VENZA",45,"Damage Reported, Extent Unknown",0,0,1,"Full Driver License","Valid","No",55,"Dry","Going Straight","From adjacent lane (same direction) over left lane line","Unknown/Not Reported","Precrash stability unknown","Stayed in original travel lane","SUV",0,1,0,0,0,0,1,2,0
63194,11,14,12,"Motor Vehicle In-Transport","Sideswipe - Opposite Direction",1,2023,"CHEVROLET","COLORADO",68,"Functional Damage",0,0,1,"Full Driver License","Valid","No",55,"Dry","Negotiating a Curve","Over the lane line on left side of travel lane","Unknown/Not Reported","Tracking","Stayed on roadway, but left original travel lane","PU/CC",0,2,1,1,1,1,0,4,2
63194,11,14,12,"Motor Vehicle In-Transport","Sideswipe - Opposite Direction",1,2018,"TOYOTA","TUNDRA",45,"Disabling Damage",0,0,1,"Full Driver License","Valid","No",55,"Dry","Negotiating a Curve","From opposite direction  over left lane line","Unknown/Not Reported","Tracking","Stayed in original travel lane","PU/CC",0,2,1,1,1,1,0,4,2
63194,11,14,12,"Motor Vehicle In-Transport","Sideswipe - Opposite Direction",2,2017,"KIA","SORENTO",55,"Disabling Damage",1,0,1,"Full Driver License","Valid","No",55,"Dry","Negotiating a Curve","From opposite direction  over left lane line","Unknown/Not Reported","Tracking","Stayed in original travel lane","SUV",0,1,1,0,2,2,0,1,1
63199,8,2,15,"Non-Motorist on Personal Conveyance","The First Harmful Event was Not a Collision with a Motor Vehicle in Transport",1,2014,"TOYOTA","PRIUS",25,"Minor Damage",0,0,1,"Full Driver License","Valid","No",35,"Dry","Going Straight","Pedalcyclist or other non-motorist in road","Steering left","Tracking","Stayed in original travel lane","5 HB",0,1,1,1,2,2,1,2,2
63208,12,0,9,"Pedalcyclist","The First Harmful Event was Not a Collision with a Motor Vehicle in Transport",1,2015,"TOYOTA","CAMRY",998,"Damage Reported, Extent Unknown",0,0,1,"Full Driver License","Valid","No",45,"Dry","Going Straight","Pedalcyclist or other non-motorist in road","Unknown/Not Reported","Tracking","Stayed in original travel lane","4 DR",0,1,1,0,2,2,0,1,1
63211,7,11,12,"Motor Vehicle In-Transport","Sideswipe - Same Direction",1,2015,"VOLKSWAGEN","JETTA",65,"Damage Reported, Extent Unknown",0,0,1,"Full Driver License","Valid","No",65,"Dry","Going Straight","From adjacent lane (same direction) over right lane line","No Avoidance Maneuver","Tracking","Stayed in original travel lane","4 DR",1,1,1,0,0,0,0,1,2
63215,10,4,12,"Motor Vehicle In-Transport","Angle",1,2023,"SUBARU","LEGACY",0,"Damage Reported, Extent Unknown",1,0,1,"Full Driver License","Valid","No",65,"Dry","Stopped in Roadway","Traveling in same direction with higher speed","No Avoidance Maneuver","Tracking","Stayed in original travel lane","4 DR",0,1,1,1,1,1,0,5,2
63216,9,20,12,"Motor Vehicle In-Transport","Angle",1,2014,"HONDA","ACCORD",10,"Damage Reported, Extent Unknown",0,0,1,"Full Driver License","Valid","No",45,"Dry","Turning Left","From opposite direction  over left lane line","Unknown/Not Reported","Tracking","Stayed in original travel lane","2 DR",0,0,1,0,0,0,1,1,1
63220,7,10,20,"Impact Attenuator/Crash Cushion","The First Harmful Event was Not a Collision with a Motor Vehicle in Transport",6,2022,"TOYOTA","TUNDRA",65,"Damage Reported, Extent Unknown",0,0,1,"Full Driver License","Valid","No",65,"Dry","Going Straight","From adjacent lane (same direction) over right lane line","No Avoidance Maneuver","Tracking","Stayed in original travel lane","PU/CC",0,0,1,1,1,1,0,5,2
63224,11,12,12,"Motor Vehicle In-Transport","Front-to-Front",1,2015,"TOYOTA","COROLLA",50,"Damage Reported, Extent Unknown",0,0,1,"Full Driver License","Valid","No",55,"Dry","Negotiating a Curve","From opposite direction  over left lane line","Unknown/Not Reported","Tracking","Stayed in original travel lane","4 DR",0,1,0,0,0,0,0,1,0
63229,6,21,12,"Motor Vehicle In-Transport","Angle",1,2014,"RAM","1500",55,"Damage Reported, Extent Unknown",0,0,1,"Full Driver License","Valid","No",25,"Dry","Turning Right","From crossing street, across path","Braking","Tracking","Stayed in original travel lane","PU/RC",0,1,0,0,0,0,1,2,0
63230,6,20,12,"Motor Vehicle In-Transport","Angle",2,2012,"MERCEDES-BENZ","E-CLASS",998,"Disabling Damage",1,0,1,"Full Driver License","Valid","No",55,"Dry","Going Straight","Crossing Over (Passing Through) Junction","No Avoidance Maneuver","Tracking","Stayed in original travel lane","2 DR",0,1,0,0,0,0,1,2,0
63232,8,1,8,"Pedestrian","The First Harmful Event was Not a Collision with a Motor Vehicle in Transport",2,2018,"HONDA","HR-V",62,"Damage Reported, Extent Unknown",0,0,1,"Full Driver License","Valid","No",50,"Dry","Going Straight","Pedestrian in road","No Avoidance Maneuver","Tracking","Stayed in original travel lane","SUV",0,1,0,0,0,0,0,1,0
63233,11,10,12,"Motor Vehicle In-Transport","Sideswipe - Same Direction",1,2014,"BMW","328I",43,"Damage Reported, Extent Unknown",0,0,1,"Full Driver License","Valid","No",50,"Dry","Going Straight","From adjacent lane (same direction) over left lane line","Unknown/Not Reported","Tracking","Stayed in original travel lane","4 DR",0,1,1,1,2,2,1,3,2
63234,11,21,12,"Motor Vehicle In-Transport","Angle",2,2012,"HYUNDAI","SONATA",10,"Damage Reported, Extent Unknown",0,0,1,"Full Driver License","Valid","No",25,"Dry","Turning Left","Turning Left","No Avoidance Maneuver","Tracking","Stayed in original travel lane","4 DR",0,1,0,0,0,0,1,3,0
63236,12,4,42,"Tree (Standing Only)","The First Harmful Event was Not a Collision with a Motor Vehicle in Transport",1,2018,"CHEVROLET","MALIBU",998,"Disabling Damage",1,0,1,"Full Driver License","Valid","No",55,"Dry","Going Straight","Other cause of control loss (specify:)","Unknown/Not Reported","Precrash stability unknown","Departed roadway","4 DR",0,1,0,0,2,2,0,2,0
63237,1,23,12,"Motor Vehicle In-Transport","Angle",2,2018,"TOYOTA","COROLLA",998,"Disabling Damage",1,0,1,"Full Driver License","Valid","No",55,"Dry","Negotiating a Curve","From opposite direction  over left lane line","Unknown/Not Reported","Tracking","Stayed in original travel lane","4 DR",0,1,1,1,1,1,0,5,2
63245,1,18,12,"Motor Vehicle In-Transport","Front-to-Front",1,2015,"KIA","SOUL",998,"Damage Reported, Extent Unknown",0,0,1,"Full Driver License","Valid","No",55,"Dry","Going Straight","From opposite direction  over left lane line","Unknown/Not Reported","Precrash stability unknown","Stayed in original travel lane","SUV",0,1,0,0,0,0,0,1,0
63247,6,22,8,"Pedestrian","The First Harmful Event was Not a Collision with a Motor Vehicle in Transport",2,2017,"HONDA","CIVIC",998,"Damage Reported, Extent Unknown",0,0,1,"Full Driver License","Valid","No",40,"Dry","Going Straight","Pedestrian in road","Unknown/Not Reported","Tracking","Stayed in original travel lane","2 DR",0,1,1,1,2,2,0,1,2
63249,7,18,12,"Motor Vehicle In-Transport","Angle",1,2014,"DODGE","CHALLENGER",998,"Damage Reported, Extent Unknown",0,0,1,"Full Driver License","Valid","No",45,"Dry","Going Straight","Crossing Over (Passing Through) Junction","Unknown/Not Reported","Precrash stability unknown","Stayed on roadway, not known if left original travel lane","2 DR",0,1,0,0,0,0,1,2,0