"SERIAL_CRASH","MONTH","HOUR","HARM_EV","HARM_EVNAME","TYPE_OF_COLLIOSION","NUM_OF_PEOPLE","MOD_YEAR","VPICMAKENAME","VPICMODELNAME","TRAV_SP","DEFORMEDNAME","DEATHS","DR_DRINK","IS_DRIVER_PRESENT","L_TYPENAME","L_STATUSNAME","SPEEDRELNAME","VSPD_LIM","VSURCONDNAME","P_CRASH1NAME","P_CRASH2NAME","P_CRASH3NAME","PCRASH4NAME","PCRASH5NAME","BODY_STYLE","BLIND_SPOT_DETECTION","ARS","FRNT_COLLISION_WARNING","LANE_DEPARTURE_WARNING","CRASH_IMMINENT_BRAKE","DYNAMIC_BRAKE_SUPPORT","NHTSA_ESC","SAFETY_COUNT","notification_count"
63751,11,12,12,"Motor Vehicle In-Transport","Angle",1,2012,"INFINITI","G37",998,"Damage Reported, Extent Unknown",0,0,1,"Full Driver License","Valid","No",40,"Dry","Going Straight","From opposite direction  over left lane line","No Avoidance Maneuver","Tracking","Stayed in original travel lane","4 DR",0,0,0,0,0,0,1,1,0
63775,6,21,12,"Motor Vehicle In-Transport","Front-to-Rear",2,2012,"DODGE","CHALLENGER",40,"Damage Reported, Extent Unknown",0,0,1,"Full Driver License","Valid","No",98,"Dry","Going Straight","Traveling in same direction with higher speed","Unknown/Not Reported","Tracking","Stayed in original travel lane","2 DR",0,1,0,0,0,0,1,2,0
80004,1,19,12,"Motor Vehicle In-Transport","Angle",2,2017,"SUBARU","LEGACY",10,"Disabling Damage",0,0,1,"Full Driver License","Valid","No",35,"Dry","Turning Left","Turning Left","Unknown/Not Reported","Tracking","Stayed in original travel lane","4 DR",0,0,1,1,2,2,0,0,2
80005,1,0,8,"Pedestrian","The First Harmful Event was Not a Collision with a Motor Vehicle in Transport",2,2018,"TOYOTA","HIGHLANDER",70,"Not Reported",0,0,1,"Full Driver License","Valid","No",75,"Dry","Going Straight","Pedestrian in road","No Avoidance Maneuver","Tracking","Stayed in original travel lane","SUV",0,1,1,1,1,1,0,5,2
80007,1,17,12,"Motor Vehicle In-Transport","Front-to-Front",2,2014,"KIA","OPTIMA",60,"Disabling Damage",2,0,1,"Full Driver License","Valid","No",60,"Dry","Going Straight","Over the lane line on left side of travel lane","No Avoidance Maneuver","Tracking","Stayed on roadway, but left original travel lane","4 DR",1,1,0,0,0,0,1,2,1
80009,1,18,12,"Motor Vehicle In-Transport","Front-to-Front",2,2020,"TOYOTA","RAV4",998,"Disabling Damage",0,0,1,"Full Driver License","Valid","No",35,"Dry","Going Straight","From opposite direction  over left lane line","Braking","Tracking","Stayed in original travel lane","SUV",0,1,1,1,1,1,0,6,2
80013,1,17,12,"Motor Vehicle In-Transport","Front-to-Rear",1,2021,"HONDA","CR-V",71,"Disabling Damage",0,0,1,"Intermediate Driver License","Valid","No",65,"Dry","Going Straight","Other vehicle stopped","Braking","Tracking","Stayed in original travel lane","SUV",1,1,1,1,1,1,0,6,3
80013,1,17,12,"Motor Vehicle In-Transport","Front-to-Rear",1,2021,"TOYOTA","RAV4",0,"Disabling Damage",0,0,1,"Full Driver License","Valid","No",65,"Dry","Stopped in Roadway","Traveling in same direction with higher speed","No Avoidance Maneuver","Tracking","Stayed in original travel lane","SUV",1,1,1,1,1,1,0,6,3
80014,1,14,12,"Motor Vehicle In-Transport","Front-to-Front",1,2018,"CHEVROLET","CRUZE",55,"Disabling Damage",1,0,1,"Full Driver License","Valid","No",55,"Dry","Going Straight","Over the lane line on left side of travel lane","No Avoidance Maneuver","Tracking","Stayed on roadway, but left original travel lane","5 HB",0,1,0,1,0,0,0,2,1
80015,1,18,12,"Motor Vehicle In-Transport","Sideswipe - Opposite Direction",1,2013,"AUDI","A4",45,"Disabling Damage",0,0,1,"Intermediate Driver License","Valid","No",45,"Dry","Going Straight","From opposite direction  over left lane line","Unknown/Not Reported","Tracking","Stayed in original travel lane","4 DR",0,1,1,0,2,2,1,3,1
80015,1,18,12,"Motor Vehicle In-Transport","Sideswipe - Opposite Direction",3,2014,"JEEP","COMPASS",50,"Disabling Damage",0,0,1,"Intermediate Driver License","Valid","No",45,"Dry","Going Straight","Other vehicle stopped","Unknown/Not Reported","Tracking","Stayed in original travel lane","SUV",0,1,0,0,0,0,1,2,0
80016,1,6,12,"Motor Vehicle In-Transport","Angle",2,2011,"BMW","328I",70,"Disabling Damage",1,0,1,"Temporary License","Valid","No",65,"Dry","Going Straight","From opposite direction  over left lane line","Braking","Tracking","Stayed in original travel lane","2 DR",0,1,0,0,0,0,1,2,0
80025,1,15,33,"Curb","The First Harmful Event was Not a Collision with a Motor Vehicle in Transport",1,2021,"TOYOTA","RAV4",35,"Disabling Damage",0,0,1,"Full Driver License","Valid","No",45,"Dry","Going Straight","From opposite direction  over left lane line","Unknown/Not Reported","Tracking","Stayed in original travel lane","SUV",0,1,1,1,1,1,0,6,2
80026,1,15,8,"Pedestrian","The First Harmful Event was Not a Collision with a Motor Vehicle in Transport",1,2020,"TOYOTA","RAV4",15,"Minor Damage",0,0,1,"Full Driver License","Valid","No",25,"Dry","Turning Left","Pedestrian in road","No Avoidance Maneuver","Tracking","Stayed in original travel lane","SUV",0,1,1,1,1,1,0,6,2
80027,1,22,8,"Pedestrian","The First Harmful Event was Not a Collision with a Motor Vehicle in Transport",1,2012,"TOYOTA","CAMRY",35,"Functional Damage",0,0,1,"Full Driver License","Valid","No",40,"Dry","Going Straight","Crossing Over (Passing Through) Junction","No Avoidance Maneuver","Tracking","Stayed in original travel lane","4 DR",0,1,0,0,0,0,1,2,0
80029,1,20,8,"Pedestrian","The First Harmful Event was Not a Collision with a Motor Vehicle in Transport",1,2018,"FORD","ESCAPE",45,"Minor Damage",0,0,1,"Full Driver License","Valid","No",45,"Dry","Going Straight","Pedestrian in road","Unknown/Not Reported","Tracking","Stayed in original travel lane","SUV",1,0,0,0,0,0,0,1,1
80031,1,11,12,"Motor Vehicle In-Transport","Front-to-Rear",1,2016,"JEEP","CHEROKEE",0,"Disabling Damage",0,0,1,"Full Driver License","Valid","No",45,"Dry","Stopped in Roadway","From adjacent lane (same direction) over right lane line","No Avoidance Maneuver","Tracking","Stayed in original travel lane","SUV",0,1,1,1,2,2,0,1,2
80031,1,11,12,"Motor Vehicle In-Transport","Front-to-Rear",1,2021,"JEEP","GRAND CHEROKEE",0,"Disabling Damage",0,0,1,"Full Driver License","Valid","No",45,"Dry","Stopped in Roadway","From adjacent lane (same direction) over right lane line","No Avoidance Maneuver","Tracking","Stayed in original travel lane","SUV",1,1,0,0,2,2,0,2,1
80031,1,11,12,"Motor Vehicle In-Transport","Front-to-Rear",1,2011,"CHEVROLET","IMPALA",998,"Minor Damage",0,0,1,"Full Driver License","Valid","No",45,"Dry","Starting in Road","Other vehicle stopped","Accelerating","Tracking","Stayed in original travel lane","4 DR",0,0,0,0,0,0,1,2,0
80033,1,18,33,"Curb","The First Harmful Event was Not a Collision with a Motor Vehicle in Transport",3,2016,"MERCEDES-BENZ","E-CLASS",40,"Minor Damage",0,0,1,"Intermediate Driver License","Valid","No",45,"Dry","Going Straight","Object in road","Unknown/Not Reported","Tracking","Stayed in original travel lane","2 DR",1,1,1,0,1,1,0,4,2
80035,1,13,12,"Motor Vehicle In-Transport","Front-to-Rear",1,2013,"NISSAN","ROGUE",40,"Disabling Damage",1,0,1,"Full Driver License","Valid","No",35,"Dry","Going Straight","Traveling in same direction while decelerating","Unknown/Not Reported","Tracking","Stayed in original travel lane","SUV",0,1,0,0,0,0,1,2,0
80035,1,13,12,"Motor Vehicle In-Transport","Front-to-Rear",2,2018,"SUBARU","FORESTER",5,"Disabling Damage",0,0,1,"Full Driver License","Valid","No",35,"Dry","Decelerating in Road","Traveling in same direction with higher speed","Unknown/Not Reported","Tracking","Stayed in original travel lane","SUV",1,0,1,1,2,2,0,0,3
80036,1,6,12,"Motor Vehicle In-Transport","Front-to-Rear",1,2018,"VOLKSWAGEN","ATLAS",998,"Disabling Damage",0,0,1,"Full Driver License","Valid","No",40,"Dry","Going Straight","Traveling in same direction with higher speed","Unknown/Not Reported","Tracking","Stayed in original travel lane","SUV",0,1,1,0,0,0,0,1,1
80038,1,1,12,"Motor Vehicle In-Transport","Angle",2,2022,"TESLA","MODEL 3",34,"Disabling Damage",1,0,1,"Full Driver License","Valid","No",30,"Dry","Going Straight","From crossing street, across path","Braking","Tracking","Stayed in original travel lane","4 DR",1,1,1,1,1,1,0,6,3
80057,2,5,8,"Pedestrian","The First Harmful Event was Not a Collision with a Motor Vehicle in Transport",1,2015,"TOYOTA","TACOMA",63,"Minor Damage",0,0,1,"Full Driver License","Valid","No",45,"Dry","Going Straight","Pedestrian in road","No Avoidance Maneuver","Tracking","Stayed in original travel lane","PU/EC",0,0,0,0,0,0,0,0,0
80059,2,9,12,"Motor Vehicle In-Transport","Sideswipe - Opposite Direction",1,2017,"CHEVROLET","EQUINOX",50,"Disabling Damage",1,0,1,"Full Driver License","Valid","No",50,"Dry","Negotiating a Curve","Over the lane line on left side of travel lane","No Avoidance Maneuver","Tracking","Stayed on roadway, but left original travel lane","SUV",1,0,1,1,0,0,0,1,3
80059,2,9,12,"Motor Vehicle In-Transport","Sideswipe - Opposite Direction",1,2019,"NISSAN","NV200",50,"Disabling Damage",0,0,1,"Full Driver License","Valid","No",50,"Dry","Negotiating a Curve","From opposite direction  over left lane line","Braking and steering right","Tracking","Stayed in original travel lane","VAN",0,1,0,0,0,0,0,1,0
80059,2,9,12,"Motor Vehicle In-Transport","Sideswipe - Opposite Direction",2,2012,"TOYOTA","PRIUS",50,"Disabling Damage",0,0,1,"Full Driver License","Valid","No",50,"Dry","Negotiating a Curve","From opposite direction  over left lane line","Braking and steering right","Tracking","Stayed in original travel lane","5 HB",0,1,0,0,0,0,1,2,0
80061,2,18,8,"Pedestrian","The First Harmful Event was Not a Collision with a Motor Vehicle in Transport",1,2011,"INFINITI","G37",40,"Functional Damage",0,0,1,"Full Driver License","Valid","No",35,"Dry","Going Straight","Pedestrian in road","Braking","Tracking","Stayed in original travel lane","2 DR",0,1,0,0,0,0,1,2,0
80064,2,19,12,"Motor Vehicle In-Transport","Front-to-Rear",3,2022,"TOYOTA","RAV4",64,"Disabling Damage",2,0,1,"Full Driver License","Valid","No",75,"Dry","Going Straight","Traveling in same direction with lower steady speed","No Avoidance Maneuver","Tracking","Stayed in original travel lane","SUV",0,1,1,1,1,1,0,6,2
80065,2,23,8,"Pedestrian","The First Harmful Event was Not a Collision with a Motor Vehicle in Transport",1,2017,"CHEVROLET","EQUINOX",35,"Functional Damage",0,0,1,"Full Driver License","Valid","No",45,"Dry","Going Straight","Pedestrian in road","Braking","Tracking","Stayed in original travel lane","SUV",1,0,0,0,0,0,0,1,1
80069,2,17,12,"Motor Vehicle In-Transport","Front-to-Front",1,2013,"HONDA","CR-V",25,"Disabling Damage",0,0,1,"Full Driver License","Valid","No",35,"Dry","Turning Left","Turning Left","No Avoidance Maneuver","Tracking","Stayed in original travel lane","SUV",0,0,0,0,0,0,1,1,0
80069,2,17,12,"Motor Vehicle In-Transport","Front-to-Front",2,2020,"BUICK","ENCORE",0,"Minor Damage",0,0,1,"Full Driver License","Valid","No",35,"Dry","Stopped in Roadway","From crossing street, turning into opposite direction","No Avoidance Maneuver","Tracking","Stayed in original travel lane","SUV",0,1,1,1,0,0,0,2,2
80072,2,18,12,"Motor Vehicle In-Transport","Sideswipe - Same Direction",2,2017,"FORD","ESCAPE",55,"Functional Damage",0,0,1,"Full Driver License","Valid","No",65,"Dry","Going Straight","From adjacent lane (same direction) over left lane line","Braking and steering right","Tracking","Stayed in original travel lane","SUV",1,0,1,0,0,0,0,1,2
80080,2,18,12,"Motor Vehicle In-Transport","Front-to-Rear",3,2016,"CADILLAC","ESCALADE",0,"Disabling Damage",0,0,1,"Full Driver License","Valid","No",40,"Dry","Stopped in Roadway","Traveling in same direction with higher speed","No Avoidance Maneuver","Tracking","Stayed in original travel lane","SUV",1,1,0,1,2,0,0,2,2
80080,2,18,12,"Motor Vehicle In-Transport","Front-to-Rear",2,2016,"TOYOTA","RAV4",0,"Functional Damage",0,0,1,"Full Driver License","Valid","No",40,"Dry","Stopped in Roadway","Traveling in same direction with higher speed","No Avoidance Maneuver","Tracking","Stayed in original travel lane","SUV",0,1,0,0,2,2,0,1,0
80081,2,11,9,"Pedalcyclist","The First Harmful Event was Not a Collision with a Motor Vehicle in Transport",4,2014,"TOYOTA","SIENNA",998,"Functional Damage",0,0,1,"Full Driver License","Valid","No",45,"Dry","Going Straight","Pedalcyclist or other non-motorist in road","No Avoidance Maneuver","Tracking","Stayed in original travel lane","VAN",1,1,1,0,2,2,1,2,2
80083,2,16,12,"Motor Vehicle In-Transport","Angle",1,2017,"MERCEDES-BENZ","GLE-CLASS",20,"Disabling Damage",0,0,1,"Full Driver License","Valid","No",25,"Dry","Going Straight","Crossing Over (Passing Through) Junction","Unknown/Not Reported","Tracking","Stayed in original travel lane","SUV",0,1,1,0,2,1,0,3,1
80087,3,20,12,"Motor Vehicle In-Transport","Angle",1,2013,"TOYOTA","COROLLA",18,"Disabling Damage",1,0,1,"Full Driver License","Valid","No",40,"Dry","Turning Left","Turning Left","No Avoidance Maneuver","Tracking","Stayed in original travel lane","4 DR",0,0,0,0,0,0,1,1,0
80097,3,7,12,"Motor Vehicle In-Transport","Angle",1,2016,"JEEP","PATRIOT",15,"Disabling Damage",1,0,1,"Full Driver License","Valid","No",45,"Dry","Turning Left","Turning Left","Steering left","Tracking","Stayed in original travel lane","SUV",0,0,0,0,0,0,0,0,0
80099,3,15,12,"Motor Vehicle In-Transport","Angle",2,2021,"MAZDA","CX-5",8,"Damage Reported, Extent Unknown",1,0,1,"Full Driver License","Valid","No",45,"Dry","Turning Left","Turning Left","No Avoidance Maneuver","Tracking","Stayed in original travel lane","SUV",1,1,1,1,1,1,0,7,3
80101,3,18,12,"Motor Vehicle In-Transport","Sideswipe - Opposite Direction",1,2012,"HYUNDAI","ELANTRA",65,"Disabling Damage",1,0,1,"Full Driver License","Valid","No",65,"Dry","Going Straight","Over the lane line on right side of travel lane","Steering left","Tracking","Stayed on roadway, but left original travel lane","4 DR",0,0,0,0,0,0,1,1,0
80108,3,7,8,"Pedestrian","The First Harmful Event was Not a Collision with a Motor Vehicle in Transport",1,2011,"JEEP","WRANGLER",35,"Functional Damage",0,0,1,"Intermediate Driver License","Valid","No",35,"Dry","Going Straight","Pedestrian in road","Unknown/Not Reported","Tracking","Stayed in original travel lane","SUV",0,0,0,0,0,0,1,1,0
80115,3,22,12,"Motor Vehicle In-Transport","Angle",1,2013,"TOYOTA","PRIUS",20,"Disabling Damage",0,0,1,"Full Driver License","Valid","No",45,"Dry","Turning Left","Turning Left","No Avoidance Maneuver","Tracking","Stayed in original travel lane","5 HB",0,1,1,1,2,2,1,2,2
80124,3,12,12,"Motor Vehicle In-Transport","Angle",1,2022,"HONDA","CR-V",5,"Disabling Damage",0,0,1,"Full Driver License","Valid","No",40,"Dry","Turning Left","From crossing street, across path","Unknown/Not Reported","Tracking","Stayed in original travel lane","SUV",1,1,1,1,1,1,0,6,3
80127,4,10,12,"Motor Vehicle In-Transport","Sideswipe - Opposite Direction",1,2017,"FORD","EXPLORER",60,"Disabling Damage",1,0,1,"Full Driver License","Valid","No",65,"Dry","Negotiating a Curve","Object in road","Steering left","Tracking","Stayed on roadway, but left original travel lane","SUV",0,0,0,0,0,0,0,0,0
80144,4,14,12,"Motor Vehicle In-Transport","Angle",2,2014,"GMC","YUKON",55,"Disabling Damage",0,0,1,"Full Driver License","Valid","No",55,"Dry","Going Straight","From crossing street, across path","Braking and steering left","Tracking","Stayed in original travel lane","SUV",0,1,0,0,0,0,1,3,0
80151,4,8,12,"Motor Vehicle In-Transport","Sideswipe - Opposite Direction",1,2018,"RAM","2500",65,"Disabling Damage",0,0,1,"Full Driver License","Valid","No",65,"Dry","Going Straight","From opposite direction  over left lane line","Braking","Tracking","Stayed in original travel lane","PU/EC",0,0,0,0,0,0,0,0,0
80159,4,10,12,"Motor Vehicle In-Transport","Front-to-Front",1,2017,"TOYOTA","RAV4",65,"Disabling Damage",1,0,1,"Full Driver License","Valid","No",65,"Dry","Negotiating a Curve","From opposite direction  over left lane line","Braking","Skidding longitudinally  rotation less than 30 degrees","Stayed in original travel lane","SUV",1,1,0,1,2,2,0,1,2
80161,4,6,8,"Pedestrian","The First Harmful Event was Not a Collision with a Motor Vehicle in Transport",1,2017,"CHEVROLET","EQUINOX",40,"Functional Damage",0,0,1,"Full Driver License","Valid","No",35,"Dry","Going Straight","Pedestrian in road","No Avoidance Maneuver","Tracking","Stayed in original travel lane","SUV",0,0,1,1,0,0,0,1,2
80167,4,5,58,"Ground","The First Harmful Event was Not a Collision with a Motor Vehicle in Transport",3,2011,"TOYOTA","COROLLA",75,"Disabling Damage",1,0,1,"Intermediate Driver License","Valid","No",75,"Dry","Going Straight","Off the edge of the road on the left side","Braking and steering right","Skidding laterally clockwise rotation","Departed roadway","4 DR",0,1,0,0,0,0,1,2,0
80173,4,21,12,"Motor Vehicle In-Transport","Angle",1,2011,"KIA","SOUL",35,"Disabling Damage",0,0,1,"Full Driver License","Valid","No",35,"Dry","Going Straight","From opposite direction  over left lane line","No Avoidance Maneuver","Tracking","Stayed in original travel lane","SUV",0,0,0,0,0,0,1,1,0
80175,4,15,59,"Traffic Sign Support","The First Harmful Event was Not a Collision with a Motor Vehicle in Transport",1,2016,"SUBARU","FORESTER",75,"Disabling Damage",1,0,1,"Full Driver License","Valid","No",75,"Dry","Going Straight","Off the edge of the road on the right side","No Avoidance Maneuver","Tracking","Departed roadway","SUV",0,0,1,0,2,2,0,0,1
80178,4,17,12,"Motor Vehicle In-Transport","Front-to-Front",2,2016,"FORD","ESCAPE",15,"Disabling Damage",1,0,1,"Full Driver License","Valid","No",45,"Dry","Turning Left","Turning Left","No Avoidance Maneuver","Tracking","Stayed in original travel lane","SUV",0,0,0,0,0,0,0,0,0
80178,4,17,12,"Motor Vehicle In-Transport","Front-to-Front",1,2015,"NISSAN","FRONTIER",10,"Disabling Damage",0,0,1,"Full Driver License","Valid","No",30,"Dry","Turning Right","From adjacent lane (same direction) over left lane line","No Avoidance Maneuver","Tracking","Stayed in original travel lane","PU/CC",0,0,0,0,0,0,0,0,0
80181,4,23,8,"Pedestrian","The First Harmful Event was Not a Collision with a Motor Vehicle in Transport",1,2017,"FORD","FOCUS",998,"Minor Damage",0,0,1,"Temporary License","Valid","No",45,"Dry","Going Straight","Pedestrian in road","Steering left","Tracking","Stayed in original travel lane","4 DR",0,0,0,1,0,0,0,0,1
80182,4,19,15,"Non-Motorist on Personal Conveyance","The First Harmful Event was Not a Collision with a Motor Vehicle in Transport",1,2017,"JEEP","GRAND CHEROKEE",25,"Minor Damage",0,0,1,"Full Driver License","Valid","No",25,"Dry","Going Straight","Pedalcyclist or other non-motorist in road","Unknown/Not Reported","Tracking","Stayed in original travel lane","SUV",1,0,1,1,2,2,0,0,3
80187,4,19,8,"Pedestrian","The First Harmful Event was Not a Collision with a Motor Vehicle in Transport",1,2019,"JEEP","GRAND CHEROKEE",5,"Minor Damage",0,0,1,"Full Driver License","Valid","No",35,"Dry","Turning Right","Pedestrian in road","No Avoidance Maneuver","Tracking","Stayed in original travel lane","SUV",1,0,1,1,2,2,0,0,3
80191,1,22,8,"Pedestrian","The First Harmful Event was Not a Collision with a Motor Vehicle in Transport",3,2015,"TOYOTA","TACOMA",35,"Functional Damage",0,0,1,"Full Driver License","Valid","No",35,"Dry","Going Straight","Pedestrian in road","Steering right","Tracking","Stayed in original travel lane","PU/EC",0,0,0,0,0,0,0,0,0
80199,5,12,12,"Motor Vehicle In-Transport","Front-to-Front",1,2015,"TOYOTA","COROLLA",50,"Disabling Damage",1,0,1,"Full Driver License","Valid","No",50,"Dry","Going Straight","Over the lane line on left side of travel lane","No Avoidance Maneuver","Tracking","Stayed on roadway, but left original travel lane","4 DR",0,1,0,0,0,0,0,1,0
80200,5,13,12,"Motor Vehicle In-Transport","Front-to-Rear",2,2018,"HYUNDAI","TUCSON",61,"Disabling Damage",1,0,1,"Full Driver License","Valid","No",65,"Dry","Going Straight","Traveling in same direction with higher speed","No Avoidance Maneuver","Tracking","Stayed in original travel lane","SUV",1,2,1,1,2,2,0,0,3
80201,5,20,8,"Pedestrian","The First Harmful Event was Not a Collision with a Motor Vehicle in Transport",2,2012,"TOYOTA","CAMRY",40,"Functional Damage",0,0,1,"Full Driver License","Valid","No",40,"Dry","Going Straight","Pedestrian in road","Braking","Tracking","Stayed in original travel lane","4 DR",0,1,0,0,0,0,1,2,0
80211,5,11,12,"Motor Vehicle In-Transport","Angle",1,2014,"TOYOTA","RAV4",998,"Disabling Damage",1,0,1,"Full Driver License","Valid","No",25,"Dry","Going Straight","Crossing Over (Passing Through) Junction","Unknown/Not Reported","Tracking","Stayed in original travel lane","SUV",0,0,0,0,0,0,1,1,0
80211,5,11,12,"Motor Vehicle In-Transport","Angle",1,2016,"TOYOTA","TUNDRA",998,"Disabling Damage",0,0,1,"Full Driver License","Valid","No",35,"Dry","Going Straight","From crossing street, across path","Unknown/Not Reported","Tracking","Stayed in original travel lane","PU/CC",1,1,0,0,0,0,0,1,1
80212,5,16,12,"Motor Vehicle In-Transport","Sideswipe - Same Direction",1,2016,"RAM","1500",65,"Minor Damage",0,0,1,"Full Driver License","Valid","No",65,"Dry","Successful Avoidance Maneuver to a Previous Critical Event","Over the lane line on right side of travel lane","Steering right","Tracking","Stayed on roadway, but left original travel lane","PU/RC",0,0,0,0,0,0,0,0,0
80212,5,16,12,"Motor Vehicle In-Transport","Sideswipe - Same Direction",2,2014,"CHEVROLET","CAMARO",55,"Disabling Damage",2,0,1,"Full Driver License","Valid","No",65,"Dry","Going Straight","From adjacent lane (same direction) over left lane line","Steering right","Tracking","Stayed on roadway, but left original travel lane","C",0,1,0,0,0,0,1,3,0
80212,5,16,12,"Motor Vehicle In-Transport","Sideswipe - Same Direction",1,2011,"TOYOTA","TUNDRA",65,"Disabling Damage",0,0,1,"Full Driver License","Valid","No",65,"Dry","Going Straight","From opposite direction  over left lane line","No Avoidance Maneuver","Tracking","Stayed in original travel lane","PU/RC",0,0,0,0,0,0,1,1,0
80212,5,16,12,"Motor Vehicle In-Transport","Sideswipe - Same Direction",1,2016,"JEEP","CHEROKEE",65,"Minor Damage",0,0,1,"Full Driver License","Valid","No",65,"Dry","Going Straight","Other vehicle stopped","Braking and steering left","Tracking","Stayed on roadway, but left original travel lane","SUV",1,1,0,1,2,2,0,1,2
80218,5,21,12,"Motor Vehicle In-Transport","Angle",1,2016,"FORD","EXPLORER",45,"Disabling Damage",0,0,1,"Full Driver License","Valid","No",45,"Dry","Going Straight","From opposite direction  over left lane line","Unknown/Not Reported","Tracking","Stayed in original travel lane","SUV",0,1,1,0,0,0,0,1,1
80220,5,18,12,"Motor Vehicle In-Transport","Front-to-Front",4,2021,"JEEP","WRANGLER",45,"Disabling Damage",0,0,1,"Full Driver License","Valid","No",45,"Dry","Negotiating a Curve","From opposite direction  over left lane line","Braking and steering right","Tracking","Stayed on roadway, but left original travel lane","SUV",0,0,1,0,2,2,0,0,1
80223,5,1,8,"Pedestrian","The First Harmful Event was Not a Collision with a Motor Vehicle in Transport",1,2016,"CADILLAC","ATS",35,"Minor Damage",0,0,1,"Full Driver License","Valid","No",45,"Dry","Going Straight","Pedestrian in road","No Avoidance Maneuver","Tracking","Stayed in original travel lane","4 DR",0,1,0,0,2,2,0,2,0
80233,5,15,9,"Pedalcyclist","The First Harmful Event was Not a Collision with a Motor Vehicle in Transport",1,2013,"NISSAN","TITAN",20,"Minor Damage",0,0,1,"Full Driver License","Valid","No",25,"Dry","Going Straight","Pedalcyclist or other non-motorist in road","No Avoidance Maneuver","Tracking","Stayed in original travel lane","PU/CC",0,1,0,0,0,0,1,2,0
80243,5,9,12,"Motor Vehicle In-Transport","Angle",1,2014,"TOYOTA","SIENNA",10,"Minor Damage",0,0,1,"Full Driver License","Valid","No",30,"Dry","Turning Left","Turning Left","No Avoidance Maneuver","Tracking","Stayed in original travel lane","VAN",1,1,1,0,2,2,1,2,2
80247,6,1,8,"Pedestrian","The First Harmful Event was Not a Collision with a Motor Vehicle in Transport",2,2018,"NISSAN","PATHFINDER",65,"Functional Damage",0,0,1,"Full Driver License","Valid","No",65,"Dry","Going Straight","Pedestrian in road","Other actions (specify:)","Tracking","Stayed in original travel lane","SUV",0,1,1,0,2,2,0,2,1
80254,6,17,12,"Motor Vehicle In-Transport","Front-to-Rear",1,2023,"HYUNDAI","ELANTRA",10,"Disabling Damage",0,0,1,"Full Driver License","Valid","No",65,"Dry","Decelerating in Road","Traveling in same direction with higher speed","Braking","Tracking","Stayed in original travel lane","4 DR",1,2,1,1,1,1,0,5,3
80256,6,5,12,"Motor Vehicle In-Transport","Sideswipe - Opposite Direction",1,2019,"INFINITI","Q50",15,"Disabling Damage",0,0,1,"Full Driver License","Valid","No",25,"Dry","Turning Left","Turning Left","No Avoidance Maneuver","Tracking","Stayed in original travel lane","4 DR",1,0,1,1,1,1,0,3,3
80260,6,3,12,"Motor Vehicle In-Transport","Angle",1,2016,"FORD","TRANSIT",15,"Disabling Damage",0,0,1,"Full Driver License","Valid","No",40,"Dry","Turning Left","Turning Left","No Avoidance Maneuver","Tracking","Stayed in original travel lane","VAN",0,0,0,1,0,0,0,0,1
80274,6,18,12,"Motor Vehicle In-Transport","Angle",1,2014,"VOLKSWAGEN","TIGUAN",25,"Disabling Damage",1,0,1,"Full Driver License","Valid","No",35,"Dry","Turning Left","Turning Left","No Avoidance Maneuver","Tracking","Stayed in original travel lane","SUV",0,1,0,0,0,0,1,2,0
80281,6,15,31,"Post, Pole or Other Supports","The First Harmful Event was Not a Collision with a Motor Vehicle in Transport",5,2018,"CHEVROLET","CRUZE",65,"Disabling Damage",2,0,1,"Full Driver License","Valid","No",65,"Dry","Going Straight","Over the lane line on left side of travel lane","No Avoidance Maneuver","Tracking","Departed roadway","5 HB",1,1,1,1,0,0,0,2,3
80290,6,16,12,"Motor Vehicle In-Transport","Front-to-Front",1,2015,"HONDA","CR-V",65,"Disabling Damage",1,0,1,"Temporary License","Valid","No",65,"Dry","Going Straight","Over the lane line on left side of travel lane","No Avoidance Maneuver","Tracking","Stayed on roadway, but left original travel lane","SUV",0,1,0,0,2,2,0,1,0
80294,6,1,12,"Motor Vehicle In-Transport","Front-to-Front",1,2021,"GMC","YUKON",78,"Disabling Damage",0,0,1,"Full Driver License","Valid","No",75,"Dry","Going Straight","Traveling in opposite direction","Unknown/Not Reported","Tracking","Stayed in original travel lane","SUV",1,1,1,1,1,1,0,5,3
80297,6,13,12,"Motor Vehicle In-Transport","Front-to-Rear",2,2013,"TOYOTA","PRIUS C",0,"Disabling Damage",0,0,1,"Full Driver License","Valid","No",45,"Dry","Stopped in Roadway","Traveling in same direction with higher speed","No Avoidance Maneuver","Tracking","Stayed in original travel lane","5 HB",0,0,0,0,0,0,1,1,0
80302,6,15,12,"Motor Vehicle In-Transport","Angle",4,2014,"DODGE","CHARGER",5,"Functional Damage",0,0,1,"Full Driver License","Valid","No",50,"Dry","Turning Left","Turning Left","Braking","Tracking","Stayed in original travel lane","4 DR",0,1,1,0,0,0,1,2,1
80303,7,16,12,"Motor Vehicle In-Transport","Angle",3,2022,"NISSAN","SENTRA",50,"Functional Damage",0,0,1,"Full Driver License","Valid","No",50,"Dry","Going Straight","Object in road","Other actions (specify:)","Tracking","Stayed in original travel lane","4",1,0,1,1,1,1,0,5,3
80316,7,10,12,"Motor Vehicle In-Transport","Front-to-Front",1,2020,"RAM","2500",30,"Disabling Damage",0,0,1,"Full Driver License","Valid","No",45,"Dry","Turning Left","Turning Left","No Avoidance Maneuver","Tracking","Stayed in original travel lane","PU/RC",1,0,1,0,2,2,0,0,2