"SERIAL_CRASH","MONTH","HOUR","HARM_EV","HARM_EVNAME","TYPE_OF_COLLIOSION","NUM_OF_PEOPLE","MOD_YEAR","VPICMAKENAME","VPICMODELNAME","TRAV_SP","DEFORMEDNAME","DEATHS","DR_DRINK","IS_DRIVER_PRESENT","L_TYPENAME","L_STATUSNAME","SPEEDRELNAME","VSPD_LIM","VSURCONDNAME","P_CRASH1NAME","P_CRASH2NAME","P_CRASH3NAME","PCRASH4NAME","PCRASH5NAME","BODY_STYLE","BLIND_SPOT_DETECTION","ARS","FRNT_COLLISION_WARNING","LANE_DEPARTURE_WARNING","CRASH_IMMINENT_BRAKE","DYNAMIC_BRAKE_SUPPORT","NHTSA_ESC","SAFETY_COUNT","notification_count"
80318,7,15,12,"Motor Vehicle In-Transport","Front-to-Front",1,2023,"JEEP","GRAND CHEROKEE",50,"Functional Damage",0,0,1,"Full Driver License","Valid","No",35,"Dry","Going Straight","Object approaching road","Unknown/Not Reported","Tracking","Stayed in original travel lane","SUV",1,0,1,1,1,1,0,5,3
80320,7,2,12,"Motor Vehicle In-Transport","Front-to-Rear",1,2017,"NISSAN","ROGUE",0,"Functional Damage",0,0,1,"Full Driver License","Valid","No",40,"Dry","Stopped in Roadway","Traveling in same direction with higher speed","No Avoidance Maneuver","Tracking","Stayed in original travel lane","SUV",0,0,0,0,2,2,0,0,0
80321,7,22,8,"Pedestrian","The First Harmful Event was Not a Collision with a Motor Vehicle in Transport",1,2020,"FORD","EXPLORER",54,"Functional Damage",0,0,1,"Full Driver License","Valid","No",45,"Dry","Going Straight","Pedestrian in road","Unknown/Not Reported","Tracking","Stayed in original travel lane","SUV",1,0,1,1,1,1,0,6,3
80328,7,17,12,"Motor Vehicle In-Transport","Angle",1,2018,"TOYOTA","COROLLA",47,"Functional Damage",0,0,1,"Full Driver License","Valid","No",45,"Dry","Going Straight","Object in road","Unknown/Not Reported","Tracking","Stayed in original travel lane","4 DR",0,1,1,1,1,1,0,5,2
80329,7,16,12,"Motor Vehicle In-Transport","Angle",2,2021,"TOYOTA","CAMRY",45,"Disabling Damage",0,0,1,"Full Driver License","Valid","No",45,"Dry","Going Straight","From opposite direction  over left lane line","Unknown/Not Reported","Tracking","Stayed in original travel lane","4 DR",0,1,1,1,1,1,0,6,2
80333,7,10,12,"Motor Vehicle In-Transport","Angle",1,2015,"RAM","2500",45,"Functional Damage",0,0,1,"Full Driver License","Valid","No",45,"Dry","Going Straight","Crossing Over (Passing Through) Junction","No Avoidance Maneuver","Tracking","Stayed in original travel lane","PU/CC",0,0,0,0,0,0,0,0,0
80338,7,20,12,"Motor Vehicle In-Transport","Angle",1,2018,"TOYOTA","RAV4",60,"Disabling Damage",0,0,1,"Full Driver License","Valid","No",65,"Dry","Going Straight","From driveway, turning into opposite direction","Braking","Tracking","Stayed in original travel lane","SUV",1,1,1,1,1,1,0,5,3
80341,7,18,12,"Motor Vehicle In-Transport","Angle",1,2018,"SUBARU","OUTBACK",20,"Disabling Damage",1,0,1,"Full Driver License","Valid","No",30,"Dry","Starting in Road","Crossing Over (Passing Through) Junction","No Avoidance Maneuver","Tracking","Stayed in original travel lane","SW",1,0,1,1,2,2,0,0,3
80349,7,12,12,"Motor Vehicle In-Transport","Front-to-Front",2,2020,"RAM","1500",57,"Disabling Damage",1,0,1,"Full Driver License","Valid","No",65,"Dry","Negotiating a Curve","From opposite direction  over left lane line","Braking and steering left","Tracking","Stayed in original travel lane","PU/EC",0,0,0,0,2,2,0,0,0
80352,7,12,12,"Motor Vehicle In-Transport","Angle",1,2017,"TOYOTA","CAMRY",18,"Disabling Damage",0,0,1,"Full Driver License","Valid","No",35,"Dry","Turning Left","Turning Left","Unknown/Not Reported","Tracking","Stayed in original travel lane","4 DR",0,1,1,0,2,2,0,1,1
80359,7,17,12,"Motor Vehicle In-Transport","Sideswipe - Same Direction",3,2012,"HONDA","CIVIC",5,"Functional Damage",0,0,1,"Full Driver License","Valid","No",45,"Dry","Turning Left","Traveling in same direction with higher speed","No Avoidance Maneuver","Tracking","Stayed in original travel lane","2 DR",0,0,0,0,0,0,1,1,0
80369,7,20,8,"Pedestrian","The First Harmful Event was Not a Collision with a Motor Vehicle in Transport",1,2015,"CHEVROLET","CAMARO",35,"Minor Damage",0,0,1,"Full Driver License","Valid","No",35,"Dry","Going Straight","Pedestrian in road","Unknown/Not Reported","Tracking","Stayed in original travel lane","C",0,1,0,0,0,0,0,2,0
80371,7,22,12,"Motor Vehicle In-Transport","Front-to-Rear",1,2017,"NISSAN","TITAN",998,"No Damage",0,0,1,"Full Driver License","Valid","No",50,"Dry","Going Straight","Traveling in same direction with higher speed","Unknown/Not Reported","Tracking","Stayed in original travel lane","PU/CC",1,0,0,0,0,0,0,0,1
80375,7,8,12,"Motor Vehicle In-Transport","Front-to-Rear",1,2015,"GMC","ACADIA",65,"Disabling Damage",0,0,1,"Full Driver License","Valid","No",65,"Dry","Going Straight","From opposite direction  over left lane line","Unknown/Not Reported","Tracking","Stayed in original travel lane","SUV",1,1,1,0,0,0,0,2,2
80376,7,21,12,"Motor Vehicle In-Transport","Front-to-Front",1,2016,"KIA","SOUL",65,"Disabling Damage",0,0,1,"Full Driver License","Valid","No",60,"Dry","Going Straight","From opposite direction  over left lane line","Unknown/Not Reported","Tracking","Stayed in original travel lane","SUV",0,1,1,0,0,0,0,1,1
80380,7,23,8,"Pedestrian","The First Harmful Event was Not a Collision with a Motor Vehicle in Transport",1,2016,"HONDA","CIVIC",998,"Functional Damage",0,0,1,"Full Driver License","Valid","No",65,"Dry","Going Straight","Pedestrian in road","Unknown/Not Reported","Tracking","Stayed in original travel lane","4 DR",0,1,0,0,2,2,0,1,0
80385,8,17,9,"Pedalcyclist","The First Harmful Event was Not a Collision with a Motor Vehicle in Transport",1,2019,"AUDI","Q7",40,"Minor Damage",0,0,1,"Full Driver License","Valid","No",40,"Dry","Going Straight","Pedalcyclist or other non-motorist in road","Unknown/Not Reported","Tracking","Stayed in original travel lane","SUV",0,1,1,0,1,1,0,4,1
80388,8,15,12,"Motor Vehicle In-Transport","Front-to-Front",1,2015,"DODGE","JOURNEY",998,"Disabling Damage",0,0,1,"Full Driver License","Valid","No",40,"Dry","Turning Left","Turning Left","No Avoidance Maneuver","Tracking","Stayed in original travel lane","SUV",0,0,0,0,0,0,0,0,0
80388,8,15,12,"Motor Vehicle In-Transport","Front-to-Front",1,2022,"BMW","X5",998,"Minor Damage",0,0,1,"Full Driver License","Valid","No",55,"Dry","Turning Right","Object approaching road","No Avoidance Maneuver","Tracking","Stayed in original travel lane","SUV",0,1,0,0,0,0,0,2,0
80392,8,15,12,"Motor Vehicle In-Transport","Angle",3,2013,"HYUNDAI","ELANTRA",55,"Disabling Damage",1,0,1,"Full Driver License","Valid","No",55,"Dry","Going Straight","From opposite direction  over left lane line","Unknown/Not Reported","Tracking","Stayed in original travel lane","2 DR",0,1,0,0,0,0,1,2,0
80392,8,15,12,"Motor Vehicle In-Transport","Angle",1,2011,"CHEVROLET","TRAVERSE",0,"Minor Damage",0,0,1,"Full Driver License","Valid","No",35,"Dry","Stopped in Roadway","From crossing street, turning into same direction","No Avoidance Maneuver","Tracking","Stayed in original travel lane","SUV",0,1,0,0,0,0,1,3,0
80398,8,17,12,"Motor Vehicle In-Transport","Angle",1,2017,"JEEP","PATRIOT",13,"Disabling Damage",0,0,1,"Full Driver License","Valid","No",35,"Dry","Turning Left","Turning Left","No Avoidance Maneuver","Tracking","Stayed in original travel lane","SUV",0,0,0,0,0,0,0,0,0
80399,8,5,8,"Pedestrian","The First Harmful Event was Not a Collision with a Motor Vehicle in Transport",1,2013,"JEEP","WRANGLER",998,"Functional Damage",0,0,1,"Full Driver License","Valid","No",45,"Dry","Going Straight","Pedestrian in road","Braking","Tracking","Stayed in original travel lane","SUV",0,1,0,0,0,0,1,2,0
80400,8,6,9,"Pedalcyclist","The First Harmful Event was Not a Collision with a Motor Vehicle in Transport",1,2015,"RAM","1500",30,"Minor Damage",0,0,1,"Intermediate Driver License","Valid","No",30,"Dry","Going Straight","Pedalcyclist or other non-motorist in road","Unknown/Not Reported","Tracking","Stayed in original travel lane","PU/EC",0,0,0,0,0,0,0,0,0
80410,8,21,8,"Pedestrian","The First Harmful Event was Not a Collision with a Motor Vehicle in Transport",2,2022,"NISSAN","ROGUE",45,"Functional Damage",0,0,1,"Full Driver License","Valid","No",45,"Dry","Going Straight","Pedestrian in road","No Avoidance Maneuver","Tracking","Stayed in original travel lane","SUV",1,0,1,1,1,1,0,5,3
80412,8,6,1,"Rollover/Overturn","The First Harmful Event was Not a Collision with a Motor Vehicle in Transport",1,2014,"FORD","FOCUS",75,"Disabling Damage",1,0,1,"Full Driver License","Valid","No",75,"Dry","Going Straight","Off the edge of the road on the left side","Steering right","Skidding laterally counterclockwise rotation","Departed roadway","5 HB",0,1,0,0,0,0,1,2,0
80413,8,5,15,"Non-Motorist on Personal Conveyance","The First Harmful Event was Not a Collision with a Motor Vehicle in Transport",1,2022,"NISSAN","SENTRA",35,"Minor Damage",0,0,1,"Full Driver License","Valid","No",30,"Dry","Going Straight","Pedalcyclist or other non-motorist in road","Steering right","Tracking","Stayed in original travel lane","4",1,0,1,1,1,1,0,5,3
80422,8,19,12,"Motor Vehicle In-Transport","Front-to-Front",3,2017,"HONDA","CR-V",46,"Disabling Damage",3,0,1,"Full Driver License","Valid","No",45,"Dry","Negotiating a Curve","From opposite direction  over left lane line","Braking and Unknown Steering Direction","Tracking","Stayed in original travel lane","SUV",0,1,1,0,2,2,0,1,1
80425,8,1,8,"Pedestrian","The First Harmful Event was Not a Collision with a Motor Vehicle in Transport",1,2014,"FORD","FUSION",45,"Minor Damage",0,0,1,"Full Driver License","Valid","No",45,"Dry","Going Straight","Pedestrian in road","Unknown/Not Reported","Tracking","Stayed in original travel lane","4 DR",1,1,0,1,0,0,1,2,2
80429,8,9,9,"Pedalcyclist","The First Harmful Event was Not a Collision with a Motor Vehicle in Transport",1,2015,"BMW","320I",50,"Functional Damage",0,0,1,"Full Driver License","Valid","No",45,"Dry","Negotiating a Curve","Pedalcyclist or other non-motorist in road","No Avoidance Maneuver","Tracking","Stayed in original travel lane","4 DR",0,1,0,0,0,0,0,2,0
80430,8,14,8,"Pedestrian","The First Harmful Event was Not a Collision with a Motor Vehicle in Transport",1,2015,"KIA","FORTE",53,"Functional Damage",0,0,1,"Full Driver License","Valid","No",55,"Dry","Going Straight","Pedestrian in road","Braking","Tracking","Stayed in original travel lane","5 HB",0,1,0,0,0,0,0,2,0
80432,8,9,12,"Motor Vehicle In-Transport","Front-to-Rear",2,2018,"KIA","SPORTAGE",58,"Disabling Damage",0,0,1,"Full Driver License","Valid","No",45,"Dry","Going Straight","Other vehicle stopped","Braking and steering right","Tracking","Stayed in original travel lane","SUV",1,2,1,1,2,2,0,0,3
80432,8,9,12,"Motor Vehicle In-Transport","Front-to-Rear",1,2019,"DODGE","JOURNEY",0,"Disabling Damage",1,0,1,"Full Driver License","Valid","No",45,"Dry","Stopped in Roadway","Traveling in same direction with higher speed","No Avoidance Maneuver","Tracking","Stayed in original travel lane","SUV",0,0,0,0,0,0,0,0,0
80438,8,22,12,"Motor Vehicle In-Transport","Front-to-Front",2,2020,"MERCEDES-BENZ","GLS-CLASS",30,"Disabling Damage",0,0,1,"Full Driver License","Valid","No",30,"Dry","Going Straight","From opposite direction  over left lane line","No Avoidance Maneuver","Tracking","Stayed in original travel lane","SUV",0,1,1,0,1,1,0,5,1
80441,8,8,39,"Wall","The First Harmful Event was Not a Collision with a Motor Vehicle in Transport",1,2013,"VOLKSWAGEN","BEETLE",40,"Disabling Damage",1,0,1,"Full Driver License","Valid","No",40,"Dry","Going Straight","Over the lane line on right side of travel lane","No Avoidance Maneuver","Tracking","Departed roadway","C",0,0,0,0,0,0,1,1,0
80445,9,23,12,"Motor Vehicle In-Transport","Angle",2,2020,"NISSAN","ROGUE",15,"Disabling Damage",1,0,1,"Full Driver License","Valid","No",40,"Dry","Going Straight","From crossing street, across path","No Avoidance Maneuver","Tracking","Stayed in original travel lane","SUV",1,1,1,1,1,1,0,6,3
80445,9,23,12,"Motor Vehicle In-Transport","Angle",2,2017,"TOYOTA","TACOMA",0,"Minor Damage",0,0,1,"Full Driver License","Valid","No",40,"Dry","Stopped in Roadway","From opposite direction  over left lane line","No Avoidance Maneuver","Tracking","Stayed in original travel lane","PU/CC",0,1,0,0,0,0,0,1,0
80446,9,13,12,"Motor Vehicle In-Transport","Front-to-Front",1,2017,"TOYOTA","SIENNA",50,"Disabling Damage",0,0,1,"Full Driver License","Valid","No",65,"Dry","Negotiating a Curve","This vehicle decelerating","Braking and Unknown Steering Direction","Tracking","Stayed in original travel lane","VAN",0,1,0,0,2,2,0,1,0
80452,9,15,12,"Motor Vehicle In-Transport","Sideswipe - Same Direction",1,2021,"NISSAN","VERSA",0,"Functional Damage",0,0,1,"Full Driver License","Valid","No",50,"Dry","Stopped in Roadway","From adjacent lane (same direction) over right lane line","No Avoidance Maneuver","Tracking","Stayed in original travel lane","4 DR",1,0,1,1,1,1,0,5,3
80452,9,15,12,"Motor Vehicle In-Transport","Sideswipe - Same Direction",1,2022,"CHEVROLET","TRAX",0,"Disabling Damage",0,0,1,"Temporary License","Valid","No",50,"Dry","Stopped in Roadway","From adjacent lane (same direction) over right lane line","No Avoidance Maneuver","Tracking","Stayed in original travel lane","SUV",1,1,0,0,0,0,0,2,1
80455,9,18,12,"Motor Vehicle In-Transport","Angle",1,2018,"GMC","ACADIA",20,"Disabling Damage",1,0,1,"Full Driver License","Valid","No",55,"Dry","Turning Left","Turning Left","No Avoidance Maneuver","Tracking","Stayed on roadway, but left original travel lane","SUV",0,1,0,0,2,2,0,2,0
80455,9,18,12,"Motor Vehicle In-Transport","Angle",1,2021,"JEEP","GLADIATOR",65,"Disabling Damage",0,0,1,"Full Driver License","Valid","No",55,"Dry","Going Straight","From adjacent lane (same direction) over right lane line","Braking","Tracking","Stayed in original travel lane","PU/CC",1,0,0,0,2,2,0,0,1
80455,9,18,12,"Motor Vehicle In-Transport","Angle",1,2023,"FORD","EXPLORER",50,"Functional Damage",0,0,1,"Full Driver License","Valid","No",55,"Dry","Going Straight","From adjacent lane (same direction) over left lane line","Braking and steering right","Tracking","Stayed on roadway, but left original travel lane","SUV",1,1,1,1,1,1,0,6,3
80461,9,14,12,"Motor Vehicle In-Transport","Front-to-Front",1,2014,"TOYOTA","COROLLA",65,"Disabling Damage",1,0,1,"Full Driver License","Valid","No",65,"Dry","Going Straight","From opposite direction  over left lane line","No Avoidance Maneuver","Tracking","Stayed in original travel lane","4 DR",0,0,0,0,0,0,1,1,0
80464,9,17,12,"Motor Vehicle In-Transport","Angle",1,2012,"CHEVROLET","SONIC",55,"Disabling Damage",1,0,1,"Full Driver License","Valid","No",55,"Dry","Going Straight","From driveway, turning into opposite direction","No Avoidance Maneuver","Tracking","Stayed in original travel lane","5 HB",0,0,0,0,0,0,1,2,0
80468,9,10,12,"Motor Vehicle In-Transport","Angle",2,2014,"HONDA","PILOT",25,"Functional Damage",0,0,1,"Full Driver License","Valid","No",25,"Dry","Going Straight","From crossing street, across path","No Avoidance Maneuver","Tracking","Stayed in original travel lane","SUV",0,0,0,0,0,0,1,1,0
80472,9,22,9,"Pedalcyclist","The First Harmful Event was Not a Collision with a Motor Vehicle in Transport",1,2016,"CHEVROLET","TAHOE",998,"Functional Damage",0,0,1,"Full Driver License","Valid","No",30,"Dry","Going Straight","Pedalcyclist or other non-motorist in road","Unknown/Not Reported","Tracking","Departed roadway","SUV",1,1,1,1,2,0,0,2,3
80478,9,2,8,"Pedestrian","The First Harmful Event was Not a Collision with a Motor Vehicle in Transport",1,2023,"CHEVROLET","TAHOE",33,"Minor Damage",0,0,1,"Full Driver License","Valid","No",45,"Dry","Going Straight","Pedestrian in road","Unknown/Not Reported","Tracking","Stayed in original travel lane","SUV",1,0,1,1,1,1,0,4,3
80479,9,21,12,"Motor Vehicle In-Transport","Angle",2,2013,"HONDA","PILOT",998,"Disabling Damage",0,0,1,"Full Driver License","Valid","No",40,"Dry","Turning Left","Turning Left","No Avoidance Maneuver","Tracking","Stayed in original travel lane","SUV",0,0,0,0,0,0,1,1,0
80480,9,21,8,"Pedestrian","The First Harmful Event was Not a Collision with a Motor Vehicle in Transport",4,2023,"HYUNDAI","TUCSON",30,"Minor Damage",0,0,1,"Full Driver License","Valid","No",35,"Dry","Going Straight","Pedestrian in road","Unknown/Not Reported","Tracking","Stayed in original travel lane","SUV",1,2,1,1,1,1,0,5,3
80485,9,15,12,"Motor Vehicle In-Transport","Angle",1,2021,"KIA","TELLURIDE",65,"Disabling Damage",0,0,1,"Full Driver License","Valid","No",55,"Dry","Going Straight","From crossing street, across path","Braking and steering left","Tracking","Stayed in original travel lane","SUV",1,1,1,1,1,1,0,7,3
80490,9,7,8,"Pedestrian","The First Harmful Event was Not a Collision with a Motor Vehicle in Transport",1,2012,"VOLKSWAGEN","EOS",30,"Minor Damage",0,0,1,"Full Driver License","Valid","No",30,"Dry","Negotiating a Curve","Pedestrian in road","No Avoidance Maneuver","Tracking","Stayed in original travel lane","C",0,1,0,0,0,0,1,2,0
80491,9,13,12,"Motor Vehicle In-Transport","Angle",1,2012,"HONDA","ACCORD",25,"Disabling Damage",1,0,1,"Full Driver License","Valid","No",25,"Dry","Going Straight","Crossing Over (Passing Through) Junction","No Avoidance Maneuver","Tracking","Stayed in original travel lane","2 DR",0,0,0,0,0,0,1,1,0
80496,9,5,12,"Motor Vehicle In-Transport","Angle",1,2019,"HONDA","CR-V",30,"Disabling Damage",0,0,1,"Full Driver License","Valid","No",30,"Dry","Going Straight","From crossing street, across path","Unknown/Not Reported","Tracking","Stayed in original travel lane","SUV",0,1,0,0,2,2,0,1,0
80497,9,12,12,"Motor Vehicle In-Transport","Front-to-Front",3,2020,"JEEP","COMPASS",35,"Disabling Damage",0,0,1,"Full Driver License","Valid","No",45,"Dry","Going Straight","From Parking Lane/Shoulder, Median/Crossover, Roadside","No Avoidance Maneuver","Tracking","Stayed in original travel lane","SUV",0,1,1,1,2,2,0,1,2
80501,9,3,8,"Pedestrian","The First Harmful Event was Not a Collision with a Motor Vehicle in Transport",1,2017,"JEEP","GRAND CHEROKEE",40,"Functional Damage",0,0,1,"Full Driver License","Valid","No",40,"Dry","Going Straight","Pedestrian in road","Unknown/Not Reported","Tracking","Stayed in original travel lane","SUV",1,0,1,0,2,2,0,0,2
80503,9,11,12,"Motor Vehicle In-Transport","Front-to-Front",1,2011,"FORD","ESCAPE",30,"Disabling Damage",0,0,1,"Full Driver License","Valid","No",30,"Dry","Going Straight","From opposite direction  over left lane line","No Avoidance Maneuver","Tracking","Stayed in original travel lane","SUV",0,0,0,0,0,0,1,1,0
80503,9,11,12,"Motor Vehicle In-Transport","Front-to-Front",2,2021,"CHEVROLET","COLORADO",0,"Disabling Damage",0,0,1,"Full Driver License","Valid","No",25,"Dry","Stopped in Roadway","From crossing street, across path","No Avoidance Maneuver","Tracking","Stayed in original travel lane","PU/EC",0,1,0,1,2,2,0,1,1
80506,9,23,12,"Motor Vehicle In-Transport","Front-to-Rear",2,2015,"TOYOTA","RAV4",0,"Disabling Damage",1,0,1,"Full Driver License","Valid","No",55,"Dry","Stopped in Roadway","Traveling in same direction with higher speed","No Avoidance Maneuver","Tracking","Stayed in original travel lane","SUV",0,1,0,1,0,0,0,1,1
80507,9,19,8,"Pedestrian","The First Harmful Event was Not a Collision with a Motor Vehicle in Transport",2,2011,"JEEP","GRAND CHEROKEE",30,"Minor Damage",0,0,1,"Full Driver License","Valid","No",35,"Dry","Going Straight","Pedestrian in road","Braking and steering right","Tracking","Stayed in original travel lane","SUV",1,1,0,0,0,0,1,2,1
80508,9,20,8,"Pedestrian","The First Harmful Event was Not a Collision with a Motor Vehicle in Transport",2,2014,"GMC","ACADIA",30,"Functional Damage",0,0,1,"Full Driver License","Valid","No",35,"Dry","Going Straight","Pedestrian in road","No Avoidance Maneuver","Tracking","Stayed in original travel lane","SUV",0,1,1,1,0,0,1,3,2
80510,9,13,24,"Guardrail Face","The First Harmful Event was Not a Collision with a Motor Vehicle in Transport",3,2021,"RAM","2500",75,"Disabling Damage",0,0,1,"Full Driver License","Valid","No",65,"Dry","Going Straight","From Parking Lane/Shoulder, Median/Crossover, Roadside","Braking and steering right","Tracking","Stayed in original travel lane","PU/RC",0,0,1,1,2,2,0,0,2
80510,9,13,24,"Guardrail Face","The First Harmful Event was Not a Collision with a Motor Vehicle in Transport",2,2015,"TOYOTA","AVALON",75,"Functional Damage",0,0,1,"Full Driver License","Valid","No",65,"Dry","Going Straight","From opposite direction  over left lane line","Braking","Tracking","Stayed in original travel lane","4 DR",0,1,1,0,2,2,0,1,1
80511,10,13,12,"Motor Vehicle In-Transport","Angle",2,2020,"AUDI","Q3",10,"Disabling Damage",2,0,1,"Full Driver License","Valid","No",35,"Dry","Turning Left","Turning Left","No Avoidance Maneuver","Tracking","Stayed in original travel lane","SUV",1,1,1,0,1,1,0,4,2
80522,10,19,12,"Motor Vehicle In-Transport","Angle",1,2016,"TOYOTA","SIENNA",5,"Disabling Damage",0,0,1,"Full Driver License","Valid","No",45,"Dry","Turning Left","Turning Left","Unknown/Not Reported","Tracking","Stayed in original travel lane","VAN",0,1,1,0,2,2,0,1,1
80525,10,9,15,"Non-Motorist on Personal Conveyance","The First Harmful Event was Not a Collision with a Motor Vehicle in Transport",1,2016,"RAM","1500",45,"Functional Damage",0,0,1,"Full Driver License","Valid","No",45,"Dry","Going Straight","Pedalcyclist or other non-motorist in road","Unknown/Not Reported","Tracking","Stayed in original travel lane","PU/RC",0,0,0,0,0,0,0,0,0
80526,10,0,8,"Pedestrian","The First Harmful Event was Not a Collision with a Motor Vehicle in Transport",2,2018,"HONDA","CIVIC",65,"Functional Damage",0,0,1,"Full Driver License","Valid","No",65,"Dry","Going Straight","Pedestrian in road","Braking and steering left","Tracking","Stayed in original travel lane","5 HB",0,1,1,0,2,2,0,1,1
80537,10,1,12,"Motor Vehicle In-Transport","Front-to-Rear",2,2023,"HONDA","PILOT",45,"Disabling Damage",0,0,1,"Full Driver License","Valid","No",45,"Dry","Going Straight","Traveling in same direction with higher speed","No Avoidance Maneuver","Tracking","Stayed in original travel lane","SUV",1,1,1,1,1,1,0,6,3
80543,10,7,8,"Pedestrian","The First Harmful Event was Not a Collision with a Motor Vehicle in Transport",1,2017,"SUBARU","LEGACY",30,"Functional Damage",0,0,1,"Temporary License","Valid","No",35,"Dry","Passing or Overtaking Another Vehicle","Pedestrian in road","Unknown/Not Reported","Tracking","Stayed in original travel lane","4 DR",1,0,0,1,2,2,0,0,2
80544,10,19,12,"Motor Vehicle In-Transport","Sideswipe - Opposite Direction",1,2013,"RAM","1500",70,"Disabling Damage",0,0,1,"Full Driver License","Valid","No",65,"Dry","Negotiating a Curve","From opposite direction  over left lane line","Braking and steering right","Tracking","Stayed in original travel lane","PU/RC",0,1,0,0,0,0,1,2,0
80547,10,11,12,"Motor Vehicle In-Transport","Angle",1,2021,"ACURA","RDX",39,"Disabling Damage",0,0,1,"Full Driver License","Valid","No",40,"Dry","Going Straight","Crossing Over (Passing Through) Junction","Unknown/Not Reported","Tracking","Stayed in original travel lane","SUV",0,1,1,1,1,1,0,6,2
80549,10,17,12,"Motor Vehicle In-Transport","Angle",1,2018,"JEEP","GRAND CHEROKEE",998,"Functional Damage",0,0,1,"Full Driver License","Valid","No",35,"Dry","Turning Left","Turning Left","Unknown/Not Reported","Tracking","Stayed in original travel lane","SUV",1,0,1,0,2,2,0,0,2
80561,10,8,12,"Motor Vehicle In-Transport","Angle",1,2015,"DODGE","JOURNEY",5,"Disabling Damage",1,0,1,"Full Driver License","Valid","No",45,"Dry","Turning Left","Turning Left","No Avoidance Maneuver","Tracking","Stayed in original travel lane","SUV",0,0,0,0,0,0,0,0,0
80564,10,22,12,"Motor Vehicle In-Transport","Front-to-Rear",1,2015,"HONDA","ACCORD",0,"Functional Damage",0,0,1,"Full Driver License","Valid","No",65,"Dry","Stopped in Roadway","From opposite direction  over left lane line","No Avoidance Maneuver","Tracking","Stayed in original travel lane","4 DR",0,1,1,1,0,0,0,2,2
80569,10,16,8,"Pedestrian","The First Harmful Event was Not a Collision with a Motor Vehicle in Transport",1,2014,"BMW","335I",15,"Minor Damage",0,0,1,"Full Driver License","Valid","No",30,"Dry","Turning Left","Pedestrian in road","No Avoidance Maneuver","Tracking","Stayed in original travel lane","4 DR",0,1,0,1,2,2,1,3,1
80572,10,0,42,"Tree (Standing Only)","The First Harmful Event was Not a Collision with a Motor Vehicle in Transport",1,2022,"HONDA","CIVIC",55,"Disabling Damage",1,0,1,"Full Driver License","Valid","No",55,"Dry","Going Straight","Off the edge of the road on the left side","No Avoidance Maneuver","Tracking","Departed roadway","4 DR",1,1,1,1,1,1,0,5,3
80573,10,17,1,"Rollover/Overturn","The First Harmful Event was Not a Collision with a Motor Vehicle in Transport",2,2023,"NISSAN","PATHFINDER",998,"Disabling Damage",0,0,1,"Full Driver License","Valid","No",25,"Dry","Turning Left","From crossing street, across path","Unknown/Not Reported","Tracking","Stayed in original travel lane","SUV",1,1,1,1,1,1,0,6,3
80575,8,7,8,"Pedestrian","The First Harmful Event was Not a Collision with a Motor Vehicle in Transport",1,2016,"FORD","FUSION",30,"Minor Damage",0,0,1,"Full Driver License","Valid","No",25,"Dry","Going Straight","Pedestrian in road","No Avoidance Maneuver","Tracking","Stayed in original travel lane","4 DR",0,1,0,1,0,0,0,1,1
80577,11,15,12,"Motor Vehicle In-Transport","Angle",3,2011,"SUBARU","OUTBACK",65,"Disabling Damage",1,0,1,"Full Driver License","Valid","No",65,"Dry","Going Straight","From crossing street, across path","Braking and steering right","Tracking","Stayed on roadway, but left original travel lane","SUV",0,2,0,0,0,0,1,1,0
80583,11,18,12,"Motor Vehicle In-Transport","Front-to-Front",2,2022,"HONDA","CR-V",60,"Disabling Damage",0,0,1,"Full Driver License","Valid","No",55,"Dry","Going Straight","From opposite direction  over left lane line","Braking and steering left","Tracking","Stayed in original travel lane","SUV",1,1,1,1,1,1,0,6,3
80584,11,12,12,"Motor Vehicle In-Transport","Front-to-Rear",1,2017,"FORD","ESCAPE",60,"Disabling Damage",0,0,1,"Full Driver License","Valid","No",55,"Dry","Passing or Overtaking Another Vehicle","Traveling in same direction with lower steady speed","Steering right","Tracking","Stayed in original travel lane","SUV",1,0,0,0,0,0,0,1,1
80584,11,12,12,"Motor Vehicle In-Transport","Front-to-Rear",1,2016,"TOYOTA","RAV4",45,"Disabling Damage",1,0,1,"Full Driver License","Valid","No",55,"Dry","Going Straight","Traveling in same direction with higher speed","No Avoidance Maneuver","Tracking","Stayed in original travel lane","SUV",0,1,0,0,2,2,0,1,0
80585,11,7,8,"Pedestrian","The First Harmful Event was Not a Collision with a Motor Vehicle in Transport",2,2011,"CADILLAC","CTS",30,"Minor Damage",0,0,1,"Full Driver License","Valid","No",35,"Dry","Going Straight","Pedestrian in road","No Avoidance Maneuver","Tracking","Stayed in original travel lane","4 DR",0,1,0,0,0,0,1,3,0
80588,11,0,8,"Pedestrian","The First Harmful Event was Not a Collision with a Motor Vehicle in Transport",1,2017,"DODGE","DURANGO",50,"Functional Damage",0,0,1,"Full Driver License","Valid","No",50,"Dry","Going Straight","Pedestrian in road","Braking and Unknown Steering Direction","Tracking","Stayed in original travel lane","SUV",1,0,0,1,2,2,0,0,2
80591,11,6,12,"Motor Vehicle In-Transport","Angle",1,2011,"SUBARU","IMPREZA",40,"Disabling Damage",1,0,1,"Full Driver License","Valid","No",40,"Dry","Going Straight","From crossing street, across path","Unknown/Not Reported","Tracking","Stayed in original travel lane","4 DR",0,2,0,0,0,0,1,1,0