"SERIAL_CRASH","MONTH","HOUR","HARM_EV","HARM_EVNAME","TYPE_OF_COLLIOSION","NUM_OF_PEOPLE","MOD_YEAR","VPICMAKENAME","VPICMODELNAME","TRAV_SP","DEFORMEDNAME","DEATHS","DR_DRINK","IS_DRIVER_PRESENT","L_TYPENAME","L_STATUSNAME","SPEEDRELNAME","VSPD_LIM","VSURCONDNAME","P_CRASH1NAME","P_CRASH2NAME","P_CRASH3NAME","PCRASH4NAME","PCRASH5NAME","BODY_STYLE","BLIND_SPOT_DETECTION","ARS","FRNT_COLLISION_WARNING","LANE_DEPARTURE_WARNING","CRASH_IMMINENT_BRAKE","DYNAMIC_BRAKE_SUPPORT","NHTSA_ESC","SAFETY_COUNT","notification_count"
80591,11,6,12,"Motor Vehicle In-Transport","Angle",1,2018,"MITSUBISHI","OUTLANDER",0,"Disabling Damage",0,0,1,"Full Driver License","Valid","No",40,"Dry","Stopped in Roadway","From crossing street, across path","No Avoidance Maneuver","Tracking","Stayed in original travel lane","SUV",1,1,1,1,2,2,0,1,3
80592,11,14,12,"Motor Vehicle In-Transport","Front-to-Rear",1,2013,"SUBARU","LEGACY",45,"Functional Damage",0,0,1,"Full Driver License","Valid","No",55,"Dry","Decelerating in Road","Traveling in same direction with higher speed","Braking","Tracking","Stayed in original travel lane","4 DR",0,1,0,0,2,2,1,2,0
80595,11,16,12,"Motor Vehicle In-Transport","Angle",2,2016,"MITSUBISHI","LANCER",15,"Disabling Damage",0,0,1,"Full Driver License","Valid","No",45,"Dry","Turning Left","From crossing street, across path","No Avoidance Maneuver","Tracking","Stayed in original travel lane","4 DR",0,1,0,0,0,0,0,1,0
80599,11,5,12,"Motor Vehicle In-Transport","Front-to-Front",1,2016,"SUBARU","CROSSTREK",55,"Disabling Damage",0,0,1,"Full Driver License","Valid","No",55,"Dry","Going Straight","From opposite direction  over left lane line","Unknown/Not Reported","Tracking","Stayed in original travel lane","SUV",1,0,1,0,2,2,0,0,2
80601,11,17,12,"Motor Vehicle In-Transport","Angle",1,2018,"RAM","1500",35,"Disabling Damage",0,0,1,"Full Driver License","Valid","No",35,"Dry","Going Straight","From opposite direction  over left lane line","Braking and steering right","Tracking","Stayed on roadway, but left original travel lane","PU/RC",0,0,0,0,0,0,0,0,0
80603,11,17,12,"Motor Vehicle In-Transport","Front-to-Front",4,2013,"CHEVROLET","TAHOE",30,"Disabling Damage",0,0,1,"Full Driver License","Valid","No",30,"Dry","Going Straight","From opposite direction  over left lane line","Braking","Tracking","Stayed in original travel lane","SUV",0,1,0,0,0,0,1,3,0
80605,11,17,12,"Motor Vehicle In-Transport","Angle",5,2018,"CHEVROLET","EQUINOX",55,"Disabling Damage",1,0,1,"Full Driver License","Valid","No",55,"Dry","Going Straight","Crossing Over (Passing Through) Junction","No Avoidance Maneuver","Tracking","Stayed in original travel lane","SUV",1,1,0,0,2,2,0,2,1
80605,11,17,12,"Motor Vehicle In-Transport","Angle",1,2013,"VOLVO","XC60",65,"Disabling Damage",0,0,1,"Full Driver License","Valid","No",65,"Dry","Going Straight","From crossing street, across path","No Avoidance Maneuver","Tracking","Stayed in original travel lane","SUV",0,1,1,1,2,2,1,2,2
80608,11,18,8,"Pedestrian","The First Harmful Event was Not a Collision with a Motor Vehicle in Transport",1,2013,"SUBARU","IMPREZA",15,"Functional Damage",0,0,1,"Full Driver License","Valid","No",25,"Dry","Turning Left","Pedestrian in road","Unknown/Not Reported","Tracking","Stayed in original travel lane","SW",0,1,0,0,0,0,1,2,0
80610,11,10,12,"Motor Vehicle In-Transport","Angle",1,2014,"JEEP","WRANGLER",70,"Disabling Damage",1,0,1,"Full Driver License","Valid","No",45,"Dry","Going Straight","Crossing Over (Passing Through) Junction","No Avoidance Maneuver","Tracking","Stayed in original travel lane","SUV",0,1,0,0,0,0,1,2,0
80610,11,10,12,"Motor Vehicle In-Transport","Angle",1,2016,"TOYOTA","COROLLA",30,"Disabling Damage",0,0,1,"Full Driver License","Valid","No",45,"Dry","Going Straight","From crossing street, across path","Unknown/Not Reported","Tracking","Stayed in original travel lane","4 DR",0,1,0,0,0,0,0,1,0
80619,12,22,1,"Rollover/Overturn","The First Harmful Event was Not a Collision with a Motor Vehicle in Transport",1,2018,"CHEVROLET","IMPALA",10,"No Damage",0,0,1,"Full Driver License","Valid","No",40,"Dry","Turning Left","Object in road","Unknown/Not Reported","Tracking","Stayed in original travel lane","4 DR",1,1,0,0,2,2,0,2,1
80622,12,7,12,"Motor Vehicle In-Transport","Angle",1,2014,"SUBARU","IMPREZA",5,"Disabling Damage",1,0,1,"Full Driver License","Valid","No",35,"Dry","Turning Left","Turning Left","No Avoidance Maneuver","Tracking","Stayed in original travel lane","SW",0,0,0,0,0,0,1,1,0
80623,12,23,8,"Pedestrian","The First Harmful Event was Not a Collision with a Motor Vehicle in Transport",1,2019,"HONDA","FIT",40,"Disabling Damage",0,0,1,"Full Driver License","Valid","No",40,"Dry","Going Straight","Pedestrian in road","No Avoidance Maneuver","Tracking","Stayed in original travel lane","5 HB",0,1,1,0,2,2,0,1,1
80626,12,18,8,"Pedestrian","The First Harmful Event was Not a Collision with a Motor Vehicle in Transport",1,2023,"CHEVROLET","TRAILBLAZER",40,"Functional Damage",0,0,1,"Full Driver License","Valid","No",45,"Dry","Going Straight","Pedestrian in road","Braking and steering right","Tracking","Stayed in original travel lane","SUV",1,0,1,1,1,1,0,4,3
80629,12,11,12,"Motor Vehicle In-Transport","Front-to-Front",1,2017,"CHEVROLET","MALIBU",55,"Disabling Damage",1,0,1,"Full Driver License","Valid","No",55,"Dry","Going Straight","Over the lane line on left side of travel lane","No Avoidance Maneuver","Tracking","Stayed on roadway, but left original travel lane","4 DR",0,1,1,1,2,2,0,2,2
80629,12,11,12,"Motor Vehicle In-Transport","Front-to-Front",1,2015,"CHEVROLET","EQUINOX",55,"Disabling Damage",0,0,1,"Full Driver License","Valid","No",55,"Dry","Going Straight","From opposite direction  over left lane line","No Avoidance Maneuver","Tracking","Stayed in original travel lane","SUV",0,1,0,0,0,0,0,2,0
80634,12,13,12,"Motor Vehicle In-Transport","Angle",2,2016,"MAZDA","CX-5",15,"Disabling Damage",2,0,1,"Full Driver License","Valid","No",25,"Dry","Turning Left","Turning Left","No Avoidance Maneuver","Tracking","Stayed in original travel lane","SUV",1,1,0,0,2,2,0,2,1
80641,12,3,52,"Guardrail End","The First Harmful Event was Not a Collision with a Motor Vehicle in Transport",1,2011,"NISSAN","MURANO",75,"Disabling Damage",1,0,1,"Full Driver License","Valid","No",75,"Dry","Going Straight","Off the edge of the road on the right side","No Avoidance Maneuver","Tracking","Departed roadway","SUV",0,1,0,0,0,0,1,2,0
80644,12,21,8,"Pedestrian","The First Harmful Event was Not a Collision with a Motor Vehicle in Transport",2,2014,"TOYOTA","COROLLA",40,"Functional Damage",0,0,1,"Full Driver License","Valid","No",35,"Dry","Going Straight","Pedestrian in road","Braking and steering right","Tracking","Stayed in original travel lane","4 DR",0,0,0,0,0,0,1,1,0
80646,12,16,12,"Motor Vehicle In-Transport","Front-to-Front",4,2017,"CADILLAC","ESCALADE ESV",75,"Disabling Damage",0,0,1,"Full Driver License","Valid","No",75,"Dry","Negotiating a Curve","Traveling in opposite direction","Braking and steering left","Tracking","Stayed in original travel lane","SUV",1,1,0,0,2,2,0,2,1
80646,12,16,12,"Motor Vehicle In-Transport","Front-to-Front",2,2018,"CHEVROLET","VOLT",75,"Disabling Damage",0,0,1,"Full Driver License","Valid","No",75,"Dry","Negotiating a Curve","Traveling in opposite direction","Braking","Tracking","Stayed in original travel lane","5 HB",0,1,0,0,2,2,0,2,0
80646,12,16,12,"Motor Vehicle In-Transport","Front-to-Front",1,2011,"HONDA","CR-V",75,"Disabling Damage",0,0,1,"Full Driver License","Valid","No",75,"Dry","Negotiating a Curve","Traveling in opposite direction","Braking and steering left","Tracking","Stayed in original travel lane","SUV",0,1,0,0,0,0,1,2,0
80648,12,17,12,"Motor Vehicle In-Transport","Front-to-Front",2,2018,"CHEVROLET","TAHOE",65,"Disabling Damage",1,0,1,"Full Driver License","Valid","No",65,"Dry","Going Straight","From opposite direction  over left lane line","No Avoidance Maneuver","Tracking","Stayed in original travel lane","SUV",1,1,1,1,2,2,0,2,3
80650,12,13,34,"Ditch","The First Harmful Event was Not a Collision with a Motor Vehicle in Transport",4,2021,"CHEVROLET","EQUINOX",80,"Disabling Damage",2,0,1,"Learner's Permit","Valid","No",75,"Dry","Going Straight","Off the edge of the road on the right side","No Avoidance Maneuver","Tracking","Departed roadway","SUV",0,1,1,1,1,1,0,6,2
80652,12,19,8,"Pedestrian","The First Harmful Event was Not a Collision with a Motor Vehicle in Transport",1,2012,"JEEP","GRAND CHEROKEE",998,"Functional Damage",0,0,1,"Full Driver License","Valid","No",30,"Dry","Going Straight","Pedestrian in road","Braking","Tracking","Stayed in original travel lane","SUV",1,1,0,0,0,0,1,2,1
80654,12,15,12,"Motor Vehicle In-Transport","Angle",1,2019,"NISSAN","ROGUE",15,"Disabling Damage",1,0,1,"Full Driver License","Valid","No",35,"Dry","Turning Left","Turning Left","No Avoidance Maneuver","Tracking","Stayed in original travel lane","SUV",1,1,1,1,1,1,0,6,3
80654,12,15,12,"Motor Vehicle In-Transport","Angle",4,2017,"INFINITI","QX80",0,"Disabling Damage",0,0,1,"Full Driver License","Valid","No",35,"Dry","Stopped in Roadway","From opposite direction  over left lane line","No Avoidance Maneuver","Tracking","Stayed in original travel lane","SUV",0,0,0,1,2,2,0,1,1
80662,12,19,12,"Motor Vehicle In-Transport","Sideswipe - Opposite Direction",1,2019,"HONDA","CIVIC",40,"Disabling Damage",1,0,1,"Full Driver License","Valid","No",40,"Dry","Going Straight","Over the lane line on left side of travel lane","Unknown/Not Reported","Tracking","Stayed on roadway, but left original travel lane","2 DR",0,1,1,1,1,1,0,5,2
80662,12,19,12,"Motor Vehicle In-Transport","Sideswipe - Opposite Direction",2,2019,"CHRYSLER","PACIFICA",40,"Functional Damage",0,0,1,"Full Driver License","Valid","No",40,"Dry","Going Straight","From opposite direction  over left lane line","Unknown/Not Reported","Tracking","Stayed in original travel lane","VAN",1,0,1,0,2,2,0,0,2
80664,12,6,8,"Pedestrian","The First Harmful Event was Not a Collision with a Motor Vehicle in Transport",1,2015,"MERCEDES-BENZ","GLA-CLASS",35,"Functional Damage",0,0,1,"Full Driver License","Valid","No",45,"Dry","Going Straight","Pedestrian in road","Braking and steering left","Tracking","Stayed in original travel lane","4 DR",1,1,1,1,2,2,0,2,3
80665,2,9,8,"Pedestrian","The First Harmful Event was Not a Collision with a Motor Vehicle in Transport",1,2019,"NISSAN","ALTIMA",15,"Minor Damage",0,0,1,"Full Driver License","Valid","No",25,"Dry","Turning Left","Pedestrian in road","Unknown/Not Reported","Tracking","Stayed in original travel lane","4 DR",1,1,0,0,1,1,0,3,1
90008,1,18,12,"Motor Vehicle In-Transport","Front-to-Rear",1,2022,"HONDA","CR-V",998,"Disabling Damage",1,0,1,"Full Driver License","Valid","No",25,"Dry","Decelerating in Road","Traveling in same direction with higher speed","No Avoidance Maneuver","Tracking","Stayed in original travel lane","SUV",0,1,1,1,1,1,0,6,2
90008,1,18,12,"Motor Vehicle In-Transport","Front-to-Rear",1,2015,"DODGE","CHARGER",0,"Disabling Damage",0,0,1,"Full Driver License","Valid","No",25,"Dry","Stopped in Roadway","From opposite direction  over left lane line","No Avoidance Maneuver","Tracking","Stayed in original travel lane","4 DR",1,1,0,0,0,0,0,1,1
90024,3,20,12,"Motor Vehicle In-Transport","Sideswipe - Opposite Direction",2,2013,"HONDA","PILOT",998,"Functional Damage",0,0,1,"Full Driver License","Valid","No",35,"Dry","Going Straight","From opposite direction  over left lane line","No Avoidance Maneuver","Tracking","Stayed in original travel lane","SUV",0,0,0,0,0,0,1,1,0
90024,3,20,12,"Motor Vehicle In-Transport","Sideswipe - Opposite Direction",1,2014,"INFINITI","QX80",998,"Disabling Damage",0,0,1,"Full Driver License","Valid","No",35,"Dry","Going Straight","From opposite direction  over left lane line","No Avoidance Maneuver","Tracking","Stayed in original travel lane","SUV",0,0,1,0,2,0,1,1,1
90028,3,15,12,"Motor Vehicle In-Transport","Front-to-Rear",4,2021,"TOYOTA","RAV4",998,"Disabling Damage",2,0,1,"Learner's Permit","Valid","No",25,"Dry","Going Straight","Traveling in same direction with higher speed","No Avoidance Maneuver","Tracking","Stayed in original travel lane","SUV",0,1,1,1,1,1,0,6,2
90036,4,20,12,"Motor Vehicle In-Transport","Front-to-Front",2,2018,"JEEP","WRANGLER",998,"Disabling Damage",0,0,1,"Full Driver License","Valid","No",40,"Dry","Negotiating a Curve","From opposite direction  over left lane line","No Avoidance Maneuver","Tracking","Stayed in original travel lane","SUV",0,0,0,0,0,0,0,0,0
90049,5,11,12,"Motor Vehicle In-Transport","Angle",1,2015,"SUBARU","XV CROSSTREK",998,"Disabling Damage",0,0,1,"Full Driver License","Valid","No",40,"Dry","Turning Left","Traveling in opposite direction","No Avoidance Maneuver","Tracking","Stayed in original travel lane","SUV",0,0,1,0,2,2,0,0,1
90052,4,12,12,"Motor Vehicle In-Transport","Front-to-Rear",1,2019,"RAM","1500",998,"Disabling Damage",0,0,1,"Full Driver License","Valid","No",55,"Dry","Decelerating in Road","Traveling in same direction with higher speed","No Avoidance Maneuver","Tracking","Stayed in original travel lane","PU/EC",1,1,1,0,2,2,0,1,2
90055,5,10,12,"Motor Vehicle In-Transport","Front-to-Front",2,2015,"JEEP","CHEROKEE",998,"Disabling Damage",0,0,1,"Full Driver License","Valid","No",30,"Dry","Negotiating a Curve","From opposite direction  over left lane line","No Avoidance Maneuver","Tracking","Stayed in original travel lane","SUV",0,0,0,0,0,0,0,0,0
90060,5,16,12,"Motor Vehicle In-Transport","Front-to-Front",3,2015,"JEEP","GRAND CHEROKEE",998,"Disabling Damage",0,0,1,"Full Driver License","Valid","No",25,"Dry","Negotiating a Curve","From opposite direction  over left lane line","No Avoidance Maneuver","Tracking","Stayed in original travel lane","SUV",0,0,0,0,0,0,0,0,0
90066,2,12,12,"Motor Vehicle In-Transport","Sideswipe - Same Direction",1,2014,"TOYOTA","TACOMA",39,"Disabling Damage",0,0,1,"Full Driver License","Valid","No",65,"Dry","Going Straight","From adjacent lane (same direction) over right lane line","Steering left","Tracking","Stayed in original travel lane","PU/EC",0,0,0,0,0,0,1,1,0
90072,5,12,12,"Motor Vehicle In-Transport","Front-to-Front",1,2018,"HONDA","FIT",999,"Disabling Damage",1,0,1,"Full Driver License","Valid","No",45,"Dry","Going Straight","From opposite direction  over left lane line","No Avoidance Maneuver","Precrash stability unknown","Stayed in original travel lane","5 HB",0,1,1,1,2,2,0,1,2
90072,5,12,12,"Motor Vehicle In-Transport","Front-to-Front",1,2023,"TOYOTA","COROLLA",999,"Disabling Damage",0,0,1,"Full Driver License","Valid","No",45,"Dry","Going Straight","Over the lane line on left side of travel lane","Braking and steering left","Tracking","Stayed on roadway, but left original travel lane","4 DR",0,1,1,1,1,1,0,5,2
90075,4,9,12,"Motor Vehicle In-Transport","Front-to-Rear",2,2016,"TOYOTA","SIENNA",998,"Disabling Damage",0,0,1,"Full Driver License","Valid","No",65,"Dry","Decelerating in Road","Traveling in same direction with higher speed","No Avoidance Maneuver","Tracking","Stayed in original travel lane","VAN",1,1,0,0,2,2,0,1,1
90075,4,9,12,"Motor Vehicle In-Transport","Front-to-Rear",1,2013,"VOLVO","S60",998,"Disabling Damage",1,0,1,"Full Driver License","Valid","No",65,"Dry","Decelerating in Road","Traveling in same direction with higher speed","No Avoidance Maneuver","Tracking","Stayed in original travel lane","4 DR",0,1,1,0,2,2,1,2,1
90087,6,16,12,"Motor Vehicle In-Transport","Angle",2,2021,"RAM","1500",998,"Disabling Damage",0,0,1,"Full Driver License","Valid","No",45,"Dry","Turning Left","From crossing street, across path","Braking","Tracking","Stayed in original travel lane","PU/EC",1,0,0,0,2,2,0,0,1
90088,6,11,12,"Motor Vehicle In-Transport","Front-to-Rear",1,2017,"HONDA","CR-V",0,"Disabling Damage",0,0,1,"Full Driver License","Valid","No",40,"Dry","Stopped in Roadway","Traveling in same direction with higher speed","No Avoidance Maneuver","Tracking","Stayed in original travel lane","SUV",1,1,0,1,2,2,0,1,2
90089,6,20,12,"Motor Vehicle In-Transport","Sideswipe - Same Direction",2,2020,"NISSAN","SENTRA",68,"Disabling Damage",0,0,1,"Full Driver License","Valid","No",65,"Dry","Going Straight","From Parking Lane/Shoulder, Median/Crossover, Roadside","Braking and steering right","Tracking","Stayed in original travel lane","4 DR",1,1,1,1,1,1,0,6,3
90099,7,16,1,"Rollover/Overturn","The First Harmful Event was Not a Collision with a Motor Vehicle in Transport",1,2018,"SUBARU","LEGACY",6,"Functional Damage",0,0,1,"Full Driver License","Valid","No",40,"Dry","Turning Left","Turning Left","No Avoidance Maneuver","Tracking","Stayed in original travel lane","4 DR",1,0,0,1,2,2,0,0,2
90110,7,14,12,"Motor Vehicle In-Transport","Front-to-Front",1,2019,"NISSAN","ALTIMA",998,"Disabling Damage",0,0,1,"Full Driver License","Valid","No",40,"Dry","Going Straight","From opposite direction  over left lane line","Braking and steering right","Tracking","Stayed in original travel lane","4 DR",0,1,0,0,1,1,0,3,0
90118,8,13,30,"Utility Pole/Light Support","The First Harmful Event was Not a Collision with a Motor Vehicle in Transport",1,2011,"MAZDA","MAZDA3",998,"Disabling Damage",1,0,1,"Full Driver License","Valid","No",25,"Dry","Going Straight","Off the edge of the road on the right side","No Avoidance Maneuver","Tracking","Departed roadway","5 HB",0,1,0,0,0,0,1,2,0
90130,1,15,12,"Motor Vehicle In-Transport","Angle",1,2012,"CHEVROLET","MALIBU",998,"Disabling Damage",1,0,1,"Full Driver License","Valid","No",45,"Dry","Making a U-turn","Making a U-Turn","No Avoidance Maneuver","Tracking","Stayed on roadway, but left original travel lane","4 DR",0,0,0,0,0,0,1,2,0
90132,1,14,12,"Motor Vehicle In-Transport","Front-to-Rear",1,2012,"HYUNDAI","SANTA FE",998,"Disabling Damage",1,0,1,"Full Driver License","Valid","No",30,"Dry","Going Straight","Other vehicle stopped","No Avoidance Maneuver","Tracking","Stayed in original travel lane","SUV",0,1,0,0,0,0,1,2,0
90132,1,14,12,"Motor Vehicle In-Transport","Front-to-Rear",2,2012,"JEEP","GRAND CHEROKEE",0,"Functional Damage",0,0,1,"Full Driver License","Valid","No",30,"Dry","Stopped in Roadway","Traveling in same direction with higher speed","No Avoidance Maneuver","Tracking","Stayed in original travel lane","SUV",1,1,1,0,0,0,1,2,2
90133,2,16,8,"Pedestrian","The First Harmful Event was Not a Collision with a Motor Vehicle in Transport",1,2018,"ACURA","ILX",998,"Minor Damage",0,0,1,"Full Driver License","Valid","No",25,"Dry","Going Straight","Pedestrian in road","No Avoidance Maneuver","Tracking","Unknown","4 DR",1,1,0,1,2,2,0,1,2
90134,2,17,12,"Motor Vehicle In-Transport","Front-to-Front",1,2022,"CHEVROLET","COLORADO",998,"Disabling Damage",0,0,1,"Full Driver License","Valid","No",35,"Dry","Decelerating in Road","From opposite direction  over left lane line","No Avoidance Maneuver","Tracking","Stayed in original travel lane","PU/CC",0,1,1,0,2,2,0,1,1
90140,5,15,12,"Motor Vehicle In-Transport","Front-to-Front",1,2021,"CHEVROLET","TRAILBLAZER",998,"Disabling Damage",0,0,1,"Full Driver License","Valid","No",30,"Dry","Going Straight","From opposite direction  over left lane line","No Avoidance Maneuver","Tracking","Stayed in original travel lane","SUV",1,1,1,1,1,1,0,6,3
90148,7,16,12,"Motor Vehicle In-Transport","Front-to-Rear",1,2016,"RAM","1500",998,"Functional Damage",0,0,1,"Full Driver License","Valid","No",65,"Dry","Decelerating in Road","From adjacent lane (same direction) over right lane line","No Avoidance Maneuver","Tracking","Stayed in original travel lane","PU/RC",0,0,0,0,0,0,0,0,0
90149,9,18,12,"Motor Vehicle In-Transport","Sideswipe - Same Direction",5,2022,"KIA","TELLURIDE",998,"Minor Damage",0,0,1,"Full Driver License","Valid","No",65,"Dry","Going Straight","From adjacent lane (same direction) over right lane line","No Avoidance Maneuver","Tracking","Stayed in original travel lane","SUV",1,2,1,1,1,1,0,6,3
90154,2,14,30,"Utility Pole/Light Support","The First Harmful Event was Not a Collision with a Motor Vehicle in Transport",2,2021,"TOYOTA","RAV4",32,"Disabling Damage",1,0,1,"Full Driver License","Valid","No",25,"Dry","Going Straight","Off the edge of the road on the right side","No Avoidance Maneuver","Tracking","Departed roadway","SUV",1,1,1,1,1,1,0,6,3
90164,4,19,12,"Motor Vehicle In-Transport","Front-to-Front",1,2014,"HONDA","ACCORD",998,"Disabling Damage",0,0,1,"Full Driver License","Valid","No",45,"Dry","Negotiating a Curve","From opposite direction  over left lane line","No Avoidance Maneuver","Tracking","Stayed in original travel lane","2 DR",0,0,0,1,0,0,1,1,1
90167,7,12,12,"Motor Vehicle In-Transport","Front-to-Rear",3,2017,"NISSAN","ROGUE",998,"Disabling Damage",0,0,1,"Full Driver License","Valid","No",65,"Dry","Going Straight","Other vehicle stopped","No Avoidance Maneuver","Tracking","Stayed in original travel lane","SUV",0,0,0,1,2,2,0,0,1
90167,7,12,12,"Motor Vehicle In-Transport","Front-to-Rear",1,2015,"NISSAN","SENTRA",0,"Disabling Damage",0,0,1,"Full Driver License","Valid","No",65,"Dry","Stopped in Roadway","Traveling in same direction with higher speed","No Avoidance Maneuver","Tracking","Stayed in original travel lane","4 DR",0,1,0,0,0,0,0,1,0
90169,9,11,12,"Motor Vehicle In-Transport","Front-to-Front",1,2016,"SUBARU","FORESTER",998,"Disabling Damage",0,0,1,"Full Driver License","Valid","No",35,"Dry","Going Straight","From opposite direction  over left lane line","Braking","Tracking","Stayed in original travel lane","SUV",0,0,0,1,2,2,0,0,1
90197,5,16,12,"Motor Vehicle In-Transport","Front-to-Rear",1,2016,"JEEP","GRAND CHEROKEE",0,"Disabling Damage",0,0,1,"Full Driver License","Valid","No",25,"Dry","Stopped in Roadway","Traveling in same direction with higher speed","No Avoidance Maneuver","Tracking","Stayed in original travel lane","SUV",0,0,0,0,2,2,0,0,0
90199,6,17,12,"Motor Vehicle In-Transport","Sideswipe - Opposite Direction",1,2022,"JEEP","GRAND CHEROKEE",0,"Disabling Damage",0,0,1,"Full Driver License","Valid","No",25,"Dry","Stopped in Roadway","From opposite direction  over left lane line","No Avoidance Maneuver","Tracking","Stayed in original travel lane","SUV",1,1,1,1,1,1,0,7,3
90206,7,23,12,"Motor Vehicle In-Transport","Angle",2,2021,"BMW","X3",998,"Disabling Damage",0,0,1,"Full Driver License","Valid","No",55,"Dry","Going Straight","From adjacent lane (same direction) over left lane line","Unknown/Not Reported","Tracking","Stayed in original travel lane","SUV",1,1,1,1,1,1,0,6,3
90207,7,16,57,"Cable Barrier","The First Harmful Event was Not a Collision with a Motor Vehicle in Transport",3,2022,"CHEVROLET","CAMARO",78,"Disabling Damage",1,0,1,"Full Driver License","Valid","No",55,"Dry","Going Straight","Off the edge of the road on the right side","Unknown/Not Reported","Precrash stability unknown","Departed roadway","C",1,1,0,0,0,0,0,2,1
90208,7,12,8,"Pedestrian","The First Harmful Event was Not a Collision with a Motor Vehicle in Transport",1,2011,"FORD","TAURUS",998,"Functional Damage",0,0,1,"Full Driver License","Valid","No",25,"Dry","Turning Left","Pedestrian in road","No Avoidance Maneuver","Tracking","Stayed in original travel lane","4 DR",1,1,0,0,0,0,1,2,1
90211,8,19,12,"Motor Vehicle In-Transport","Angle",1,2011,"JEEP","LIBERTY",0,"Disabling Damage",0,0,1,"Full Driver License","Valid","No",25,"Dry","Stopped in Roadway","From opposite direction  over left lane line","No Avoidance Maneuver","Tracking","Stayed in original travel lane","SUV",0,0,0,0,0,0,1,1,0
90216,9,13,12,"Motor Vehicle In-Transport","Front-to-Rear",1,2015,"FORD","FOCUS",998,"Disabling Damage",1,0,1,"Full Driver License","Valid","No",35,"Dry","Going Straight","Other vehicle stopped","No Avoidance Maneuver","Tracking","Stayed in original travel lane","5 HB",0,1,0,0,0,0,0,1,0
90217,10,16,12,"Motor Vehicle In-Transport","Front-to-Rear",1,2022,"HONDA","PILOT",0,"Disabling Damage",0,0,1,"Full Driver License","Valid","No",40,"Dry","Stopped in Roadway","Traveling in same direction with higher speed","No Avoidance Maneuver","Tracking","Stayed in original travel lane","SUV",0,1,1,1,1,1,0,6,2
90217,10,16,12,"Motor Vehicle In-Transport","Front-to-Rear",3,2018,"ALFA ROMEO","STELVIO",0,"Functional Damage",0,0,1,"Full Driver License","Valid","No",40,"Dry","Stopped in Roadway","Traveling in same direction with higher speed","No Avoidance Maneuver","Tracking","Stayed in original travel lane","SUV",1,0,1,1,2,2,0,0,3
90217,10,16,12,"Motor Vehicle In-Transport","Front-to-Rear",1,2013,"HONDA","CIVIC",998,"Disabling Damage",0,0,1,"Full Driver License","Valid","No",40,"Dry","Going Straight","From opposite direction  over left lane line","No Avoidance Maneuver","Tracking","Stayed in original travel lane","4 DR",0,0,0,0,0,0,1,1,0
90226,11,14,12,"Motor Vehicle In-Transport","Front-to-Front",1,2014,"NISSAN","ROGUE SELECT",998,"Disabling Damage",1,0,1,"Full Driver License","Valid","No",35,"Dry","Going Straight","Over the lane line on left side of travel lane","No Avoidance Maneuver","Precrash stability unknown","Stayed on roadway, but left original travel lane","SUV",0,1,0,0,0,0,1,2,0
90226,11,14,12,"Motor Vehicle In-Transport","Front-to-Front",1,2014,"TOYOTA","COROLLA",998,"Disabling Damage",1,0,1,"Full Driver License","Valid","No",35,"Dry","Going Straight","From opposite direction  over left lane line","Unknown/Not Reported","Tracking","Stayed in original travel lane","4 DR",0,0,0,0,0,0,1,1,0
90230,7,20,8,"Pedestrian","The First Harmful Event was Not a Collision with a Motor Vehicle in Transport",1,2020,"MERCEDES-BENZ","GLC-CLASS",998,"Functional Damage",0,0,1,"Full Driver License","Valid","No",30,"Dry","Going Straight","Pedestrian in road","Braking","Tracking","Stayed in original travel lane","SUV",0,1,1,1,1,1,0,5,2
90232,7,2,12,"Motor Vehicle In-Transport","Angle",2,2017,"FORD","ESCAPE",34,"Disabling Damage",0,0,1,"Full Driver License","Valid","No",25,"Dry","Going Straight","From crossing street, across path","No Avoidance Maneuver","Tracking","Stayed in original travel lane","SUV",0,0,0,1,0,0,0,1,1
90237,11,9,11,"Live Animal","The First Harmful Event was Not a Collision with a Motor Vehicle in Transport",1,2015,"HONDA","PILOT",998,"Disabling Damage",1,0,1,"Full Driver License","Valid","No",40,"Dry","Going Straight","Other critical precrash event (specify:)","Unknown/Not Reported","Tracking","Stayed in original travel lane","SUV",0,1,0,0,0,0,0,1,0
90245,10,15,12,"Motor Vehicle In-Transport","Front-to-Front",1,2018,"CHRYSLER","300",39,"Disabling Damage",0,0,1,"Full Driver License","Valid","No",40,"Dry","Going Straight","From opposite direction  over left lane line","Braking and steering right","Precrash stability unknown","Stayed in original travel lane","4 DR",0,0,1,0,2,2,0,0,1
90247,9,3,33,"Curb","The First Harmful Event was Not a Collision with a Motor Vehicle in Transport",1,2016,"CHEVROLET","EQUINOX",25,"Minor Damage",0,0,1,"Full Driver License","Valid","No",25,"Dry","Negotiating a Curve","From opposite direction  over left lane line","No Avoidance Maneuver","Tracking","Stayed in original travel lane","SUV",0,0,0,1,0,0,0,1,1
90255,4,3,12,"Motor Vehicle In-Transport","Angle",1,2022,"NISSAN","SENTRA",0,"Disabling Damage",1,0,1,"Full Driver License","Valid","No",65,"Dry","Disabled or ""Parked"" in Travel lane","Traveling in same direction with higher speed","No Avoidance Maneuver","Tracking","Stayed on roadway, not known if left original travel lane","4",1,0,1,1,1,1,0,5,3