"SERIAL_CRASH","MONTH","HOUR","HARM_EV","HARM_EVNAME","TYPE_OF_COLLIOSION","NUM_OF_PEOPLE","MOD_YEAR","VPICMAKENAME","VPICMODELNAME","TRAV_SP","DEFORMEDNAME","DEATHS","DR_DRINK","IS_DRIVER_PRESENT","L_TYPENAME","L_STATUSNAME","SPEEDRELNAME","VSPD_LIM","VSURCONDNAME","P_CRASH1NAME","P_CRASH2NAME","P_CRASH3NAME","PCRASH4NAME","PCRASH5NAME","BODY_STYLE","BLIND_SPOT_DETECTION","ARS","FRNT_COLLISION_WARNING","LANE_DEPARTURE_WARNING","CRASH_IMMINENT_BRAKE","DYNAMIC_BRAKE_SUPPORT","NHTSA_ESC","SAFETY_COUNT","notification_count"
90265,6,17,12,"Motor Vehicle In-Transport","Sideswipe - Same Direction",2,2014,"HONDA","RIDGELINE",998,"Minor Damage",0,0,1,"Full Driver License","Valid","No",65,"Dry","Negotiating a Curve","From adjacent lane (same direction) over left lane line","No Avoidance Maneuver","Tracking","Stayed in original travel lane","PU/CC",0,0,0,0,0,0,1,1,0
90274,9,14,12,"Motor Vehicle In-Transport","Angle",1,2022,"HYUNDAI","TUCSON",9,"Disabling Damage",0,0,1,"Full Driver License","Valid","No",40,"Dry","Turning Left","Traveling in opposite direction","No Avoidance Maneuver","Tracking","Stayed in original travel lane","SUV",0,2,1,1,1,1,0,4,2
90274,9,14,12,"Motor Vehicle In-Transport","Angle",2,2013,"NISSAN","ROGUE",38,"Disabling Damage",0,0,1,"Full Driver License","Valid","No",40,"Dry","Going Straight","From opposite direction  over left lane line","Braking and steering left","Tracking","Stayed in original travel lane","SUV",0,1,0,0,0,0,1,2,0
90279,8,20,12,"Motor Vehicle In-Transport","Angle",3,2014,"TOYOTA","HIGHLANDER",998,"Disabling Damage",0,0,1,"Full Driver License","Valid","No",35,"Dry","Turning Left","Turning Left","No Avoidance Maneuver","Tracking","Stayed in original travel lane","SUV",1,0,0,1,2,2,1,1,2
90290,12,15,12,"Motor Vehicle In-Transport","Front-to-Front",2,2014,"NISSAN","ROGUE",998,"Disabling Damage",0,0,1,"Full Driver License","Valid","No",30,"Dry","Going Straight","From opposite direction  over left lane line","Braking and steering right","Tracking","Stayed in original travel lane","SUV",1,1,1,1,0,0,1,2,3
90298,8,99,30,"Utility Pole/Light Support","The First Harmful Event was Not a Collision with a Motor Vehicle in Transport",1,2012,"FORD","FOCUS",998,"Functional Damage",1,0,1,"Full Driver License","Valid","No",0,"Dry","Going Straight","Off the edge of the road on the left side","No Avoidance Maneuver","Tracking","Departed roadway","5 HB",0,1,0,0,0,0,1,2,0
100002,1,14,12,"Motor Vehicle In-Transport","Angle",2,2022,"TOYOTA","TACOMA",998,"Minor Damage",0,0,1,"Full Driver License","Valid","No",55,"Dry","Going Straight","From adjacent lane (same direction) over right lane line","Unknown/Not Reported","Tracking","Stayed in original travel lane","PU/CC",0,2,1,1,1,1,0,5,2
100011,2,18,12,"Motor Vehicle In-Transport","Angle",1,2014,"CADILLAC","SRX",59,"Disabling Damage",0,0,1,"Full Driver License","Valid","No",45,"Dry","Negotiating a Curve","From crossing street, across path","Unknown/Not Reported","Tracking","Stayed in original travel lane","SUV",0,1,1,0,2,2,1,3,1
100012,2,20,12,"Motor Vehicle In-Transport","Front-to-Front",3,2016,"TOYOTA","COROLLA",998,"Disabling Damage",1,0,1,"Full Driver License","Valid","No",30,"Dry","Negotiating a Curve","From opposite direction  over left lane line","Unknown/Not Reported","Tracking","Stayed in original travel lane","4 DR",0,1,0,0,0,0,0,1,0
100014,2,21,8,"Pedestrian","The First Harmful Event was Not a Collision with a Motor Vehicle in Transport",1,2017,"HONDA","ACCORD",998,"Disabling Damage",0,0,1,"Full Driver License","Valid","No",35,"Dry","Going Straight","Pedestrian in road","Unknown/Not Reported","Tracking","Stayed in original travel lane","4 DR",0,1,0,1,2,2,0,1,1
100015,2,10,12,"Motor Vehicle In-Transport","Angle",1,2012,"FORD","FOCUS",48,"Disabling Damage",0,0,1,"Full Driver License","Valid","No",45,"Dry","Going Straight","Crossing Over (Passing Through) Junction","No Avoidance Maneuver","Tracking","Stayed in original travel lane","5 HB",0,1,0,0,0,0,1,2,0
100015,2,10,12,"Motor Vehicle In-Transport","Angle",2,2020,"ACURA","RLX",12,"Disabling Damage",1,0,1,"Full Driver License","Valid","No",35,"Dry","Turning Left","From crossing street, across path","Unknown/Not Reported","Tracking","Stayed in original travel lane","4 DR",1,1,1,1,1,1,0,7,3
100017,2,23,8,"Pedestrian","The First Harmful Event was Not a Collision with a Motor Vehicle in Transport",1,2018,"JEEP","GRAND CHEROKEE",40,"Functional Damage",0,0,1,"Full Driver License","Valid","No",40,"Dry","Going Straight","Pedestrian in road","No Avoidance Maneuver","Tracking","Stayed in original travel lane","SUV",1,0,1,1,2,2,0,0,3
100018,2,21,12,"Motor Vehicle In-Transport","Front-to-Front",3,2019,"HONDA","CIVIC",70,"Disabling Damage",0,0,1,"Full Driver License","Valid","No",35,"Dry","Going Straight","Off the edge of the road on the left side","Unknown/Not Reported","Precrash stability unknown","Departed roadway","2 DR",0,1,1,1,1,1,0,5,2
100020,3,18,8,"Pedestrian","The First Harmful Event was Not a Collision with a Motor Vehicle in Transport",1,2017,"CHEVROLET","CRUZE",55,"Functional Damage",0,0,1,"Full Driver License","Valid","No",55,"Dry","Going Straight","From adjacent lane (same direction) over left lane line","Unknown/Not Reported","Tracking","Stayed in original travel lane","4 DR",0,1,0,0,0,0,0,2,0
100021,3,14,42,"Tree (Standing Only)","The First Harmful Event was Not a Collision with a Motor Vehicle in Transport",1,2013,"MAZDA","MAZDA5",998,"Disabling Damage",1,0,1,"Full Driver License","Valid","No",50,"Dry","Negotiating a Curve","Off the edge of the road on the left side","Unknown/Not Reported","Tracking","Departed roadway","SW",0,1,0,0,0,0,1,2,0
100026,3,6,12,"Motor Vehicle In-Transport","Angle",2,2022,"FORD","ESCAPE",998,"Disabling Damage",0,0,1,"Full Driver License","Valid","No",50,"Dry","Turning Left","Turning Left","Unknown/Not Reported","Tracking","Stayed in original travel lane","SUV",1,0,1,1,1,1,0,6,3
100028,3,19,8,"Pedestrian","The First Harmful Event was Not a Collision with a Motor Vehicle in Transport",1,2017,"ACURA","ILX",998,"Functional Damage",0,0,1,"Full Driver License","Valid","No",45,"Dry","Going Straight","Pedestrian in road","Unknown/Not Reported","Tracking","Stayed in original travel lane","4 DR",0,1,1,0,2,2,0,1,1
100030,3,0,12,"Motor Vehicle In-Transport","Front-to-Front",1,2021,"FORD","EXPLORER",998,"Disabling Damage",0,0,1,"Full Driver License","Valid","No",50,"Dry","Going Straight","From opposite direction  over left lane line","Unknown/Not Reported","Tracking","Stayed in original travel lane","SUV",1,0,1,1,1,1,0,6,3
100032,4,16,12,"Motor Vehicle In-Transport","Angle",2,2015,"VOLKSWAGEN","JETTA",96,"Disabling Damage",2,0,1,"Full Driver License","Valid","No",35,"Dry","Turning Left","Turning Left","Accelerating","Tracking","Stayed in original travel lane","4 DR",0,1,1,0,0,0,0,1,1
100033,4,19,12,"Motor Vehicle In-Transport","Angle",1,2015,"HYUNDAI","SONATA",998,"Functional Damage",0,0,1,"Full Driver License","Valid","No",35,"Dry","Turning Left","Turning Left","No Avoidance Maneuver","Tracking","Stayed in original travel lane","4 DR",0,1,0,0,0,0,0,1,0
100037,4,2,8,"Pedestrian","The First Harmful Event was Not a Collision with a Motor Vehicle in Transport",1,2014,"KIA","SORENTO",40,"Functional Damage",0,0,1,"Full Driver License","Valid","No",35,"Dry","Negotiating a Curve","Pedestrian in road","Braking and steering left","Tracking","Stayed on roadway, but left original travel lane","SUV",0,0,0,0,0,0,1,1,0
100040,4,22,8,"Pedestrian","The First Harmful Event was Not a Collision with a Motor Vehicle in Transport",1,2016,"JEEP","CHEROKEE",998,"Minor Damage",0,0,1,"Full Driver License","Valid","No",50,"Dry","Going Straight","Pedestrian in road","Unknown/Not Reported","Tracking","Stayed in original travel lane","SUV",0,1,1,0,2,2,0,1,1
100041,4,15,12,"Motor Vehicle In-Transport","Front-to-Rear",1,2016,"TOYOTA","TUNDRA",998,"Functional Damage",0,0,1,"Full Driver License","Valid","No",50,"Dry","Going Straight","From driveway, turning into same direction","Steering left","Tracking","Stayed on roadway, but left original travel lane","PU/CC",1,1,0,0,0,0,0,1,1
100043,4,16,19,"Building","The First Harmful Event was Not a Collision with a Motor Vehicle in Transport",1,2017,"HYUNDAI","TUCSON",50,"Disabling Damage",1,0,1,"Full Driver License","Valid","No",35,"Dry","Going Straight","Off the edge of the road on the left side","Unknown/Not Reported","Tracking","Departed roadway","SUV",0,1,0,1,2,2,0,1,1
100051,5,8,59,"Traffic Sign Support","The First Harmful Event was Not a Collision with a Motor Vehicle in Transport",1,2017,"CHEVROLET","EQUINOX",66,"Disabling Damage",1,0,1,"Full Driver License","Valid","No",55,"Dry","Going Straight","From opposite direction  over left lane line","Unknown/Not Reported","Tracking","Stayed in original travel lane","SUV",1,0,1,1,0,0,0,1,3
100051,5,8,59,"Traffic Sign Support","The First Harmful Event was Not a Collision with a Motor Vehicle in Transport",1,2020,"JEEP","RENEGADE",69,"Disabling Damage",0,0,1,"Full Driver License","Valid","No",55,"Dry","Going Straight","From opposite direction  over left lane line","Unknown/Not Reported","Tracking","Stayed in original travel lane","SUV",1,0,0,1,2,2,0,0,2
100052,5,20,8,"Pedestrian","The First Harmful Event was Not a Collision with a Motor Vehicle in Transport",1,2021,"FORD","EXPLORER",60,"Disabling Damage",0,0,1,"Full Driver License","Valid","No",45,"Dry","Going Straight","Pedestrian in road","Braking","Precrash stability unknown","Stayed in original travel lane","SUV",1,0,1,1,1,1,0,6,3
100053,4,15,12,"Motor Vehicle In-Transport","Angle",2,2016,"VOLKSWAGEN","JETTA",998,"Disabling Damage",0,0,1,"Full Driver License","Valid","No",50,"Dry","Making a U-turn","Making a U-Turn","No Avoidance Maneuver","Tracking","Stayed on roadway, but left original travel lane","4 DR",0,1,1,0,2,0,0,1,1
100070,7,23,8,"Pedestrian","The First Harmful Event was Not a Collision with a Motor Vehicle in Transport",2,2015,"KIA","FORTE",0,"Functional Damage",0,0,1,"Full Driver License","Valid","No",50,"Dry","Stopped in Roadway","Other critical precrash event (specify:)","No Avoidance Maneuver","Tracking","Stayed in original travel lane","5 HB",0,1,0,0,0,0,0,2,0
100071,7,19,12,"Motor Vehicle In-Transport","Sideswipe - Opposite Direction",4,2021,"JEEP","WRANGLER",998,"Disabling Damage",1,0,1,"Full Driver License","Valid","No",55,"Dry","Going Straight","From opposite direction  over left lane line","Unknown/Not Reported","Tracking","Stayed in original travel lane","SUV",0,0,0,0,2,2,0,0,0
100072,7,16,12,"Motor Vehicle In-Transport","Angle",2,2015,"HYUNDAI","SONATA",998,"Disabling Damage",0,0,1,"Full Driver License","Valid","No",25,"Dry","Going Straight","From crossing street, across path","Unknown/Not Reported","Tracking","Stayed in original travel lane","4 DR",0,1,1,0,0,0,0,1,1
100074,7,0,12,"Motor Vehicle In-Transport","Front-to-Rear",2,2013,"HYUNDAI","SONATA",68,"Functional Damage",0,0,1,"Full Driver License","Valid","No",65,"Dry","Negotiating a Curve","From adjacent lane (same direction) over left lane line","No Avoidance Maneuver","Tracking","Stayed in original travel lane","4 DR",0,1,0,0,0,0,1,2,0
100078,8,22,12,"Motor Vehicle In-Transport","Angle",1,2017,"MAZDA","CX-5",25,"Disabling Damage",0,0,1,"Full Driver License","Valid","No",45,"Dry","Turning Left","Turning Left","Unknown/Not Reported","Tracking","Stayed in original travel lane","SUV",0,1,0,1,2,2,0,2,1
100081,8,11,12,"Motor Vehicle In-Transport","Angle",2,2019,"NISSAN","MURANO",998,"Disabling Damage",0,0,1,"Full Driver License","Valid","No",55,"Dry","Negotiating a Curve","From opposite direction  over left lane line","Unknown/Not Reported","Tracking","Stayed in original travel lane","SUV",1,1,1,1,1,1,0,4,3
100086,9,7,12,"Motor Vehicle In-Transport","Front-to-Rear",1,2016,"FORD","FIESTA",0,"Disabling Damage",1,0,1,"Full Driver License","Valid","No",50,"Dry","Stopped in Roadway","Traveling in same direction with higher speed","No Avoidance Maneuver","Tracking","Stayed in original travel lane","4 DR",0,0,0,0,0,0,0,0,0
100086,9,7,12,"Motor Vehicle In-Transport","Front-to-Rear",1,2015,"JEEP","GRAND CHEROKEE",998,"Disabling Damage",0,0,1,"Full Driver License","Valid","No",50,"Dry","Going Straight","From opposite direction  over left lane line","Unknown/Not Reported","Tracking","Stayed in original travel lane","SUV",0,0,1,0,0,0,0,0,1
100087,9,17,15,"Non-Motorist on Personal Conveyance","The First Harmful Event was Not a Collision with a Motor Vehicle in Transport",2,2018,"HYUNDAI","TUCSON",998,"Disabling Damage",0,0,1,"Full Driver License","Valid","No",50,"Dry","Going Straight","Pedalcyclist or other non-motorist in road","Braking","Precrash stability unknown","Stayed in original travel lane","SUV",0,2,1,1,2,2,0,0,2
100088,9,17,12,"Motor Vehicle In-Transport","Angle",4,2023,"MAZDA","CX-30",998,"Disabling Damage",0,0,1,"Intermediate Driver License","Valid","No",50,"Dry","Going Straight","From opposite direction  over left lane line","Steering right","Tracking","Stayed in original travel lane","SUV",1,1,1,1,1,1,0,5,3
100090,9,7,12,"Motor Vehicle In-Transport","Front-to-Front",1,2023,"CHEVROLET","TAHOE",49,"Disabling Damage",0,0,1,"Full Driver License","Valid","No",35,"Dry","Going Straight","From opposite direction  over left lane line","No Avoidance Maneuver","Tracking","Stayed in original travel lane","SUV",1,0,1,1,1,1,0,4,3
100092,9,19,8,"Pedestrian","The First Harmful Event was Not a Collision with a Motor Vehicle in Transport",1,2023,"DODGE","DURANGO",998,"Functional Damage",0,0,1,"Full Driver License","Valid","No",35,"Dry","Going Straight","Pedestrian in road","No Avoidance Maneuver","Tracking","Stayed in original travel lane","SUV",1,0,0,1,2,2,0,0,2
100096,9,17,12,"Motor Vehicle In-Transport","Front-to-Rear",3,2018,"JEEP","GRAND CHEROKEE",0,"Minor Damage",0,0,1,"Full Driver License","Valid","No",45,"Dry","Stopped in Roadway","Traveling in same direction with higher speed","No Avoidance Maneuver","Tracking","Stayed in original travel lane","SUV",0,0,1,0,2,2,0,0,1
100097,9,22,8,"Pedestrian","The First Harmful Event was Not a Collision with a Motor Vehicle in Transport",1,2022,"INFINITI","QX55",40,"Functional Damage",0,0,1,"Full Driver License","Valid","No",35,"Dry","Negotiating a Curve","Pedestrian in road","No Avoidance Maneuver","Tracking","Stayed in original travel lane","SUV",1,0,1,1,1,1,0,6,3
100099,9,2,9,"Pedalcyclist","The First Harmful Event was Not a Collision with a Motor Vehicle in Transport",1,2013,"TOYOTA","SIENNA",20,"Functional Damage",0,0,1,"Full Driver License","Valid","No",25,"Dry","Going Straight","Pedalcyclist or other non-motorist in road","Unknown/Not Reported","Tracking","Stayed in original travel lane","VAN",0,1,0,0,2,2,1,2,0
100103,10,2,12,"Motor Vehicle In-Transport","Front-to-Front",1,2011,"LINCOLN","TOWN CAR",998,"Disabling Damage",1,0,1,"Full Driver License","Valid","No",45,"Dry","Going Straight","Unknown","Unknown/Not Reported","Tracking","Stayed on roadway, not known if left original travel lane","4 DR",0,0,0,0,0,0,0,0,0
100106,10,21,8,"Pedestrian","The First Harmful Event was Not a Collision with a Motor Vehicle in Transport",1,2015,"FORD","ESCAPE",40,"Disabling Damage",0,0,1,"Full Driver License","Valid","No",40,"Dry","Going Straight","Other vehicle stopped","Braking and steering right","Tracking","Stayed in original travel lane","SUV",0,1,0,0,0,0,0,1,0
100107,11,23,42,"Tree (Standing Only)","The First Harmful Event was Not a Collision with a Motor Vehicle in Transport",1,2015,"TOYOTA","RAV4",998,"Disabling Damage",1,0,1,"Full Driver License","Valid","No",45,"Dry","Going Straight","Off the edge of the road on the left side","Unknown/Not Reported","Tracking","Departed roadway","SUV",0,1,0,1,0,0,0,1,1
100113,11,16,12,"Motor Vehicle In-Transport","Front-to-Front",2,2017,"TOYOTA","RAV4",998,"Disabling Damage",1,0,1,"Full Driver License","Valid","No",50,"Dry","Going Straight","From opposite direction  over left lane line","Unknown/Not Reported","Tracking","Stayed in original travel lane","SUV",1,1,0,0,2,2,0,1,1
100113,11,16,12,"Motor Vehicle In-Transport","Front-to-Front",4,2011,"NISSAN","ALTIMA",998,"Disabling Damage",0,0,1,"Full Driver License","Valid","No",50,"Dry","Going Straight","Other critical precrash event (specify:)","Unknown/Not Reported","Tracking","Stayed in original travel lane","2 DR",0,1,0,0,0,0,1,2,0
100116,11,17,8,"Pedestrian","The First Harmful Event was Not a Collision with a Motor Vehicle in Transport",3,2019,"TOYOTA","TACOMA",998,"Minor Damage",0,0,1,"Full Driver License","Valid","No",55,"Dry","Going Straight","Pedestrian in road","Unknown/Not Reported","Tracking","Stayed in original travel lane","PU/EC",0,1,1,1,1,1,0,5,2
100116,11,17,8,"Pedestrian","The First Harmful Event was Not a Collision with a Motor Vehicle in Transport",1,2012,"MAZDA","CX-9",998,"Functional Damage",0,0,1,"Full Driver License","Valid","No",55,"Dry","Going Straight","Pedestrian in road","Unknown/Not Reported","Tracking","Stayed in original travel lane","SUV",0,1,0,0,0,0,1,2,0
100120,12,21,8,"Pedestrian","The First Harmful Event was Not a Collision with a Motor Vehicle in Transport",1,2014,"FORD","FOCUS",998,"Functional Damage",0,0,1,"Full Driver License","Valid","No",35,"Dry","Going Straight","Pedestrian in road","Unknown/Not Reported","Tracking","Stayed in original travel lane","5 HB",0,1,0,0,0,0,1,2,0
100124,12,19,8,"Pedestrian","The First Harmful Event was Not a Collision with a Motor Vehicle in Transport",1,2020,"CHEVROLET","TAHOE",998,"Disabling Damage",0,0,1,"Full Driver License","Valid","No",45,"Dry","Going Straight","Pedestrian in road","Braking","Tracking","Stayed in original travel lane","SUV",0,0,0,0,2,2,0,0,0
100124,12,19,8,"Pedestrian","The First Harmful Event was Not a Collision with a Motor Vehicle in Transport",1,2014,"KIA","SORENTO",998,"Minor Damage",0,0,1,"Full Driver License","Valid","No",45,"Dry","Going Straight","Pedestrian in road","No Avoidance Maneuver","Tracking","Stayed in original travel lane","SUV",0,0,0,0,0,0,1,1,0
100126,12,19,8,"Pedestrian","The First Harmful Event was Not a Collision with a Motor Vehicle in Transport",1,2016,"HYUNDAI","VELOSTER",998,"Disabling Damage",0,0,1,"Full Driver License","Valid","No",45,"Dry","Going Straight","Pedestrian in road","Braking","Tracking","Stayed in original travel lane","3C",0,1,0,0,0,0,0,1,0
110001,1,18,12,"Motor Vehicle In-Transport","Angle",3,2017,"TOYOTA","COROLLA",14,"Disabling Damage",1,0,1,"Full Driver License","Valid","No",20,"Dry","Turning Left","Turning Left","No Avoidance Maneuver","Tracking","Stayed in original travel lane","4 DR",0,1,0,1,2,2,0,2,1
110006,2,7,12,"Motor Vehicle In-Transport","Angle",1,2018,"TOYOTA","C-HR",30,"Functional Damage",0,0,1,"Full Driver License","Valid","No",25,"Dry","Going Straight","Unknown travel direction","No Avoidance Maneuver","Tracking","Stayed in original travel lane","5 HB",1,1,1,1,1,1,0,5,3
110006,2,7,12,"Motor Vehicle In-Transport","Angle",1,2017,"CHEVROLET","EQUINOX",29,"Disabling Damage",0,0,1,"Full Driver License","Valid","No",25,"Dry","Going Straight","This vehicle decelerating","Braking and Unknown Steering Direction","Tracking","Stayed in original travel lane","SUV",0,0,0,1,0,0,0,1,1
110011,4,5,12,"Motor Vehicle In-Transport","Angle",1,2015,"TOYOTA","PRIUS",11,"Disabling Damage",0,0,1,"Full Driver License","Valid","No",30,"Dry","Turning Left","Turning Left","No Avoidance Maneuver","Precrash stability unknown","Stayed in original travel lane","5 HB",0,1,1,1,2,2,0,1,2
110016,6,19,25,"Concrete Traffic Barrier","The First Harmful Event was Not a Collision with a Motor Vehicle in Transport",1,2021,"CHEVROLET","EQUINOX",998,"Minor Damage",0,0,1,"Full Driver License","Valid","No",40,"Dry","Going Straight","Encroachment by other vehicle - details unknown","Unknown/Not Reported","Tracking","Stayed in original travel lane","SUV",1,1,1,1,1,1,0,6,3
110018,6,15,12,"Motor Vehicle In-Transport","Angle",1,2013,"KIA","SOUL",999,"Minor Damage",0,0,1,"Full Driver License","Valid","No",25,"Dry","Going Straight","Crossing Over (Passing Through) Junction","No Avoidance Maneuver","Tracking","Stayed in original travel lane","SUV",0,1,0,0,0,0,1,2,0
110022,7,13,12,"Motor Vehicle In-Transport","Angle",1,2016,"TOYOTA","RAV4",998,"Minor Damage",0,0,1,"Full Driver License","Valid","No",25,"Dry","Going Straight","Crossing Over (Passing Through) Junction","No Avoidance Maneuver","Tracking","Stayed in original travel lane","SUV",0,1,1,1,2,2,0,1,2
110031,10,14,8,"Pedestrian","The First Harmful Event was Not a Collision with a Motor Vehicle in Transport",1,2016,"TOYOTA","RAV4",999,"Minor Damage",0,0,1,"Full Driver License","Valid","No",99,"Dry","Turning Left","Turning Left","No Avoidance Maneuver","Tracking","Stayed in original travel lane","SUV",1,1,1,0,2,2,0,1,2
110032,10,0,9,"Pedalcyclist","The First Harmful Event was Not a Collision with a Motor Vehicle in Transport",1,2014,"TOYOTA","CAMRY",999,"Functional Damage",0,0,1,"Full Driver License","Valid","No",25,"Dry","Going Straight","Pedalcyclist or other non-motorist in road","Unknown/Not Reported","Tracking","Stayed on roadway, not known if left original travel lane","4 DR",1,0,0,0,0,0,1,1,1
110034,11,13,12,"Motor Vehicle In-Transport","Angle",1,2013,"CHEVROLET","MALIBU",999,"Disabling Damage",0,0,1,"Full Driver License","Valid","No",30,"Dry","Turning Left","In crossover","No Avoidance Maneuver","Tracking","Stayed in original travel lane","4 DR",0,1,1,0,0,0,1,3,1
110040,12,18,12,"Motor Vehicle In-Transport","Angle",1,2016,"FORD","FUSION",0,"Disabling Damage",0,0,1,"Full Driver License","Valid","No",25,"Dry","Stopped in Roadway","Traveling in same direction with higher speed","No Avoidance Maneuver","Tracking","Stayed on roadway, not known if left original travel lane","4 DR",1,1,0,0,0,0,0,1,1
120003,1,9,8,"Pedestrian","The First Harmful Event was Not a Collision with a Motor Vehicle in Transport",1,2012,"CHRYSLER","200",40,"Disabling Damage",0,0,1,"Full Driver License","Valid","No",40,"Dry","Going Straight","Pedestrian in road","Unknown/Not Reported","Tracking","Stayed in original travel lane","4 DR",0,1,0,0,0,0,1,2,0
120004,1,12,12,"Motor Vehicle In-Transport","Front-to-Rear",5,2015,"FORD","EXPEDITION",40,"Functional Damage",0,0,1,"Full Driver License","Valid","No",65,"Dry","Decelerating in Road","Traveling in same direction with higher speed","Unknown/Not Reported","Tracking","Stayed in original travel lane","SUV",1,1,0,0,0,0,0,1,1
120005,1,21,14,"Parked Motor Vehicle","The First Harmful Event was Not a Collision with a Motor Vehicle in Transport",1,2015,"MAZDA","MAZDA6",90,"Disabling Damage",1,0,1,"Full Driver License","Valid","No",30,"Dry","Going Straight","End departure","Unknown/Not Reported","Tracking","Departed roadway","4 DR",0,1,0,0,2,0,0,1,0
120006,1,6,8,"Pedestrian","The First Harmful Event was Not a Collision with a Motor Vehicle in Transport",1,2021,"HYUNDAI","TUCSON",30,"Disabling Damage",0,0,1,"Full Driver License","Valid","No",30,"Dry","Going Straight","Pedestrian in road","Unknown/Not Reported","Tracking","Stayed in original travel lane","SUV",1,2,1,1,1,1,0,4,3
120010,1,3,12,"Motor Vehicle In-Transport","Front-to-Rear",1,2013,"TOYOTA","SIENNA",1,"Functional Damage",0,0,1,"Full Driver License","Valid","No",40,"Dry","Going Straight","Traveling in same direction with higher speed","Unknown/Not Reported","Tracking","Stayed in original travel lane","VAN",0,1,0,0,2,2,1,2,0
120012,1,19,12,"Motor Vehicle In-Transport","Front-to-Front",1,2019,"HONDA","FIT",30,"Functional Damage",0,0,1,"Full Driver License","Valid","No",45,"Dry","Going Straight","Traveling in same direction while decelerating","Unknown/Not Reported","Tracking","Stayed in original travel lane","5 HB",0,1,0,0,2,2,0,1,0
120014,1,4,12,"Motor Vehicle In-Transport","Front-to-Front",2,2019,"HONDA","HR-V",56,"Disabling Damage",1,0,1,"Full Driver License","Valid","No",70,"Dry","Going Straight","Traveling in opposite direction","Unknown/Not Reported","Tracking","Stayed in original travel lane","SUV",0,1,1,0,2,2,0,1,1
120018,1,4,12,"Motor Vehicle In-Transport","Angle",2,2018,"VOLKSWAGEN","JETTA",998,"Disabling Damage",1,0,1,"Full Driver License","Valid","No",40,"Dry","Going Straight","From crossing street, across path","Unknown/Not Reported","Tracking","Stayed in original travel lane","4 DR",1,1,1,0,2,2,0,1,2
120018,1,4,12,"Motor Vehicle In-Transport","Angle",1,2020,"TOYOTA","COROLLA",0,"Disabling Damage",0,0,1,"Full Driver License","Valid","No",40,"Dry","Stopped in Roadway","From opposite direction  over left lane line","No Avoidance Maneuver","Tracking","Stayed in original travel lane","5 HB",1,1,1,1,1,1,0,6,3
120018,1,4,12,"Motor Vehicle In-Transport","Angle",1,2011,"CHEVROLET","EQUINOX",0,"Disabling Damage",0,0,1,"Full Driver License","Valid","No",40,"Dry","Stopped in Roadway","Other critical precrash event (specify:)","No Avoidance Maneuver","Tracking","Stayed in original travel lane","SUV",0,0,0,0,0,0,1,2,0
120019,1,3,12,"Motor Vehicle In-Transport","Angle",3,2011,"MAZDA","CX-9",998,"Disabling Damage",1,0,1,"Full Driver License","Valid","No",30,"Dry","Turning Left","Turning Left","Unknown/Not Reported","Tracking","Stayed in original travel lane","SUV",1,1,0,0,0,0,1,2,1
120020,1,1,8,"Pedestrian","The First Harmful Event was Not a Collision with a Motor Vehicle in Transport",1,2021,"MERCEDES-BENZ","CLA-CLASS",35,"Functional Damage",0,0,1,"Full Driver License","Valid","No",45,"Dry","Going Straight","Pedestrian in road","Steering left","Tracking","Stayed in original travel lane","4 DR",1,1,1,1,1,1,0,6,3
120021,1,23,8,"Pedestrian","The First Harmful Event was Not a Collision with a Motor Vehicle in Transport",1,2012,"FORD","FUSION",45,"Functional Damage",0,0,1,"Full Driver License","Valid","No",45,"Dry","Going Straight","Pedestrian in road","Unknown/Not Reported","Tracking","Stayed in original travel lane","4 DR",0,0,0,0,0,0,1,1,0
120022,1,2,14,"Parked Motor Vehicle","The First Harmful Event was Not a Collision with a Motor Vehicle in Transport",1,2017,"NISSAN","SENTRA",998,"Disabling Damage",1,0,1,"Full Driver License","Valid","No",70,"Dry","Going Straight","Over the lane line on right side of travel lane","Unknown/Not Reported","Tracking","Departed roadway","4 DR",1,0,0,0,2,2,0,0,1
120026,1,17,12,"Motor Vehicle In-Transport","Angle",2,2014,"VOLKSWAGEN","JETTA",30,"Disabling Damage",0,0,1,"Full Driver License","Valid","No",50,"Dry","Turning Left","Turning Left","Unknown/Not Reported","Tracking","Stayed in original travel lane","4 DR",0,1,0,0,0,0,1,2,0
120028,1,22,12,"Motor Vehicle In-Transport","Front-to-Rear",2,2020,"TOYOTA","CAMRY",55,"Disabling Damage",0,0,1,"Full Driver License","Valid","No",60,"Dry","Going Straight","Traveling in same direction with higher speed","Unknown/Not Reported","Tracking","Stayed in original travel lane","4 DR",1,1,1,1,1,1,0,6,3
120032,1,3,12,"Motor Vehicle In-Transport","Front-to-Front",1,2015,"NISSAN","ALTIMA",1,"Disabling Damage",1,0,1,"Full Driver License","Valid","No",40,"Dry","Going Straight","Crossing Over (Passing Through) Junction","Unknown/Not Reported","Tracking","Stayed in original travel lane","4 DR",0,0,0,1,0,0,0,0,1
120035,1,22,12,"Motor Vehicle In-Transport","Angle",1,2013,"HYUNDAI","SONATA",15,"Disabling Damage",1,0,1,"Full Driver License","Valid","No",45,"Dry","Turning Left","Turning Left","Unknown/Not Reported","Tracking","Stayed in original travel lane","4 DR",0,1,0,0,0,0,1,2,0
120040,1,18,8,"Pedestrian","The First Harmful Event was Not a Collision with a Motor Vehicle in Transport",2,2022,"TOYOTA","TACOMA",10,"Minor Damage",0,0,1,"Full Driver License","Valid","No",25,"Dry","Turning Left","Pedestrian in road","Unknown/Not Reported","Tracking","Stayed in original travel lane","PU/CC",0,2,1,1,1,1,0,5,2