"SERIAL_CRASH","MONTH","HOUR","HARM_EV","HARM_EVNAME","TYPE_OF_COLLIOSION","NUM_OF_PEOPLE","MOD_YEAR","VPICMAKENAME","VPICMODELNAME","TRAV_SP","DEFORMEDNAME","DEATHS","DR_DRINK","IS_DRIVER_PRESENT","L_TYPENAME","L_STATUSNAME","SPEEDRELNAME","VSPD_LIM","VSURCONDNAME","P_CRASH1NAME","P_CRASH2NAME","P_CRASH3NAME","PCRASH4NAME","PCRASH5NAME","BODY_STYLE","BLIND_SPOT_DETECTION","ARS","FRNT_COLLISION_WARNING","LANE_DEPARTURE_WARNING","CRASH_IMMINENT_BRAKE","DYNAMIC_BRAKE_SUPPORT","NHTSA_ESC","SAFETY_COUNT","notification_count"
120186,1,18,9,"Pedalcyclist","The First Harmful Event was Not a Collision with a Motor Vehicle in Transport",2,2020,"FORD","ESCAPE",40,"Disabling Damage",0,0,1,"Full Driver License","Valid","No",40,"Dry","Going Straight","Pedalcyclist or other non-motorist in road","Unknown/Not Reported","Tracking","Stayed in original travel lane","SUV",1,0,1,1,1,1,0,6,3
120189,1,16,12,"Motor Vehicle In-Transport","Front-to-Front",1,2020,"CHEVROLET","EQUINOX",45,"Disabling Damage",0,0,1,"Full Driver License","Valid","No",45,"Dry","Going Straight","From opposite direction  over left lane line","Unknown/Not Reported","Tracking","Stayed in original travel lane","SUV",0,0,1,1,1,1,0,5,2
120189,1,16,12,"Motor Vehicle In-Transport","Front-to-Front",2,2018,"MAZDA","CX-5",10,"Disabling Damage",1,0,1,"Full Driver License","Valid","No",45,"Dry","Turning Left","Turning Left","Unknown/Not Reported","Tracking","Stayed in original travel lane","SUV",1,1,1,1,1,2,0,5,3
120191,1,22,8,"Pedestrian","The First Harmful Event was Not a Collision with a Motor Vehicle in Transport",3,2016,"RAM","1500",65,"No Damage",0,0,1,"Full Driver License","Valid","No",65,"Dry","Going Straight","Pedestrian in road","Unknown/Not Reported","Tracking","Stayed in original travel lane","PU/RC",0,0,0,0,0,0,0,0,0
120192,2,9,24,"Guardrail Face","The First Harmful Event was Not a Collision with a Motor Vehicle in Transport",1,2017,"HYUNDAI","SANTA FE",45,"Disabling Damage",1,0,1,"Full Driver License","Valid","No",45,"Dry","Going Straight","Off the edge of the road on the right side","Unknown/Not Reported","Tracking","Departed roadway","SUV",1,1,1,0,2,2,0,2,2
120197,1,23,12,"Motor Vehicle In-Transport","Front-to-Front",1,2017,"AUDI","A4",25,"Disabling Damage",0,0,1,"Full Driver License","Valid","No",25,"Dry","Negotiating a Curve","From opposite direction  over left lane line","Unknown/Not Reported","Tracking","Stayed in original travel lane","4 DR",0,1,1,1,1,2,0,3,2
120198,1,20,9,"Pedalcyclist","The First Harmful Event was Not a Collision with a Motor Vehicle in Transport",2,2019,"DODGE","GRAND CARAVAN",35,"Minor Damage",0,0,1,"Full Driver License","Valid","No",45,"Dry","Going Straight","Pedalcyclist or other non-motorist in road","Unknown/Not Reported","Tracking","Stayed in original travel lane","VAN",0,0,0,0,0,0,0,0,0
120199,1,7,12,"Motor Vehicle In-Transport","Angle",1,2014,"NISSAN","VERSA NOTE",998,"Disabling Damage",1,0,1,"Full Driver License","Valid","No",45,"Dry","Going Straight","From opposite direction  over left lane line","Unknown/Not Reported","Tracking","Stayed in original travel lane","5 HB",0,0,0,0,0,0,1,1,0
120201,1,16,12,"Motor Vehicle In-Transport","Angle",1,2015,"NISSAN","ARMADA",50,"Disabling Damage",0,0,1,"Full Driver License","Valid","No",50,"Dry","Going Straight","From opposite direction  over left lane line","Unknown/Not Reported","Tracking","Stayed in original travel lane","SUV",0,0,0,0,0,0,0,0,0
120207,2,4,25,"Concrete Traffic Barrier","The First Harmful Event was Not a Collision with a Motor Vehicle in Transport",1,2012,"HONDA","CROSSTOUR",55,"Disabling Damage",0,0,1,"Full Driver License","Valid","No",55,"Dry","Going Straight","Off the edge of the road on the left side","Unknown/Not Reported","Tracking","Departed roadway","SUV",0,0,0,0,0,0,1,1,0
120207,2,4,25,"Concrete Traffic Barrier","The First Harmful Event was Not a Collision with a Motor Vehicle in Transport",1,2017,"GMC","TERRAIN",55,"Disabling Damage",1,0,1,"Full Driver License","Valid","No",55,"Dry","Going Straight","Traveling in same direction while decelerating","No Avoidance Maneuver","Tracking","Stayed in original travel lane","SUV",0,0,0,0,0,0,0,1,0
120207,2,4,25,"Concrete Traffic Barrier","The First Harmful Event was Not a Collision with a Motor Vehicle in Transport",1,2012,"VOLKSWAGEN","PASSAT",5,"Disabling Damage",0,0,1,"Full Driver License","Valid","No",55,"Dry","Decelerating in Road","Other vehicle stopped","Braking and steering left","Tracking","Stayed in original travel lane","4 DR",0,1,0,0,0,0,1,2,0
120208,2,6,8,"Pedestrian","The First Harmful Event was Not a Collision with a Motor Vehicle in Transport",1,2012,"HONDA","ACCORD",35,"Functional Damage",0,0,1,"Full Driver License","Valid","No",35,"Dry","Going Straight","Pedestrian in road","Unknown/Not Reported","Tracking","Stayed in original travel lane","2 DR",0,0,0,0,0,0,1,1,0
120210,2,10,12,"Motor Vehicle In-Transport","Angle",3,2021,"NISSAN","ROGUE",20,"Disabling Damage",2,0,1,"Full Driver License","Valid","No",98,"Dry","Going Straight","From crossing street, across path","Unknown/Not Reported","Tracking","Stayed in original travel lane","SUV",1,0,1,1,1,1,0,5,3
120212,2,18,8,"Pedestrian","The First Harmful Event was Not a Collision with a Motor Vehicle in Transport",1,2015,"HONDA","CIVIC",45,"Functional Damage",0,0,1,"Full Driver License","Valid","No",45,"Dry","Going Straight","Pedestrian in road","Unknown/Not Reported","Tracking","Stayed in original travel lane","4 DR",0,1,0,0,0,0,0,1,0
120214,2,18,12,"Motor Vehicle In-Transport","Angle",5,2014,"NISSAN","ALTIMA",15,"Disabling Damage",0,0,1,"Full Driver License","Valid","No",55,"Dry","Turning Left","Turning Left","Unknown/Not Reported","Tracking","Stayed in original travel lane","4 DR",0,1,0,1,0,0,1,2,1
120215,1,6,12,"Motor Vehicle In-Transport","Angle",1,2023,"GENESIS","G80",18,"Disabling Damage",1,0,1,"Full Driver License","Valid","No",45,"Dry","Going Straight","From crossing street, across path","Unknown/Not Reported","Tracking","Stayed in original travel lane","4 DR",1,0,1,1,1,1,0,5,3
120217,1,7,12,"Motor Vehicle In-Transport","Front-to-Rear",1,2013,"HYUNDAI","ELANTRA",20,"Disabling Damage",0,0,1,"Full Driver License","Valid","No",45,"Dry","Changing Lanes","Over the lane line on left side of travel lane","Unknown/Not Reported","Tracking","Stayed on roadway, but left original travel lane","2 DR",0,1,0,0,0,0,1,2,0
120219,2,10,12,"Motor Vehicle In-Transport","Front-to-Front",1,2011,"TOYOTA","SCION XD",15,"Disabling Damage",1,0,1,"Full Driver License","Valid","No",40,"Dry","Turning Left","Turning Left","Unknown/Not Reported","Tracking","Stayed in original travel lane","4 DR",0,0,0,0,0,0,1,1,0
120221,1,10,12,"Motor Vehicle In-Transport","Front-to-Front",2,2012,"FORD","MUSTANG",998,"Disabling Damage",0,0,1,"Full Driver License","Valid","No",98,"Dry","Negotiating a Curve","Over the lane line on left side of travel lane","Unknown/Not Reported","Tracking","Stayed on roadway, but left original travel lane","C",0,0,0,0,0,0,1,1,0
120221,1,10,12,"Motor Vehicle In-Transport","Front-to-Front",2,2020,"DODGE","JOURNEY",998,"Disabling Damage",1,0,1,"Full Driver License","Valid","No",98,"Dry","Negotiating a Curve","From opposite direction  over left lane line","Unknown/Not Reported","Tracking","Stayed in original travel lane","SUV",0,2,0,0,0,0,0,0,0
120225,2,6,12,"Motor Vehicle In-Transport","Sideswipe - Opposite Direction",1,2019,"FORD","EXPLORER",30,"Disabling Damage",0,0,1,"Full Driver License","Valid","No",30,"Dry","Going Straight","Traveling in opposite direction","Unknown/Not Reported","Tracking","Stayed in original travel lane","SUV",1,0,1,1,0,2,0,0,3
120225,2,6,12,"Motor Vehicle In-Transport","Sideswipe - Opposite Direction",1,2020,"MITSUBISHI","OUTLANDER SPORT",30,"Disabling Damage",0,0,1,"Full Driver License","Valid","No",30,"Dry","Going Straight","Traveling in opposite direction","Unknown/Not Reported","Tracking","Stayed in original travel lane","SUV",1,0,1,1,2,2,0,0,3
120226,1,5,12,"Motor Vehicle In-Transport","Front-to-Front",1,2019,"CHEVROLET","TRAX",60,"Disabling Damage",1,0,1,"Full Driver License","Valid","No",60,"Dry","Negotiating a Curve","Over the lane line on left side of travel lane","Unknown/Not Reported","Tracking","Stayed on roadway, but left original travel lane","SUV",0,1,0,1,0,0,0,2,1
120228,2,6,12,"Motor Vehicle In-Transport","Angle",1,2016,"NISSAN","VERSA NOTE",25,"Disabling Damage",1,0,1,"Full Driver License","Valid","No",50,"Dry","Going Straight","Crossing Over (Passing Through) Junction","Unknown/Not Reported","Tracking","Stayed in original travel lane","5 HB",0,0,0,0,0,0,0,0,0
120228,2,6,12,"Motor Vehicle In-Transport","Angle",1,2021,"JEEP","WRANGLER",50,"Minor Damage",0,0,1,"Full Driver License","Valid","No",50,"Dry","Going Straight","From crossing street, across path","Unknown/Not Reported","Tracking","Stayed in original travel lane","SUV",1,0,1,0,2,2,0,0,2
120230,1,13,12,"Motor Vehicle In-Transport","Angle",1,2016,"CADILLAC","SRX",35,"Disabling Damage",1,0,1,"Full Driver License","Valid","No",35,"Dry","Going Straight","Crossing Over (Passing Through) Junction","Unknown/Not Reported","Tracking","Stayed in original travel lane","SUV",1,1,0,0,2,2,0,2,1
120231,2,16,9,"Pedalcyclist","The First Harmful Event was Not a Collision with a Motor Vehicle in Transport",1,2016,"NISSAN","NV200",30,"Minor Damage",0,0,1,"Full Driver License","Valid","No",35,"Dry","Going Straight","Pedalcyclist or other non-motorist in road","Unknown/Not Reported","Tracking","Stayed in original travel lane","VAN",0,0,0,0,0,0,0,0,0
120232,2,7,12,"Motor Vehicle In-Transport","Front-to-Rear",1,2018,"JEEP","RENEGADE",55,"Disabling Damage",1,0,1,"Full Driver License","Valid","No",55,"Dry","Going Straight","Other vehicle stopped","Unknown/Not Reported","Tracking","Stayed in original travel lane","SUV",0,0,1,0,2,2,0,0,1
120233,2,13,12,"Motor Vehicle In-Transport","Front-to-Rear",1,2020,"BUICK","ENVISION",55,"Disabling Damage",1,0,1,"Full Driver License","Valid","No",55,"Dry","Going Straight","Other vehicle stopped","Unknown/Not Reported","Tracking","Stayed in original travel lane","SUV",1,1,1,1,2,2,0,2,3
120235,2,21,8,"Pedestrian","The First Harmful Event was Not a Collision with a Motor Vehicle in Transport",1,2017,"FORD","TRANSIT",45,"Functional Damage",0,0,1,"Full Driver License","Valid","No",45,"Dry","Going Straight","Pedestrian in road","Unknown/Not Reported","Tracking","Stayed in original travel lane","VAN",0,0,0,1,0,0,0,0,1
120236,2,7,8,"Pedestrian","The First Harmful Event was Not a Collision with a Motor Vehicle in Transport",1,2011,"CHEVROLET","MALIBU",30,"Minor Damage",0,0,1,"Full Driver License","Valid","No",35,"Dry","Going Straight","Pedestrian in road","Unknown/Not Reported","Tracking","Stayed in original travel lane","4 DR",0,1,0,0,0,0,1,3,0
120237,1,19,8,"Pedestrian","The First Harmful Event was Not a Collision with a Motor Vehicle in Transport",1,2021,"HONDA","ACCORD",24,"Functional Damage",0,0,1,"Full Driver License","Valid","No",50,"Dry","Going Straight","Pedestrian in road","Unknown/Not Reported","Tracking","Stayed in original travel lane","4 DR",1,1,1,1,1,1,0,6,3
120238,1,11,12,"Motor Vehicle In-Transport","Front-to-Front",4,2020,"NISSAN","ALTIMA",65,"Disabling Damage",3,0,1,"Full Driver License","Valid","No",60,"Dry","Passing or Overtaking Another Vehicle","Over the lane line on left side of travel lane","Unknown/Not Reported","Tracking","Stayed on roadway, but left original travel lane","4 DR",1,1,1,0,1,1,0,4,2
120238,1,11,12,"Motor Vehicle In-Transport","Front-to-Front",2,2022,"MAZDA","CX-30",55,"Disabling Damage",0,0,1,"Full Driver License","Valid","No",60,"Dry","Going Straight","From opposite direction  over left lane line","Unknown/Not Reported","Tracking","Stayed in original travel lane","SUV",0,1,1,1,1,1,0,6,2
120238,1,11,12,"Motor Vehicle In-Transport","Front-to-Front",1,2021,"TOYOTA","TACOMA",55,"Functional Damage",0,0,1,"Full Driver License","Valid","No",60,"Dry","Going Straight","Other critical precrash event (specify:)","Unknown/Not Reported","Tracking","Stayed in original travel lane","PU/CC",0,2,1,1,1,1,0,5,2
120238,1,11,12,"Motor Vehicle In-Transport","Front-to-Front",1,2015,"NISSAN","ALTIMA",55,"Disabling Damage",0,0,1,"Full Driver License","Valid","No",60,"Dry","Going Straight","Other critical precrash event (specify:)","Unknown/Not Reported","Tracking","Stayed in original travel lane","4 DR",1,0,0,1,0,0,0,0,2
120239,1,1,12,"Motor Vehicle In-Transport","Angle",1,2013,"FORD","EDGE",15,"Disabling Damage",0,0,1,"Learner's Permit","Valid","No",35,"Dry","Turning Left","Turning Left","Unknown/Not Reported","Tracking","Stayed in original travel lane","SUV",1,0,1,0,0,0,1,1,2
120240,1,20,8,"Pedestrian","The First Harmful Event was Not a Collision with a Motor Vehicle in Transport",2,2013,"HYUNDAI","ELANTRA",45,"Functional Damage",0,0,1,"Full Driver License","Valid","No",45,"Dry","Going Straight","Pedestrian in road","Unknown/Not Reported","Tracking","Stayed in original travel lane","2 DR",0,1,0,0,0,0,1,2,0
120242,1,18,12,"Motor Vehicle In-Transport","Angle",2,2018,"MERCEDES-BENZ","C-CLASS",40,"Disabling Damage",0,0,1,"Full Driver License","Valid","No",45,"Dry","Going Straight","From crossing street, turning into same direction","Unknown/Not Reported","Tracking","Stayed in original travel lane","2 DR",1,1,1,1,1,1,0,4,3
120243,1,18,9,"Pedalcyclist","The First Harmful Event was Not a Collision with a Motor Vehicle in Transport",1,2020,"FORD","ECOSPORT",55,"Functional Damage",0,0,1,"Full Driver License","Valid","No",55,"Dry","Going Straight","Pedalcyclist or other non-motorist in road","Unknown/Not Reported","Tracking","Stayed in original travel lane","SUV",1,0,0,0,0,0,0,1,1
120248,1,3,8,"Pedestrian","The First Harmful Event was Not a Collision with a Motor Vehicle in Transport",2,2020,"NISSAN","KICKS",70,"Disabling Damage",0,0,1,"Full Driver License","Valid","No",70,"Dry","Going Straight","Pedestrian in road","No Avoidance Maneuver","Tracking","Stayed in original travel lane","SUV",1,1,1,1,1,1,0,6,3
120249,1,18,8,"Pedestrian","The First Harmful Event was Not a Collision with a Motor Vehicle in Transport",2,2015,"NISSAN","ALTIMA",60,"Functional Damage",0,0,1,"Full Driver License","Valid","No",55,"Dry","Going Straight","Pedestrian in road","Unknown/Not Reported","Tracking","Stayed in original travel lane","4 DR",1,0,0,1,0,0,0,0,2
120253,2,6,9,"Pedalcyclist","The First Harmful Event was Not a Collision with a Motor Vehicle in Transport",2,2020,"TOYOTA","TUNDRA",40,"Disabling Damage",0,0,1,"Full Driver License","Valid","No",50,"Dry","Negotiating a Curve","Pedalcyclist or other non-motorist in road","Unknown/Not Reported","Tracking","Stayed in original travel lane","PU/EC",1,2,1,1,1,1,0,5,3
120259,2,19,8,"Pedestrian","The First Harmful Event was Not a Collision with a Motor Vehicle in Transport",1,2011,"HYUNDAI","SANTA FE",45,"Functional Damage",0,0,1,"Full Driver License","Valid","No",45,"Dry","Going Straight","Pedestrian in road","Unknown/Not Reported","Tracking","Stayed in original travel lane","SUV",0,1,0,0,0,0,1,2,0
120262,2,22,8,"Pedestrian","The First Harmful Event was Not a Collision with a Motor Vehicle in Transport",1,2015,"FORD","ESCAPE",40,"Functional Damage",0,0,1,"Full Driver License","Valid","No",40,"Dry","Going Straight","Pedestrian in road","Unknown/Not Reported","Tracking","Stayed in original travel lane","SUV",0,1,0,0,0,0,0,1,0
120263,2,13,43,"Other Fixed Object","The First Harmful Event was Not a Collision with a Motor Vehicle in Transport",2,2020,"HYUNDAI","TUCSON",84,"Disabling Damage",1,0,1,"Full Driver License","Valid","No",70,"Dry","Going Straight","Off the edge of the road on the right side","Unknown/Not Reported","Tracking","Departed roadway","SUV",1,2,1,1,1,1,0,4,3
120267,1,3,33,"Curb","The First Harmful Event was Not a Collision with a Motor Vehicle in Transport",1,2019,"CHEVROLET","MALIBU",998,"Disabling Damage",1,0,1,"Full Driver License","Valid","No",40,"Dry","Unknown","Off the edge of the road on the right side","Unknown/Not Reported","Tracking","Departed roadway","4 DR",0,1,1,1,2,2,0,2,2
120272,2,17,33,"Curb","The First Harmful Event was Not a Collision with a Motor Vehicle in Transport",2,2016,"CHEVROLET","EQUINOX",30,"Disabling Damage",0,0,1,"Full Driver License","Valid","No",40,"Dry","Going Straight","From opposite direction  over left lane line","Unknown/Not Reported","Tracking","Stayed in original travel lane","SUV",0,0,1,0,0,0,0,1,1
120278,1,2,42,"Tree (Standing Only)","The First Harmful Event was Not a Collision with a Motor Vehicle in Transport",1,2014,"BUICK","ENCORE",41,"Disabling Damage",1,0,1,"Full Driver License","Valid","No",35,"Dry","Negotiating a Curve","Off the edge of the road on the right side","Unknown/Not Reported","Skidding laterally clockwise rotation","Departed roadway","SUV",1,1,1,1,0,0,1,3,3
120281,1,8,38,"Fence","The First Harmful Event was Not a Collision with a Motor Vehicle in Transport",1,2019,"MAZDA","CX-9",40,"Functional Damage",1,0,1,"Full Driver License","Valid","No",35,"Dry","Going Straight","Off the edge of the road on the right side","Unknown/Not Reported","Tracking","Departed roadway","SUV",1,1,1,0,1,1,0,6,2
120282,1,6,8,"Pedestrian","The First Harmful Event was Not a Collision with a Motor Vehicle in Transport",1,2015,"CHEVROLET","COLORADO",998,"Functional Damage",0,0,1,"Full Driver License","Valid","No",65,"Dry","Negotiating a Curve","Pedestrian in road","Unknown/Not Reported","Tracking","Stayed in original travel lane","PU/EC",0,1,0,1,0,0,0,1,1
120286,2,8,42,"Tree (Standing Only)","The First Harmful Event was Not a Collision with a Motor Vehicle in Transport",2,2017,"CHEVROLET","MALIBU",55,"Disabling Damage",2,0,1,"Full Driver License","Valid","No",55,"Dry","Going Straight","Off the edge of the road on the right side","Unknown/Not Reported","Tracking","Departed roadway","4 DR",1,1,1,1,2,2,0,2,3
120287,2,11,12,"Motor Vehicle In-Transport","Angle",1,2015,"VOLKSWAGEN","PASSAT",20,"Disabling Damage",0,0,1,"Full Driver License","Valid","No",45,"Dry","Turning Left","Turning Left","Unknown/Not Reported","Tracking","Stayed in original travel lane","4 DR",0,1,0,0,0,0,0,2,0
120288,2,15,30,"Utility Pole/Light Support","The First Harmful Event was Not a Collision with a Motor Vehicle in Transport",1,2016,"FORD","FUSION",65,"Disabling Damage",1,0,1,"Full Driver License","Valid","No",65,"Dry","Negotiating a Curve","Off the edge of the road on the right side","Unknown/Not Reported","Skidding laterally counterclockwise rotation","Departed roadway","4 DR",0,1,0,1,0,0,0,1,1
120289,1,18,8,"Pedestrian","The First Harmful Event was Not a Collision with a Motor Vehicle in Transport",1,2019,"HONDA","CIVIC",25,"Functional Damage",0,0,1,"Full Driver License","Valid","No",45,"Dry","Going Straight","Pedestrian in road","Unknown/Not Reported","Tracking","Stayed in original travel lane","2 DR",0,1,1,1,1,1,0,5,2
120290,1,7,8,"Pedestrian","The First Harmful Event was Not a Collision with a Motor Vehicle in Transport",2,2016,"FORD","TRANSIT",65,"Functional Damage",0,0,1,"Full Driver License","Valid","No",65,"Dry","Going Straight","Pedestrian in road","Unknown/Not Reported","Tracking","Stayed in original travel lane","VAN",0,0,0,1,0,0,0,0,1
120292,1,10,12,"Motor Vehicle In-Transport","Sideswipe - Same Direction",4,2012,"HONDA","CIVIC",100,"Disabling Damage",0,0,1,"Full Driver License","Valid","No",65,"Dry","Changing Lanes","Off the edge of the road on the right side","Unknown/Not Reported","Tracking","Stayed on roadway, but left original travel lane","2 DR",0,0,0,0,0,0,1,1,0
120292,1,10,12,"Motor Vehicle In-Transport","Sideswipe - Same Direction",1,2012,"SUBARU","IMPREZA",65,"Disabling Damage",0,0,1,"Full Driver License","Valid","No",65,"Dry","Going Straight","From adjacent lane (same direction) over right lane line","Unknown/Not Reported","Tracking","Stayed in original travel lane","SW",0,0,0,0,0,0,1,1,0
120293,1,1,12,"Motor Vehicle In-Transport","Front-to-Front",2,2022,"JEEP","COMPASS",65,"Disabling Damage",2,0,1,"Full Driver License","Valid","No",65,"Dry","Going Straight","Traveling in opposite direction","Unknown/Not Reported","Tracking","Stayed in original travel lane","SUV",1,1,1,1,1,1,0,5,3
120294,1,13,12,"Motor Vehicle In-Transport","Angle",2,2017,"HYUNDAI","SANTA FE SPORT",10,"Functional Damage",0,0,1,"Full Driver License","Valid","No",45,"Dry","Turning Left","Turning Left","Unknown/Not Reported","Tracking","Stayed in original travel lane","SUV",0,1,1,0,2,2,0,1,1
120299,2,20,8,"Pedestrian","The First Harmful Event was Not a Collision with a Motor Vehicle in Transport",2,2022,"DODGE","CHARGER",998,"Minor Damage",0,0,1,"Full Driver License","Valid","No",40,"Dry","Going Straight","Pedestrian in road","Unknown/Not Reported","Tracking","Stayed in original travel lane","4 DR",0,0,1,1,2,2,0,1,2
120301,2,14,12,"Motor Vehicle In-Transport","Angle",2,2018,"TOYOTA","HIGHLANDER",20,"Functional Damage",0,0,1,"Full Driver License","Valid","No",45,"Dry","Turning Left","Turning Left","Unknown/Not Reported","Tracking","Stayed in original travel lane","SUV",0,1,1,1,1,1,0,5,2
120305,2,18,12,"Motor Vehicle In-Transport","Angle",2,2012,"KIA","SOUL",20,"Disabling Damage",2,0,1,"Full Driver License","Valid","No",55,"Dry","Turning Left","Turning Left","Unknown/Not Reported","Tracking","Stayed in original travel lane","SUV",0,0,0,0,0,0,1,1,0
120309,2,19,8,"Pedestrian","The First Harmful Event was Not a Collision with a Motor Vehicle in Transport",1,2019,"DODGE","GRAND CARAVAN",55,"Disabling Damage",0,0,1,"Full Driver License","Valid","No",55,"Dry","Going Straight","Pedestrian in road","Unknown/Not Reported","Tracking","Stayed in original travel lane","VAN",1,0,0,0,0,0,0,0,1
120313,1,16,9,"Pedalcyclist","The First Harmful Event was Not a Collision with a Motor Vehicle in Transport",1,2023,"KIA","SPORTAGE",30,"Functional Damage",0,0,1,"Full Driver License","Valid","No",35,"Dry","Going Straight","Pedalcyclist or other non-motorist in road","Unknown/Not Reported","Tracking","Stayed in original travel lane","SUV",1,2,1,1,1,1,0,4,3
120315,2,19,8,"Pedestrian","The First Harmful Event was Not a Collision with a Motor Vehicle in Transport",1,2015,"CHEVROLET","CAMARO",20,"Disabling Damage",0,0,1,"Full Driver License","Valid","No",45,"Dry","Going Straight","Pedestrian in road","Unknown/Not Reported","Tracking","Stayed in original travel lane","C",0,1,0,0,0,0,0,2,0
120318,2,10,12,"Motor Vehicle In-Transport","Angle",1,2012,"ACURA","MDX",0,"Minor Damage",0,0,1,"Full Driver License","Valid","No",45,"Dry","Stopped in Roadway","Other critical precrash event (specify:)","No Avoidance Maneuver","Tracking","Stayed in original travel lane","SUV",1,0,1,0,0,0,1,1,2
120323,2,14,12,"Motor Vehicle In-Transport","Sideswipe - Same Direction",2,2013,"TOYOTA","PRIUS V",65,"Disabling Damage",1,0,1,"Full Driver License","Valid","No",65,"Dry","Going Straight","From adjacent lane (same direction) over left lane line","Unknown/Not Reported","Tracking","Stayed on roadway, but left original travel lane","SW",0,0,0,0,2,2,1,1,0
120325,2,7,18,"Other Object (not fixed)","The First Harmful Event was Not a Collision with a Motor Vehicle in Transport",1,2019,"HYUNDAI","SANTA FE",45,"Disabling Damage",1,0,1,"Full Driver License","Valid","No",45,"Dry","Negotiating a Curve","Off the edge of the road on the right side","Unknown/Not Reported","Tracking","Departed roadway","SUV",1,2,1,1,1,1,0,4,3
120326,2,20,10,"Railway Vehicle","The First Harmful Event was Not a Collision with a Motor Vehicle in Transport",3,2021,"ACURA","TLX",25,"Minor Damage",0,0,1,"Full Driver License","Valid","No",45,"Dry","Going Straight","Other critical precrash event (specify:)","Unknown/Not Reported","Tracking","Stayed in original travel lane","4 DR",0,1,1,1,1,1,0,6,2
120328,2,5,12,"Motor Vehicle In-Transport","Angle",1,2021,"MAZDA","CX-30",45,"Disabling Damage",1,0,1,"Full Driver License","Valid","No",45,"Dry","Going Straight","From crossing street, across path","Unknown/Not Reported","Tracking","Stayed in original travel lane","SUV",1,1,1,1,1,1,0,7,3
120331,2,1,33,"Curb","The First Harmful Event was Not a Collision with a Motor Vehicle in Transport",1,2021,"TOYOTA","COROLLA",50,"Disabling Damage",1,0,1,"Full Driver License","Valid","No",45,"Dry","Going Straight","Off the edge of the road on the right side","Unknown/Not Reported","Tracking","Departed roadway","4 DR",0,1,1,1,1,1,0,6,2
120332,2,22,12,"Motor Vehicle In-Transport","Front-to-Front",2,2018,"CHEVROLET","IMPALA",60,"Disabling Damage",0,0,1,"Full Driver License","Valid","No",60,"Dry","Going Straight","From opposite direction  over left lane line","Unknown/Not Reported","Tracking","Stayed in original travel lane","4 DR",1,1,0,1,2,2,0,2,2
120334,2,23,8,"Pedestrian","The First Harmful Event was Not a Collision with a Motor Vehicle in Transport",1,2022,"HYUNDAI","TUCSON",40,"Functional Damage",0,0,1,"Full Driver License","Valid","No",40,"Dry","Going Straight","Pedestrian in road","Unknown/Not Reported","Tracking","Stayed in original travel lane","SUV",1,2,1,1,1,1,0,4,3
120338,2,18,12,"Motor Vehicle In-Transport","Front-to-Front",1,2022,"HYUNDAI","SANTA FE",40,"Disabling Damage",1,0,1,"Full Driver License","Valid","No",35,"Dry","Other(specify:)","Traveling in opposite direction","Unknown/Not Reported","Tracking","Stayed in original travel lane","SUV",1,2,1,1,1,1,0,4,3
120339,2,12,12,"Motor Vehicle In-Transport","Front-to-Front",1,2017,"JEEP","CHEROKEE",20,"Disabling Damage",0,0,1,"Full Driver License","Valid","No",40,"Dry","Turning Left","Turning Left","Unknown/Not Reported","Tracking","Stayed in original travel lane","SUV",1,0,0,0,2,2,0,0,1
120340,2,2,8,"Pedestrian","The First Harmful Event was Not a Collision with a Motor Vehicle in Transport",1,2020,"CHEVROLET","MALIBU",55,"Disabling Damage",0,0,1,"Full Driver License","Valid","No",55,"Dry","Going Straight","Pedestrian in road","Unknown/Not Reported","Tracking","Stayed in original travel lane","4 DR",0,2,1,0,2,2,0,1,1
120341,2,12,8,"Pedestrian","The First Harmful Event was Not a Collision with a Motor Vehicle in Transport",1,2019,"DODGE","CHARGER",52,"Functional Damage",0,0,1,"Full Driver License","Valid","No",45,"Dry","Going Straight","Pedestrian in road","Unknown/Not Reported","Tracking","Stayed in original travel lane","4 DR",0,0,1,0,2,2,0,0,1
120342,2,20,15,"Non-Motorist on Personal Conveyance","The First Harmful Event was Not a Collision with a Motor Vehicle in Transport",99,2021,"TOYOTA","COROLLA",30,"Functional Damage",0,0,1,"Full Driver License","Valid","No",30,"Dry","Going Straight","Pedalcyclist or other non-motorist in road","Unknown/Not Reported","Tracking","Stayed in original travel lane","4 DR",1,1,1,1,1,1,0,6,3
120342,2,20,15,"Non-Motorist on Personal Conveyance","The First Harmful Event was Not a Collision with a Motor Vehicle in Transport",1,2022,"DODGE","CHARGER",30,"Minor Damage",0,0,1,"Full Driver License","Valid","No",30,"Dry","Going Straight","Pedalcyclist or other non-motorist in road","Unknown/Not Reported","Tracking","Stayed in original travel lane","4 DR",0,0,0,0,2,2,0,1,0
120346,1,23,8,"Pedestrian","The First Harmful Event was Not a Collision with a Motor Vehicle in Transport",4,2020,"NISSAN","SENTRA",35,"Functional Damage",0,0,1,"Full Driver License","Valid","No",35,"Dry","Going Straight","Pedestrian in road","Unknown/Not Reported","Tracking","Stayed in original travel lane","4 DR",1,1,1,1,1,1,0,6,3