"SERIAL_CRASH","MONTH","HOUR","HARM_EV","HARM_EVNAME","TYPE_OF_COLLIOSION","NUM_OF_PEOPLE","MOD_YEAR","VPICMAKENAME","VPICMODELNAME","TRAV_SP","DEFORMEDNAME","DEATHS","DR_DRINK","IS_DRIVER_PRESENT","L_TYPENAME","L_STATUSNAME","SPEEDRELNAME","VSPD_LIM","VSURCONDNAME","P_CRASH1NAME","P_CRASH2NAME","P_CRASH3NAME","PCRASH4NAME","PCRASH5NAME","BODY_STYLE","BLIND_SPOT_DETECTION","ARS","FRNT_COLLISION_WARNING","LANE_DEPARTURE_WARNING","CRASH_IMMINENT_BRAKE","DYNAMIC_BRAKE_SUPPORT","NHTSA_ESC","SAFETY_COUNT","notification_count"
120531,3,12,35,"Embankment","The First Harmful Event was Not a Collision with a Motor Vehicle in Transport",2,2018,"MITSUBISHI","MIRAGE G4",45,"Disabling Damage",1,0,1,"Full Driver License","Valid","No",45,"Dry","Negotiating a Curve","Other cause of control loss (specify:)","Unknown/Not Reported","Tracking","Departed roadway","4 DR",0,1,0,0,0,0,0,1,0
120532,3,21,12,"Motor Vehicle In-Transport","Front-to-Rear",1,2016,"DODGE","CHARGER",65,"Disabling Damage",0,0,1,"Full Driver License","Valid","No",70,"Dry","Going Straight","Traveling in same direction with higher speed","Unknown/Not Reported","Tracking","Stayed in original travel lane","4 DR",0,0,1,0,2,2,0,0,1
120532,3,21,12,"Motor Vehicle In-Transport","Front-to-Rear",4,2022,"INFINITI","QX60",0,"Functional Damage",0,0,1,"Full Driver License","Valid","No",70,"Dry","Stopped in Roadway","Traveling in same direction with higher speed","No Avoidance Maneuver","Tracking","Stayed in original travel lane","SUV",1,1,1,1,1,1,0,7,3
120537,3,21,12,"Motor Vehicle In-Transport","Sideswipe - Same Direction",1,2019,"TESLA","MODEL 3",65,"Functional Damage",0,0,1,"Full Driver License","Valid","No",65,"Dry","Going Straight","From adjacent lane (same direction) over left lane line","Unknown/Not Reported","Tracking","Stayed in original travel lane","4 DR",0,1,1,1,1,1,0,5,2
120537,3,21,12,"Motor Vehicle In-Transport","Sideswipe - Same Direction",1,2022,"MERCEDES-BENZ","GLB-CLASS",65,"Minor Damage",0,0,1,"Full Driver License","Valid","No",65,"Dry","Going Straight","Other critical precrash event (specify:)","Unknown/Not Reported","Tracking","Stayed in original travel lane","SUV",0,1,1,1,1,1,0,5,2
120538,3,21,12,"Motor Vehicle In-Transport","Angle",1,2020,"KIA","RIO",30,"Disabling Damage",0,0,1,"Full Driver License","Valid","No",45,"Dry","Turning Left","Turning Left","Unknown/Not Reported","Tracking","Stayed in original travel lane","4 DR",0,2,0,0,2,2,0,0,0
120538,3,21,12,"Motor Vehicle In-Transport","Angle",5,2021,"CHEVROLET","SUBURBAN",0,"Minor Damage",0,0,1,"Full Driver License","Valid","No",20,"Dry","Stopped in Roadway","From opposite direction  over right lane line","No Avoidance Maneuver","Tracking","Stayed in original travel lane","SUV",1,1,1,1,1,1,0,5,3
120538,3,21,12,"Motor Vehicle In-Transport","Angle",1,2013,"BMW","328I",0,"Minor Damage",0,0,1,"Full Driver License","Valid","No",20,"Dry","Stopped in Roadway","Other critical precrash event (specify:)","No Avoidance Maneuver","Tracking","Stayed in original travel lane","C",0,1,0,0,0,0,1,2,0
120539,2,18,12,"Motor Vehicle In-Transport","Front-to-Rear",1,2014,"FORD","FUSION",998,"Disabling Damage",1,0,1,"Full Driver License","Valid","No",65,"Dry","Decelerating in Road","This vehicle decelerating","Unknown/Not Reported","Tracking","Stayed in original travel lane","4 DR",0,1,1,1,0,0,1,2,2
120539,2,18,12,"Motor Vehicle In-Transport","Front-to-Rear",1,2012,"FORD","TRANSIT CONNECT",0,"Functional Damage",0,0,1,"Full Driver License","Valid","No",65,"Dry","Stopped in Roadway","Traveling in same direction with higher speed","No Avoidance Maneuver","Tracking","Stayed in original travel lane","VAN",0,0,0,0,0,0,1,1,0
120539,2,18,12,"Motor Vehicle In-Transport","Front-to-Rear",1,2021,"KIA","SOUL",0,"Minor Damage",0,0,1,"Full Driver License","Valid","No",65,"Dry","Stopped in Roadway","Traveling in same direction with higher speed","No Avoidance Maneuver","Tracking","Stayed in original travel lane","SUV",1,2,0,1,2,2,0,0,2
120541,2,21,8,"Pedestrian","The First Harmful Event was Not a Collision with a Motor Vehicle in Transport",2,2021,"KIA","SORENTO",60,"Disabling Damage",0,0,1,"Full Driver License","Valid","No",60,"Dry","Going Straight","Pedestrian in road","Unknown/Not Reported","Tracking","Stayed in original travel lane","SUV",0,2,1,1,1,1,0,4,2
120542,2,5,12,"Motor Vehicle In-Transport","Front-to-Rear",1,2013,"HONDA","CIVIC",55,"Functional Damage",0,0,1,"Full Driver License","Valid","No",60,"Dry","Going Straight","Traveling in same direction with lower steady speed","Unknown/Not Reported","Tracking","Stayed in original travel lane","4 DR",0,0,0,0,0,0,1,1,0
120548,2,3,25,"Concrete Traffic Barrier","The First Harmful Event was Not a Collision with a Motor Vehicle in Transport",2,2018,"MERCEDES-BENZ","S-CLASS",55,"Disabling Damage",2,0,1,"Full Driver License","Valid","No",98,"Dry","Negotiating a Curve","Off the edge of the road on the left side","Unknown/Not Reported","Tracking","Departed roadway","4 DR",0,1,1,1,1,1,0,4,2
120548,2,3,25,"Concrete Traffic Barrier","The First Harmful Event was Not a Collision with a Motor Vehicle in Transport",2,2018,"MERCEDES-BENZ","S-CLASS",55,"Disabling Damage",2,0,1,"Full Driver License","Valid","No",98,"Dry","Negotiating a Curve","Off the edge of the road on the left side","Unknown/Not Reported","Tracking","Departed roadway","C",0,1,1,0,1,1,0,4,1
120549,2,13,12,"Motor Vehicle In-Transport","Angle",1,2012,"INFINITI","M37",20,"Disabling Damage",1,0,1,"Full Driver License","Valid","No",45,"Dry","Turning Left","Turning Left","Unknown/Not Reported","Tracking","Stayed in original travel lane","4 DR",0,0,1,1,0,0,1,1,2
120551,2,17,12,"Motor Vehicle In-Transport","Angle",2,2022,"KIA","SOUL",5,"Functional Damage",0,0,1,"Full Driver License","Valid","No",45,"Dry","Turning Left","Turning Left","Unknown/Not Reported","Tracking","Stayed in original travel lane","SUV",0,2,1,1,1,1,0,4,2
120552,2,9,12,"Motor Vehicle In-Transport","Angle",1,2021,"JEEP","GLADIATOR",55,"Disabling Damage",0,0,1,"Full Driver License","Valid","No",55,"Dry","Going Straight","From opposite direction  over left lane line","Unknown/Not Reported","Tracking","Stayed in original travel lane","PU/CC",0,0,1,0,2,2,0,0,1
120556,3,18,12,"Motor Vehicle In-Transport","Front-to-Front",1,2019,"TOYOTA","CAMRY",40,"Disabling Damage",1,0,1,"Full Driver License","Valid","No",40,"Dry","Going Straight","Traveling in opposite direction","Unknown/Not Reported","Tracking","Stayed in original travel lane","4 DR",1,1,1,1,1,1,0,5,3
120556,3,18,12,"Motor Vehicle In-Transport","Front-to-Front",1,2023,"HYUNDAI","SANTA CRUZ",40,"Minor Damage",0,0,1,"Full Driver License","Valid","No",40,"Dry","Going Straight","Traveling in opposite direction","Unknown/Not Reported","Tracking","Stayed in original travel lane","PU/CC",1,2,1,1,1,1,0,5,3
120560,2,17,9,"Pedalcyclist","The First Harmful Event was Not a Collision with a Motor Vehicle in Transport",2,2017,"HYUNDAI","SANTA FE SPORT",35,"Disabling Damage",0,0,1,"Full Driver License","Valid","No",35,"Dry","Going Straight","Pedalcyclist or other non-motorist in road","Unknown/Not Reported","Tracking","Stayed in original travel lane","SUV",0,1,1,1,2,2,0,1,2
120566,2,11,12,"Motor Vehicle In-Transport","Front-to-Front",1,2014,"MAZDA","MAZDA3",55,"Disabling Damage",1,0,1,"Full Driver License","Valid","No",55,"Dry","Negotiating a Curve","Over the lane line on left side of travel lane","Unknown/Not Reported","Tracking","Stayed on roadway, but left original travel lane","4 DR",0,1,0,0,2,0,1,2,0
120566,2,11,12,"Motor Vehicle In-Transport","Front-to-Front",3,2018,"HYUNDAI","ELANTRA",50,"Functional Damage",0,0,1,"Full Driver License","Valid","No",55,"Dry","Going Straight","From opposite direction  over left lane line","Unknown/Not Reported","Tracking","Stayed in original travel lane","4 DR",1,2,0,1,2,2,0,0,2
120567,2,0,8,"Pedestrian","The First Harmful Event was Not a Collision with a Motor Vehicle in Transport",1,2015,"VOLKSWAGEN","JETTA",40,"Functional Damage",0,0,1,"Full Driver License","Valid","No",45,"Dry","Going Straight","Pedestrian in road","Unknown/Not Reported","Tracking","Stayed in original travel lane","4 DR",0,1,1,0,0,0,0,1,1
120569,2,7,12,"Motor Vehicle In-Transport","Front-to-Rear",2,2022,"CHEVROLET","EQUINOX",0,"Disabling Damage",2,0,1,"Full Driver License","Valid","No",70,"Dry","Stopped in Roadway","Traveling in same direction with higher speed","No Avoidance Maneuver","Tracking","Stayed in original travel lane","SUV",0,1,1,1,1,1,0,6,2
120569,2,7,12,"Motor Vehicle In-Transport","Front-to-Rear",1,2014,"JEEP","CHEROKEE",0,"Disabling Damage",0,0,1,"Full Driver License","Valid","No",70,"Dry","Stopped in Roadway","Traveling in same direction with higher speed","No Avoidance Maneuver","Tracking","Stayed in original travel lane","SUV",0,1,1,0,0,0,1,2,1
120571,2,19,8,"Pedestrian","The First Harmful Event was Not a Collision with a Motor Vehicle in Transport",1,2017,"JAGUAR","XE",50,"Disabling Damage",0,0,1,"Full Driver License","Valid","No",50,"Dry","Going Straight","Pedestrian in road","Unknown/Not Reported","Tracking","Stayed in original travel lane","4 DR",1,1,1,0,2,1,0,2,2
120573,2,19,12,"Motor Vehicle In-Transport","Front-to-Front",1,2011,"FORD","E-250",5,"Disabling Damage",0,0,1,"Full Driver License","Valid","No",45,"Dry","Turning Left","Turning Left","Unknown/Not Reported","Tracking","Stayed in original travel lane","VAN",0,0,0,0,0,0,1,1,0
120574,2,6,12,"Motor Vehicle In-Transport","Angle",1,2020,"TOYOTA","COROLLA",60,"Disabling Damage",1,0,1,"Full Driver License","Valid","No",60,"Dry","Going Straight","From opposite direction  over left lane line","Unknown/Not Reported","Tracking","Stayed in original travel lane","5 HB",1,1,1,1,1,1,0,6,3
120576,2,15,12,"Motor Vehicle In-Transport","Front-to-Front",1,2019,"FORD","FUSION",60,"Disabling Damage",0,0,1,"Full Driver License","Valid","No",60,"Dry","Going Straight","From opposite direction  over left lane line","Unknown/Not Reported","Tracking","Stayed in original travel lane","4 DR",0,1,1,1,1,1,0,6,2
120582,2,16,12,"Motor Vehicle In-Transport","Front-to-Front",3,2019,"KIA","SPORTAGE",40,"Disabling Damage",0,0,1,"Full Driver License","Valid","No",50,"Dry","Negotiating a Curve","Traveling in opposite direction","Unknown/Not Reported","Tracking","Stayed in original travel lane","SUV",1,2,0,0,2,2,0,0,1
120583,2,0,12,"Motor Vehicle In-Transport","Front-to-Front",2,2012,"HYUNDAI","SONATA",45,"Disabling Damage",1,0,1,"Full Driver License","Valid","No",45,"Dry","Going Straight","Traveling in opposite direction","Steering left","Tracking","Stayed in original travel lane","4 DR",0,1,0,0,0,0,1,3,0
120583,2,0,12,"Motor Vehicle In-Transport","Front-to-Front",2,2015,"DODGE","CHARGER",45,"Disabling Damage",0,0,1,"Full Driver License","Valid","No",45,"Dry","Going Straight","Traveling in opposite direction","Steering left","Tracking","Stayed in original travel lane","4 DR",0,1,1,0,0,0,0,1,1
120585,2,13,12,"Motor Vehicle In-Transport","Front-to-Front",1,2014,"JEEP","PATRIOT",56,"Disabling Damage",0,0,1,"Full Driver License","Valid","No",45,"Dry","Going Straight","Over the lane line on left side of travel lane","Unknown/Not Reported","Tracking","Stayed on roadway, but left original travel lane","SUV",0,0,0,0,0,0,1,1,0
120589,3,6,8,"Pedestrian","The First Harmful Event was Not a Collision with a Motor Vehicle in Transport",99,2020,"KIA","RIO",55,"Functional Damage",0,0,1,"Full Driver License","Valid","No",55,"Dry","Going Straight","Off the edge of the road on the right side","Unknown/Not Reported","Tracking","Departed roadway","4 DR",0,2,0,0,2,2,0,0,0
120590,2,2,12,"Motor Vehicle In-Transport","Front-to-Rear",2,2013,"FORD","EXPLORER",60,"Disabling Damage",0,0,1,"Full Driver License","Valid","No",60,"Dry","Going Straight","From Parking Lane/Shoulder, Median/Crossover, Roadside","Unknown/Not Reported","Tracking","Stayed in original travel lane","SUV",0,0,1,0,0,0,1,1,1
120594,3,13,12,"Motor Vehicle In-Transport","Front-to-Front",1,2017,"HYUNDAI","VELOSTER",55,"Disabling Damage",0,0,1,"Full Driver License","Valid","No",55,"Dry","Negotiating a Curve","From opposite direction  over left lane line","Unknown/Not Reported","Tracking","Stayed in original travel lane","3C",0,1,0,0,0,0,0,1,0
120597,2,17,33,"Curb","The First Harmful Event was Not a Collision with a Motor Vehicle in Transport",1,2023,"TOYOTA","CAMRY",50,"Disabling Damage",1,0,1,"Full Driver License","Valid","No",50,"Dry","Going Straight","Off the edge of the road on the right side","Unknown/Not Reported","Skidding laterally counterclockwise rotation","Departed roadway","4 DR",0,1,1,1,1,1,0,5,2
120597,2,17,33,"Curb","The First Harmful Event was Not a Collision with a Motor Vehicle in Transport",2,2022,"CHEVROLET","EQUINOX",50,"Disabling Damage",0,0,1,"Full Driver License","Valid","No",50,"Dry","Negotiating a Curve","From adjacent lane (same direction) over left lane line","Unknown/Not Reported","Tracking","Stayed in original travel lane","SUV",1,1,1,1,1,1,0,6,3
120598,2,22,12,"Motor Vehicle In-Transport","Front-to-Rear",2,2020,"NISSAN","SENTRA",70,"Disabling Damage",0,0,1,"Full Driver License","Valid","No",70,"Dry","Changing Lanes","Traveling in same direction with higher speed","Unknown/Not Reported","Tracking","Stayed on roadway, but left original travel lane","4 DR",1,1,1,1,1,1,0,6,3
120608,2,20,9,"Pedalcyclist","The First Harmful Event was Not a Collision with a Motor Vehicle in Transport",1,2013,"CHEVROLET","VOLT",41,"Disabling Damage",0,0,1,"Full Driver License","Valid","No",35,"Dry","Going Straight","Pedalcyclist or other non-motorist in road","Unknown/Not Reported","Tracking","Stayed in original travel lane","4 DR",0,1,0,1,0,0,1,3,1
120610,2,23,8,"Pedestrian","The First Harmful Event was Not a Collision with a Motor Vehicle in Transport",2,2017,"KIA","FORTE",60,"Disabling Damage",0,0,1,"Full Driver License","Valid","No",60,"Dry","Going Straight","Pedestrian in road","Unknown/Not Reported","Tracking","Stayed in original travel lane","4 DR",0,1,0,0,2,2,0,1,0
120614,2,19,9,"Pedalcyclist","The First Harmful Event was Not a Collision with a Motor Vehicle in Transport",1,2014,"MAZDA","MAZDA6",35,"Disabling Damage",0,0,1,"Full Driver License","Valid","No",35,"Dry","Going Straight","Pedalcyclist or other non-motorist in road","Unknown/Not Reported","Tracking","Stayed in original travel lane","4 DR",1,0,0,1,2,0,1,1,2
120615,2,22,8,"Pedestrian","The First Harmful Event was Not a Collision with a Motor Vehicle in Transport",1,2012,"GMC","ACADIA",40,"Functional Damage",0,0,1,"Full Driver License","Valid","No",40,"Dry","Going Straight","Pedestrian in road","Unknown/Not Reported","Tracking","Stayed in original travel lane","SUV",0,1,0,0,0,0,1,3,0
120617,2,20,8,"Pedestrian","The First Harmful Event was Not a Collision with a Motor Vehicle in Transport",1,2019,"INFINITI","Q50",45,"Functional Damage",0,0,1,"Full Driver License","Valid","No",45,"Dry","Going Straight","Pedestrian in road","Unknown/Not Reported","Tracking","Stayed in original travel lane","4 DR",1,0,1,0,1,1,0,3,2
120621,3,16,12,"Motor Vehicle In-Transport","Angle",1,2017,"NISSAN","MAXIMA",45,"Disabling Damage",0,0,1,"Full Driver License","Valid","No",45,"Dry","Going Straight","From crossing street, across path","Unknown/Not Reported","Tracking","Stayed in original travel lane","4 DR",1,0,1,0,2,2,0,0,2
120625,3,18,8,"Pedestrian","The First Harmful Event was Not a Collision with a Motor Vehicle in Transport",1,2017,"NISSAN","ALTIMA",50,"Disabling Damage",0,0,1,"Full Driver License","Valid","No",45,"Dry","Going Straight","Pedestrian in road","Unknown/Not Reported","Tracking","Stayed in original travel lane","4 DR",0,0,0,0,2,2,0,0,0
120626,3,5,8,"Pedestrian","The First Harmful Event was Not a Collision with a Motor Vehicle in Transport",1,2020,"TOYOTA","COROLLA",50,"Functional Damage",0,0,1,"Full Driver License","Valid","No",50,"Dry","Going Straight","Pedestrian in road","Unknown/Not Reported","Tracking","Stayed in original travel lane","5 HB",0,1,1,1,1,1,0,6,2
120633,3,5,8,"Pedestrian","The First Harmful Event was Not a Collision with a Motor Vehicle in Transport",1,2020,"CHEVROLET","TRAX",35,"Disabling Damage",0,0,1,"Full Driver License","Valid","No",50,"Dry","Going Straight","Pedestrian in road","Unknown/Not Reported","Tracking","Stayed in original travel lane","SUV",0,1,1,1,0,0,0,2,2
120635,3,1,12,"Motor Vehicle In-Transport","Front-to-Front",1,2018,"CHEVROLET","MALIBU",65,"Disabling Damage",0,0,1,"Full Driver License","Valid","No",65,"Dry","Going Straight","Traveling in opposite direction","Unknown/Not Reported","Tracking","Stayed in original travel lane","4 DR",0,1,1,1,2,2,0,2,2
120639,3,11,12,"Motor Vehicle In-Transport","Angle",1,2017,"MERCEDES-BENZ","SL-CLASS",10,"Disabling Damage",0,0,1,"Full Driver License","Valid","No",45,"Dry","Turning Left","Turning Left","Unknown/Not Reported","Tracking","Stayed in original travel lane","C",1,1,1,1,1,1,0,4,3
120640,3,10,59,"Traffic Sign Support","The First Harmful Event was Not a Collision with a Motor Vehicle in Transport",1,2017,"KIA","CADENZA",60,"Disabling Damage",1,0,1,"Full Driver License","Valid","No",55,"Dry","Negotiating a Curve","Off the edge of the road on the left side","Unknown/Not Reported","Tracking","Departed roadway","4 DR",1,1,1,1,2,2,0,3,3
120641,2,3,12,"Motor Vehicle In-Transport","Front-to-Rear",1,2020,"TOYOTA","TACOMA",50,"Disabling Damage",1,0,1,"Full Driver License","Valid","No",65,"Dry","Going Straight","Traveling in same direction with higher speed","Unknown/Not Reported","Tracking","Stayed in original travel lane","PU/EC",0,2,1,1,1,1,0,5,2
120642,3,21,12,"Motor Vehicle In-Transport","Angle",4,2017,"VOLKSWAGEN","PASSAT",15,"Disabling Damage",1,0,1,"Full Driver License","Valid","No",45,"Dry","Turning Left","Turning Left","Unknown/Not Reported","Tracking","Stayed in original travel lane","4 DR",1,1,1,1,2,2,0,3,3
120647,2,6,33,"Curb","The First Harmful Event was Not a Collision with a Motor Vehicle in Transport",1,2017,"CHEVROLET","TAHOE",40,"Disabling Damage",1,0,1,"Full Driver License","Valid","No",40,"Dry","Passing or Overtaking Another Vehicle","Off the edge of the road on the right side","Unknown/Not Reported","Tracking","Departed roadway","SUV",1,1,0,1,2,0,0,2,2
120648,2,6,8,"Pedestrian","The First Harmful Event was Not a Collision with a Motor Vehicle in Transport",1,2015,"RAM","1500",45,"Functional Damage",0,0,1,"Full Driver License","Valid","No",45,"Dry","Negotiating a Curve","Pedestrian in road","Steering right","Tracking","Stayed in original travel lane","PU/EC",0,0,0,0,0,0,0,0,0
120649,2,18,12,"Motor Vehicle In-Transport","Angle",2,2011,"KIA","SORENTO",35,"Functional Damage",0,0,1,"Full Driver License","Valid","No",45,"Dry","Going Straight","Crossing Over (Passing Through) Junction","Unknown/Not Reported","Tracking","Stayed in original travel lane","SUV",0,2,0,0,0,0,1,1,0
120652,2,3,12,"Motor Vehicle In-Transport","Front-to-Front",1,2016,"TOYOTA","COROLLA",65,"Disabling Damage",1,0,1,"Full Driver License","Valid","No",65,"Dry","Going Straight","Traveling in opposite direction","Steering right","Tracking","Stayed in original travel lane","4 DR",0,1,0,0,0,0,0,1,0
120653,3,18,12,"Motor Vehicle In-Transport","Front-to-Front",1,2017,"NISSAN","SENTRA",60,"Disabling Damage",1,0,1,"Full Driver License","Valid","No",60,"Dry","Going Straight","From opposite direction  over left lane line","Unknown/Not Reported","Tracking","Stayed in original travel lane","4 DR",0,0,0,0,2,2,0,0,0
120654,3,0,12,"Motor Vehicle In-Transport","Front-to-Front",1,2011,"NISSAN","MURANO",65,"Disabling Damage",1,0,1,"Full Driver License","Valid","No",65,"Dry","Negotiating a Curve","Traveling in opposite direction","Unknown/Not Reported","Tracking","Stayed in original travel lane","SUV",0,1,0,0,0,0,1,2,0
120660,2,14,12,"Motor Vehicle In-Transport","Front-to-Rear",2,2016,"CHEVROLET","EQUINOX",45,"Disabling Damage",1,0,1,"Full Driver License","Valid","No",25,"Dry","Going Straight","Other vehicle stopped","No Avoidance Maneuver","Tracking","Stayed in original travel lane","SUV",0,0,0,1,0,0,0,1,1
120663,2,14,12,"Motor Vehicle In-Transport","Angle",1,2015,"MERCEDES-BENZ","GLK-CLASS",15,"Functional Damage",0,0,1,"Full Driver License","Valid","No",30,"Dry","Going Straight","Crossing Over (Passing Through) Junction","Unknown/Not Reported","Tracking","Stayed in original travel lane","4 DR",0,1,1,1,2,2,0,1,2
120663,2,14,12,"Motor Vehicle In-Transport","Angle",1,2019,"HYUNDAI","ELANTRA",0,"Functional Damage",0,0,1,"Full Driver License","Valid","No",30,"Dry","Stopped in Roadway","From opposite direction  over left lane line","No Avoidance Maneuver","Tracking","Stayed in original travel lane","4 DR",1,2,1,1,2,2,0,0,3
120670,3,0,25,"Concrete Traffic Barrier","The First Harmful Event was Not a Collision with a Motor Vehicle in Transport",1,2015,"HONDA","CR-V",70,"Disabling Damage",1,0,1,"Full Driver License","Valid","No",70,"Dry","Going Straight","Off the edge of the road on the right side","Unknown/Not Reported","Tracking","Departed roadway","SUV",0,1,0,0,2,2,0,1,0
120670,3,0,25,"Concrete Traffic Barrier","The First Harmful Event was Not a Collision with a Motor Vehicle in Transport",1,2021,"HONDA","CIVIC",70,"Disabling Damage",0,0,1,"Full Driver License","Valid","No",70,"Dry","Going Straight","Traveling in same direction while decelerating","Braking","Tracking","Stayed in original travel lane","4 DR",0,1,1,1,1,1,0,5,2
120672,3,19,8,"Pedestrian","The First Harmful Event was Not a Collision with a Motor Vehicle in Transport",2,2014,"TOYOTA","SIENNA",40,"Functional Damage",0,0,1,"Full Driver License","Valid","No",45,"Dry","Going Straight","Pedestrian in road","Unknown/Not Reported","Tracking","Stayed in original travel lane","VAN",1,1,1,0,2,2,1,2,2
120673,3,11,12,"Motor Vehicle In-Transport","Front-to-Rear",1,2019,"ACURA","RDX",998,"Disabling Damage",0,0,1,"Full Driver License","Valid","No",45,"Dry","Going Straight","Other vehicle stopped","Unknown/Not Reported","Tracking","Stayed in original travel lane","SUV",0,1,1,1,1,1,0,5,2
120674,3,18,12,"Motor Vehicle In-Transport","Front-to-Front",1,2020,"FORD","EXPLORER",19,"Disabling Damage",0,0,1,"Full Driver License","Valid","No",45,"Dry","Turning Left","Turning Left","Unknown/Not Reported","Tracking","Stayed in original travel lane","SUV",1,0,1,1,1,1,0,6,3
120674,3,18,12,"Motor Vehicle In-Transport","Front-to-Front",1,2015,"MAZDA","MAZDA3",0,"Functional Damage",0,0,1,"Full Driver License","Valid","No",35,"Dry","Stopped in Roadway","From crossing street, turning into opposite direction","No Avoidance Maneuver","Tracking","Stayed in original travel lane","5 HB",0,1,1,1,2,0,0,1,2
120676,3,7,9,"Pedalcyclist","The First Harmful Event was Not a Collision with a Motor Vehicle in Transport",1,2016,"KIA","OPTIMA",55,"Functional Damage",0,0,1,"Full Driver License","Valid","No",55,"Dry","Going Straight","Pedalcyclist or other non-motorist in road","Unknown/Not Reported","Tracking","Stayed in original travel lane","4 DR",0,1,1,0,2,2,0,1,1
120677,3,20,8,"Pedestrian","The First Harmful Event was Not a Collision with a Motor Vehicle in Transport",1,2015,"MAZDA","MAZDA3",40,"Functional Damage",0,0,1,"Full Driver License","Valid","No",40,"Dry","Going Straight","Pedestrian in road","Unknown/Not Reported","Tracking","Stayed in original travel lane","5 HB",0,1,1,1,2,0,0,1,2
120680,3,14,12,"Motor Vehicle In-Transport","Angle",1,2020,"FORD","FUSION",998,"Disabling Damage",1,0,1,"Full Driver License","Valid","No",45,"Dry","Turning Left","Turning Left","Unknown/Not Reported","Tracking","Stayed in original travel lane","4 DR",1,1,1,1,1,1,0,7,3
120680,3,14,12,"Motor Vehicle In-Transport","Angle",1,2020,"MAZDA","MAZDA3",998,"Disabling Damage",0,0,1,"Full Driver License","Valid","No",45,"Dry","Going Straight","From crossing street, across path","Unknown/Not Reported","Tracking","Stayed in original travel lane","5 HB",1,1,1,1,1,1,0,7,3
120682,3,15,12,"Motor Vehicle In-Transport","Angle",1,2013,"FIAT","500",998,"Disabling Damage",0,0,1,"Full Driver License","Valid","No",98,"Dry","Turning Left","Turning Left","Unknown/Not Reported","Tracking","Stayed in original travel lane","3 HB",0,1,0,0,0,0,1,2,0
120683,3,23,8,"Pedestrian","The First Harmful Event was Not a Collision with a Motor Vehicle in Transport",6,2022,"CHRYSLER","PACIFICA",70,"Minor Damage",0,0,1,"Full Driver License","Valid","No",70,"Dry","Going Straight","Pedestrian in road","Steering left","Tracking","Stayed in original travel lane","MV",1,1,1,1,1,1,0,7,3
120692,2,21,12,"Motor Vehicle In-Transport","Sideswipe - Same Direction",2,2021,"TOYOTA","CAMRY",25,"Functional Damage",0,0,1,"Full Driver License","Valid","No",45,"Dry","Changing Lanes","Over the lane line on left side of travel lane","Unknown/Not Reported","Tracking","Stayed on roadway, but left original travel lane","4 DR",0,1,1,1,1,1,0,6,2
120692,2,21,12,"Motor Vehicle In-Transport","Sideswipe - Same Direction",2,2011,"LINCOLN","MKZ",45,"Disabling Damage",1,0,1,"Full Driver License","Valid","No",45,"Dry","Going Straight","From adjacent lane (same direction) over left lane line","Unknown/Not Reported","Tracking","Stayed in original travel lane","4 DR",1,1,0,0,0,0,1,3,1
120693,3,1,12,"Motor Vehicle In-Transport","Front-to-Rear",1,2021,"VOLKSWAGEN","JETTA",40,"Disabling Damage",0,0,1,"Full Driver License","Valid","No",45,"Dry","Going Straight","Traveling in same direction with lower steady speed","Unknown/Not Reported","Tracking","Stayed in original travel lane","4 DR",0,1,1,0,2,2,0,2,1
120693,3,1,12,"Motor Vehicle In-Transport","Front-to-Rear",1,2014,"TOYOTA","CAMRY",0,"Disabling Damage",1,0,1,"Full Driver License","Valid","No",45,"Dry","Stopped in Roadway","Traveling in same direction with higher speed","No Avoidance Maneuver","Tracking","Stayed in original travel lane","4 DR",0,0,0,0,0,0,1,1,0
120699,3,8,12,"Motor Vehicle In-Transport","Angle",2,2017,"FORD","FUSION",10,"Disabling Damage",1,0,1,"Full Driver License","Valid","No",45,"Dry","Turning Left","Turning Left","Unknown/Not Reported","Tracking","Stayed in original travel lane","4 DR",1,1,0,1,2,2,0,2,2
120700,3,22,8,"Pedestrian","The First Harmful Event was Not a Collision with a Motor Vehicle in Transport",1,2017,"DODGE","JOURNEY",45,"Functional Damage",0,0,1,"Full Driver License","Valid","No",45,"Dry","Going Straight","Pedestrian in road","No Avoidance Maneuver","Tracking","Stayed in original travel lane","SUV",0,0,0,0,0,0,0,0,0
120701,3,8,8,"Pedestrian","The First Harmful Event was Not a Collision with a Motor Vehicle in Transport",1,2021,"MAZDA","MAZDA3",40,"Functional Damage",0,0,1,"Full Driver License","Valid","No",25,"Dry","Going Straight","Pedestrian in road","Unknown/Not Reported","Tracking","Stayed in original travel lane","4 DR",1,1,1,1,1,1,0,7,3
120702,3,8,12,"Motor Vehicle In-Transport","Front-to-Rear",2,2013,"HYUNDAI","ACCENT",50,"Disabling Damage",1,0,1,"Full Driver License","Valid","No",70,"Dry","Going Straight","Traveling in same direction with higher speed","Unknown/Not Reported","Tracking","Stayed in original travel lane","4 DR",0,1,0,0,0,0,1,2,0
120702,3,8,12,"Motor Vehicle In-Transport","Front-to-Rear",1,2018,"HYUNDAI","ELANTRA",50,"Disabling Damage",0,0,1,"Full Driver License","Valid","No",70,"Dry","Going Straight","Traveling in same direction with higher speed","Unknown/Not Reported","Tracking","Stayed in original travel lane","4 DR",0,2,1,1,2,2,0,0,2