"SERIAL_CRASH","MONTH","HOUR","HARM_EV","HARM_EVNAME","TYPE_OF_COLLIOSION","NUM_OF_PEOPLE","MOD_YEAR","VPICMAKENAME","VPICMODELNAME","TRAV_SP","DEFORMEDNAME","DEATHS","DR_DRINK","IS_DRIVER_PRESENT","L_TYPENAME","L_STATUSNAME","SPEEDRELNAME","VSPD_LIM","VSURCONDNAME","P_CRASH1NAME","P_CRASH2NAME","P_CRASH3NAME","PCRASH4NAME","PCRASH5NAME","BODY_STYLE","BLIND_SPOT_DETECTION","ARS","FRNT_COLLISION_WARNING","LANE_DEPARTURE_WARNING","CRASH_IMMINENT_BRAKE","DYNAMIC_BRAKE_SUPPORT","NHTSA_ESC","SAFETY_COUNT","notification_count"
121247,5,15,12,"Motor Vehicle In-Transport","Front-to-Rear",3,2021,"TOYOTA","TUNDRA",0,"Disabling Damage",0,0,1,"Full Driver License","Valid","No",45,"Dry","Stopped in Roadway","Traveling in same direction with higher speed","No Avoidance Maneuver","Tracking","Stayed in original travel lane","PU/EC",0,2,1,1,1,1,0,5,2
121249,5,23,8,"Pedestrian","The First Harmful Event was Not a Collision with a Motor Vehicle in Transport",1,2015,"CHEVROLET","TRAVERSE",40,"Functional Damage",0,0,1,"Full Driver License","Valid","No",40,"Dry","Going Straight","Pedestrian in road","Steering left","Tracking","Stayed in original travel lane","SUV",1,1,0,0,0,0,0,2,1
121250,5,21,8,"Pedestrian","The First Harmful Event was Not a Collision with a Motor Vehicle in Transport",2,2014,"TOYOTA","COROLLA",30,"Disabling Damage",0,0,1,"Full Driver License","Valid","No",30,"Dry","Going Straight","Over the lane line on left side of travel lane","Unknown/Not Reported","Tracking","Stayed on roadway, but left original travel lane","4 DR",0,0,0,0,0,0,1,1,0
121260,5,7,8,"Pedestrian","The First Harmful Event was Not a Collision with a Motor Vehicle in Transport",1,2018,"FORD","FOCUS",40,"Functional Damage",0,0,1,"Full Driver License","Valid","No",45,"Dry","Going Straight","Pedestrian in road","Unknown/Not Reported","Tracking","Stayed in original travel lane","4 DR",0,0,0,1,0,0,0,0,1
121268,5,21,12,"Motor Vehicle In-Transport","Angle",1,2015,"NISSAN","ALTIMA",50,"Disabling Damage",0,0,1,"Full Driver License","Valid","No",50,"Dry","Going Straight","Crossing Over (Passing Through) Junction","Unknown/Not Reported","Tracking","Stayed in original travel lane","4 DR",1,0,0,1,0,0,0,0,2
121269,5,13,12,"Motor Vehicle In-Transport","Angle",1,2020,"HYUNDAI","ELANTRA",15,"Disabling Damage",1,0,1,"Full Driver License","Valid","No",45,"Dry","Turning Left","From opposite direction  over right lane line","Unknown/Not Reported","Tracking","Stayed in original travel lane","4 DR",1,2,0,1,2,2,0,0,2
121270,5,22,9,"Pedalcyclist","The First Harmful Event was Not a Collision with a Motor Vehicle in Transport",1,2015,"NISSAN","ALTIMA",45,"Disabling Damage",0,0,1,"Full Driver License","Valid","No",45,"Dry","Going Straight","Pedalcyclist or other non-motorist in road","Unknown/Not Reported","Tracking","Stayed in original travel lane","4 DR",0,0,0,0,0,0,0,0,0
121271,5,8,12,"Motor Vehicle In-Transport","Front-to-Rear",1,2011,"MITSUBISHI","GALANT",35,"Disabling Damage",0,0,1,"Full Driver License","Valid","No",45,"Dry","Going Straight","Traveling in same direction while decelerating","Unknown/Not Reported","Tracking","Stayed in original travel lane","4 DR",0,0,0,0,0,0,1,1,0
121271,5,8,12,"Motor Vehicle In-Transport","Front-to-Rear",1,2015,"TOYOTA","COROLLA",5,"Functional Damage",0,0,1,"Full Driver License","Valid","No",45,"Dry","Decelerating in Road","Turning Right","Unknown/Not Reported","Tracking","Stayed in original travel lane","4 DR",0,1,0,0,0,0,0,1,0
121271,5,8,12,"Motor Vehicle In-Transport","Front-to-Rear",1,2020,"NISSAN","ROGUE",45,"Disabling Damage",1,0,1,"Full Driver License","Valid","No",45,"Dry","Going Straight","From opposite direction  over left lane line","Unknown/Not Reported","Tracking","Stayed in original travel lane","SUV",1,1,1,1,1,1,0,6,3
121273,5,15,12,"Motor Vehicle In-Transport","Angle",99,2022,"JEEP","GRAND CHEROKEE",998,"Reported as Unknown",0,0,1,"Full Driver License","Valid","No",35,"Dry","Turning Left","Turning Left","Unknown/Not Reported","Tracking","Stayed in original travel lane","SUV",1,1,1,1,1,1,0,7,3
121275,5,20,9,"Pedalcyclist","The First Harmful Event was Not a Collision with a Motor Vehicle in Transport",2,2017,"MITSUBISHI","MIRAGE",50,"Disabling Damage",0,0,1,"Full Driver License","Valid","No",50,"Dry","Going Straight","Pedalcyclist or other non-motorist in road","Unknown/Not Reported","Tracking","Stayed in original travel lane","5 HB",0,1,0,0,0,0,0,1,0
121277,5,12,12,"Motor Vehicle In-Transport","Angle",99,2016,"RAM","1500",998,"Functional Damage",0,0,1,"Full Driver License","Valid","No",35,"Dry","Turning Left","Turning Left","Unknown/Not Reported","Tracking","Stayed in original travel lane","PU/RC",0,0,0,0,0,0,0,0,0
121279,5,22,12,"Motor Vehicle In-Transport","Angle",1,2020,"NISSAN","KICKS",40,"Disabling Damage",1,0,1,"Full Driver License","Valid","No",30,"Dry","Going Straight","Crossing Over (Passing Through) Junction","Unknown/Not Reported","Tracking","Stayed in original travel lane","SUV",1,1,1,1,1,1,0,6,3
121279,5,22,12,"Motor Vehicle In-Transport","Angle",1,2023,"FORD","EXPLORER",65,"Disabling Damage",0,0,1,"Full Driver License","Valid","No",45,"Dry","Going Straight","From crossing street, across path","Unknown/Not Reported","Tracking","Stayed in original travel lane","SUV",1,1,1,1,1,1,0,6,3
121280,5,10,42,"Tree (Standing Only)","The First Harmful Event was Not a Collision with a Motor Vehicle in Transport",1,2023,"HYUNDAI","TUCSON",45,"Disabling Damage",1,0,1,"Full Driver License","Valid","No",45,"Dry","Going Straight","Off the edge of the road on the left side","Unknown/Not Reported","Tracking","Departed roadway","SUV",1,2,1,1,1,1,0,5,3
121281,5,20,8,"Pedestrian","The First Harmful Event was Not a Collision with a Motor Vehicle in Transport",1,2014,"TOYOTA","HIGHLANDER",35,"Minor Damage",0,0,1,"Full Driver License","Valid","No",35,"Dry","Going Straight","Pedestrian in road","Unknown/Not Reported","Tracking","Stayed in original travel lane","SUV",0,0,0,0,2,2,1,1,0
121283,5,7,12,"Motor Vehicle In-Transport","Front-to-Front",1,2019,"CHEVROLET","COLORADO",1,"Disabling Damage",0,0,1,"Full Driver License","Valid","No",45,"Dry","Going Straight","Traveling in opposite direction","Unknown/Not Reported","Tracking","Stayed in original travel lane","PU/CC",0,1,1,0,0,0,0,1,1
121285,5,19,24,"Guardrail Face","The First Harmful Event was Not a Collision with a Motor Vehicle in Transport",3,2014,"TOYOTA","TACOMA",70,"Disabling Damage",1,0,1,"Full Driver License","Valid","No",70,"Dry","Going Straight","Off the edge of the road on the left side","Unknown/Not Reported","Tracking","Departed roadway","PU/EC",0,0,0,0,0,0,1,1,0
121285,5,19,24,"Guardrail Face","The First Harmful Event was Not a Collision with a Motor Vehicle in Transport",2,2020,"TOYOTA","CAMRY",70,"Disabling Damage",0,0,1,"Full Driver License","Valid","No",70,"Dry","Going Straight","From opposite direction  over left lane line","Unknown/Not Reported","Tracking","Stayed in original travel lane","4 DR",0,1,1,1,1,1,0,6,2
121291,5,10,12,"Motor Vehicle In-Transport","Sideswipe - Same Direction",3,2021,"TOYOTA","COROLLA",25,"Functional Damage",0,0,1,"Full Driver License","Valid","No",35,"Dry","Going Straight","From adjacent lane (same direction) over left lane line","Unknown/Not Reported","Tracking","Stayed in original travel lane","4 DR",1,1,1,1,1,1,0,6,3
121291,5,10,12,"Motor Vehicle In-Transport","Sideswipe - Same Direction",1,2017,"TOYOTA","YARIS IA",0,"Disabling Damage",1,0,1,"Full Driver License","Valid","No",35,"Dry","Stopped in Roadway","Traveling in same direction with higher speed","No Avoidance Maneuver","Tracking","Stayed in original travel lane","4 DR",0,1,0,0,1,0,0,3,0
121291,5,10,12,"Motor Vehicle In-Transport","Sideswipe - Same Direction",1,2012,"HONDA","CIVIC",0,"Disabling Damage",0,0,1,"Full Driver License","Valid","No",35,"Dry","Stopped in Roadway","Traveling in same direction with higher speed","No Avoidance Maneuver","Tracking","Stayed in original travel lane","2 DR",0,0,0,0,0,0,1,1,0
121291,5,10,12,"Motor Vehicle In-Transport","Sideswipe - Same Direction",1,2020,"TOYOTA","COROLLA",20,"Functional Damage",0,0,1,"Full Driver License","Valid","No",35,"Dry","Going Straight","Other critical precrash event (specify:)","Unknown/Not Reported","Tracking","Stayed in original travel lane","5 HB",1,1,1,1,1,1,0,6,3
121292,5,1,12,"Motor Vehicle In-Transport","Sideswipe - Same Direction",2,2022,"TOYOTA","COROLLA",55,"Disabling Damage",0,0,1,"Full Driver License","Valid","No",55,"Dry","Going Straight","From adjacent lane (same direction) over left lane line","Unknown/Not Reported","Tracking","Stayed in original travel lane","4 DR",1,1,1,1,1,1,0,6,3
121293,5,13,12,"Motor Vehicle In-Transport","Front-to-Front",3,2021,"FORD","EXPLORER",55,"Disabling Damage",3,0,1,"Full Driver License","Valid","No",55,"Dry","Negotiating a Curve","From opposite direction  over left lane line","Unknown/Not Reported","Tracking","Stayed in original travel lane","SUV",1,0,1,1,1,1,0,6,3
121298,5,20,12,"Motor Vehicle In-Transport","Front-to-Front",1,2020,"NISSAN","ROGUE SPORT",25,"Disabling Damage",1,0,1,"Full Driver License","Valid","No",45,"Dry","Turning Left","Turning Left","Unknown/Not Reported","Tracking","Stayed in original travel lane","SUV",1,0,1,1,1,1,0,5,3
121300,5,6,1,"Rollover/Overturn","The First Harmful Event was Not a Collision with a Motor Vehicle in Transport",1,2019,"RAM","1500",10,"Functional Damage",0,0,1,"Full Driver License","Valid","No",45,"Dry","Turning Left","From opposite direction  over right lane line","Unknown/Not Reported","Tracking","Stayed in original travel lane","PU/EC",1,1,1,0,2,2,0,1,2
121302,5,19,12,"Motor Vehicle In-Transport","Angle",2,2023,"CHRYSLER","300",50,"Disabling Damage",0,0,1,"Full Driver License","Valid","No",50,"Dry","Going Straight","From crossing street, across path","Unknown/Not Reported","Tracking","Stayed in original travel lane","4 DR",0,0,1,0,2,2,0,0,1
121302,5,19,12,"Motor Vehicle In-Transport","Angle",1,2020,"TOYOTA","TACOMA",25,"Disabling Damage",1,0,1,"Full Driver License","Valid","No",25,"Dry","Going Straight","Crossing Over (Passing Through) Junction","Unknown/Not Reported","Tracking","Stayed in original travel lane","PU/EC",1,2,1,1,1,1,0,5,3
121306,5,8,12,"Motor Vehicle In-Transport","Angle",1,2020,"SUBARU","ASCENT",15,"Disabling Damage",0,0,1,"Full Driver License","Valid","No",45,"Dry","Turning Left","Turning Left","Unknown/Not Reported","Tracking","Stayed in original travel lane","SUV",1,0,1,1,1,1,0,4,3
121306,5,8,12,"Motor Vehicle In-Transport","Angle",1,2018,"DODGE","JOURNEY",0,"Disabling Damage",0,0,1,"Full Driver License","Valid","No",25,"Dry","Stopped in Roadway","From crossing street, turning into opposite direction","No Avoidance Maneuver","Tracking","Stayed in original travel lane","SUV",0,0,0,0,0,0,0,0,0
121309,5,21,8,"Pedestrian","The First Harmful Event was Not a Collision with a Motor Vehicle in Transport",2,2017,"DODGE","DURANGO",45,"Functional Damage",0,0,1,"Full Driver License","Valid","No",45,"Dry","Going Straight","Pedestrian in road","Unknown/Not Reported","Tracking","Stayed in original travel lane","SUV",1,0,1,1,2,2,0,0,3
121310,5,4,9,"Pedalcyclist","The First Harmful Event was Not a Collision with a Motor Vehicle in Transport",1,2018,"NISSAN","SENTRA",35,"No Damage",0,0,1,"Full Driver License","Valid","No",35,"Dry","Going Straight","Pedalcyclist or other non-motorist in road","Unknown/Not Reported","Tracking","Stayed in original travel lane","4 DR",0,1,0,0,2,2,0,1,0
121313,5,16,8,"Pedestrian","The First Harmful Event was Not a Collision with a Motor Vehicle in Transport",1,2015,"CHEVROLET","TRAVERSE",35,"Functional Damage",0,0,1,"Full Driver License","Valid","No",35,"Dry","Going Straight","Pedestrian in road","Unknown/Not Reported","Tracking","Stayed in original travel lane","SUV",1,1,1,1,0,0,0,2,3
121314,5,18,12,"Motor Vehicle In-Transport","Front-to-Rear",4,2017,"INFINITI","QX80",0,"Disabling Damage",1,0,1,"Full Driver License","Valid","No",70,"Dry","Stopped in Roadway","Traveling in same direction with higher speed","No Avoidance Maneuver","Tracking","Stayed in original travel lane","SUV",1,0,1,0,2,2,0,1,2
121314,5,18,12,"Motor Vehicle In-Transport","Front-to-Rear",1,2017,"JEEP","WRANGLER",30,"Functional Damage",0,0,1,"Full Driver License","Valid","No",70,"Dry","Decelerating in Road","This vehicle decelerating","Unknown/Not Reported","Tracking","Stayed in original travel lane","SUV",0,0,0,0,0,0,0,0,0
121314,5,18,12,"Motor Vehicle In-Transport","Front-to-Rear",1,2017,"HYUNDAI","ACCENT",0,"Minor Damage",0,0,1,"Full Driver License","Valid","No",70,"Dry","Stopped in Roadway","Traveling in same direction with higher speed","No Avoidance Maneuver","Tracking","Stayed in original travel lane","4 DR",0,1,0,0,0,0,0,1,0
121315,5,15,9,"Pedalcyclist","The First Harmful Event was Not a Collision with a Motor Vehicle in Transport",1,2020,"NISSAN","KICKS",40,"Minor Damage",0,0,1,"Full Driver License","Valid","No",40,"Dry","Turning Right","Pedalcyclist or other non-motorist in road","Unknown/Not Reported","Tracking","Departed roadway","SUV",1,1,1,1,1,1,0,6,3
121317,5,20,12,"Motor Vehicle In-Transport","Angle",2,2016,"KIA","FORTE",15,"Disabling Damage",0,0,1,"Full Driver License","Valid","No",55,"Dry","Turning Left","Turning Left","Unknown/Not Reported","Tracking","Stayed in original travel lane","4 DR",0,1,0,0,0,0,0,1,0
121318,5,21,9,"Pedalcyclist","The First Harmful Event was Not a Collision with a Motor Vehicle in Transport",3,2014,"INFINITI","QX80",15,"Functional Damage",0,0,1,"Full Driver License","Valid","No",25,"Dry","Turning Left","Pedalcyclist or other non-motorist in road","Unknown/Not Reported","Tracking","Stayed in original travel lane","SUV",0,0,0,0,2,0,1,1,0
121319,5,5,12,"Motor Vehicle In-Transport","Front-to-Rear",1,2022,"FORD","ESCAPE",65,"Functional Damage",0,0,1,"Full Driver License","Valid","No",70,"Dry","Going Straight","Traveling in same direction with higher speed","Unknown/Not Reported","Tracking","Stayed in original travel lane","SUV",1,0,1,1,1,1,0,6,3
121320,5,17,12,"Motor Vehicle In-Transport","Angle",1,2018,"TOYOTA","CAMRY",15,"Functional Damage",0,0,1,"Full Driver License","Valid","No",25,"Dry","Turning Left","Turning Left","Unknown/Not Reported","Tracking","Stayed in original travel lane","4 DR",0,1,1,1,1,1,0,5,2
121322,5,17,12,"Motor Vehicle In-Transport","Angle",3,2019,"FORD","MUSTANG",50,"Disabling Damage",0,0,1,"Full Driver License","Valid","No",40,"Dry","Going Straight","From crossing street, turning into opposite direction","Unknown/Not Reported","Tracking","Stayed in original travel lane","C",0,0,0,1,2,2,0,1,1
121323,5,6,12,"Motor Vehicle In-Transport","Angle",2,2013,"CHRYSLER","300",5,"Disabling Damage",0,0,1,"Full Driver License","Valid","No",30,"Dry","Going Straight","Crossing Over (Passing Through) Junction","Unknown/Not Reported","Tracking","Stayed in original travel lane","4 DR",0,1,0,0,0,0,1,2,0
121325,5,17,12,"Motor Vehicle In-Transport","Angle",2,2018,"INFINITI","Q50",20,"Disabling Damage",1,0,1,"Full Driver License","Valid","No",45,"Dry","Turning Left","From crossing street, across path","Unknown/Not Reported","Tracking","Stayed in original travel lane","4 DR",0,0,0,0,2,2,0,0,0
121328,5,23,12,"Motor Vehicle In-Transport","Angle",4,2012,"CHEVROLET","EQUINOX",20,"Disabling Damage",0,0,1,"Full Driver License","Valid","No",45,"Dry","Turning Left","Turning Left","Unknown/Not Reported","Tracking","Stayed in original travel lane","SUV",0,0,0,1,0,0,1,2,1
121330,5,23,8,"Pedestrian","The First Harmful Event was Not a Collision with a Motor Vehicle in Transport",1,2017,"VOLKSWAGEN","PASSAT",30,"Minor Damage",0,0,1,"Full Driver License","Valid","No",30,"Dry","Going Straight","Pedestrian in road","Unknown/Not Reported","Tracking","Stayed in original travel lane","4 DR",0,1,1,1,2,2,0,3,2
121331,4,6,12,"Motor Vehicle In-Transport","Front-to-Front",2,2019,"HYUNDAI","SANTA FE",45,"Disabling Damage",1,0,1,"Full Driver License","Valid","No",45,"Dry","Going Straight","Over the lane line on left side of travel lane","Unknown/Not Reported","Tracking","Stayed on roadway, but left original travel lane","SUV",1,2,1,1,1,1,0,4,3
121332,5,23,9,"Pedalcyclist","The First Harmful Event was Not a Collision with a Motor Vehicle in Transport",1,2016,"CADILLAC","XTS",30,"Functional Damage",0,0,1,"Full Driver License","Valid","No",35,"Dry","Going Straight","Pedalcyclist or other non-motorist in road","Unknown/Not Reported","Tracking","Stayed in original travel lane","4 DR",0,1,0,0,2,2,0,2,0
121333,5,22,32,"Culvert","The First Harmful Event was Not a Collision with a Motor Vehicle in Transport",2,2013,"NISSAN","ALTIMA",45,"Disabling Damage",2,0,1,"Full Driver License","Valid","No",45,"Dry","Going Straight","Off the edge of the road on the right side","Unknown/Not Reported","Tracking","Departed roadway","2 DR",0,1,0,0,0,0,1,2,0
121336,5,18,12,"Motor Vehicle In-Transport","Sideswipe - Same Direction",1,2014,"CHEVROLET","VOLT",45,"Functional Damage",0,0,1,"Full Driver License","Valid","No",70,"Dry","Going Straight","From adjacent lane (same direction) over left lane line","Unknown/Not Reported","Tracking","Stayed in original travel lane","4 DR",0,1,1,1,0,0,1,3,2
121341,5,14,12,"Motor Vehicle In-Transport","Angle",4,2017,"HONDA","CIVIC",60,"Disabling Damage",0,0,1,"Full Driver License","Valid","No",55,"Dry","Going Straight","Crossing Over (Passing Through) Junction","Unknown/Not Reported","Tracking","Stayed in original travel lane","2 DR",0,1,0,0,2,2,0,1,0
121341,5,14,12,"Motor Vehicle In-Transport","Angle",2,2012,"HYUNDAI","VERACRUZ",25,"Disabling Damage",2,0,1,"Full Driver License","Valid","No",35,"Dry","Going Straight","From crossing street, across path","Unknown/Not Reported","Tracking","Stayed in original travel lane","SUV",0,1,0,0,0,0,1,2,0
121341,5,14,12,"Motor Vehicle In-Transport","Angle",1,2015,"JEEP","GRAND CHEROKEE",25,"Disabling Damage",0,0,1,"Full Driver License","Valid","No",35,"Dry","Going Straight","From adjacent lane (same direction) over right lane line","Unknown/Not Reported","Tracking","Stayed in original travel lane","SUV",0,0,1,0,0,0,0,0,1
121341,5,14,12,"Motor Vehicle In-Transport","Angle",1,2017,"FORD","TAURUS",0,"Disabling Damage",0,0,1,"Full Driver License","Valid","No",35,"Dry","Stopped in Roadway","From opposite direction  over left lane line","No Avoidance Maneuver","Tracking","Stayed in original travel lane","4 DR",0,0,0,0,0,0,0,0,0
121341,5,14,12,"Motor Vehicle In-Transport","Angle",2,2020,"HYUNDAI","ELANTRA",0,"Minor Damage",0,0,1,"Full Driver License","Valid","No",35,"Dry","Stopped in Roadway","From opposite direction  over left lane line","No Avoidance Maneuver","Tracking","Stayed in original travel lane","4 DR",0,2,0,0,2,2,0,0,0
121344,5,5,8,"Pedestrian","The First Harmful Event was Not a Collision with a Motor Vehicle in Transport",1,2011,"TOYOTA","SIENNA",40,"Functional Damage",0,0,1,"Full Driver License","Valid","No",40,"Dry","Going Straight","Pedestrian in road","Unknown/Not Reported","Tracking","Stayed in original travel lane","VAN",0,1,0,0,0,0,1,2,0
121348,5,0,12,"Motor Vehicle In-Transport","Front-to-Front",1,2016,"NISSAN","ALTIMA",80,"Disabling Damage",1,0,1,"Full Driver License","Valid","No",60,"Dry","Going Straight","Over the lane line on left side of travel lane","Unknown/Not Reported","Tracking","Stayed on roadway, but left original travel lane","4 DR",1,0,0,0,2,2,0,0,1
121354,5,18,8,"Pedestrian","The First Harmful Event was Not a Collision with a Motor Vehicle in Transport",3,2015,"FORD","ESCAPE",15,"Minor Damage",0,0,1,"Full Driver License","Valid","No",30,"Dry","Turning Left","Turning Left","Unknown/Not Reported","Tracking","Stayed in original travel lane","SUV",0,1,0,0,0,0,0,1,0
121358,5,14,9,"Pedalcyclist","The First Harmful Event was Not a Collision with a Motor Vehicle in Transport",1,2019,"NISSAN","MURANO",998,"Functional Damage",0,0,1,"Full Driver License","Valid","No",30,"Dry","Going Straight","Pedalcyclist or other non-motorist in road","Unknown/Not Reported","Tracking","Stayed in original travel lane","SUV",1,1,1,0,1,1,0,4,2
121359,5,4,12,"Motor Vehicle In-Transport","Angle",1,2018,"CHEVROLET","COLORADO",52,"Disabling Damage",0,0,1,"Full Driver License","Valid","No",60,"Dry","Going Straight","From opposite direction  over right lane line","Unknown/Not Reported","Tracking","Stayed in original travel lane","PU/EC",0,1,1,1,0,0,0,1,2
121360,5,12,15,"Non-Motorist on Personal Conveyance","The First Harmful Event was Not a Collision with a Motor Vehicle in Transport",1,2016,"MITSUBISHI","OUTLANDER",998,"Minor Damage",0,0,1,"Full Driver License","Valid","No",50,"Dry","Unknown","Pedalcyclist or other non-motorist in road","Unknown/Not Reported","Tracking","Stayed in original travel lane","SUV",0,1,0,0,2,2,0,1,0
121364,5,12,12,"Motor Vehicle In-Transport","Front-to-Front",2,2022,"HYUNDAI","SANTA FE",998,"Disabling Damage",1,0,1,"Full Driver License","Valid","No",40,"Dry","Going Straight","Over the lane line on left side of travel lane","Unknown/Not Reported","Tracking","Stayed on roadway, but left original travel lane","SUV",0,2,1,1,1,1,0,4,2
121367,5,2,12,"Motor Vehicle In-Transport","Front-to-Front",1,2018,"TOYOTA","TACOMA",60,"Disabling Damage",1,0,1,"Full Driver License","Valid","No",60,"Dry","Going Straight","Traveling in opposite direction","Unknown/Not Reported","Tracking","Stayed in original travel lane","PU/CC",0,1,1,1,1,1,0,5,2
121367,5,2,12,"Motor Vehicle In-Transport","Front-to-Front",1,2015,"BMW","528I",60,"Disabling Damage",0,0,1,"Full Driver License","Valid","No",60,"Dry","Going Straight","Traveling in same direction with lower steady speed","Unknown/Not Reported","Tracking","Stayed in original travel lane","4 DR",1,1,1,1,2,2,0,2,3
121371,5,23,9,"Pedalcyclist","The First Harmful Event was Not a Collision with a Motor Vehicle in Transport",1,2012,"HONDA","ACCORD",40,"Functional Damage",0,0,1,"Full Driver License","Valid","No",40,"Dry","Going Straight","Pedalcyclist or other non-motorist in road","Unknown/Not Reported","Tracking","Stayed in original travel lane","2 DR",0,0,0,0,0,0,1,1,0
121374,5,5,9,"Pedalcyclist","The First Harmful Event was Not a Collision with a Motor Vehicle in Transport",1,2019,"CHEVROLET","EQUINOX",40,"Functional Damage",0,0,1,"Full Driver License","Valid","No",40,"Dry","Going Straight","Pedalcyclist or other non-motorist in road","Unknown/Not Reported","Tracking","Stayed in original travel lane","SUV",0,1,0,0,2,2,0,2,0
121377,5,16,12,"Motor Vehicle In-Transport","Front-to-Rear",1,2018,"HYUNDAI","SONATA",70,"Disabling Damage",0,0,1,"Full Driver License","Valid","No",70,"Dry","Changing Lanes","Traveling in same direction with higher speed","Unknown/Not Reported","Tracking","Stayed on roadway, but left original travel lane","4 DR",1,2,1,0,2,2,0,2,2
121378,5,19,12,"Motor Vehicle In-Transport","Front-to-Rear",2,2019,"FORD","MUSTANG",60,"Functional Damage",0,0,1,"Full Driver License","Valid","No",45,"Dry","Going Straight","Over the lane line on left side of travel lane","Unknown/Not Reported","Tracking","Stayed on roadway, but left original travel lane","C",1,0,1,1,2,2,0,1,3
121378,5,19,12,"Motor Vehicle In-Transport","Front-to-Rear",1,2019,"TOYOTA","CAMRY",45,"Disabling Damage",1,0,1,"Full Driver License","Valid","No",45,"Dry","Going Straight","Traveling in same direction with higher speed","Unknown/Not Reported","Tracking","Stayed in original travel lane","4 DR",0,1,1,1,1,1,0,5,2
121379,5,21,9,"Pedalcyclist","The First Harmful Event was Not a Collision with a Motor Vehicle in Transport",2,2015,"NISSAN","370Z",45,"Disabling Damage",0,0,1,"Full Driver License","Valid","No",45,"Dry","Going Straight","Pedalcyclist or other non-motorist in road","Unknown/Not Reported","Tracking","Stayed in original travel lane","2 DR",0,0,0,0,0,0,0,0,0
121387,6,3,33,"Curb","The First Harmful Event was Not a Collision with a Motor Vehicle in Transport",3,2011,"BUICK","REGAL",40,"Disabling Damage",2,0,1,"Full Driver License","Valid","No",45,"Dry","Unknown","Off the edge of the road on the right side","Unknown/Not Reported","Tracking","Departed roadway","4 DR",0,1,0,0,0,0,1,3,0
121388,6,10,8,"Pedestrian","The First Harmful Event was Not a Collision with a Motor Vehicle in Transport",1,2013,"JEEP","PATRIOT",998,"Functional Damage",0,0,1,"Full Driver License","Valid","No",98,"Dry","Going Straight","Pedestrian in road","No Avoidance Maneuver","Tracking","Stayed in original travel lane","SUV",0,0,0,0,0,0,1,1,0
121392,5,17,12,"Motor Vehicle In-Transport","Sideswipe - Same Direction",2,2022,"MERCEDES-BENZ","C-CLASS",35,"Disabling Damage",1,0,1,"Full Driver License","Valid","No",25,"Dry","Going Straight","From adjacent lane (same direction) over right lane line","Unknown/Not Reported","Tracking","Stayed in original travel lane","4 DR",1,1,1,1,1,1,0,6,3
121393,5,5,8,"Pedestrian","The First Harmful Event was Not a Collision with a Motor Vehicle in Transport",1,2014,"JEEP","PATRIOT",55,"Functional Damage",0,0,1,"Full Driver License","Valid","No",55,"Dry","Going Straight","Pedestrian in road","Braking","Tracking","Stayed in original travel lane","SUV",0,0,0,0,0,0,1,1,0
121394,5,11,12,"Motor Vehicle In-Transport","Front-to-Rear",1,2012,"CHEVROLET","CORVETTE",80,"Functional Damage",0,0,1,"Full Driver License","Valid","No",60,"Dry","Going Straight","Traveling in same direction with lower steady speed","Unknown/Not Reported","Tracking","Stayed in original travel lane","2 DR",0,0,0,0,0,0,1,2,0
121396,5,23,12,"Motor Vehicle In-Transport","Angle",1,2013,"TOYOTA","COROLLA",5,"Disabling Damage",0,0,1,"Full Driver License","Valid","No",35,"Dry","Making a U-turn","Making a U-Turn","Unknown/Not Reported","Tracking","Stayed in original travel lane","4 DR",0,0,0,0,0,0,1,1,0
121398,5,5,12,"Motor Vehicle In-Transport","Front-to-Rear",1,2020,"DODGE","DURANGO",65,"Minor Damage",0,0,1,"Full Driver License","Valid","No",65,"Dry","Going Straight","Crossing Over (Passing Through) Junction","Unknown/Not Reported","Tracking","Stayed in original travel lane","SUV",1,0,0,1,2,2,0,0,2
121398,5,5,12,"Motor Vehicle In-Transport","Front-to-Rear",1,2019,"BMW","X5",55,"Functional Damage",0,0,1,"Full Driver License","Valid","No",65,"Dry","Going Straight","Crossing Over (Passing Through) Junction","Unknown/Not Reported","Tracking","Stayed in original travel lane","SUV",1,1,1,1,1,1,0,7,3
121398,5,5,12,"Motor Vehicle In-Transport","Front-to-Rear",1,2023,"TOYOTA","CAMRY",55,"Functional Damage",0,0,1,"Full Driver License","Valid","No",65,"Dry","Going Straight","Crossing Over (Passing Through) Junction","Unknown/Not Reported","Tracking","Stayed in original travel lane","4 DR",1,1,1,1,1,1,0,5,3
121416,6,1,8,"Pedestrian","The First Harmful Event was Not a Collision with a Motor Vehicle in Transport",1,2023,"HYUNDAI","ELANTRA",45,"Disabling Damage",0,0,1,"Full Driver License","Valid","No",45,"Dry","Going Straight","Pedestrian in road","Unknown/Not Reported","Tracking","Stayed in original travel lane","4 DR",1,2,1,1,1,1,0,5,3
121420,6,21,12,"Motor Vehicle In-Transport","Front-to-Front",1,2019,"NISSAN","ROGUE SPORT",50,"Functional Damage",0,0,1,"Full Driver License","Valid","No",50,"Dry","Going Straight","Traveling in opposite direction","Unknown/Not Reported","Tracking","Stayed in original travel lane","SUV",1,0,1,1,1,1,0,4,3
121420,6,21,12,"Motor Vehicle In-Transport","Front-to-Front",1,2015,"NISSAN","ALTIMA",50,"Functional Damage",0,0,1,"Full Driver License","Valid","No",50,"Dry","Going Straight","Other critical precrash event (specify:)","Unknown/Not Reported","Tracking","Stayed in original travel lane","4 DR",1,0,0,1,0,0,0,0,2