"SERIAL_CRASH","MONTH","HOUR","HARM_EV","HARM_EVNAME","TYPE_OF_COLLIOSION","NUM_OF_PEOPLE","MOD_YEAR","VPICMAKENAME","VPICMODELNAME","TRAV_SP","DEFORMEDNAME","DEATHS","DR_DRINK","IS_DRIVER_PRESENT","L_TYPENAME","L_STATUSNAME","SPEEDRELNAME","VSPD_LIM","VSURCONDNAME","P_CRASH1NAME","P_CRASH2NAME","P_CRASH3NAME","PCRASH4NAME","PCRASH5NAME","BODY_STYLE","BLIND_SPOT_DETECTION","ARS","FRNT_COLLISION_WARNING","LANE_DEPARTURE_WARNING","CRASH_IMMINENT_BRAKE","DYNAMIC_BRAKE_SUPPORT","NHTSA_ESC","SAFETY_COUNT","notification_count"
121427,6,17,12,"Motor Vehicle In-Transport","Angle",1,2018,"HYUNDAI","SONATA",20,"Disabling Damage",1,0,1,"Full Driver License","Valid","No",35,"Dry","Going Straight","Crossing Over (Passing Through) Junction","Unknown/Not Reported","Tracking","Stayed in original travel lane","4 DR",1,2,1,1,2,2,0,2,3
121427,6,17,12,"Motor Vehicle In-Transport","Angle",1,2022,"JEEP","GRAND CHEROKEE",45,"Disabling Damage",0,0,1,"Full Driver License","Valid","No",45,"Dry","Going Straight","From crossing street, across path","Unknown/Not Reported","Tracking","Stayed in original travel lane","SUV",1,1,1,1,1,1,0,7,3
121428,5,16,12,"Motor Vehicle In-Transport","Front-to-Front",1,2019,"HONDA","CR-V",55,"Disabling Damage",0,0,1,"Full Driver License","Valid","No",55,"Dry","Negotiating a Curve","Over the lane line on left side of travel lane","Unknown/Not Reported","Tracking","Stayed on roadway, but left original travel lane","SUV",0,1,0,0,2,2,0,1,0
121428,5,16,12,"Motor Vehicle In-Transport","Front-to-Front",2,2017,"NISSAN","SENTRA",55,"Disabling Damage",1,0,1,"Full Driver License","Valid","No",55,"Dry","Negotiating a Curve","From opposite direction  over left lane line","Unknown/Not Reported","Tracking","Stayed in original travel lane","4 DR",1,0,1,0,2,2,0,0,2
121429,2,14,33,"Curb","The First Harmful Event was Not a Collision with a Motor Vehicle in Transport",3,2017,"NISSAN","SENTRA",35,"Disabling Damage",1,0,1,"Full Driver License","Valid","No",35,"Dry","Going Straight","Crossing Over (Passing Through) Junction","Unknown/Not Reported","Tracking","Stayed in original travel lane","4 DR",0,0,1,0,2,2,0,0,1
121432,5,22,12,"Motor Vehicle In-Transport","Sideswipe - Same Direction",4,2012,"KIA","OPTIMA",998,"Disabling Damage",2,0,1,"Learner's Permit","Valid","No",45,"Dry","Negotiating a Curve","From adjacent lane (same direction) over left lane line","Unknown/Not Reported","Tracking","Stayed in original travel lane","4 DR",0,1,0,0,0,0,1,2,0
121437,6,23,8,"Pedestrian","The First Harmful Event was Not a Collision with a Motor Vehicle in Transport",1,2011,"GMC","TERRAIN",55,"Disabling Damage",0,0,1,"Full Driver License","Valid","No",55,"Dry","Going Straight","Pedestrian in road","Unknown/Not Reported","Tracking","Stayed in original travel lane","SUV",0,0,0,0,0,0,1,2,0
121438,6,16,8,"Pedestrian","The First Harmful Event was Not a Collision with a Motor Vehicle in Transport",1,2021,"MAZDA","MAZDA6",40,"Functional Damage",0,0,1,"Full Driver License","Valid","No",40,"Dry","Going Straight","Pedestrian in road","Unknown/Not Reported","Tracking","Stayed in original travel lane","4 DR",1,1,1,1,1,1,0,7,3
121446,6,10,12,"Motor Vehicle In-Transport","Angle",1,2013,"HYUNDAI","TUCSON",15,"Disabling Damage",0,0,1,"Full Driver License","Valid","No",25,"Dry","Turning Left","From crossing street, across path","Unknown/Not Reported","Tracking","Stayed in original travel lane","SUV",0,1,0,0,0,0,1,2,0
121449,6,15,12,"Motor Vehicle In-Transport","Angle",1,2015,"MERCEDES-BENZ","E-CLASS",15,"Disabling Damage",1,0,1,"Full Driver License","Valid","No",45,"Dry","Turning Left","Turning Left","Unknown/Not Reported","Tracking","Stayed in original travel lane","SW",0,0,1,1,2,2,0,0,2
121449,6,15,12,"Motor Vehicle In-Transport","Angle",1,2011,"BMW","328I",45,"Disabling Damage",0,0,1,"Full Driver License","Valid","No",45,"Dry","Going Straight","From opposite direction  over left lane line","Unknown/Not Reported","Tracking","Stayed in original travel lane","2 DR",0,1,0,0,0,0,1,2,0
121450,6,21,12,"Motor Vehicle In-Transport","Front-to-Front",1,2021,"KIA","FORTE",50,"Disabling Damage",1,0,1,"Full Driver License","Valid","No",50,"Dry","Going Straight","Traveling in opposite direction","Unknown/Not Reported","Tracking","Stayed in original travel lane","4 DR",0,2,1,1,1,1,0,4,2
121450,6,21,12,"Motor Vehicle In-Transport","Front-to-Front",1,2020,"SUBARU","FORESTER",50,"Disabling Damage",0,0,1,"Full Driver License","Valid","No",50,"Dry","Going Straight","Traveling in opposite direction","Unknown/Not Reported","Tracking","Stayed in original travel lane","SUV",0,0,1,1,1,1,0,4,2
121461,6,17,38,"Fence","The First Harmful Event was Not a Collision with a Motor Vehicle in Transport",1,2017,"RAM","1500",50,"Disabling Damage",1,0,1,"Full Driver License","Valid","No",98,"Dry","Going Straight","Unknown cause of control loss","Unknown/Not Reported","Precrash stability unknown","Departed roadway","PU/EC",0,0,0,0,0,0,0,0,0
121464,6,12,9,"Pedalcyclist","The First Harmful Event was Not a Collision with a Motor Vehicle in Transport",1,2019,"RAM","1500",45,"Functional Damage",0,0,1,"Full Driver License","Valid","No",45,"Dry","Going Straight","Pedalcyclist or other non-motorist in road","Unknown/Not Reported","Tracking","Stayed in original travel lane","PU/EC",1,1,1,1,2,2,0,1,3
121467,6,9,12,"Motor Vehicle In-Transport","Front-to-Front",1,2017,"CHEVROLET","TRAVERSE",60,"Disabling Damage",1,0,1,"Full Driver License","Valid","No",60,"Dry","Negotiating a Curve","Over the lane line on left side of travel lane","Unknown/Not Reported","Tracking","Stayed on roadway, but left original travel lane","SUV",1,1,1,1,0,0,0,2,3
121468,6,9,12,"Motor Vehicle In-Transport","Front-to-Front",1,2019,"HYUNDAI","SONATA",5,"Disabling Damage",1,0,1,"Full Driver License","Valid","No",40,"Dry","Turning Left","Turning Left","Unknown/Not Reported","Tracking","Stayed in original travel lane","4 DR",1,2,1,0,2,2,0,2,2
121468,6,9,12,"Motor Vehicle In-Transport","Front-to-Front",1,2013,"CHRYSLER","TOWN AND COUNTRY",40,"Disabling Damage",0,0,1,"Full Driver License","Valid","No",40,"Dry","Going Straight","From opposite direction  over left lane line","Unknown/Not Reported","Tracking","Stayed in original travel lane","VAN",1,1,0,0,0,0,1,2,1
121472,6,6,33,"Curb","The First Harmful Event was Not a Collision with a Motor Vehicle in Transport",1,2014,"NISSAN","SENTRA",45,"Disabling Damage",1,0,1,"Full Driver License","Valid","No",45,"Dry","Unknown","Over the lane line on left side of travel lane","Unknown/Not Reported","Tracking","Departed roadway","4 DR",0,1,0,0,0,0,1,2,0
121475,6,3,8,"Pedestrian","The First Harmful Event was Not a Collision with a Motor Vehicle in Transport",2,2017,"NISSAN","ROGUE SPORT",55,"Minor Damage",0,0,1,"Full Driver License","Valid","No",55,"Dry","Changing Lanes","Pedestrian in road","Unknown/Not Reported","Tracking","Stayed on roadway, but left original travel lane","SUV",1,0,1,1,2,2,0,0,3
121478,6,9,20,"Impact Attenuator/Crash Cushion","The First Harmful Event was Not a Collision with a Motor Vehicle in Transport",1,2017,"HONDA","CIVIC",50,"Disabling Damage",0,0,1,"Full Driver License","Valid","No",60,"Dry","Negotiating a Curve","Other critical precrash event (specify:)","Unknown/Not Reported","Tracking","Stayed in original travel lane","2 DR",0,1,1,0,2,2,0,1,1
121479,6,2,8,"Pedestrian","The First Harmful Event was Not a Collision with a Motor Vehicle in Transport",1,2018,"NISSAN","MAXIMA",35,"Functional Damage",0,0,1,"Full Driver License","Valid","No",35,"Dry","Going Straight","Pedestrian in road","Unknown/Not Reported","Tracking","Stayed in original travel lane","4 DR",1,1,1,0,1,1,0,4,2
121481,6,3,12,"Motor Vehicle In-Transport","Angle",2,2017,"KIA","SPORTAGE",35,"Disabling Damage",0,0,1,"Full Driver License","Valid","No",60,"Dry","Going Straight","Off the edge of the road on the left side","Steering right","Tracking","Returned to roadway","SUV",1,1,1,0,2,2,0,1,2
121481,6,3,12,"Motor Vehicle In-Transport","Angle",1,2019,"KIA","OPTIMA",70,"Disabling Damage",1,0,1,"Full Driver License","Valid","No",60,"Dry","Going Straight","From adjacent lane (same direction) over left lane line","Unknown/Not Reported","Tracking","Stayed in original travel lane","4 DR",1,1,1,1,1,1,0,6,3
121486,6,18,12,"Motor Vehicle In-Transport","Sideswipe - Same Direction",2,2023,"TOYOTA","COROLLA",45,"Disabling Damage",0,0,1,"Full Driver License","Valid","No",45,"Dry","Changing Lanes","Over the lane line on left side of travel lane","No Avoidance Maneuver","Tracking","Stayed on roadway, but left original travel lane","4 DR",1,1,1,1,1,1,0,5,3
121486,6,18,12,"Motor Vehicle In-Transport","Sideswipe - Same Direction",1,2022,"MINI","HARDTOP",45,"Disabling Damage",0,0,1,"Full Driver License","Valid","No",45,"Dry","Going Straight","From adjacent lane (same direction) over right lane line","Unknown/Not Reported","Tracking","Stayed in original travel lane","3 HB",0,1,0,0,0,0,0,2,0
121486,6,18,12,"Motor Vehicle In-Transport","Sideswipe - Same Direction",2,2019,"HYUNDAI","TUCSON",40,"Disabling Damage",1,0,1,"Full Driver License","Valid","No",45,"Dry","Going Straight","From opposite direction  over left lane line","Unknown/Not Reported","Tracking","Stayed in original travel lane","SUV",0,2,1,1,1,1,0,4,2
121486,6,18,12,"Motor Vehicle In-Transport","Sideswipe - Same Direction",1,2015,"GMC","ACADIA",45,"Functional Damage",0,0,1,"Full Driver License","Valid","No",45,"Dry","Changing Lanes","From adjacent lane (same direction) over left lane line","Steering right","Tracking","Stayed on roadway, but left original travel lane","SUV",0,1,1,0,0,0,0,2,1
121487,6,12,12,"Motor Vehicle In-Transport","Sideswipe - Same Direction",1,2017,"CHRYSLER","PACIFICA",45,"Disabling Damage",1,0,1,"Full Driver License","Valid","No",45,"Dry","Changing Lanes","Over the lane line on left side of travel lane","Unknown/Not Reported","Tracking","Stayed on roadway, but left original travel lane","VAN",0,0,1,1,2,2,0,0,2
121487,6,12,12,"Motor Vehicle In-Transport","Sideswipe - Same Direction",1,2014,"MAZDA","CX-5",0,"Functional Damage",0,0,1,"Full Driver License","Valid","No",45,"Dry","Stopped in Roadway","From adjacent lane (same direction) over right lane line","No Avoidance Maneuver","Tracking","Stayed in original travel lane","SUV",0,1,0,0,2,0,1,2,0
121491,6,22,12,"Motor Vehicle In-Transport","Sideswipe - Opposite Direction",1,2023,"TOYOTA","RAV4",70,"Disabling Damage",1,0,1,"Full Driver License","Valid","No",70,"Dry","Going Straight","Traveling in opposite direction","Unknown/Not Reported","Tracking","Stayed in original travel lane","SUV",1,1,1,1,1,1,0,5,3
121492,6,10,12,"Motor Vehicle In-Transport","Angle",2,2020,"NISSAN","MURANO",40,"Disabling Damage",1,0,1,"Full Driver License","Valid","No",35,"Dry","Going Straight","Off the edge of the road on the right side","Unknown/Not Reported","Tracking","Departed roadway","SUV",0,1,1,1,1,1,0,4,2
121493,6,23,12,"Motor Vehicle In-Transport","Front-to-Front",1,2019,"TOYOTA","COROLLA",50,"Disabling Damage",0,0,1,"Full Driver License","Valid","No",50,"Dry","Negotiating a Curve","Traveling in opposite direction","Unknown/Not Reported","Tracking","Stayed in original travel lane","4 DR",0,1,1,1,1,1,0,5,2
121498,6,7,12,"Motor Vehicle In-Transport","Angle",1,2020,"JEEP","RENEGADE",50,"Disabling Damage",0,0,1,"Full Driver License","Valid","No",50,"Dry","Going Straight","From crossing street, across path","Unknown/Not Reported","Tracking","Stayed in original travel lane","SUV",1,0,0,0,2,2,0,0,1
121498,6,7,12,"Motor Vehicle In-Transport","Angle",1,2016,"RAM","1500",50,"Disabling Damage",0,0,1,"Full Driver License","Valid","No",50,"Dry","Going Straight","From crossing street, across path","Unknown/Not Reported","Tracking","Stayed in original travel lane","PU/RC",0,0,0,0,0,0,0,0,0
121499,6,10,12,"Motor Vehicle In-Transport","Sideswipe - Same Direction",1,2023,"NISSAN","MURANO",998,"Minor Damage",0,0,1,"Full Driver License","Valid","No",50,"Dry","Turning Right","Turning Right","Unknown/Not Reported","Tracking","Stayed in original travel lane","SUV",1,0,1,1,1,1,0,5,3
121500,6,22,8,"Pedestrian","The First Harmful Event was Not a Collision with a Motor Vehicle in Transport",1,2012,"TOYOTA","COROLLA",30,"Minor Damage",0,0,1,"Full Driver License","Valid","No",30,"Dry","Going Straight","Pedestrian in road","Unknown/Not Reported","Tracking","Stayed in original travel lane","4 DR",0,0,0,0,0,0,1,1,0
121501,6,2,8,"Pedestrian","The First Harmful Event was Not a Collision with a Motor Vehicle in Transport",1,2012,"CADILLAC","CTS",45,"Disabling Damage",0,0,1,"Full Driver License","Valid","No",45,"Dry","Going Straight","Pedestrian in road","Unknown/Not Reported","Tracking","Stayed in original travel lane","4 DR",0,1,0,0,0,0,1,3,0
121505,6,16,12,"Motor Vehicle In-Transport","Angle",1,2021,"SUBARU","CROSSTREK",20,"Disabling Damage",1,0,1,"Full Driver License","Valid","No",40,"Dry","Turning Left","Turning Left","Unknown/Not Reported","Tracking","Stayed on roadway, but left original travel lane","SW",1,0,1,1,2,2,0,0,3
121511,6,0,12,"Motor Vehicle In-Transport","Front-to-Front",1,2013,"MERCEDES-BENZ","C-CLASS",60,"Disabling Damage",1,0,1,"Full Driver License","Valid","No",60,"Dry","Going Straight","Traveling in opposite direction","Unknown/Not Reported","Tracking","Stayed in original travel lane","2 DR",1,0,1,0,0,0,1,1,2
121513,6,12,8,"Pedestrian","The First Harmful Event was Not a Collision with a Motor Vehicle in Transport",1,2013,"LAND ROVER","RANGE ROVER SPORT",40,"Minor Damage",0,0,1,"Full Driver License","Valid","No",40,"Dry","Decelerating in Road","Pedestrian in road","Unknown/Not Reported","Tracking","Stayed in original travel lane","SUV",0,0,0,0,0,0,1,1,0
121514,6,15,12,"Motor Vehicle In-Transport","Angle",1,2012,"JEEP","GRAND CHEROKEE",30,"Functional Damage",0,0,1,"Full Driver License","Valid","No",30,"Dry","Going Straight","Crossing Over (Passing Through) Junction","Unknown/Not Reported","Tracking","Stayed in original travel lane","SUV",0,1,1,0,0,0,1,2,1
121521,6,12,12,"Motor Vehicle In-Transport","Sideswipe - Same Direction",1,2017,"NISSAN","FRONTIER",50,"Disabling Damage",1,0,1,"Full Driver License","Valid","No",60,"Dry","Going Straight","Traveling in same direction with lower steady speed","Unknown/Not Reported","Tracking","Stayed on roadway, but left original travel lane","PU/CC",0,0,0,0,0,0,0,0,0
121523,6,11,12,"Motor Vehicle In-Transport","Angle",1,2016,"TOYOTA","COROLLA",1,"Disabling Damage",0,0,1,"Full Driver License","Valid","No",45,"Dry","Turning Left","Turning Left","Unknown/Not Reported","Tracking","Stayed in original travel lane","4 DR",0,1,0,0,0,0,0,1,0
121525,6,2,42,"Tree (Standing Only)","The First Harmful Event was Not a Collision with a Motor Vehicle in Transport",1,2018,"HONDA","CIVIC",64,"Disabling Damage",1,0,1,"Full Driver License","Valid","No",35,"Dry","Going Straight","End departure","Unknown/Not Reported","Tracking","Departed roadway","5 HB",0,1,1,0,2,2,0,1,1
121526,6,15,12,"Motor Vehicle In-Transport","Front-to-Front",1,2016,"TOYOTA","RAV4",35,"Disabling Damage",0,0,1,"Full Driver License","Valid","No",35,"Dry","Going Straight","From opposite direction  over left lane line","Unknown/Not Reported","Tracking","Stayed in original travel lane","SUV",1,1,1,0,2,2,0,1,2
121531,6,11,54,"Motor Vehicle In-Transport Strikes or is Struck by Cargo, Persons or Objects Set-in-Motion from/by Another Motor Vehicle In Transport","Other",1,2020,"KIA","SORENTO",55,"Disabling Damage",1,0,1,"Full Driver License","Valid","No",55,"Dry","Going Straight","Other critical precrash event (specify:)","Unknown/Not Reported","Tracking","Stayed in original travel lane","SUV",0,2,1,1,2,2,0,0,2
121531,6,11,54,"Motor Vehicle In-Transport Strikes or is Struck by Cargo, Persons or Objects Set-in-Motion from/by Another Motor Vehicle In Transport","Other",1,2021,"JEEP","GLADIATOR",55,"Disabling Damage",0,0,1,"Full Driver License","Valid","No",55,"Dry","Going Straight","Other critical precrash event (specify:)","Unknown/Not Reported","Tracking","Stayed in original travel lane","PU/CC",1,0,0,0,2,2,0,0,1
121532,6,1,12,"Motor Vehicle In-Transport","Not Reported",2,2016,"INFINITI","Q50",998,"Disabling Damage",0,0,1,"Full Driver License","Valid","No",40,"Dry","Going Straight","Crossing Over (Passing Through) Junction","Unknown/Not Reported","Tracking","Stayed in original travel lane","4 DR",1,0,1,1,2,2,0,0,3
121539,6,14,12,"Motor Vehicle In-Transport","Front-to-Rear",2,2018,"CHEVROLET","EQUINOX",15,"Functional Damage",0,0,1,"Full Driver License","Valid","No",98,"Dry","Going Straight","From crossing street, across path","Unknown/Not Reported","Tracking","Stayed in original travel lane","SUV",1,1,1,0,2,2,0,2,2
121542,6,17,12,"Motor Vehicle In-Transport","Angle",1,2013,"FIAT","500",50,"Disabling Damage",1,0,1,"Full Driver License","Valid","No",40,"Dry","Going Straight","From opposite direction  over left lane line","Unknown/Not Reported","Tracking","Stayed in original travel lane","3 HB",0,1,0,0,0,0,1,2,0
121543,6,6,8,"Pedestrian","The First Harmful Event was Not a Collision with a Motor Vehicle in Transport",3,2017,"TOYOTA","RAV4",35,"Functional Damage",0,0,1,"Full Driver License","Valid","No",35,"Dry","Going Straight","Pedestrian in road","Steering left","Tracking","Stayed in original travel lane","SUV",1,1,1,1,2,2,0,1,3
121544,6,4,31,"Post, Pole or Other Supports","The First Harmful Event was Not a Collision with a Motor Vehicle in Transport",1,2012,"NISSAN","ALTIMA",40,"Disabling Damage",1,0,1,"Full Driver License","Valid","No",40,"Dry","Going Straight","Off the edge of the road on the right side","Unknown/Not Reported","Tracking","Departed roadway","4 DR",0,0,0,0,0,0,1,1,0
121545,6,13,42,"Tree (Standing Only)","The First Harmful Event was Not a Collision with a Motor Vehicle in Transport",1,2017,"NISSAN","ROGUE",55,"Disabling Damage",1,0,1,"Full Driver License","Valid","No",55,"Dry","Going Straight","Off the edge of the road on the left side","Unknown/Not Reported","Tracking","Departed roadway","SUV",1,0,1,1,2,2,0,0,3
121559,6,17,8,"Pedestrian","The First Harmful Event was Not a Collision with a Motor Vehicle in Transport",4,2021,"NISSAN","ROGUE",15,"Minor Damage",0,0,1,"Full Driver License","Valid","No",25,"Dry","Turning Right","Pedestrian in road","Unknown/Not Reported","Tracking","Stayed in original travel lane","SUV",1,0,1,1,1,1,0,5,3
121560,6,17,9,"Pedalcyclist","The First Harmful Event was Not a Collision with a Motor Vehicle in Transport",1,2016,"FORD","ESCAPE",35,"Minor Damage",0,0,1,"Full Driver License","Valid","No",45,"Dry","Going Straight","Pedalcyclist or other non-motorist in road","Unknown/Not Reported","Tracking","Stayed in original travel lane","SUV",1,0,0,0,0,0,0,0,1
121561,6,6,8,"Pedestrian","The First Harmful Event was Not a Collision with a Motor Vehicle in Transport",1,2015,"KIA","SORENTO",45,"Functional Damage",0,0,1,"Full Driver License","Valid","No",45,"Dry","Going Straight","Pedestrian in road","Unknown/Not Reported","Tracking","Stayed in original travel lane","SUV",1,1,0,0,0,0,0,1,1
121562,6,5,12,"Motor Vehicle In-Transport","Angle",1,2021,"KIA","SORENTO",998,"Functional Damage",0,0,1,"Full Driver License","Valid","No",50,"Dry","Going Straight","From crossing street, turning into same direction","Unknown/Not Reported","Tracking","Stayed in original travel lane","SUV",1,2,1,1,1,1,0,4,3
121567,6,2,12,"Motor Vehicle In-Transport","Front-to-Front",1,2014,"DODGE","CHARGER",60,"Disabling Damage",0,0,1,"Full Driver License","Valid","No",60,"Dry","Going Straight","Other vehicle stopped","No Avoidance Maneuver","Tracking","Stayed in original travel lane","4 DR",1,1,1,0,0,0,1,2,2
121570,6,2,12,"Motor Vehicle In-Transport","Front-to-Front",1,2018,"HYUNDAI","ELANTRA",70,"Disabling Damage",1,0,1,"Full Driver License","Valid","No",70,"Dry","Negotiating a Curve","Traveling in opposite direction","Unknown/Not Reported","Tracking","Stayed in original travel lane","4 DR",0,2,1,0,2,2,0,0,1
121571,6,17,12,"Motor Vehicle In-Transport","Sideswipe - Same Direction",1,2020,"HYUNDAI","TUCSON",55,"Minor Damage",0,0,1,"Full Driver License","Valid","No",55,"Dry","Changing Lanes","Over the lane line on right side of travel lane","Unknown/Not Reported","Tracking","Stayed on roadway, but left original travel lane","SUV",0,2,1,1,1,1,0,4,2
121578,6,20,12,"Motor Vehicle In-Transport","Angle",1,2022,"MITSUBISHI","OUTLANDER SPORT",25,"Disabling Damage",0,0,1,"Full Driver License","Valid","No",50,"Dry","Turning Left","Turning Left","Unknown/Not Reported","Tracking","Stayed in original travel lane","SUV",1,0,1,1,1,1,0,4,3
121586,6,7,12,"Motor Vehicle In-Transport","Front-to-Rear",3,2013,"NISSAN","PATHFINDER",15,"Functional Damage",0,0,1,"Full Driver License","Valid","No",40,"Dry","Turning Right","Turning Right","Unknown/Not Reported","Tracking","Stayed in original travel lane","SUV",0,1,0,0,0,0,1,2,0
121591,6,22,8,"Pedestrian","The First Harmful Event was Not a Collision with a Motor Vehicle in Transport",1,2017,"BMW","X1",40,"Disabling Damage",0,0,1,"Full Driver License","Valid","No",40,"Dry","Going Straight","Pedestrian in road","Unknown/Not Reported","Tracking","Stayed in original travel lane","SUV",0,1,0,1,2,2,0,2,1
121593,6,15,12,"Motor Vehicle In-Transport","Front-to-Rear",1,2012,"CHEVROLET","IMPALA",5,"Disabling Damage",0,0,1,"Full Driver License","Valid","No",45,"Dry","Making a U-turn","Making a U-Turn","Unknown/Not Reported","Tracking","Stayed in original travel lane","4 DR",0,0,0,0,0,0,1,2,0
121601,6,12,12,"Motor Vehicle In-Transport","Angle",3,2013,"TOYOTA","PRIUS",45,"Disabling Damage",0,0,1,"Full Driver License","Valid","No",55,"Dry","Going Straight","From crossing street, across path","Unknown/Not Reported","Tracking","Stayed in original travel lane","5 HB",0,1,0,1,2,2,1,2,1
121608,6,4,8,"Pedestrian","The First Harmful Event was Not a Collision with a Motor Vehicle in Transport",2,2021,"KIA","SPORTAGE",35,"Minor Damage",0,0,1,"Full Driver License","Valid","No",35,"Dry","Going Straight","Pedestrian in road","Unknown/Not Reported","Tracking","Stayed in original travel lane","SUV",1,2,1,1,1,1,0,4,3
121617,6,17,12,"Motor Vehicle In-Transport","Front-to-Front",1,2018,"CHEVROLET","TRAX",55,"Disabling Damage",0,0,1,"Full Driver License","Valid","No",60,"Dry","Going Straight","From opposite direction  over left lane line","Unknown/Not Reported","Tracking","Stayed in original travel lane","SUV",1,1,0,0,0,0,0,2,1
121618,6,2,42,"Tree (Standing Only)","The First Harmful Event was Not a Collision with a Motor Vehicle in Transport",2,2023,"TOYOTA","CAMRY",100,"Disabling Damage",1,0,1,"Full Driver License","Valid","No",55,"Dry","Going Straight","Off the edge of the road on the left side","Unknown/Not Reported","Tracking","Departed roadway","4 DR",1,1,1,1,1,1,0,5,3
121625,7,3,14,"Parked Motor Vehicle","The First Harmful Event was Not a Collision with a Motor Vehicle in Transport",3,2017,"MERCEDES-BENZ","E-CLASS",998,"Disabling Damage",1,0,1,"Full Driver License","Valid","No",98,"Dry","Going Straight","Unknown cause of control loss","Unknown/Not Reported","Tracking","Departed roadway","2 DR",1,1,1,1,1,1,0,4,3
121625,7,3,14,"Parked Motor Vehicle","The First Harmful Event was Not a Collision with a Motor Vehicle in Transport",3,2017,"MERCEDES-BENZ","E-CLASS",998,"Disabling Damage",1,0,1,"Full Driver License","Valid","No",98,"Dry","Going Straight","Unknown cause of control loss","Unknown/Not Reported","Tracking","Departed roadway","C",1,1,1,0,1,1,0,4,2
121629,6,17,12,"Motor Vehicle In-Transport","Front-to-Rear",1,2014,"CHEVROLET","CAMARO",10,"Disabling Damage",1,0,1,"Full Driver License","Valid","No",55,"Dry","Turning Right","Turning Right","Unknown/Not Reported","Tracking","Stayed in original travel lane","C",0,1,0,0,0,0,1,3,0
121630,7,15,42,"Tree (Standing Only)","The First Harmful Event was Not a Collision with a Motor Vehicle in Transport",2,2014,"BUICK","ENCORE",60,"Disabling Damage",1,0,1,"Full Driver License","Valid","No",60,"Dry","Going Straight","Off the edge of the road on the right side","Unknown/Not Reported","Tracking","Departed roadway","SUV",0,1,1,0,0,0,1,3,1
121631,6,14,12,"Motor Vehicle In-Transport","Angle",1,2015,"NISSAN","ROGUE",35,"Functional Damage",0,0,1,"Full Driver License","Valid","No",35,"Dry","Turning Left","Turning Left","Unknown/Not Reported","Tracking","Stayed in original travel lane","SUV",1,0,1,0,0,0,0,0,2
121634,6,14,12,"Motor Vehicle In-Transport","Sideswipe - Same Direction",3,2020,"CHEVROLET","TRAVERSE",70,"Disabling Damage",0,0,1,"Full Driver License","Valid","No",70,"Dry","Going Straight","From adjacent lane (same direction) over left lane line","Unknown/Not Reported","Tracking","Stayed in original travel lane","SUV",0,0,1,0,2,2,0,1,1
121637,7,18,12,"Motor Vehicle In-Transport","Angle",2,2016,"HONDA","ACCORD",15,"Disabling Damage",1,0,1,"Full Driver License","Valid","No",45,"Dry","Turning Left","Turning Left","Unknown/Not Reported","Tracking","Stayed in original travel lane","4 DR",0,1,1,1,2,2,0,2,2
121640,7,10,12,"Motor Vehicle In-Transport","Sideswipe - Opposite Direction",2,2022,"HONDA","CR-V",55,"Disabling Damage",1,0,1,"Full Driver License","Valid","No",55,"Dry","Going Straight","Over the lane line on left side of travel lane","Unknown/Not Reported","Tracking","Stayed on roadway, but left original travel lane","SUV",1,1,1,1,1,1,0,6,3
121640,7,10,12,"Motor Vehicle In-Transport","Sideswipe - Opposite Direction",4,2019,"TOYOTA","HIGHLANDER",55,"Disabling Damage",0,0,1,"Full Driver License","Valid","No",55,"Dry","Going Straight","From opposite direction  over left lane line","Unknown/Not Reported","Tracking","Stayed in original travel lane","SUV",0,1,1,1,1,1,0,5,2
121642,7,19,12,"Motor Vehicle In-Transport","Front-to-Front",2,2015,"HYUNDAI","SANTA FE",70,"Disabling Damage",0,0,1,"Full Driver License","Valid","No",70,"Dry","Going Straight","Traveling in same direction with lower steady speed","Steering right","Tracking","Stayed on roadway, but left original travel lane","SUV",0,1,0,0,0,0,0,2,0
121646,7,16,12,"Motor Vehicle In-Transport","Angle",1,2023,"SUBARU","WRX",83,"Disabling Damage",0,0,1,"Full Driver License","Valid","No",45,"Dry","Going Straight","From crossing street, turning into opposite direction","Unknown/Not Reported","Tracking","Stayed in original travel lane","4 DR",0,1,1,0,2,2,0,1,1
121647,7,18,12,"Motor Vehicle In-Transport","Angle",1,2012,"BUICK","REGAL",998,"Disabling Damage",1,0,1,"Full Driver License","Valid","No",45,"Dry","Going Straight","Crossing Over (Passing Through) Junction","Unknown/Not Reported","Tracking","Stayed in original travel lane","4 DR",0,1,0,0,0,0,1,3,0
121648,7,0,8,"Pedestrian","The First Harmful Event was Not a Collision with a Motor Vehicle in Transport",2,2020,"CHRYSLER","300",998,"Disabling Damage",0,0,1,"Full Driver License","Valid","No",98,"Dry","Going Straight","Pedestrian in road","Unknown/Not Reported","Tracking","Stayed in original travel lane","4 DR",0,1,1,0,2,2,0,1,1
121651,7,21,8,"Pedestrian","The First Harmful Event was Not a Collision with a Motor Vehicle in Transport",1,2017,"FORD","ESCAPE",50,"Disabling Damage",0,0,1,"Full Driver License","Valid","No",50,"Dry","Going Straight","Pedestrian in road","Unknown/Not Reported","Tracking","Stayed in original travel lane","SUV",1,0,1,1,0,0,0,1,3
121654,6,22,8,"Pedestrian","The First Harmful Event was Not a Collision with a Motor Vehicle in Transport",1,2011,"HYUNDAI","SONATA",45,"Disabling Damage",0,0,1,"Full Driver License","Valid","No",45,"Dry","Going Straight","Pedestrian in road","Unknown/Not Reported","Tracking","Stayed in original travel lane","4 DR",0,2,0,0,0,0,1,1,0