"SERIAL_CRASH","MONTH","HOUR","HARM_EV","HARM_EVNAME","TYPE_OF_COLLIOSION","NUM_OF_PEOPLE","MOD_YEAR","VPICMAKENAME","VPICMODELNAME","TRAV_SP","DEFORMEDNAME","DEATHS","DR_DRINK","IS_DRIVER_PRESENT","L_TYPENAME","L_STATUSNAME","SPEEDRELNAME","VSPD_LIM","VSURCONDNAME","P_CRASH1NAME","P_CRASH2NAME","P_CRASH3NAME","PCRASH4NAME","PCRASH5NAME","BODY_STYLE","BLIND_SPOT_DETECTION","ARS","FRNT_COLLISION_WARNING","LANE_DEPARTURE_WARNING","CRASH_IMMINENT_BRAKE","DYNAMIC_BRAKE_SUPPORT","NHTSA_ESC","SAFETY_COUNT","notification_count"
121655,6,2,12,"Motor Vehicle In-Transport","Sideswipe - Same Direction",3,2021,"NISSAN","SENTRA",40,"Disabling Damage",0,0,1,"Full Driver License","Valid","No",40,"Dry","Going Straight","From adjacent lane (same direction) over left lane line","Unknown/Not Reported","Tracking","Stayed in original travel lane","4 DR",1,0,1,1,1,1,0,5,3
121655,6,2,12,"Motor Vehicle In-Transport","Sideswipe - Same Direction",1,2013,"MITSUBISHI","LANCER",40,"Disabling Damage",0,0,1,"Full Driver License","Valid","No",40,"Dry","Going Straight","Traveling in same direction with higher speed","Unknown/Not Reported","Tracking","Stayed in original travel lane","4 DR",0,1,0,0,0,0,1,2,0
121663,7,23,12,"Motor Vehicle In-Transport","Front-to-Rear",1,2015,"NISSAN","ALTIMA",55,"Disabling Damage",0,0,1,"Full Driver License","Valid","No",55,"Dry","Going Straight","Traveling in same direction with lower steady speed","Unknown/Not Reported","Tracking","Stayed in original travel lane","4 DR",0,0,0,1,0,0,0,0,1
121667,7,12,12,"Motor Vehicle In-Transport","Front-to-Front",1,2017,"FORD","ESCAPE",60,"Disabling Damage",0,0,1,"Full Driver License","Valid","No",60,"Dry","Negotiating a Curve","Over the lane line on left side of travel lane","Unknown/Not Reported","Tracking","Stayed on roadway, but left original travel lane","SUV",0,0,1,1,0,0,0,1,2
121667,7,12,12,"Motor Vehicle In-Transport","Front-to-Front",1,2014,"FORD","ESCAPE",60,"Disabling Damage",1,0,1,"Full Driver License","Valid","No",60,"Dry","Negotiating a Curve","From opposite direction  over left lane line","Unknown/Not Reported","Tracking","Stayed in original travel lane","SUV",1,0,0,0,0,0,1,1,1
121671,6,10,1,"Rollover/Overturn","The First Harmful Event was Not a Collision with a Motor Vehicle in Transport",2,2012,"MAZDA","CX-9",70,"Disabling Damage",2,0,1,"Full Driver License","Valid","No",70,"Dry","Negotiating a Curve","Off the edge of the road on the right side","Unknown/Not Reported","Tracking","Departed roadway","SUV",0,1,0,0,0,0,1,2,0
121672,7,5,1,"Rollover/Overturn","The First Harmful Event was Not a Collision with a Motor Vehicle in Transport",1,2018,"HONDA","ACCORD",70,"Disabling Damage",1,0,1,"Full Driver License","Valid","No",70,"Dry","Going Straight","Off the edge of the road on the left side","Steering right","Skidding laterally clockwise rotation","Departed roadway","4 DR",0,1,1,1,1,1,0,5,2
121674,7,14,12,"Motor Vehicle In-Transport","Angle",5,2023,"HYUNDAI","SANTA FE",10,"Disabling Damage",0,0,1,"Full Driver License","Valid","No",35,"Dry","Turning Left","Turning Left","Unknown/Not Reported","Tracking","Stayed on roadway, but left original travel lane","SUV",1,0,1,1,1,1,0,5,3
121676,6,20,12,"Motor Vehicle In-Transport","Angle",2,2017,"CADILLAC","ESCALADE",45,"Disabling Damage",1,0,1,"Full Driver License","Valid","No",45,"Dry","Going Straight","From opposite direction  over left lane line","Unknown/Not Reported","Tracking","Stayed in original travel lane","SUV",0,1,1,1,2,2,0,2,2
121678,7,21,8,"Pedestrian","The First Harmful Event was Not a Collision with a Motor Vehicle in Transport",1,2018,"HYUNDAI","SANTA FE SPORT",55,"Disabling Damage",0,0,1,"Full Driver License","Valid","No",55,"Dry","Negotiating a Curve","Pedestrian in road","Unknown/Not Reported","Tracking","Stayed in original travel lane","SUV",1,2,0,1,2,2,0,0,2
121679,7,7,12,"Motor Vehicle In-Transport","Angle",1,2019,"FORD","FUSION",15,"Functional Damage",0,0,1,"Full Driver License","Valid","No",25,"Dry","Turning Left","Turning Left","Unknown/Not Reported","Tracking","Stayed in original travel lane","4 DR",0,1,1,1,1,1,0,6,2
121680,6,23,12,"Motor Vehicle In-Transport","Angle",2,2019,"JEEP","CHEROKEE",5,"Disabling Damage",0,0,1,"Full Driver License","Valid","No",45,"Dry","Turning Left","Turning Left","Unknown/Not Reported","Tracking","Stayed in original travel lane","SUV",0,1,1,0,2,2,0,1,1
121682,6,20,12,"Motor Vehicle In-Transport","Angle",4,2019,"JEEP","GRAND CHEROKEE",35,"Functional Damage",0,0,1,"Full Driver License","Valid","No",35,"Dry","Going Straight","From crossing street, across path","Unknown/Not Reported","Tracking","Stayed in original travel lane","SUV",1,0,1,1,2,2,0,0,3
121682,6,20,12,"Motor Vehicle In-Transport","Angle",4,2020,"TOYOTA","HIGHLANDER",0,"Minor Damage",0,0,1,"Full Driver License","Valid","No",35,"Dry","Stopped in Roadway","From crossing street, across path","No Avoidance Maneuver","Tracking","Stayed in original travel lane","SUV",0,1,1,1,1,1,0,6,2
121683,6,22,53,"Mail Box","The First Harmful Event was Not a Collision with a Motor Vehicle in Transport",3,2017,"JEEP","GRAND CHEROKEE",998,"Disabling Damage",1,0,1,"Full Driver License","Valid","No",55,"Dry","Going Straight","Off the edge of the road on the right side","Unknown/Not Reported","Tracking","Departed roadway","SUV",1,0,0,1,2,2,0,0,2
121689,7,21,8,"Pedestrian","The First Harmful Event was Not a Collision with a Motor Vehicle in Transport",1,2017,"JEEP","WRANGLER",40,"Functional Damage",0,0,1,"Full Driver License","Valid","No",50,"Dry","Going Straight","Pedestrian in road","Unknown/Not Reported","Tracking","Stayed in original travel lane","SUV",0,0,0,0,0,0,0,0,0
121692,7,13,12,"Motor Vehicle In-Transport","Front-to-Front",2,2012,"KIA","OPTIMA",998,"Disabling Damage",0,0,1,"Full Driver License","Valid","No",45,"Dry","Negotiating a Curve","From opposite direction  over left lane line","Unknown/Not Reported","Tracking","Stayed in original travel lane","4 DR",0,1,0,0,0,0,1,2,0
121697,7,7,12,"Motor Vehicle In-Transport","Angle",1,2020,"CHEVROLET","TRAVERSE",15,"Disabling Damage",0,0,1,"Full Driver License","Valid","No",25,"Dry","Going Straight","From crossing street, across path","Unknown/Not Reported","Tracking","Stayed in original travel lane","SUV",0,0,0,1,2,2,0,1,1
121698,7,20,12,"Motor Vehicle In-Transport","Sideswipe - Opposite Direction",1,2019,"CHEVROLET","COLORADO",45,"Minor Damage",0,0,1,"Full Driver License","Valid","No",45,"Dry","Going Straight","Traveling in opposite direction","Unknown/Not Reported","Tracking","Stayed in original travel lane","PU/CC",0,1,0,1,0,0,0,1,1
121698,7,20,12,"Motor Vehicle In-Transport","Sideswipe - Opposite Direction",1,2014,"FORD","FUSION",45,"Disabling Damage",1,0,1,"Full Driver License","Valid","No",45,"Dry","Going Straight","Traveling in opposite direction","Unknown/Not Reported","Tracking","Stayed in original travel lane","4 DR",0,1,0,0,0,0,1,2,0
121703,7,8,12,"Motor Vehicle In-Transport","Front-to-Rear",1,2013,"HONDA","INSIGHT",0,"Disabling Damage",0,0,1,"Full Driver License","Valid","No",70,"Dry","Stopped in Roadway","Traveling in same direction with higher speed","No Avoidance Maneuver","Tracking","Stayed in original travel lane","5 HB",0,0,0,0,0,0,1,1,0
121703,7,8,12,"Motor Vehicle In-Transport","Front-to-Rear",1,2016,"CHEVROLET","CORVETTE",70,"Disabling Damage",1,0,1,"Full Driver License","Valid","No",70,"Dry","Going Straight","Other vehicle stopped","Unknown/Not Reported","Tracking","Stayed in original travel lane","C",0,1,0,0,0,0,0,2,0
121707,7,16,12,"Motor Vehicle In-Transport","Angle",1,2019,"NISSAN","ROGUE SPORT",65,"Disabling Damage",0,0,1,"Full Driver License","Valid","No",65,"Dry","Going Straight","From driveway, turning into opposite direction","Unknown/Not Reported","Tracking","Stayed in original travel lane","SUV",1,0,1,0,1,1,0,4,2
121708,7,22,12,"Motor Vehicle In-Transport","Front-to-Rear",1,2022,"TOYOTA","COROLLA",20,"Disabling Damage",0,0,1,"Full Driver License","Valid","No",40,"Dry","Going Straight","Traveling in same direction with higher speed","Unknown/Not Reported","Tracking","Stayed in original travel lane","4 DR",1,1,1,1,1,1,0,6,3
121709,7,4,53,"Mail Box","The First Harmful Event was Not a Collision with a Motor Vehicle in Transport",1,2015,"HYUNDAI","SANTA FE",25,"Disabling Damage",1,0,1,"Full Driver License","Valid","No",25,"Dry","Going Straight","Off the edge of the road on the right side","Unknown/Not Reported","Tracking","Departed roadway","SUV",0,1,0,0,0,0,0,2,0
121712,7,10,8,"Pedestrian","The First Harmful Event was Not a Collision with a Motor Vehicle in Transport",1,2013,"TOYOTA","TACOMA",65,"Disabling Damage",0,0,1,"Full Driver License","Valid","No",65,"Dry","Going Straight","Pedestrian in road","Unknown/Not Reported","Tracking","Stayed in original travel lane","PU/CC",0,0,0,0,0,0,1,1,0
121714,7,6,9,"Pedalcyclist","The First Harmful Event was Not a Collision with a Motor Vehicle in Transport",1,2011,"TOYOTA","SIENNA",35,"Functional Damage",0,0,1,"Full Driver License","Valid","No",35,"Dry","Going Straight","Pedalcyclist or other non-motorist in road","Unknown/Not Reported","Tracking","Stayed in original travel lane","VAN",0,1,0,0,0,0,1,2,0
121715,7,9,12,"Motor Vehicle In-Transport","Sideswipe - Same Direction",1,2019,"BUICK","ENCORE",40,"Disabling Damage",0,0,1,"Full Driver License","Valid","No",55,"Dry","Going Straight","From adjacent lane (same direction) over left lane line","Unknown/Not Reported","Tracking","Stayed in original travel lane","SUV",0,1,1,0,0,0,0,2,1
121717,7,2,12,"Motor Vehicle In-Transport","Front-to-Rear",3,2015,"CHEVROLET","EQUINOX",45,"Disabling Damage",0,0,1,"Full Driver License","Valid","No",45,"Dry","Going Straight","Traveling in same direction with higher speed","Unknown/Not Reported","Tracking","Stayed in original travel lane","SUV",0,1,1,0,0,0,0,2,1
121718,7,16,12,"Motor Vehicle In-Transport","Angle",1,2020,"NISSAN","MAXIMA",45,"Disabling Damage",0,0,1,"Full Driver License","Valid","No",45,"Dry","Going Straight","Crossing Over (Passing Through) Junction","Unknown/Not Reported","Tracking","Stayed in original travel lane","4 DR",1,1,1,1,1,1,0,6,3
121719,7,20,53,"Mail Box","The First Harmful Event was Not a Collision with a Motor Vehicle in Transport",1,2020,"CHEVROLET","BOLT EV",60,"Disabling Damage",1,0,1,"Full Driver License","Valid","No",60,"Dry","Negotiating a Curve","Off the edge of the road on the right side","Unknown/Not Reported","Tracking","Departed roadway","5 HB",1,1,0,1,2,2,0,2,2
121725,7,3,12,"Motor Vehicle In-Transport","Front-to-Front",1,2016,"TOYOTA","COROLLA",40,"Disabling Damage",1,0,1,"Full Driver License","Valid","No",50,"Dry","Turning Left","Turning Left","Unknown/Not Reported","Tracking","Stayed on roadway, but left original travel lane","4 DR",0,1,0,0,0,0,0,1,0
121727,7,7,12,"Motor Vehicle In-Transport","Angle",1,2022,"HYUNDAI","KONA",55,"Disabling Damage",1,0,1,"Full Driver License","Valid","No",55,"Dry","Going Straight","Crossing Over (Passing Through) Junction","Unknown/Not Reported","Tracking","Stayed in original travel lane","SUV",1,2,1,1,1,1,0,4,3
121731,7,18,30,"Utility Pole/Light Support","The First Harmful Event was Not a Collision with a Motor Vehicle in Transport",4,2020,"HYUNDAI","PALISADE",60,"Disabling Damage",2,0,1,"Full Driver License","Valid","No",60,"Dry","Going Straight","Off the edge of the road on the right side","Unknown/Not Reported","Tracking","Departed roadway","SUV",0,1,1,1,1,1,0,5,2
121734,7,20,8,"Pedestrian","The First Harmful Event was Not a Collision with a Motor Vehicle in Transport",1,2019,"HYUNDAI","ELANTRA",45,"Disabling Damage",0,0,1,"Full Driver License","Valid","No",45,"Dry","Going Straight","Pedestrian in road","Unknown/Not Reported","Tracking","Stayed in original travel lane","4 DR",0,2,1,1,2,2,0,0,2
121739,7,20,42,"Tree (Standing Only)","The First Harmful Event was Not a Collision with a Motor Vehicle in Transport",1,2022,"HONDA","CR-V",30,"Disabling Damage",1,0,1,"Full Driver License","Valid","No",30,"Dry","Going Straight","Off the edge of the road on the left side","Unknown/Not Reported","Tracking","Departed roadway","SUV",0,1,1,1,1,1,0,6,2
121745,7,12,8,"Pedestrian","The First Harmful Event was Not a Collision with a Motor Vehicle in Transport",2,2021,"TOYOTA","CAMRY",10,"Minor Damage",0,0,1,"Full Driver License","Valid","No",10,"Dry","Going Straight","Pedestrian in road","Unknown/Not Reported","Tracking","Stayed in original travel lane","4 DR",1,1,1,1,1,1,0,6,3
121747,7,2,8,"Pedestrian","The First Harmful Event was Not a Collision with a Motor Vehicle in Transport",1,2022,"HONDA","ACCORD",65,"Disabling Damage",0,0,1,"Full Driver License","Valid","No",65,"Dry","Going Straight","Pedestrian in road","Unknown/Not Reported","Tracking","Stayed in original travel lane","4 DR",0,1,1,1,1,1,0,6,2
121751,5,4,42,"Tree (Standing Only)","The First Harmful Event was Not a Collision with a Motor Vehicle in Transport",1,2021,"TOYOTA","COROLLA",50,"Disabling Damage",1,0,1,"Full Driver License","Valid","No",45,"Dry","Going Straight","Off the edge of the road on the left side","No Avoidance Maneuver","Tracking","Departed roadway","4 DR",0,1,1,1,1,1,0,6,2
121752,2,13,12,"Motor Vehicle In-Transport","Front-to-Rear",1,2016,"HYUNDAI","SANTA FE",998,"Disabling Damage",0,0,1,"Full Driver License","Valid","No",40,"Dry","Going Straight","Traveling in same direction while decelerating","Unknown/Not Reported","Tracking","Stayed in original travel lane","SUV",0,1,0,0,0,0,0,2,0
121752,2,13,12,"Motor Vehicle In-Transport","Front-to-Rear",1,2013,"TOYOTA","SIENNA",998,"Disabling Damage",1,0,1,"Full Driver License","Valid","No",40,"Dry","Decelerating in Road","Traveling in same direction with higher speed","Unknown/Not Reported","Tracking","Stayed in original travel lane","VAN",0,1,0,0,2,2,1,2,0
121761,7,20,9,"Pedalcyclist","The First Harmful Event was Not a Collision with a Motor Vehicle in Transport",1,2019,"LAND ROVER","RANGE ROVER",50,"Functional Damage",0,0,1,"Full Driver License","Valid","No",55,"Dry","Going Straight","Pedalcyclist or other non-motorist in road","No Avoidance Maneuver","Tracking","Stayed in original travel lane","SUV",0,1,1,1,1,2,0,5,2
121762,6,20,12,"Motor Vehicle In-Transport","Angle",2,2013,"SUBARU","OUTBACK",20,"Functional Damage",0,0,1,"Full Driver License","Valid","No",40,"Dry","Turning Left","Turning Left","Unknown/Not Reported","Tracking","Stayed in original travel lane","SUV",0,1,0,1,2,2,1,2,1
121764,7,8,12,"Motor Vehicle In-Transport","Angle",1,2011,"NISSAN","ALTIMA",30,"Disabling Damage",1,0,1,"Full Driver License","Valid","No",40,"Dry","Turning Left","Turning Left","Unknown/Not Reported","Tracking","Stayed in original travel lane","2 DR",0,1,0,0,0,0,1,2,0
121765,7,20,12,"Motor Vehicle In-Transport","Angle",2,2015,"BUICK","VERANO",10,"Disabling Damage",0,0,1,"Full Driver License","Valid","No",40,"Dry","Turning Left","Turning Left","Unknown/Not Reported","Tracking","Stayed in original travel lane","4 DR",1,1,1,1,0,0,0,2,3
121768,7,11,12,"Motor Vehicle In-Transport","Front-to-Rear",1,2016,"JEEP","WRANGLER",0,"Functional Damage",0,0,1,"Full Driver License","Valid","No",55,"Dry","Stopped in Roadway","Traveling in same direction with higher speed","No Avoidance Maneuver","Tracking","Stayed in original travel lane","4 DR",0,0,0,0,0,0,0,0,0
121771,7,16,1,"Rollover/Overturn","The First Harmful Event was Not a Collision with a Motor Vehicle in Transport",4,2022,"BMW","X7",65,"Disabling Damage",1,0,1,"Full Driver License","Valid","No",65,"Dry","Going Straight","Off the edge of the road on the right side","Steering left","Skidding laterally clockwise rotation","Departed roadway","SUV",0,1,0,0,0,0,0,2,0
121786,6,4,12,"Motor Vehicle In-Transport","Front-to-Rear",1,2019,"HONDA","HR-V",62,"Disabling Damage",0,0,1,"Full Driver License","Valid","No",55,"Dry","Going Straight","Other vehicle stopped","Unknown/Not Reported","Tracking","Stayed in original travel lane","SUV",0,1,0,0,2,2,0,1,0
121786,6,4,12,"Motor Vehicle In-Transport","Front-to-Rear",1,2011,"NISSAN","VERSA",0,"Disabling Damage",1,0,1,"Full Driver License","Valid","No",55,"Dry","Stopped in Roadway","Traveling in same direction with higher speed","No Avoidance Maneuver","Tracking","Stayed in original travel lane","4 DR",0,1,0,0,0,0,2,1,0
121786,6,4,12,"Motor Vehicle In-Transport","Front-to-Rear",1,2014,"FORD","ESCAPE",0,"Disabling Damage",0,0,1,"Full Driver License","Valid","No",55,"Dry","Stopped in Roadway","Traveling in same direction with higher speed","No Avoidance Maneuver","Tracking","Stayed in original travel lane","SUV",1,0,0,0,0,0,1,1,1
121787,6,8,12,"Motor Vehicle In-Transport","Front-to-Rear",2,2023,"HYUNDAI","TUCSON",50,"Disabling Damage",0,0,1,"Full Driver License","Valid","No",50,"Dry","Going Straight","Traveling in same direction with higher speed","Unknown/Not Reported","Tracking","Stayed in original travel lane","SUV",1,2,1,1,1,1,0,5,3
121787,6,8,12,"Motor Vehicle In-Transport","Front-to-Rear",2,2013,"HYUNDAI","SONATA",50,"Disabling Damage",2,0,1,"Full Driver License","Valid","No",50,"Dry","Going Straight","From opposite direction  over left lane line","Unknown/Not Reported","Tracking","Stayed in original travel lane","4 DR",0,1,0,0,0,0,1,2,0
121793,7,5,8,"Pedestrian","The First Harmful Event was Not a Collision with a Motor Vehicle in Transport",1,2015,"HONDA","ACCORD",998,"Disabling Damage",0,0,1,"Full Driver License","Valid","No",30,"Dry","Going Straight","Pedestrian in road","Unknown/Not Reported","Tracking","Stayed in original travel lane","4 DR",0,1,1,0,0,0,0,2,1
121794,7,19,12,"Motor Vehicle In-Transport","Angle",3,2018,"GMC","TERRAIN",15,"Disabling Damage",0,0,1,"Full Driver License","Valid","No",55,"Dry","Going Straight","Crossing Over (Passing Through) Junction","Unknown/Not Reported","Tracking","Stayed in original travel lane","SUV",1,1,1,0,2,0,0,2,2
121800,7,3,8,"Pedestrian","The First Harmful Event was Not a Collision with a Motor Vehicle in Transport",1,2016,"HONDA","CR-V",45,"Functional Damage",0,0,1,"Full Driver License","Valid","No",45,"Dry","Going Straight","Pedestrian in road","Unknown/Not Reported","Tracking","Stayed in original travel lane","SUV",0,1,1,0,2,2,0,1,1
121802,7,10,12,"Motor Vehicle In-Transport","Front-to-Rear",1,2021,"CHEVROLET","TRAVERSE",70,"Disabling Damage",0,0,1,"Learner's Permit","Valid","No",40,"Dry","Going Straight","Traveling in same direction with lower steady speed","Unknown/Not Reported","Tracking","Stayed in original travel lane","SUV",0,1,0,1,2,2,0,2,1
121802,7,10,12,"Motor Vehicle In-Transport","Front-to-Rear",2,2017,"NISSAN","VERSA",25,"Disabling Damage",1,0,1,"Full Driver License","Valid","No",40,"Dry","Going Straight","Traveling in same direction with higher speed","Unknown/Not Reported","Tracking","Stayed in original travel lane","4 DR",0,0,0,0,0,0,0,0,0
121802,7,10,12,"Motor Vehicle In-Transport","Front-to-Rear",2,2018,"MERCEDES-BENZ","CLA-CLASS",25,"Disabling Damage",0,0,1,"Full Driver License","Valid","No",40,"Dry","Going Straight","Traveling in same direction with higher speed","Unknown/Not Reported","Tracking","Stayed in original travel lane","4 DR",0,1,1,0,1,1,0,4,1
121803,7,7,12,"Motor Vehicle In-Transport","Front-to-Rear",2,2020,"VOLKSWAGEN","TIGUAN",5,"Disabling Damage",1,0,1,"Full Driver License","Valid","No",70,"Dry","Going Straight","Traveling in same direction with higher speed","Unknown/Not Reported","Tracking","Stayed in original travel lane","SUV",1,1,1,1,1,1,0,5,3
121803,7,7,12,"Motor Vehicle In-Transport","Front-to-Rear",1,2019,"TOYOTA","CAMRY",2,"Disabling Damage",0,0,1,"Full Driver License","Valid","No",70,"Dry","Going Straight","Traveling in same direction with higher speed","Unknown/Not Reported","Tracking","Stayed in original travel lane","4 DR",0,1,1,1,1,1,0,5,2
121803,7,7,12,"Motor Vehicle In-Transport","Front-to-Rear",1,2019,"MERCEDES-BENZ","GLS-CLASS",0,"Functional Damage",0,0,1,"Full Driver License","Valid","No",70,"Dry","Stopped in Roadway","Traveling in same direction with higher speed","No Avoidance Maneuver","Tracking","Stayed in original travel lane","SUV",0,1,1,1,1,1,0,5,2
121803,7,7,12,"Motor Vehicle In-Transport","Front-to-Rear",1,2019,"TOYOTA","CAMRY",0,"Functional Damage",0,0,1,"Full Driver License","Valid","No",70,"Dry","Stopped in Roadway","Traveling in same direction with higher speed","No Avoidance Maneuver","Tracking","Stayed in original travel lane","4 DR",0,1,1,1,1,1,0,5,2
121804,7,13,12,"Motor Vehicle In-Transport","Angle",2,2021,"KIA","SOUL",15,"Disabling Damage",2,0,1,"Full Driver License","Valid","No",45,"Dry","Turning Left","Turning Left","Unknown/Not Reported","Tracking","Stayed on roadway, but left original travel lane","SUV",1,2,1,0,2,2,0,0,2
121805,7,7,12,"Motor Vehicle In-Transport","Front-to-Rear",4,2016,"RAM","1500",55,"Disabling Damage",1,0,1,"Full Driver License","Valid","No",55,"Dry","Passing or Overtaking Another Vehicle","Over the lane line on right side of travel lane","Unknown/Not Reported","Tracking","Stayed on roadway, but left original travel lane","PU/RC",0,0,0,0,0,0,0,0,0
121808,7,14,12,"Motor Vehicle In-Transport","Front-to-Front",1,2020,"MAZDA","CX-5",45,"Disabling Damage",1,0,1,"Full Driver License","Valid","No",45,"Dry","Going Straight","Over the lane line on left side of travel lane","No Avoidance Maneuver","Tracking","Stayed on roadway, but left original travel lane","SUV",1,1,0,0,2,2,0,3,1
121811,7,21,9,"Pedalcyclist","The First Harmful Event was Not a Collision with a Motor Vehicle in Transport",1,2015,"CHEVROLET","MALIBU",45,"Functional Damage",0,0,1,"Full Driver License","Valid","No",45,"Dry","Negotiating a Curve","Pedalcyclist or other non-motorist in road","Unknown/Not Reported","Tracking","Stayed in original travel lane","4 DR",0,0,0,0,0,0,0,1,0
121812,7,11,12,"Motor Vehicle In-Transport","Angle",3,2018,"FORD","ESCAPE",10,"Disabling Damage",0,0,1,"Full Driver License","Valid","No",30,"Dry","Turning Left","Turning Left","Unknown/Not Reported","Tracking","Stayed in original travel lane","SUV",0,0,0,1,0,0,0,1,1
121814,7,15,12,"Motor Vehicle In-Transport","Front-to-Rear",1,2017,"JEEP","RENEGADE",0,"Disabling Damage",0,0,1,"Full Driver License","Valid","No",70,"Dry","Stopped in Roadway","Traveling in same direction with higher speed","No Avoidance Maneuver","Tracking","Stayed in original travel lane","SUV",0,0,0,0,2,2,0,0,0
121814,7,15,12,"Motor Vehicle In-Transport","Front-to-Rear",4,2020,"NISSAN","ROGUE",0,"Disabling Damage",0,0,1,"Full Driver License","Valid","No",70,"Dry","Stopped in Roadway","Traveling in same direction with higher speed","No Avoidance Maneuver","Tracking","Stayed in original travel lane","SUV",1,1,1,1,1,1,0,6,3
121818,7,6,8,"Pedestrian","The First Harmful Event was Not a Collision with a Motor Vehicle in Transport",1,2020,"HYUNDAI","SONATA",45,"Disabling Damage",0,0,1,"Full Driver License","Valid","No",45,"Dry","Going Straight","Pedestrian in road","Unknown/Not Reported","Tracking","Stayed in original travel lane","4 DR",0,1,1,1,1,1,0,5,2
121818,7,6,8,"Pedestrian","The First Harmful Event was Not a Collision with a Motor Vehicle in Transport",1,2023,"KIA","SORENTO",45,"Functional Damage",0,0,1,"Full Driver License","Valid","No",45,"Dry","Going Straight","Other critical precrash event (specify:)","Unknown/Not Reported","Tracking","Stayed in original travel lane","SUV",1,0,1,1,1,1,0,5,3
121822,7,18,12,"Motor Vehicle In-Transport","Angle",3,2014,"VOLKSWAGEN","TIGUAN",10,"Disabling Damage",0,0,1,"Full Driver License","Valid","No",45,"Dry","Turning Left","Turning Left","Unknown/Not Reported","Tracking","Stayed in original travel lane","SUV",0,1,0,0,0,0,1,2,0
121826,7,20,8,"Pedestrian","The First Harmful Event was Not a Collision with a Motor Vehicle in Transport",1,2023,"TOYOTA","CAMRY",25,"Minor Damage",0,0,1,"Full Driver License","Valid","No",50,"Dry","Decelerating in Road","Pedestrian in road","No Avoidance Maneuver","Tracking","Stayed in original travel lane","4 DR",0,1,1,1,1,1,0,5,2
121827,7,0,8,"Pedestrian","The First Harmful Event was Not a Collision with a Motor Vehicle in Transport",1,2016,"TOYOTA","TUNDRA",35,"Minor Damage",0,0,1,"Full Driver License","Valid","No",40,"Dry","Going Straight","Pedestrian in road","Unknown/Not Reported","Tracking","Stayed in original travel lane","PU/CC",0,1,0,0,0,0,0,1,0
121829,7,12,12,"Motor Vehicle In-Transport","Angle",1,2017,"MERCEDES-BENZ","GLE-CLASS",0,"Disabling Damage",1,0,1,"Full Driver License","Valid","No",30,"Dry","Stopped in Roadway","From crossing street, across path","No Avoidance Maneuver","Tracking","Stayed in original travel lane","SUV",1,1,1,1,2,1,0,3,3
121829,7,12,12,"Motor Vehicle In-Transport","Angle",1,2022,"HYUNDAI","VENUE",40,"Functional Damage",0,0,1,"Full Driver License","Valid","No",45,"Dry","Going Straight","From adjacent lane (same direction) over right lane line","Unknown/Not Reported","Tracking","Stayed in original travel lane","5 HB",1,2,1,1,1,1,0,4,3
121831,6,17,12,"Motor Vehicle In-Transport","Front-to-Rear",3,2013,"CHEVROLET","TAHOE",0,"Disabling Damage",0,0,1,"Full Driver License","Valid","No",45,"Dry","Stopped in Roadway","Traveling in same direction with higher speed","No Avoidance Maneuver","Tracking","Stayed in original travel lane","SUV",0,1,0,0,0,0,1,3,0
121833,7,3,12,"Motor Vehicle In-Transport","Angle",1,2014,"CHEVROLET","IMPALA LIMITED",40,"Disabling Damage",1,0,1,"Learner's Permit","Valid","No",40,"Dry","Going Straight","From crossing street, across path","Unknown/Not Reported","Tracking","Stayed in original travel lane","4 DR",0,0,0,1,0,0,1,2,1
121834,7,3,12,"Motor Vehicle In-Transport","Front-to-Rear",1,2022,"TESLA","MODEL 3",90,"Disabling Damage",0,0,1,"Full Driver License","Valid","No",55,"Dry","Going Straight","Traveling in same direction with lower steady speed","Steering left","Tracking","Stayed in original travel lane","4 DR",1,1,1,1,1,1,0,6,3
121834,7,3,12,"Motor Vehicle In-Transport","Front-to-Rear",4,2023,"JEEP","GLADIATOR",65,"Disabling Damage",1,0,1,"Full Driver License","Valid","No",55,"Dry","Going Straight","Traveling in same direction with higher speed","Unknown/Not Reported","Tracking","Stayed in original travel lane","PU/CC",1,0,1,0,2,2,0,0,2
121834,7,3,12,"Motor Vehicle In-Transport","Front-to-Rear",2,2015,"CHEVROLET","IMPALA",65,"Disabling Damage",0,0,1,"Full Driver License","Valid","No",55,"Dry","Going Straight","Traveling in same direction with higher speed","Unknown/Not Reported","Tracking","Stayed in original travel lane","4 DR",0,1,0,1,2,0,0,2,1
121836,7,2,12,"Motor Vehicle In-Transport","Front-to-Front",1,2020,"KIA","FORTE",50,"Disabling Damage",1,0,1,"Full Driver License","Valid","No",55,"Dry","Going Straight","Over the lane line on left side of travel lane","Unknown/Not Reported","Tracking","Stayed on roadway, but left original travel lane","4 DR",1,2,1,1,1,1,0,5,3
121836,7,2,12,"Motor Vehicle In-Transport","Front-to-Front",1,2018,"NISSAN","ROGUE",50,"Disabling Damage",0,0,1,"Full Driver License","Valid","No",55,"Dry","Going Straight","From opposite direction  over left lane line","Unknown/Not Reported","Tracking","Stayed in original travel lane","SUV",1,1,1,1,2,2,0,3,3
121840,7,10,33,"Curb","The First Harmful Event was Not a Collision with a Motor Vehicle in Transport",2,2021,"DODGE","DURANGO",25,"Disabling Damage",1,0,1,"Full Driver License","Valid","No",45,"Dry","Going Straight","Unknown cause of control loss","Unknown/Not Reported","Tracking","Departed roadway","SUV",1,0,1,1,2,2,0,0,3