"SERIAL_CRASH","MONTH","HOUR","HARM_EV","HARM_EVNAME","TYPE_OF_COLLIOSION","NUM_OF_PEOPLE","MOD_YEAR","VPICMAKENAME","VPICMODELNAME","TRAV_SP","DEFORMEDNAME","DEATHS","DR_DRINK","IS_DRIVER_PRESENT","L_TYPENAME","L_STATUSNAME","SPEEDRELNAME","VSPD_LIM","VSURCONDNAME","P_CRASH1NAME","P_CRASH2NAME","P_CRASH3NAME","PCRASH4NAME","PCRASH5NAME","BODY_STYLE","BLIND_SPOT_DETECTION","ARS","FRNT_COLLISION_WARNING","LANE_DEPARTURE_WARNING","CRASH_IMMINENT_BRAKE","DYNAMIC_BRAKE_SUPPORT","NHTSA_ESC","SAFETY_COUNT","notification_count"
122435,8,21,8,"Pedestrian","The First Harmful Event was Not a Collision with a Motor Vehicle in Transport",1,2014,"TOYOTA","CAMRY",65,"Disabling Damage",0,0,1,"Full Driver License","Valid","No",50,"Dry","Going Straight","Pedestrian in road","Braking","Tracking","Stayed in original travel lane","4 DR",0,0,0,0,0,0,1,1,0
122436,10,23,12,"Motor Vehicle In-Transport","Front-to-Front",1,2013,"HYUNDAI","GENESIS",15,"Functional Damage",0,0,1,"Full Driver License","Valid","No",45,"Dry","Turning Left","Turning Left","Unknown/Not Reported","Tracking","Stayed on roadway, but left original travel lane","4 DR",0,1,0,0,0,0,1,2,0
122437,10,22,12,"Motor Vehicle In-Transport","Front-to-Rear",2,2020,"TOYOTA","HIGHLANDER",0,"Disabling Damage",0,0,1,"Full Driver License","Valid","No",65,"Dry","Stopped in Roadway","Traveling in same direction with higher speed","No Avoidance Maneuver","Tracking","Stayed in original travel lane","SUV",1,1,1,1,1,1,0,6,3
122437,10,22,12,"Motor Vehicle In-Transport","Front-to-Rear",1,2023,"MERCEDES-BENZ","GLS-CLASS",0,"Functional Damage",0,0,1,"Full Driver License","Valid","No",65,"Dry","Stopped in Roadway","Traveling in same direction with higher speed","No Avoidance Maneuver","Tracking","Stayed in original travel lane","SUV",1,1,1,1,1,1,0,5,3
122437,10,22,12,"Motor Vehicle In-Transport","Front-to-Rear",2,2019,"JEEP","CHEROKEE",0,"Functional Damage",0,0,1,"Full Driver License","Valid","No",65,"Dry","Stopped in Roadway","Traveling in same direction with higher speed","No Avoidance Maneuver","Tracking","Stayed in original travel lane","SUV",1,1,1,0,2,2,0,1,2
122439,9,19,9,"Pedalcyclist","The First Harmful Event was Not a Collision with a Motor Vehicle in Transport",1,2017,"NISSAN","MAXIMA",40,"Functional Damage",0,0,1,"Full Driver License","Valid","No",40,"Dry","Going Straight","Pedalcyclist or other non-motorist in road","Unknown/Not Reported","Tracking","Stayed in original travel lane","4 DR",0,0,0,0,2,2,0,0,0
122448,10,16,12,"Motor Vehicle In-Transport","Angle",1,2018,"NISSAN","ROGUE",10,"Disabling Damage",0,0,1,"Full Driver License","Valid","No",40,"Dry","Turning Left","Turning Left","Unknown/Not Reported","Tracking","Stayed in original travel lane","SUV",1,1,1,0,2,2,0,3,2
122449,10,7,8,"Pedestrian","The First Harmful Event was Not a Collision with a Motor Vehicle in Transport",1,2022,"TOYOTA","CAMRY",48,"Functional Damage",0,0,1,"Full Driver License","Valid","No",35,"Dry","Negotiating a Curve","Pedestrian in road","Unknown/Not Reported","Tracking","Stayed in original travel lane","4 DR",0,1,1,1,1,1,0,6,2
122452,10,22,1,"Rollover/Overturn","The First Harmful Event was Not a Collision with a Motor Vehicle in Transport",1,2018,"CHEVROLET","TAHOE",45,"Disabling Damage",1,0,1,"Full Driver License","Valid","No",45,"Dry","Negotiating a Curve","Off the edge of the road on the left side","Unknown/Not Reported","Tracking","Departed roadway","SUV",0,1,1,1,2,2,0,2,2
122453,10,13,12,"Motor Vehicle In-Transport","Front-to-Rear",1,2015,"FORD","EXPLORER",35,"Disabling Damage",0,0,1,"Full Driver License","Valid","No",45,"Dry","Going Straight","Traveling in same direction while decelerating","Unknown/Not Reported","Tracking","Stayed in original travel lane","SUV",0,1,0,0,0,0,0,1,0
122453,10,13,12,"Motor Vehicle In-Transport","Front-to-Rear",1,2012,"KIA","SOUL",10,"Disabling Damage",1,0,1,"Full Driver License","Valid","No",45,"Dry","Decelerating in Road","Traveling in same direction with higher speed","Unknown/Not Reported","Tracking","Stayed in original travel lane","SUV",0,0,0,0,0,0,1,1,0
122454,9,21,12,"Motor Vehicle In-Transport","Front-to-Rear",1,2019,"HONDA","HR-V",30,"Disabling Damage",0,0,1,"Full Driver License","Valid","No",30,"Dry","Going Straight","Traveling in same direction with lower steady speed","No Avoidance Maneuver","Tracking","Stayed in original travel lane","SUV",0,1,0,0,2,2,0,1,0
122456,10,11,12,"Motor Vehicle In-Transport","Front-to-Front",1,2016,"KIA","SOUL",15,"Disabling Damage",1,0,1,"Full Driver License","Valid","No",45,"Dry","Turning Left","Turning Left","No Avoidance Maneuver","Tracking","Stayed in original travel lane","SUV",0,1,0,1,0,0,0,1,1
122456,10,11,12,"Motor Vehicle In-Transport","Front-to-Front",2,2017,"HYUNDAI","SANTA FE",45,"Disabling Damage",0,0,1,"Full Driver License","Valid","No",45,"Dry","Going Straight","From opposite direction  over left lane line","No Avoidance Maneuver","Tracking","Stayed in original travel lane","SUV",0,1,1,1,2,2,0,2,2
122457,10,20,42,"Tree (Standing Only)","The First Harmful Event was Not a Collision with a Motor Vehicle in Transport",1,2015,"KIA","FORTE",55,"Disabling Damage",1,0,1,"Full Driver License","Valid","No",55,"Dry","Negotiating a Curve","Off the edge of the road on the right side","Unknown/Not Reported","Tracking","Departed roadway","5 HB",0,1,0,0,0,0,0,2,0
122458,10,12,12,"Motor Vehicle In-Transport","Angle",2,2016,"RAM","2500",20,"Disabling Damage",0,0,1,"Full Driver License","Valid","No",45,"Dry","Turning Left","Turning Left","Unknown/Not Reported","Tracking","Stayed in original travel lane","PU/CC",0,0,0,0,0,0,0,0,0
122460,10,16,12,"Motor Vehicle In-Transport","Angle",2,2012,"HYUNDAI","SANTA FE",10,"Disabling Damage",0,0,1,"Full Driver License","Valid","No",35,"Dry","Turning Left","Turning Left","Unknown/Not Reported","Tracking","Stayed in original travel lane","SUV",0,1,0,0,0,0,1,2,0
122463,10,3,24,"Guardrail Face","The First Harmful Event was Not a Collision with a Motor Vehicle in Transport",1,2023,"SUBARU","LEGACY",55,"Disabling Damage",1,0,1,"Full Driver License","Valid","No",98,"Dry","Negotiating a Curve","Off the edge of the road on the left side","No Avoidance Maneuver","Tracking","Departed roadway","4 DR",0,1,1,1,1,1,0,5,2
122466,10,5,8,"Pedestrian","The First Harmful Event was Not a Collision with a Motor Vehicle in Transport",1,2019,"JEEP","GRAND CHEROKEE",30,"No Damage",0,0,1,"Full Driver License","Valid","No",40,"Dry","Going Straight","Pedestrian in road","Unknown/Not Reported","Tracking","Stayed in original travel lane","SUV",0,0,0,1,2,2,0,0,1
122467,10,23,15,"Non-Motorist on Personal Conveyance","The First Harmful Event was Not a Collision with a Motor Vehicle in Transport",1,2018,"MITSUBISHI","OUTLANDER SPORT",20,"Disabling Damage",0,0,1,"Full Driver License","Valid","No",25,"Dry","Going Straight","Pedalcyclist or other non-motorist in road","Unknown/Not Reported","Tracking","Stayed in original travel lane","SUV",0,1,1,1,2,2,0,1,2
122468,10,17,12,"Motor Vehicle In-Transport","Angle",2,2020,"ACURA","MDX",45,"Disabling Damage",1,0,1,"Full Driver License","Valid","No",45,"Dry","Turning Left","Turning Left","No Avoidance Maneuver","Tracking","Stayed in original travel lane","SUV",0,1,1,1,1,1,0,5,2
122468,10,17,12,"Motor Vehicle In-Transport","Angle",1,2022,"TOYOTA","COROLLA",45,"Disabling Damage",0,0,1,"Full Driver License","Valid","No",50,"Dry","Going Straight","From opposite direction  over left lane line","No Avoidance Maneuver","Tracking","Stayed in original travel lane","4 DR",0,1,1,1,1,1,0,6,2
122469,10,12,59,"Traffic Sign Support","The First Harmful Event was Not a Collision with a Motor Vehicle in Transport",1,2022,"NISSAN","ALTIMA",65,"Disabling Damage",1,0,1,"Full Driver License","Valid","No",65,"Dry","Going Straight","Off the edge of the road on the right side","Unknown/Not Reported","Tracking","Departed roadway","4 DR",0,0,1,1,1,1,0,4,2
122470,10,20,8,"Pedestrian","The First Harmful Event was Not a Collision with a Motor Vehicle in Transport",1,2013,"MAZDA","CX-5",40,"Disabling Damage",0,0,1,"Full Driver License","Valid","No",50,"Dry","Going Straight","Pedestrian in road","Steering left","Tracking","Stayed in original travel lane","SUV",0,1,0,0,0,0,1,2,0
122471,10,20,12,"Motor Vehicle In-Transport","Front-to-Rear",1,2017,"NISSAN","SENTRA",55,"Disabling Damage",1,0,1,"Full Driver License","Valid","No",55,"Dry","Going Straight","Other vehicle stopped","No Avoidance Maneuver","Tracking","Stayed in original travel lane","4 DR",1,0,1,0,2,2,0,0,2
122473,9,21,9,"Pedalcyclist","The First Harmful Event was Not a Collision with a Motor Vehicle in Transport",2,2017,"ACURA","ILX",998,"Functional Damage",0,0,1,"Full Driver License","Valid","No",50,"Dry","Going Straight","Pedalcyclist or other non-motorist in road","Unknown/Not Reported","Tracking","Stayed in original travel lane","4 DR",0,1,0,1,2,2,0,1,1
122475,10,18,12,"Motor Vehicle In-Transport","Front-to-Front",1,2020,"JEEP","GLADIATOR",998,"Disabling Damage",0,0,1,"Full Driver License","Valid","No",40,"Dry","Going Straight","Traveling in opposite direction","Steering right","Tracking","Stayed in original travel lane","PU/CC",1,0,1,0,2,2,0,0,2
122476,10,8,12,"Motor Vehicle In-Transport","Front-to-Front",1,2018,"FORD","FUSION",60,"Disabling Damage",1,0,1,"Full Driver License","Valid","No",60,"Dry","Negotiating a Curve","From opposite direction  over left lane line","Unknown/Not Reported","Tracking","Stayed in original travel lane","4 DR",1,1,0,0,2,2,0,2,1
122476,10,8,12,"Motor Vehicle In-Transport","Front-to-Front",1,2019,"KIA","FORTE",60,"Disabling Damage",0,0,1,"Full Driver License","Valid","No",60,"Dry","Negotiating a Curve","Traveling in same direction with lower steady speed","Unknown/Not Reported","Tracking","Stayed in original travel lane","4 DR",1,1,1,1,1,1,0,5,3
122477,10,6,33,"Curb","The First Harmful Event was Not a Collision with a Motor Vehicle in Transport",1,2013,"FORD","ESCAPE",45,"Disabling Damage",1,0,1,"Full Driver License","Valid","No",35,"Dry","Going Straight","Unknown cause of control loss","Unknown/Not Reported","Tracking","Departed roadway","SUV",0,0,0,0,0,0,1,1,0
122478,9,15,12,"Motor Vehicle In-Transport","Front-to-Front",2,2019,"SUBARU","FORESTER",80,"Disabling Damage",0,0,1,"Full Driver License","Valid","No",70,"Dry","Going Straight","Crossing Over (Passing Through) Junction","Unknown/Not Reported","Tracking","Stayed in original travel lane","SUV",1,0,1,1,1,1,0,4,3
122479,10,21,8,"Pedestrian","The First Harmful Event was Not a Collision with a Motor Vehicle in Transport",3,2019,"CHRYSLER","300",40,"Functional Damage",0,0,1,"Full Driver License","Valid","No",40,"Dry","Going Straight","Pedestrian in road","Unknown/Not Reported","Tracking","Stayed in original travel lane","4 DR",1,0,0,0,2,2,0,0,1
122480,10,2,12,"Motor Vehicle In-Transport","Front-to-Rear",3,2017,"HONDA","ACCORD",70,"Disabling Damage",1,0,1,"Full Driver License","Valid","No",70,"Dry","Going Straight","Other vehicle stopped","Unknown/Not Reported","Tracking","Stayed in original travel lane","4 DR",0,1,0,1,2,2,0,1,1
122484,10,11,12,"Motor Vehicle In-Transport","Angle",2,2015,"CHEVROLET","MALIBU",40,"Disabling Damage",0,0,1,"Full Driver License","Valid","No",40,"Dry","Going Straight","From crossing street, across path","Unknown/Not Reported","Tracking","Stayed in original travel lane","4 DR",1,0,1,0,0,0,0,1,2
122485,10,10,12,"Motor Vehicle In-Transport","Angle",1,2016,"RAM","2500",45,"Disabling Damage",0,0,1,"Full Driver License","Valid","No",45,"Dry","Going Straight","From crossing street, across path","Unknown/Not Reported","Tracking","Stayed in original travel lane","PU/CC",0,0,0,0,0,0,0,0,0
122488,10,15,8,"Pedestrian","The First Harmful Event was Not a Collision with a Motor Vehicle in Transport",1,2019,"CHEVROLET","COLORADO",15,"Functional Damage",0,0,1,"Full Driver License","Valid","No",25,"Dry","Negotiating a Curve","Pedestrian in road","Unknown/Not Reported","Tracking","Stayed in original travel lane","PU/CC",0,1,1,0,0,0,0,1,1
122491,10,3,1,"Rollover/Overturn","The First Harmful Event was Not a Collision with a Motor Vehicle in Transport",1,2012,"FORD","ESCAPE",90,"Disabling Damage",1,0,1,"Full Driver License","Valid","No",70,"Dry","Going Straight","Off the edge of the road on the right side","Unknown/Not Reported","Tracking","Departed roadway","SUV",0,0,0,0,0,0,1,1,0
122497,10,7,12,"Motor Vehicle In-Transport","Angle",1,2013,"FORD","FUSION",20,"Disabling Damage",0,0,1,"Full Driver License","Valid","No",45,"Dry","Turning Left","Turning Left","Unknown/Not Reported","Tracking","Stayed in original travel lane","4 DR",1,1,1,0,0,0,1,2,2
122504,10,17,12,"Motor Vehicle In-Transport","Angle",1,2023,"LAND ROVER","RANGE ROVER SPORT",10,"Disabling Damage",0,0,1,"Full Driver License","Valid","No",55,"Dry","Going Straight","Crossing Over (Passing Through) Junction","Unknown/Not Reported","Tracking","Stayed in original travel lane","SUV",1,1,1,1,1,1,0,6,3
122505,10,17,12,"Motor Vehicle In-Transport","Front-to-Front",1,2023,"TOYOTA","RAV4",60,"Disabling Damage",0,0,1,"Full Driver License","Valid","No",60,"Dry","Going Straight","Over the lane line on left side of travel lane","Unknown/Not Reported","Tracking","Stayed on roadway, but left original travel lane","SUV",1,1,1,1,1,1,0,5,3
122507,10,4,12,"Motor Vehicle In-Transport","Front-to-Rear",4,2023,"HYUNDAI","ELANTRA",70,"Disabling Damage",1,0,1,"Full Driver License","Valid","No",70,"Dry","Going Straight","Traveling in same direction with lower steady speed","Unknown/Not Reported","Tracking","Stayed in original travel lane","4 DR",1,2,1,1,1,1,0,5,3
122507,10,4,12,"Motor Vehicle In-Transport","Front-to-Rear",6,2014,"NISSAN","PATHFINDER",60,"Disabling Damage",0,0,1,"Full Driver License","Valid","No",70,"Dry","Going Straight","Traveling in same direction with higher speed","Unknown/Not Reported","Tracking","Stayed in original travel lane","SUV",0,0,0,0,0,0,1,1,0
122513,10,14,1,"Rollover/Overturn","The First Harmful Event was Not a Collision with a Motor Vehicle in Transport",5,2018,"DODGE","JOURNEY",20,"Disabling Damage",0,0,1,"Full Driver License","Valid","No",35,"Dry","Going Straight","Crossing Over (Passing Through) Junction","Unknown/Not Reported","Tracking","Stayed in original travel lane","SUV",0,0,0,0,0,0,0,0,0
122515,10,15,12,"Motor Vehicle In-Transport","Angle",2,2014,"HYUNDAI","TUCSON",30,"Disabling Damage",0,0,1,"Full Driver License","Valid","No",45,"Dry","Turning Left","From opposite direction  over right lane line","Unknown/Not Reported","Tracking","Stayed in original travel lane","SUV",0,1,0,0,0,0,1,2,0
122519,10,17,12,"Motor Vehicle In-Transport","Angle",1,2019,"HYUNDAI","SANTA FE XL",998,"Disabling Damage",0,0,1,"Full Driver License","Valid","No",55,"Dry","Going Straight","From adjacent lane (same direction) over left lane line","Unknown/Not Reported","Tracking","Stayed in original travel lane","SUV",1,2,0,0,2,2,0,1,1
122519,10,17,12,"Motor Vehicle In-Transport","Angle",1,2019,"TOYOTA","RAV4",998,"Disabling Damage",0,0,1,"Full Driver License","Valid","No",55,"Dry","Going Straight","From opposite direction  over left lane line","Unknown/Not Reported","Tracking","Stayed in original travel lane","SUV",1,1,1,1,1,1,0,6,3
122536,10,23,8,"Pedestrian","The First Harmful Event was Not a Collision with a Motor Vehicle in Transport",2,2013,"KIA","OPTIMA",40,"Disabling Damage",0,0,1,"Full Driver License","Valid","No",45,"Dry","Going Straight","Pedestrian in road","No Avoidance Maneuver","Tracking","Stayed in original travel lane","4 DR",0,1,0,0,0,0,1,2,0
122544,10,20,12,"Motor Vehicle In-Transport","Front-to-Front",1,2011,"KIA","SORENTO",50,"Disabling Damage",1,0,1,"Full Driver License","Valid","No",50,"Dry","Negotiating a Curve","Over the lane line on left side of travel lane","Unknown/Not Reported","Tracking","Stayed on roadway, but left original travel lane","SUV",0,2,0,0,0,0,1,1,0
122544,10,20,12,"Motor Vehicle In-Transport","Front-to-Front",1,2020,"PORSCHE","MACAN",50,"Disabling Damage",0,0,1,"Full Driver License","Valid","No",50,"Dry","Negotiating a Curve","Crossing Over (Passing Through) Junction","Unknown/Not Reported","Tracking","Stayed in original travel lane","SUV",1,1,0,1,2,2,0,3,2
122545,10,6,12,"Motor Vehicle In-Transport","Front-to-Rear",1,2023,"KIA","SPORTAGE",95,"Disabling Damage",1,0,1,"Full Driver License","Valid","No",55,"Dry","Going Straight","Traveling in same direction with lower steady speed","Unknown/Not Reported","Tracking","Stayed in original travel lane","SUV",1,2,1,1,1,1,0,4,3
122546,10,20,12,"Motor Vehicle In-Transport","Front-to-Front",1,2023,"NISSAN","ROGUE",5,"Disabling Damage",0,0,1,"Full Driver License","Valid","No",45,"Dry","Turning Left","Turning Left","No Avoidance Maneuver","Tracking","Stayed in original travel lane","SUV",1,0,1,1,1,1,0,5,3
122548,10,0,9,"Pedalcyclist","The First Harmful Event was Not a Collision with a Motor Vehicle in Transport",2,2021,"HYUNDAI","TUCSON",998,"Functional Damage",0,0,1,"Full Driver License","Valid","No",30,"Dry","Going Straight","Pedalcyclist or other non-motorist in road","Unknown/Not Reported","Tracking","Stayed in original travel lane","SUV",0,2,1,1,1,1,0,4,2
122549,10,0,24,"Guardrail Face","The First Harmful Event was Not a Collision with a Motor Vehicle in Transport",2,2017,"KIA","SEDONA",70,"Disabling Damage",1,0,1,"Full Driver License","Valid","No",70,"Dry","Going Straight","Off the edge of the road on the left side","Unknown/Not Reported","Tracking","Departed roadway","VAN",1,2,1,1,2,2,0,0,3
122550,10,7,12,"Motor Vehicle In-Transport","Angle",3,2017,"FORD","FIESTA",10,"Disabling Damage",1,0,1,"Full Driver License","Valid","No",55,"Dry","Turning Left","Turning Left","Unknown/Not Reported","Tracking","Stayed on roadway, but left original travel lane","5 HB",0,0,0,0,0,0,0,0,0
122551,10,3,12,"Motor Vehicle In-Transport","Front-to-Front",2,2015,"NISSAN","ALTIMA",30,"Disabling Damage",1,0,1,"Full Driver License","Valid","No",30,"Dry","Going Straight","Off the edge of the road on the left side","Unknown/Not Reported","Tracking","Departed roadway","4 DR",1,0,0,1,0,0,0,0,2
122551,10,3,12,"Motor Vehicle In-Transport","Front-to-Front",1,2018,"CADILLAC","ESCALADE ESV",30,"Disabling Damage",0,0,1,"Full Driver License","Valid","No",30,"Dry","Going Straight","From opposite direction  over left lane line","Unknown/Not Reported","Tracking","Stayed in original travel lane","SUV",0,1,1,1,2,2,0,2,2
122552,9,14,30,"Utility Pole/Light Support","The First Harmful Event was Not a Collision with a Motor Vehicle in Transport",1,2013,"TOYOTA","AVALON",30,"Disabling Damage",1,0,1,"Full Driver License","Valid","No",35,"Dry","Turning Left","Off the edge of the road on the left side","No Avoidance Maneuver","Tracking","Departed roadway","4 DR",0,0,1,0,2,2,1,1,1
122553,10,22,12,"Motor Vehicle In-Transport","Angle",2,2013,"DODGE","CHARGER",45,"Disabling Damage",0,0,1,"Full Driver License","Valid","No",45,"Dry","Going Straight","From opposite direction  over left lane line","Unknown/Not Reported","Tracking","Stayed in original travel lane","4 DR",1,1,1,0,0,0,1,2,2
122554,10,6,12,"Motor Vehicle In-Transport","Front-to-Front",1,2017,"NISSAN","ROGUE",42,"Disabling Damage",0,0,1,"Full Driver License","Valid","No",45,"Dry","Going Straight","Over the lane line on left side of travel lane","Unknown/Not Reported","Tracking","Stayed on roadway, but left original travel lane","SUV",0,0,1,1,2,2,0,0,2
122560,10,23,12,"Motor Vehicle In-Transport","Front-to-Rear",2,2017,"HYUNDAI","ELANTRA",0,"Disabling Damage",1,0,1,"Full Driver License","Valid","No",70,"Dry","Stopped in Roadway","Traveling in same direction with higher speed","No Avoidance Maneuver","Tracking","Stayed in original travel lane","4 DR",1,1,1,0,2,2,0,1,2
122560,10,23,12,"Motor Vehicle In-Transport","Front-to-Rear",2,2018,"CHEVROLET","CRUZE",0,"Disabling Damage",0,0,1,"Full Driver License","Valid","No",70,"Dry","Stopped in Roadway","Traveling in same direction with higher speed","No Avoidance Maneuver","Tracking","Stayed in original travel lane","5 HB",0,1,1,1,0,0,0,2,2
122564,10,8,9,"Pedalcyclist","The First Harmful Event was Not a Collision with a Motor Vehicle in Transport",1,2018,"FORD","ECOSPORT",20,"No Damage",0,0,1,"Full Driver License","Valid","No",30,"Dry","Turning Left","Pedalcyclist or other non-motorist in road","Unknown/Not Reported","Tracking","Stayed in original travel lane","SUV",1,0,0,0,0,0,0,0,1
122566,10,5,8,"Pedestrian","The First Harmful Event was Not a Collision with a Motor Vehicle in Transport",1,2018,"HONDA","HR-V",998,"Disabling Damage",0,0,1,"Full Driver License","Valid","No",35,"Dry","Going Straight","Pedestrian in road","Unknown/Not Reported","Tracking","Stayed in original travel lane","SUV",0,1,0,0,0,0,0,1,0
122568,10,11,12,"Motor Vehicle In-Transport","Front-to-Rear",3,2016,"TOYOTA","CAMRY",35,"Functional Damage",0,0,1,"Full Driver License","Valid","No",35,"Dry","Going Straight","Traveling in same direction while decelerating","Unknown/Not Reported","Tracking","Stayed in original travel lane","4 DR",0,1,0,1,2,2,0,1,1
122569,10,21,12,"Motor Vehicle In-Transport","Angle",1,2023,"TOYOTA","COROLLA",30,"Disabling Damage",0,0,1,"Full Driver License","Valid","No",98,"Dry","Turning Left","Turning Left","Unknown/Not Reported","Tracking","Stayed in original travel lane","4 DR",0,1,1,1,1,1,0,5,2
122570,10,15,12,"Motor Vehicle In-Transport","Angle",3,2015,"BUICK","LACROSSE",10,"Disabling Damage",0,0,1,"Full Driver License","Valid","No",30,"Dry","Turning Left","Turning Left","Unknown/Not Reported","Tracking","Stayed in original travel lane","4 DR",0,1,1,0,2,0,0,2,1
122571,10,10,12,"Motor Vehicle In-Transport","Angle",1,2017,"CHEVROLET","SPARK",5,"Disabling Damage",1,0,1,"Full Driver License","Valid","No",35,"Dry","Turning Left","Turning Left","Unknown/Not Reported","Tracking","Stayed in original travel lane","5 HB",0,0,1,1,0,0,0,1,2
122571,10,10,12,"Motor Vehicle In-Transport","Angle",1,2022,"SUBARU","OUTBACK",40,"Disabling Damage",0,0,1,"Full Driver License","Valid","No",35,"Dry","Going Straight","From opposite direction  over left lane line","Unknown/Not Reported","Tracking","Stayed in original travel lane","SW",0,1,1,1,1,1,0,5,2
122571,10,10,12,"Motor Vehicle In-Transport","Angle",3,2020,"FORD","TRANSIT",0,"Minor Damage",0,0,1,"Full Driver License","Valid","No",35,"Dry","Stopped in Roadway","From crossing street, across path","No Avoidance Maneuver","Tracking","Stayed in original travel lane","VAN",1,0,1,1,1,1,0,4,3
122572,9,10,8,"Pedestrian","The First Harmful Event was Not a Collision with a Motor Vehicle in Transport",1,2020,"MERCEDES-BENZ","GLE-CLASS",65,"Disabling Damage",0,0,1,"Full Driver License","Valid","No",65,"Dry","Going Straight","Other critical precrash event (specify:)","Braking and steering left","Tracking","Stayed in original travel lane","SUV",0,1,1,0,1,1,0,5,1
122573,10,16,12,"Motor Vehicle In-Transport","Angle",1,2014,"CHRYSLER","TOWN AND COUNTRY",55,"Disabling Damage",0,0,1,"Full Driver License","Valid","No",55,"Dry","Going Straight","From crossing street, across path","No Avoidance Maneuver","Tracking","Stayed in original travel lane","VAN",0,1,0,0,0,0,1,2,0
122579,10,0,42,"Tree (Standing Only)","The First Harmful Event was Not a Collision with a Motor Vehicle in Transport",1,2021,"CHEVROLET","MALIBU",45,"Disabling Damage",1,0,1,"Full Driver License","Valid","No",45,"Dry","Going Straight","Off the edge of the road on the right side","Unknown/Not Reported","Tracking","Remained off roadway","4 DR",1,2,0,0,2,2,0,1,1
122581,10,16,12,"Motor Vehicle In-Transport","Angle",1,2016,"BUICK","ENCORE",15,"Disabling Damage",1,0,1,"Full Driver License","Valid","No",30,"Dry","Going Straight","Crossing Over (Passing Through) Junction","Unknown/Not Reported","Tracking","Stayed on roadway, but left original travel lane","SUV",0,1,0,1,0,0,0,2,1
122581,10,16,12,"Motor Vehicle In-Transport","Angle",1,2017,"CHEVROLET","SONIC",45,"Disabling Damage",0,0,1,"Full Driver License","Valid","No",45,"Dry","Going Straight","From crossing street, across path","Unknown/Not Reported","Tracking","Stayed in original travel lane","5 HB",0,1,0,1,0,0,0,2,1
122584,10,17,12,"Motor Vehicle In-Transport","Angle",2,2022,"MITSUBISHI","MIRAGE G4",35,"Disabling Damage",0,0,1,"Full Driver License","Valid","No",20,"Dry","Going Straight","From crossing street, across path","Braking","Tracking","Stayed in original travel lane","4 DR",0,0,1,0,1,1,0,3,1
122590,10,18,8,"Pedestrian","The First Harmful Event was Not a Collision with a Motor Vehicle in Transport",1,2014,"RAM","1500",15,"Minor Damage",0,0,1,"Full Driver License","Valid","No",35,"Dry","Turning Left","Pedestrian in road","Unknown/Not Reported","Tracking","Stayed in original travel lane","PU/RC",0,1,0,0,0,0,1,2,0
122592,10,16,12,"Motor Vehicle In-Transport","Front-to-Front",1,2020,"KIA","SOUL",998,"Disabling Damage",1,0,1,"Full Driver License","Valid","No",55,"Dry","Going Straight","Over the lane line on left side of travel lane","No Avoidance Maneuver","Tracking","Stayed on roadway, but left original travel lane","SUV",0,2,1,1,2,2,0,0,2
122597,10,2,12,"Motor Vehicle In-Transport","Front-to-Rear",2,2015,"HYUNDAI","VELOSTER",15,"Disabling Damage",0,0,1,"Full Driver License","Valid","No",70,"Dry","Turning Right","From crossing street, across path","Unknown/Not Reported","Tracking","Stayed in original travel lane","3C",0,1,0,0,0,0,0,1,0
122599,10,10,12,"Motor Vehicle In-Transport","Angle",1,2021,"TOYOTA","COROLLA",10,"Disabling Damage",0,0,1,"Full Driver License","Valid","No",60,"Dry","Turning Left","Turning Left","Unknown/Not Reported","Tracking","Stayed in original travel lane","4 DR",1,1,1,1,1,1,0,6,3
122601,10,6,12,"Motor Vehicle In-Transport","Front-to-Front",1,2023,"KIA","SOUL",15,"Disabling Damage",0,0,1,"Full Driver License","Valid","No",55,"Dry","Negotiating a Curve","Traveling in opposite direction","Unknown/Not Reported","Tracking","Stayed in original travel lane","SUV",0,2,1,1,1,1,0,4,2
122605,3,21,12,"Motor Vehicle In-Transport","Angle",1,2020,"CHRYSLER","VOYAGER",40,"Disabling Damage",0,0,1,"Full Driver License","Valid","No",55,"Dry","Going Straight","Crossing Over (Passing Through) Junction","Unknown/Not Reported","Tracking","Stayed in original travel lane","VAN",0,0,0,0,0,0,0,0,0
122605,3,21,12,"Motor Vehicle In-Transport","Angle",3,2022,"KIA","TELLURIDE",50,"Disabling Damage",1,0,1,"Full Driver License","Valid","No",55,"Dry","Going Straight","From crossing street, across path","Steering left","Tracking","Stayed in original travel lane","SUV",1,2,1,1,1,1,0,6,3
122608,10,1,14,"Parked Motor Vehicle","The First Harmful Event was Not a Collision with a Motor Vehicle in Transport",1,2017,"KIA","FORTE",70,"Disabling Damage",1,0,1,"Full Driver License","Valid","No",70,"Dry","Going Straight","Off the edge of the road on the right side","Unknown/Not Reported","Tracking","Departed roadway","4 DR",1,1,1,1,2,2,0,1,3
122609,10,15,12,"Motor Vehicle In-Transport","Sideswipe - Opposite Direction",1,2014,"NISSAN","JUKE",60,"Disabling Damage",0,0,1,"Full Driver License","Valid","No",60,"Dry","Going Straight","From opposite direction  over left lane line","Unknown/Not Reported","Tracking","Stayed in original travel lane","SUV",0,1,0,0,0,0,1,2,0
122611,11,20,12,"Motor Vehicle In-Transport","Angle",1,2012,"CHEVROLET","TAHOE",15,"Disabling Damage",0,0,1,"Full Driver License","Valid","No",40,"Dry","Going Straight","Crossing Over (Passing Through) Junction","Unknown/Not Reported","Tracking","Stayed in original travel lane","SUV",0,0,0,0,0,0,1,2,0
122612,10,16,12,"Motor Vehicle In-Transport","Angle",1,2022,"NISSAN","ALTIMA",15,"Disabling Damage",1,0,1,"Full Driver License","Valid","No",35,"Dry","Turning Left","Turning Left","Unknown/Not Reported","Tracking","Stayed in original travel lane","4 DR",0,0,1,1,1,1,0,4,2