"SERIAL_CRASH","MONTH","HOUR","HARM_EV","HARM_EVNAME","TYPE_OF_COLLIOSION","NUM_OF_PEOPLE","MOD_YEAR","VPICMAKENAME","VPICMODELNAME","TRAV_SP","DEFORMEDNAME","DEATHS","DR_DRINK","IS_DRIVER_PRESENT","L_TYPENAME","L_STATUSNAME","SPEEDRELNAME","VSPD_LIM","VSURCONDNAME","P_CRASH1NAME","P_CRASH2NAME","P_CRASH3NAME","PCRASH4NAME","PCRASH5NAME","BODY_STYLE","BLIND_SPOT_DETECTION","ARS","FRNT_COLLISION_WARNING","LANE_DEPARTURE_WARNING","CRASH_IMMINENT_BRAKE","DYNAMIC_BRAKE_SUPPORT","NHTSA_ESC","SAFETY_COUNT","notification_count"
130239,2,18,12,"Motor Vehicle In-Transport","Front-to-Front",2,2022,"VOLKSWAGEN","ATLAS",998,"Disabling Damage",0,0,1,"Full Driver License","Valid","No",35,"Dry","Turning Left","Traveling in opposite direction","Unknown/Not Reported","Tracking","Stayed in original travel lane","SUV",1,1,1,0,1,1,0,6,2
130239,2,18,12,"Motor Vehicle In-Transport","Front-to-Front",4,2012,"INFINITI","QX56",0,"Disabling Damage",0,0,1,"Full Driver License","Valid","No",40,"Dry","Stopped in Roadway","From Parking Lane/Shoulder, Median/Crossover, Roadside","No Avoidance Maneuver","Tracking","Stayed in original travel lane","SUV",0,0,0,1,0,0,1,1,1
130240,2,21,42,"Tree (Standing Only)","The First Harmful Event was Not a Collision with a Motor Vehicle in Transport",3,2020,"JEEP","CHEROKEE",998,"Disabling Damage",1,0,1,"Learner's Permit","Valid","No",35,"Dry","Negotiating a Curve","Traveling Too Fast for Conditions or Road Configuration","Unknown/Not Reported","Skidding longitudinally  rotation less than 30 degrees","Departed roadway","SUV",0,2,1,0,2,2,0,0,1
130242,2,6,8,"Pedestrian","The First Harmful Event was Not a Collision with a Motor Vehicle in Transport",1,2015,"DODGE","CHARGER",998,"Functional Damage",0,0,1,"Full Driver License","Valid","No",45,"Dry","Changing Lanes","Pedestrian in road","Unknown/Not Reported","Tracking","Stayed on roadway, but left original travel lane","4 DR",1,1,1,0,0,0,0,1,2
130244,2,22,8,"Pedestrian","The First Harmful Event was Not a Collision with a Motor Vehicle in Transport",1,2022,"HONDA","CIVIC",998,"Functional Damage",0,0,1,"Full Driver License","Valid","No",65,"Dry","Going Straight","Pedestrian in road","No Avoidance Maneuver","Tracking","Stayed in original travel lane","4 DR",0,1,1,1,1,1,0,5,2
130245,2,19,12,"Motor Vehicle In-Transport","Angle",1,2017,"FORD","EXPLORER",998,"Disabling Damage",0,0,1,"Full Driver License","Valid","No",55,"Dry","Going Straight","From crossing street, across path","Steering left","Skidding longitudinally  rotation less than 30 degrees","Stayed in original travel lane","SUV",0,0,1,1,0,0,0,0,2
130246,2,20,8,"Pedestrian","The First Harmful Event was Not a Collision with a Motor Vehicle in Transport",1,2023,"MERCEDES-BENZ","C-CLASS",998,"Functional Damage",0,0,1,"Full Driver License","Valid","No",65,"Dry","Going Straight","Pedestrian in road","Unknown/Not Reported","Tracking","Stayed in original travel lane","4 DR",1,1,1,1,1,1,0,5,3
130250,2,7,12,"Motor Vehicle In-Transport","Angle",1,2015,"JEEP","WRANGLER",998,"Disabling Damage",0,0,1,"Full Driver License","Valid","No",45,"Dry","Going Straight","Traveling in opposite direction","Unknown/Not Reported","Tracking","Stayed in original travel lane","SUV",0,0,0,0,0,0,0,0,0
130252,2,9,57,"Cable Barrier","The First Harmful Event was Not a Collision with a Motor Vehicle in Transport",1,2020,"RAM","1500",998,"Disabling Damage",1,0,1,"Full Driver License","Valid","No",65,"Dry","Going Straight","Unknown cause of control loss","Unknown/Not Reported","Skidding longitudinally  rotation less than 30 degrees","Departed roadway","PU/EC",0,0,0,1,2,2,0,0,1
130257,4,8,42,"Tree (Standing Only)","The First Harmful Event was Not a Collision with a Motor Vehicle in Transport",3,2021,"FORD","EXPLORER",998,"Disabling Damage",1,0,1,"Full Driver License","Valid","No",45,"Dry","Negotiating a Curve","Off the edge of the road on the right side","No Avoidance Maneuver","Tracking","Departed roadway","SUV",1,0,1,1,1,1,0,6,3
130259,1,20,12,"Motor Vehicle In-Transport","Front-to-Front",1,2012,"GMC","CANYON",998,"Disabling Damage",1,0,1,"Full Driver License","Valid","No",55,"Dry","Negotiating a Curve","From opposite direction  over left lane line","Unknown/Not Reported","Tracking","Stayed in original travel lane","PU/RC",0,0,0,0,0,0,1,2,0
130261,1,20,12,"Motor Vehicle In-Transport","Angle",2,2021,"DODGE","CHARGER",998,"Disabling Damage",0,0,1,"Full Driver License","Valid","No",40,"Dry","Going Straight","Crossing Over (Passing Through) Junction","No Avoidance Maneuver","Tracking","Stayed in original travel lane","4 DR",1,0,1,0,2,2,0,0,2
130267,4,0,8,"Pedestrian","The First Harmful Event was Not a Collision with a Motor Vehicle in Transport",1,2016,"DODGE","CHARGER",998,"Functional Damage",0,0,1,"Full Driver License","Valid","No",45,"Dry","Going Straight","Pedestrian in road","No Avoidance Maneuver","Tracking","Stayed in original travel lane","4 DR",0,0,0,0,2,2,0,0,0
130270,4,21,12,"Motor Vehicle In-Transport","Front-to-Front",1,2013,"CHEVROLET","EQUINOX",998,"Disabling Damage",1,0,1,"Full Driver License","Valid","No",45,"Dry","Going Straight","Encroachment by other vehicle - details unknown","Unknown/Not Reported","Tracking","Stayed in original travel lane","SUV",0,1,0,1,0,0,1,3,1
130278,2,3,12,"Motor Vehicle In-Transport","Front-to-Front",1,2017,"CHEVROLET","SPARK",998,"Disabling Damage",1,0,1,"Full Driver License","Valid","No",45,"Dry","Going Straight","This vehicle decelerating","Unknown/Not Reported","Tracking","Stayed in original travel lane","5 HB",0,0,1,1,0,0,0,1,2
130282,4,3,8,"Pedestrian","The First Harmful Event was Not a Collision with a Motor Vehicle in Transport",1,2015,"FORD","TAURUS",998,"Disabling Damage",0,0,1,"Full Driver License","Valid","No",45,"Dry","Going Straight","Pedestrian in road","Steering left","Tracking","Stayed in original travel lane","4 DR",0,1,1,0,0,0,0,1,1
130283,4,4,8,"Pedestrian","The First Harmful Event was Not a Collision with a Motor Vehicle in Transport",1,2014,"JEEP","GRAND CHEROKEE",998,"Disabling Damage",0,0,1,"Full Driver License","Valid","No",55,"Dry","Going Straight","Pedestrian in road","No Avoidance Maneuver","Tracking","Stayed in original travel lane","SUV",1,1,0,0,2,2,1,2,1
130283,4,4,8,"Pedestrian","The First Harmful Event was Not a Collision with a Motor Vehicle in Transport",1,2015,"CHEVROLET","EQUINOX",998,"Minor Damage",0,0,1,"Full Driver License","Valid","No",55,"Dry","Going Straight","Pedestrian in road","No Avoidance Maneuver","Tracking","Stayed in original travel lane","SUV",0,1,0,1,0,0,0,2,1
130285,4,18,25,"Concrete Traffic Barrier","The First Harmful Event was Not a Collision with a Motor Vehicle in Transport",1,2016,"TOYOTA","COROLLA",998,"Disabling Damage",1,0,1,"Full Driver License","Valid","No",70,"Dry","Going Straight","From adjacent lane (same direction) over left lane line","Steering left","Tracking","Departed roadway","4 DR",0,1,0,0,0,0,0,1,0
130287,2,14,12,"Motor Vehicle In-Transport","Angle",2,2016,"SUBARU","IMPREZA",16,"Disabling Damage",1,0,1,"Full Driver License","Valid","No",45,"Dry","Turning Left","Turning Left","Unknown/Not Reported","Tracking","Stayed in original travel lane","4 DR",0,0,0,0,2,2,0,0,0
130287,2,14,12,"Motor Vehicle In-Transport","Angle",1,2021,"FORD","EXPLORER",55,"Disabling Damage",0,0,1,"Full Driver License","Valid","No",45,"Dry","Going Straight","Crossing Over (Passing Through) Junction","Unknown/Not Reported","Tracking","Stayed in original travel lane","SUV",1,0,1,1,1,1,0,6,3
130288,2,3,12,"Motor Vehicle In-Transport","Front-to-Front",2,2020,"KIA","SOUL",998,"Disabling Damage",1,0,1,"Full Driver License","Valid","No",65,"Dry","Going Straight","Traveling in opposite direction","Unknown/Not Reported","Tracking","Stayed in original travel lane","SUV",0,2,1,1,2,2,0,0,2
130294,4,15,42,"Tree (Standing Only)","The First Harmful Event was Not a Collision with a Motor Vehicle in Transport",1,2016,"AUDI","A6",998,"Functional Damage",0,0,1,"Full Driver License","Valid","No",65,"Dry","Going Straight","Object in road","Unknown/Not Reported","Tracking","Stayed in original travel lane","4 DR",1,1,1,1,2,2,0,1,3
130298,4,22,12,"Motor Vehicle In-Transport","Angle",3,2021,"NISSAN","ROGUE SPORT",998,"Disabling Damage",2,0,1,"Full Driver License","Valid","No",55,"Dry","Turning Left","Turning Left","Unknown/Not Reported","Tracking","Stayed in original travel lane","SUV",1,0,1,1,1,1,0,5,3
130305,2,10,12,"Motor Vehicle In-Transport","Front-to-Front",1,2015,"NISSAN","ALTIMA",998,"Disabling Damage",1,0,1,"Full Driver License","Valid","No",55,"Dry","Negotiating a Curve","Over the lane line on left side of travel lane","Unknown/Not Reported","Tracking","Stayed on roadway, but left original travel lane","4 DR",0,0,0,1,0,0,0,0,1
130306,1,18,8,"Pedestrian","The First Harmful Event was Not a Collision with a Motor Vehicle in Transport",1,2023,"TOYOTA","COROLLA CROSS",998,"Functional Damage",0,0,1,"Full Driver License","Valid","No",45,"Dry","Going Straight","Pedestrian in road","Other actions (specify:)","Tracking","Stayed in original travel lane","SUV",0,1,1,1,1,1,0,5,2
130315,4,16,12,"Motor Vehicle In-Transport","Angle",1,2011,"CADILLAC","CTS",998,"Disabling Damage",0,0,1,"Full Driver License","Valid","No",45,"Dry","Turning Left","Turning Left","Unknown/Not Reported","Tracking","Stayed in original travel lane","4 DR",0,1,0,0,0,0,1,3,0
130320,2,1,8,"Pedestrian","The First Harmful Event was Not a Collision with a Motor Vehicle in Transport",1,2019,"NISSAN","SENTRA",998,"Disabling Damage",0,0,1,"Full Driver License","Valid","No",65,"Dry","Going Straight","Pedestrian in road","Unknown/Not Reported","Tracking","Stayed in original travel lane","4 DR",1,1,0,0,2,2,0,1,1
130323,2,8,12,"Motor Vehicle In-Transport","Angle",1,2015,"FORD","TAURUS",998,"Disabling Damage",1,0,1,"Full Driver License","Valid","No",55,"Dry","Going Straight","From opposite direction  over left lane line","Unknown/Not Reported","Tracking","Stayed in original travel lane","4 DR",0,1,1,0,0,0,0,1,1
130326,3,14,12,"Motor Vehicle In-Transport","Front-to-Rear",1,2015,"DODGE","CHARGER",998,"Functional Damage",0,0,1,"Full Driver License","Valid","No",45,"Dry","Going Straight","From opposite direction  over left lane line","Unknown/Not Reported","Tracking","Stayed in original travel lane","4 DR",0,1,1,0,0,0,0,1,1
130331,4,10,32,"Culvert","The First Harmful Event was Not a Collision with a Motor Vehicle in Transport",1,2013,"TOYOTA","VENZA",998,"Disabling Damage",1,0,1,"Full Driver License","Valid","No",55,"Dry","Going Straight","Off the edge of the road on the right side","No Avoidance Maneuver","Tracking","Departed roadway","SUV",0,1,0,0,0,0,1,2,0
130333,4,9,12,"Motor Vehicle In-Transport","Front-to-Front",1,2021,"HYUNDAI","ELANTRA",998,"Disabling Damage",0,0,1,"Full Driver License","Valid","No",55,"Dry","Going Straight","Over the lane line on left side of travel lane","Unknown/Not Reported","Tracking","Stayed on roadway, but left original travel lane","4 DR",0,0,1,1,1,1,0,4,2
130340,4,12,12,"Motor Vehicle In-Transport","Front-to-Rear",2,2017,"BUICK","VERANO",0,"Disabling Damage",1,0,1,"Full Driver License","Valid","No",30,"Dry","Stopped in Roadway","Traveling in same direction with higher speed","No Avoidance Maneuver","Tracking","Stayed in original travel lane","4 DR",0,1,1,0,0,0,0,2,1
130341,4,21,12,"Motor Vehicle In-Transport","Front-to-Front",1,2018,"MITSUBISHI","OUTLANDER",998,"Disabling Damage",1,0,1,"Full Driver License","Valid","No",65,"Dry","Going Straight","Traveling in opposite direction","Unknown/Not Reported","Tracking","Stayed on roadway, but left original travel lane","SUV",1,1,1,0,2,2,0,1,2
130345,2,0,12,"Motor Vehicle In-Transport","Front-to-Front",1,2017,"NISSAN","ALTIMA",998,"Disabling Damage",1,0,1,"Full Driver License","Valid","No",35,"Dry","Negotiating a Curve","Over the lane line on left side of travel lane","Unknown/Not Reported","Tracking","Stayed on roadway, but left original travel lane","4 DR",1,0,1,0,2,2,0,0,2
130345,2,0,12,"Motor Vehicle In-Transport","Front-to-Front",1,2019,"PORSCHE","PANAMERA",998,"Disabling Damage",0,0,1,"Full Driver License","Valid","No",35,"Dry","Going Straight","From opposite direction  over left lane line","Unknown/Not Reported","Tracking","Stayed in original travel lane","5 HB",0,1,1,1,2,2,0,1,2
130347,3,14,8,"Pedestrian","The First Harmful Event was Not a Collision with a Motor Vehicle in Transport",1,2012,"NISSAN","SENTRA",998,"Minor Damage",0,0,1,"Full Driver License","Valid","No",35,"Dry","Turning Left","Turning Left","No Avoidance Maneuver","Tracking","Stayed in original travel lane","4 DR",0,0,0,0,0,0,1,1,0
130357,4,17,59,"Traffic Sign Support","The First Harmful Event was Not a Collision with a Motor Vehicle in Transport",2,2011,"HONDA","ACCORD",998,"Disabling Damage",1,0,1,"Full Driver License","Valid","No",35,"Dry","Negotiating a Curve","Off the edge of the road on the right side","Unknown/Not Reported","Tracking","Departed roadway","2 DR",0,1,0,0,0,0,1,2,0
130359,4,2,42,"Tree (Standing Only)","The First Harmful Event was Not a Collision with a Motor Vehicle in Transport",1,2020,"CHEVROLET","BLAZER",998,"Disabling Damage",1,0,1,"Full Driver License","Valid","No",40,"Dry","Negotiating a Curve","Unknown cause of control loss","No Avoidance Maneuver","Skidding laterally counterclockwise rotation","Departed roadway","SUV",1,1,0,1,2,2,0,2,2
130360,2,3,12,"Motor Vehicle In-Transport","Front-to-Rear",1,2014,"CHEVROLET","CRUZE",998,"Disabling Damage",0,0,1,"Full Driver License","Valid","No",65,"Dry","Going Straight","Other vehicle stopped","Unknown/Not Reported","Tracking","Stayed in original travel lane","4 DR",0,2,0,1,0,0,1,2,1
130365,2,4,5,"Fell/Jumped from Vehicle","The First Harmful Event was Not a Collision with a Motor Vehicle in Transport",1,2011,"NISSAN","ALTIMA",998,"Disabling Damage",0,0,1,"Full Driver License","Valid","No",65,"Dry","Going Straight","Other vehicle stopped","No Avoidance Maneuver","Tracking","Stayed in original travel lane","2 DR",0,1,0,0,0,0,1,2,0
130365,2,4,5,"Fell/Jumped from Vehicle","The First Harmful Event was Not a Collision with a Motor Vehicle in Transport",4,2015,"NISSAN","ALTIMA",0,"Disabling Damage",1,0,1,"Full Driver License","Valid","No",65,"Dry","Stopped in Roadway","Other critical precrash event (specify:)","No Avoidance Maneuver","Tracking","Stayed in original travel lane","4 DR",1,0,0,0,0,0,0,0,1
130368,2,16,12,"Motor Vehicle In-Transport","Angle",1,2016,"CHEVROLET","EQUINOX",998,"Disabling Damage",0,0,1,"Full Driver License","Valid","No",45,"Dry","Going Straight","From opposite direction  over left lane line","Unknown/Not Reported","Tracking","Stayed in original travel lane","SUV",0,0,0,1,0,0,0,1,1
130369,2,16,12,"Motor Vehicle In-Transport","Angle",1,2016,"FORD","TAURUS",998,"Disabling Damage",0,0,1,"Full Driver License","Valid","No",45,"Dry","Turning Left","Turning Left","No Avoidance Maneuver","Tracking","Stayed in original travel lane","4 DR",1,0,0,0,0,0,0,0,1
130371,2,21,18,"Other Object (not fixed)","The First Harmful Event was Not a Collision with a Motor Vehicle in Transport",1,2013,"HONDA","ACCORD",998,"Disabling Damage",1,0,1,"Full Driver License","Valid","No",50,"Dry","Negotiating a Curve","Off the edge of the road on the left side","Unknown/Not Reported","Skidding longitudinally  rotation less than 30 degrees","Departed roadway","2 DR",0,0,1,0,0,0,1,1,1
130377,4,21,12,"Motor Vehicle In-Transport","Front-to-Front",2,2019,"BUICK","ENVISION",998,"Disabling Damage",1,0,1,"Full Driver License","Valid","No",50,"Dry","Going Straight","From opposite direction  over left lane line","Unknown/Not Reported","Tracking","Stayed in original travel lane","SUV",1,1,1,0,2,2,0,2,2
130378,4,8,12,"Motor Vehicle In-Transport","Front-to-Rear",3,2013,"NISSAN","PATHFINDER",998,"Disabling Damage",0,0,1,"Full Driver License","Valid","No",70,"Dry","Decelerating in Road","From adjacent lane (same direction) over right lane line","No Avoidance Maneuver","Tracking","Stayed in original travel lane","SUV",0,1,0,0,0,0,1,2,0
130379,4,5,12,"Motor Vehicle In-Transport","Front-to-Front",1,2022,"JEEP","WAGONEER",998,"Minor Damage",0,0,1,"Full Driver License","Valid","No",65,"Dry","Going Straight","Other critical precrash event (specify:)","No Avoidance Maneuver","Tracking","Stayed in original travel lane","SUV",1,0,1,1,1,1,0,6,3
130379,4,5,12,"Motor Vehicle In-Transport","Front-to-Front",2,2013,"HYUNDAI","ELANTRA",998,"Minor Damage",0,0,1,"Full Driver License","Valid","No",65,"Dry","Going Straight","Pedestrian in road","No Avoidance Maneuver","Tracking","Stayed in original travel lane","2 DR",0,1,0,0,0,0,1,2,0
130384,4,12,12,"Motor Vehicle In-Transport","Angle",1,2018,"JEEP","GRAND CHEROKEE",998,"Disabling Damage",0,0,1,"Full Driver License","Valid","No",45,"Dry","Going Straight","From opposite direction  over left lane line","Unknown/Not Reported","Tracking","Stayed in original travel lane","SUV",1,0,1,1,2,2,0,0,3
130384,4,12,12,"Motor Vehicle In-Transport","Angle",2,2011,"HYUNDAI","ELANTRA",998,"Disabling Damage",1,0,1,"Full Driver License","Valid","No",45,"Dry","Going Straight","Over the lane line on left side of travel lane","Steering left","Tracking","Stayed on roadway, but left original travel lane","4 DR",0,2,0,0,0,0,1,1,0
130386,4,23,8,"Pedestrian","The First Harmful Event was Not a Collision with a Motor Vehicle in Transport",2,2017,"BMW","X3",998,"Functional Damage",0,0,1,"Full Driver License","Valid","No",45,"Dry","Changing Lanes","Pedestrian in road","Unknown/Not Reported","Tracking","Stayed on roadway, but left original travel lane","SUV",0,1,1,1,2,2,0,2,2
130391,2,20,9,"Pedalcyclist","The First Harmful Event was Not a Collision with a Motor Vehicle in Transport",1,2013,"KIA","OPTIMA",998,"Functional Damage",0,0,1,"Full Driver License","Valid","No",45,"Dry","Going Straight","Pedalcyclist or other non-motorist in road","Unknown/Not Reported","Tracking","Stayed in original travel lane","4 DR",0,1,0,0,0,0,1,2,0
130394,4,13,12,"Motor Vehicle In-Transport","Front-to-Front",2,2020,"HONDA","HR-V",998,"Disabling Damage",2,0,1,"Full Driver License","Valid","No",45,"Dry","Negotiating a Curve","From opposite direction  over left lane line","Unknown/Not Reported","Tracking","Departed roadway","SUV",0,1,1,1,2,2,0,1,2
130396,5,21,8,"Pedestrian","The First Harmful Event was Not a Collision with a Motor Vehicle in Transport",1,2019,"TOYOTA","CAMRY",998,"Minor Damage",0,0,1,"Full Driver License","Valid","No",45,"Dry","Going Straight","Pedestrian in road","No Avoidance Maneuver","Tracking","Stayed in original travel lane","4 DR",0,1,1,1,1,1,0,5,2
130402,2,20,25,"Concrete Traffic Barrier","The First Harmful Event was Not a Collision with a Motor Vehicle in Transport",2,2018,"HONDA","CIVIC",998,"Disabling Damage",1,0,1,"Full Driver License","Valid","No",70,"Dry","Going Straight","Unknown cause of control loss","Unknown/Not Reported","Skidding laterally counterclockwise rotation","Departed roadway","5 HB",0,1,0,1,2,2,0,1,1
130402,2,20,25,"Concrete Traffic Barrier","The First Harmful Event was Not a Collision with a Motor Vehicle in Transport",1,2021,"VOLKSWAGEN","JETTA",998,"Disabling Damage",0,0,1,"Full Driver License","Valid","No",70,"Dry","Going Straight","Other vehicle stopped","Braking and steering right","Tracking","Stayed on roadway, but left original travel lane","4 DR",1,1,1,0,2,2,0,2,2
130407,3,12,39,"Wall","The First Harmful Event was Not a Collision with a Motor Vehicle in Transport",1,2020,"KIA","TELLURIDE",998,"Disabling Damage",1,0,1,"Full Driver License","Valid","No",70,"Dry","Going Straight","Other cause of control loss (specify:)","Unknown/Not Reported","Tracking","Departed roadway","SUV",1,2,1,1,1,1,0,6,3
130416,5,23,12,"Motor Vehicle In-Transport","Front-to-Front",1,2018,"JEEP","GRAND CHEROKEE",998,"Disabling Damage",1,0,1,"Full Driver License","Valid","No",45,"Dry","Negotiating a Curve","From opposite direction  over left lane line","No Avoidance Maneuver","Tracking","Stayed in original travel lane","SUV",0,0,1,1,2,2,0,0,2
130419,5,12,42,"Tree (Standing Only)","The First Harmful Event was Not a Collision with a Motor Vehicle in Transport",1,2019,"TOYOTA","TACOMA",998,"Disabling Damage",1,0,1,"Full Driver License","Valid","No",55,"Dry","Going Straight","Off the edge of the road on the right side","No Avoidance Maneuver","Tracking","Departed roadway","PU/EC",1,1,1,1,1,1,0,5,3
130426,2,16,12,"Motor Vehicle In-Transport","Angle",1,2023,"TOYOTA","CAMRY",998,"Disabling Damage",1,0,1,"Full Driver License","Valid","No",55,"Dry","Turning Right","Turning Right","Steering left","Tracking","Stayed on roadway, but left original travel lane","4 DR",1,1,1,1,1,1,0,5,3
130431,2,20,8,"Pedestrian","The First Harmful Event was Not a Collision with a Motor Vehicle in Transport",2,2015,"NISSAN","ALTIMA",998,"Functional Damage",0,0,1,"Full Driver License","Valid","No",35,"Dry","Going Straight","Pedestrian in road","No Avoidance Maneuver","Tracking","Stayed in original travel lane","4 DR",0,0,0,0,0,0,0,0,0
130436,2,15,34,"Ditch","The First Harmful Event was Not a Collision with a Motor Vehicle in Transport",1,2021,"RAM","1500",998,"Disabling Damage",1,0,1,"Full Driver License","Valid","No",35,"Dry","Going Straight","Off the edge of the road on the right side","No Avoidance Maneuver","Tracking","Departed roadway","PU/EC",1,0,0,1,2,2,0,0,2
130437,2,17,12,"Motor Vehicle In-Transport","Angle",4,2019,"FORD","EXPEDITION",998,"Disabling Damage",0,0,1,"Full Driver License","Valid","No",45,"Dry","Going Straight","From driveway, across path","Unknown/Not Reported","Tracking","Stayed in original travel lane","SUV",0,0,0,0,2,2,0,0,0
130438,2,0,8,"Pedestrian","The First Harmful Event was Not a Collision with a Motor Vehicle in Transport",1,2017,"NISSAN","SENTRA",998,"Functional Damage",0,0,1,"Full Driver License","Valid","No",35,"Dry","Going Straight","Pedestrian in road","No Avoidance Maneuver","Tracking","Stayed in original travel lane","4 DR",0,0,0,0,2,2,0,0,0
130442,2,6,12,"Motor Vehicle In-Transport","Front-to-Front",1,2016,"NISSAN","ALTIMA",998,"Disabling Damage",1,0,1,"Full Driver License","Valid","No",55,"Dry","Going Straight","Traveling in opposite direction","No Avoidance Maneuver","Tracking","Stayed in original travel lane","4 DR",1,0,1,0,2,2,0,0,2
130443,2,23,8,"Pedestrian","The First Harmful Event was Not a Collision with a Motor Vehicle in Transport",1,2020,"HYUNDAI","ACCENT",998,"Disabling Damage",0,0,1,"Full Driver License","Valid","No",65,"Dry","Going Straight","Pedestrian in road","No Avoidance Maneuver","Tracking","Stayed in original travel lane","4 DR",0,2,1,0,2,2,0,0,1
130444,2,14,12,"Motor Vehicle In-Transport","Angle",1,2022,"TOYOTA","COROLLA",0,"Disabling Damage",0,0,1,"Full Driver License","Valid","No",35,"Dry","Stopped in Roadway","This vehicle decelerating","No Avoidance Maneuver","Tracking","Stayed in original travel lane","4 DR",1,1,1,1,1,1,0,6,3
130449,5,0,12,"Motor Vehicle In-Transport","Front-to-Rear",1,2021,"FORD","ESCAPE",998,"Disabling Damage",1,0,1,"Full Driver License","Valid","No",70,"Dry","Going Straight","Other vehicle stopped","Unknown/Not Reported","Tracking","Stayed in original travel lane","SUV",0,0,1,1,2,1,0,4,2
130454,2,2,12,"Motor Vehicle In-Transport","Front-to-Front",1,2021,"KIA","FORTE",998,"Disabling Damage",1,0,1,"Full Driver License","Valid","No",45,"Dry","Negotiating a Curve","Traveling in opposite direction","No Avoidance Maneuver","Tracking","Stayed in original travel lane","4 DR",0,2,1,1,1,1,0,4,2
130460,2,21,8,"Pedestrian","The First Harmful Event was Not a Collision with a Motor Vehicle in Transport",1,2017,"KIA","FORTE",998,"Disabling Damage",0,0,1,"Full Driver License","Valid","No",45,"Dry","Going Straight","Pedestrian in road","No Avoidance Maneuver","Tracking","Stayed in original travel lane","4 DR",0,1,0,1,2,2,0,1,1
130461,2,13,12,"Motor Vehicle In-Transport","Angle",1,2017,"KIA","FORTE",998,"Disabling Damage",1,0,1,"Full Driver License","Valid","No",45,"Dry","Turning Left","Turning Left","Unknown/Not Reported","Tracking","Stayed in original travel lane","4 DR",1,1,1,1,2,2,0,1,3
130461,2,13,12,"Motor Vehicle In-Transport","Angle",1,2012,"CHEVROLET","MALIBU",998,"Disabling Damage",0,0,1,"Full Driver License","Valid","No",45,"Dry","Going Straight","From opposite direction  over left lane line","Unknown/Not Reported","Tracking","Stayed in original travel lane","4 DR",0,0,0,0,0,0,1,2,0
130467,5,13,12,"Motor Vehicle In-Transport","Sideswipe - Same Direction",1,2011,"HONDA","CIVIC",998,"Functional Damage",0,0,1,"Full Driver License","Valid","No",40,"Dry","Going Straight","Traveling in same direction with higher speed","Unknown/Not Reported","Tracking","Stayed in original travel lane","4 DR",0,1,0,0,0,0,1,2,0
130477,5,20,12,"Motor Vehicle In-Transport","Front-to-Front",1,2018,"JEEP","COMPASS",998,"Disabling Damage",0,0,1,"Full Driver License","Valid","No",55,"Dry","Negotiating a Curve","From opposite direction  over left lane line","Unknown/Not Reported","Tracking","Stayed in original travel lane","SUV",0,0,0,1,2,2,0,0,1
130479,5,13,12,"Motor Vehicle In-Transport","Angle",1,2014,"RAM","1500",998,"Disabling Damage",1,0,1,"Full Driver License","Valid","No",55,"Dry","Going Straight","Over the lane line on left side of travel lane","Unknown/Not Reported","Precrash stability unknown","Stayed on roadway, but left original travel lane","PU/RC",0,1,0,0,0,0,1,2,0
130479,5,13,12,"Motor Vehicle In-Transport","Angle",2,2013,"NISSAN","SENTRA",998,"Disabling Damage",0,0,1,"Full Driver License","Valid","No",55,"Dry","Going Straight","From opposite direction  over left lane line","No Avoidance Maneuver","Tracking","Stayed in original travel lane","4 DR",0,1,0,0,0,0,1,2,0
130480,5,14,12,"Motor Vehicle In-Transport","Angle",4,2022,"TOYOTA","TACOMA",998,"Disabling Damage",0,0,1,"Full Driver License","Valid","No",55,"Dry","Negotiating a Curve","From opposite direction  over left lane line","Unknown/Not Reported","Tracking","Stayed in original travel lane","PU/CC",0,2,1,1,1,1,0,5,2
130480,5,14,12,"Motor Vehicle In-Transport","Angle",3,2022,"TOYOTA","HIGHLANDER",998,"Disabling Damage",1,0,1,"Full Driver License","Valid","No",55,"Dry","Negotiating a Curve","From opposite direction  over left lane line","No Avoidance Maneuver","Tracking","Stayed in original travel lane","SUV",0,1,1,1,1,1,0,6,2
130481,5,21,12,"Motor Vehicle In-Transport","Front-to-Front",1,2015,"KIA","SPORTAGE",998,"Disabling Damage",1,0,1,"Full Driver License","Valid","No",45,"Dry","Turning Right","Turning Right","No Avoidance Maneuver","Skidding longitudinally  rotation less than 30 degrees","Stayed on roadway, but left original travel lane","SUV",0,1,0,0,0,0,0,1,0
130484,5,23,8,"Pedestrian","The First Harmful Event was Not a Collision with a Motor Vehicle in Transport",3,2017,"KIA","RIO",998,"Disabling Damage",0,0,1,"Full Driver License","Valid","No",55,"Dry","Going Straight","Pedestrian in road","No Avoidance Maneuver","Tracking","Stayed in original travel lane","5 HB",0,1,0,0,0,0,0,1,0
130488,5,9,8,"Pedestrian","The First Harmful Event was Not a Collision with a Motor Vehicle in Transport",1,2018,"TOYOTA","CAMRY",998,"Functional Damage",0,0,1,"Full Driver License","Valid","No",45,"Dry","Going Straight","Pedestrian in road","No Avoidance Maneuver","Tracking","Stayed in original travel lane","4 DR",0,1,1,1,1,1,0,5,2
130489,3,11,12,"Motor Vehicle In-Transport","Angle",1,2022,"TOYOTA","COROLLA",998,"Disabling Damage",0,0,1,"Full Driver License","Valid","No",55,"Dry","Going Straight","Crossing Over (Passing Through) Junction","Unknown/Not Reported","Tracking","Stayed in original travel lane","4 DR",0,1,1,1,1,1,0,6,2