"SERIAL_CRASH","MONTH","HOUR","HARM_EV","HARM_EVNAME","TYPE_OF_COLLIOSION","NUM_OF_PEOPLE","MOD_YEAR","VPICMAKENAME","VPICMODELNAME","TRAV_SP","DEFORMEDNAME","DEATHS","DR_DRINK","IS_DRIVER_PRESENT","L_TYPENAME","L_STATUSNAME","SPEEDRELNAME","VSPD_LIM","VSURCONDNAME","P_CRASH1NAME","P_CRASH2NAME","P_CRASH3NAME","PCRASH4NAME","PCRASH5NAME","BODY_STYLE","BLIND_SPOT_DETECTION","ARS","FRNT_COLLISION_WARNING","LANE_DEPARTURE_WARNING","CRASH_IMMINENT_BRAKE","DYNAMIC_BRAKE_SUPPORT","NHTSA_ESC","SAFETY_COUNT","notification_count"
130489,3,11,12,"Motor Vehicle In-Transport","Angle",1,2021,"TOYOTA","COROLLA",0,"Disabling Damage",0,0,1,"Full Driver License","Valid","No",45,"Dry","Stopped in Roadway","Turning Right","No Avoidance Maneuver","Tracking","Stayed in original travel lane","4 DR",1,1,1,1,1,1,0,6,3
130491,3,1,12,"Motor Vehicle In-Transport","Angle",1,2015,"CHEVROLET","MALIBU",998,"Disabling Damage",0,0,1,"Full Driver License","Valid","No",35,"Dry","Turning Left","Turning Left","No Avoidance Maneuver","Tracking","Stayed in original travel lane","4 DR",1,0,0,1,0,0,0,1,2
130492,3,5,12,"Motor Vehicle In-Transport","Angle",1,2013,"KIA","FORTE",998,"Disabling Damage",0,0,1,"Full Driver License","Valid","No",45,"Dry","Turning Left","Turning Left","Unknown/Not Reported","Tracking","Stayed in original travel lane","4 DR",0,1,0,0,0,0,1,2,0
130494,3,20,12,"Motor Vehicle In-Transport","Angle",3,2015,"NISSAN","SENTRA",998,"Disabling Damage",1,0,1,"Full Driver License","Valid","No",98,"Dry","Going Straight","Crossing Over (Passing Through) Junction","Unknown/Not Reported","Tracking","Stayed in original travel lane","4 DR",0,1,0,0,0,0,0,1,0
130501,3,20,8,"Pedestrian","The First Harmful Event was Not a Collision with a Motor Vehicle in Transport",1,2018,"DODGE","JOURNEY",998,"Disabling Damage",0,0,1,"Full Driver License","Valid","No",98,"Dry","Going Straight","Pedestrian in road","Braking","Tracking","Stayed in original travel lane","SUV",0,0,0,0,0,0,0,0,0
130510,5,0,8,"Pedestrian","The First Harmful Event was Not a Collision with a Motor Vehicle in Transport",2,2023,"CHEVROLET","MALIBU",998,"Minor Damage",0,0,1,"Full Driver License","Valid","No",35,"Dry","Going Straight","Pedestrian in road","No Avoidance Maneuver","Tracking","Stayed in original travel lane","4 DR",1,2,1,1,1,1,0,4,3
130511,5,13,59,"Traffic Sign Support","The First Harmful Event was Not a Collision with a Motor Vehicle in Transport",1,2019,"JEEP","CHEROKEE",998,"Disabling Damage",0,0,1,"Full Driver License","Valid","No",50,"Dry","Negotiating a Curve","From crossing street, intended path not known","No Avoidance Maneuver","Tracking","Stayed in original travel lane","SUV",0,1,0,0,2,2,0,1,0
130512,5,17,8,"Pedestrian","The First Harmful Event was Not a Collision with a Motor Vehicle in Transport",1,2011,"JEEP","WRANGLER",998,"No Damage",0,0,1,"Full Driver License","Valid","No",10,"Dry","Going Straight","Pedestrian in road","No Avoidance Maneuver","Tracking","Stayed in original travel lane","SUV",0,0,0,0,0,0,1,1,0
130513,5,13,18,"Other Object (not fixed)","The First Harmful Event was Not a Collision with a Motor Vehicle in Transport",2,2020,"TOYOTA","HIGHLANDER",998,"Disabling Damage",1,0,1,"Full Driver License","Valid","No",70,"Dry","Negotiating a Curve","Object unknown location","No Avoidance Maneuver","Tracking","Stayed in original travel lane","SUV",1,1,1,1,1,1,0,6,3
130515,5,6,12,"Motor Vehicle In-Transport","Front-to-Rear",1,2017,"CHRYSLER","300",998,"Disabling Damage",0,0,1,"Full Driver License","Valid","No",65,"Dry","Going Straight","Traveling in same direction with lower steady speed","No Avoidance Maneuver","Tracking","Stayed in original travel lane","4 DR",1,0,0,0,2,2,0,0,1
130518,5,5,12,"Motor Vehicle In-Transport","Angle",2,2014,"CHEVROLET","IMPALA LIMITED",998,"Disabling Damage",1,0,1,"Full Driver License","Valid","No",35,"Dry","Going Straight","Crossing Over (Passing Through) Junction","No Avoidance Maneuver","Tracking","Stayed in original travel lane","4 DR",0,0,0,0,0,0,1,2,0
130519,5,16,21,"Bridge Pier or Support","The First Harmful Event was Not a Collision with a Motor Vehicle in Transport",1,2015,"HONDA","CIVIC",998,"Disabling Damage",1,0,1,"Full Driver License","Valid","No",70,"Dry","Going Straight","Off the edge of the road on the left side","No Avoidance Maneuver","Tracking","Departed roadway","4 DR",0,1,0,0,0,0,0,1,0
130528,5,4,8,"Pedestrian","The First Harmful Event was Not a Collision with a Motor Vehicle in Transport",1,2022,"TOYOTA","COROLLA CROSS",998,"Functional Damage",0,0,1,"Full Driver License","Valid","No",65,"Dry","Going Straight","Pedestrian in road","Unknown/Not Reported","Tracking","Stayed in original travel lane","SUV",1,1,1,1,1,1,0,7,3
130531,5,10,12,"Motor Vehicle In-Transport","Angle",2,2018,"CHEVROLET","TAHOE",998,"Disabling Damage",0,0,1,"Full Driver License","Valid","No",55,"Dry","Going Straight","Crossing Over (Passing Through) Junction","Unknown/Not Reported","Tracking","Stayed in original travel lane","SUV",0,1,1,0,2,2,0,2,1
130535,5,18,12,"Motor Vehicle In-Transport","Angle",1,2012,"NISSAN","ALTIMA",998,"Disabling Damage",0,0,1,"Full Driver License","Valid","No",98,"Dry","Turning Left","Turning Left","Unknown/Not Reported","Tracking","Stayed in original travel lane","4 DR",0,0,0,0,0,0,1,1,0
130537,5,5,72,"Cargo/Equipment Loss, Shift, or Damage [harmful]","The First Harmful Event was Not a Collision with a Motor Vehicle in Transport",1,2022,"FORD","EXPLORER",0,"Reported as Unknown",0,0,1,"Full Driver License","Valid","No",65,"Dry","Stopped in Roadway","From adjacent lane (same direction) over left lane line","No Avoidance Maneuver","Tracking","Stayed in original travel lane","SUV",1,0,1,1,1,1,0,6,3
130537,5,5,72,"Cargo/Equipment Loss, Shift, or Damage [harmful]","The First Harmful Event was Not a Collision with a Motor Vehicle in Transport",1,2015,"LINCOLN","MKZ",0,"Disabling Damage",0,0,1,"Full Driver License","Valid","No",65,"Dry","Stopped in Roadway","Other critical precrash event (specify:)","No Avoidance Maneuver","Tracking","Stayed in original travel lane","4 DR",0,1,1,1,0,0,0,2,2
130539,5,14,12,"Motor Vehicle In-Transport","Angle",1,2014,"VOLKSWAGEN","JETTA",998,"Functional Damage",0,0,1,"Full Driver License","Valid","No",45,"Dry","Going Straight","From opposite direction  over left lane line","No Avoidance Maneuver","Tracking","Stayed in original travel lane","4 DR",0,1,0,0,0,0,1,2,0
130544,5,21,12,"Motor Vehicle In-Transport","Angle",1,2022,"TESLA","MODEL 3",998,"Disabling Damage",0,0,1,"Full Driver License","Valid","No",30,"Dry","Going Straight","From crossing street, across path","Unknown/Not Reported","Tracking","Stayed in original travel lane","4 DR",1,1,1,1,1,1,0,6,3
130545,5,23,21,"Bridge Pier or Support","The First Harmful Event was Not a Collision with a Motor Vehicle in Transport",1,2017,"CADILLAC","CTS",998,"Disabling Damage",1,0,1,"Full Driver License","Valid","No",40,"Dry","Going Straight","Unknown cause of control loss","Steering right","Skidding laterally clockwise rotation","Departed roadway","4 DR",0,1,0,0,2,2,0,2,0
130551,5,21,12,"Motor Vehicle In-Transport","Angle",2,2017,"TOYOTA","CAMRY",998,"Disabling Damage",0,0,1,"Full Driver License","Valid","No",25,"Dry","Turning Left","Turning Left","No Avoidance Maneuver","Tracking","Stayed in original travel lane","4 DR",0,1,1,1,2,2,0,1,2
130557,5,22,12,"Motor Vehicle In-Transport","Front-to-Rear",1,2015,"KIA","SORENTO",998,"Disabling Damage",0,0,1,"Full Driver License","Valid","No",55,"Dry","Going Straight","From opposite direction  over left lane line","Unknown/Not Reported","Tracking","Stayed in original travel lane","SUV",0,1,0,0,0,0,0,1,0
130559,5,21,12,"Motor Vehicle In-Transport","Front-to-Front",1,2011,"FORD","ESCAPE",998,"Disabling Damage",1,0,1,"Full Driver License","Valid","No",65,"Dry","Going Straight","Traveling in opposite direction","Unknown/Not Reported","Tracking","Stayed in original travel lane","SUV",0,0,0,0,0,0,1,1,0
130567,6,15,45,"Working Motor Vehicle","The First Harmful Event was Not a Collision with a Motor Vehicle in Transport",1,2019,"NISSAN","FRONTIER",998,"Disabling Damage",1,0,1,"Full Driver License","Valid","No",65,"Dry","Going Straight","Traveling in same direction with lower steady speed","Unknown/Not Reported","Tracking","Stayed in original travel lane","PU/EC",0,1,0,0,0,0,0,1,0
130570,6,17,15,"Non-Motorist on Personal Conveyance","The First Harmful Event was Not a Collision with a Motor Vehicle in Transport",1,2019,"TOYOTA","COROLLA",998,"Disabling Damage",0,0,1,"Full Driver License","Valid","No",45,"Dry","Going Straight","Pedalcyclist or other non-motorist in road","No Avoidance Maneuver","Tracking","Stayed in original travel lane","4 DR",0,1,1,1,1,1,0,5,2
130572,4,18,12,"Motor Vehicle In-Transport","Sideswipe - Opposite Direction",1,2017,"KIA","OPTIMA",998,"Functional Damage",0,0,1,"Full Driver License","Valid","No",30,"Dry","Going Straight","From opposite direction  over left lane line","Unknown/Not Reported","Tracking","Stayed in original travel lane","4 DR",1,1,1,0,2,2,0,1,2
130577,6,3,42,"Tree (Standing Only)","The First Harmful Event was Not a Collision with a Motor Vehicle in Transport",3,2018,"TOYOTA","CAMRY",998,"Disabling Damage",1,0,1,"Intermediate Driver License","Valid","No",45,"Dry","Going Straight","Off the edge of the road on the right side","No Avoidance Maneuver","Tracking","Departed roadway","4 DR",0,1,1,1,1,1,0,5,2
130586,6,12,12,"Motor Vehicle In-Transport","Angle",1,2013,"KIA","OPTIMA",998,"Disabling Damage",0,0,1,"Full Driver License","Valid","No",55,"Dry","Going Straight","From driveway, across path","No Avoidance Maneuver","Tracking","Stayed in original travel lane","4 DR",0,1,0,0,0,0,1,2,0
130595,6,9,12,"Motor Vehicle In-Transport","Angle",4,2012,"NISSAN","ROGUE",998,"Disabling Damage",1,0,1,"Full Driver License","Valid","No",45,"Dry","Turning Left","Turning Left","No Avoidance Maneuver","Tracking","Stayed on roadway, but left original travel lane","SUV",0,0,0,0,0,0,1,1,0
130607,6,21,12,"Motor Vehicle In-Transport","Front-to-Rear",2,2019,"MERCEDES-BENZ","C-CLASS",0,"Disabling Damage",1,0,1,"Full Driver License","Valid","No",65,"Dry","Stopped in Roadway","Traveling in same direction with higher speed","No Avoidance Maneuver","Tracking","Stayed in original travel lane","2 DR",1,1,1,0,1,1,0,5,2
130607,6,21,12,"Motor Vehicle In-Transport","Front-to-Rear",3,2014,"TOYOTA","COROLLA",0,"Disabling Damage",0,0,1,"Full Driver License","Valid","No",65,"Dry","Stopped in Roadway","Other vehicle stopped","No Avoidance Maneuver","Tracking","Stayed in original travel lane","4 DR",0,0,0,0,0,0,1,1,0
130607,6,21,12,"Motor Vehicle In-Transport","Front-to-Rear",1,2012,"TOYOTA","COROLLA",0,"Disabling Damage",0,0,1,"Full Driver License","Valid","No",65,"Dry","Stopped in Roadway","Other vehicle stopped","No Avoidance Maneuver","Tracking","Stayed in original travel lane","4 DR",0,0,0,0,0,0,1,1,0
130612,6,21,17,"Boulder","The First Harmful Event was Not a Collision with a Motor Vehicle in Transport",2,2013,"CADILLAC","ATS",998,"Disabling Damage",1,0,1,"Full Driver License","Valid","No",45,"Dry","Going Straight","Unknown cause of control loss","Unknown/Not Reported","Tracking","Departed roadway","4 DR",0,1,0,0,2,2,1,3,0
130613,6,0,12,"Motor Vehicle In-Transport","Angle",1,2020,"RAM","1500",998,"Disabling Damage",0,0,1,"Full Driver License","Valid","No",35,"Dry","Turning Left","In crossover","No Avoidance Maneuver","Tracking","Stayed on roadway, but left original travel lane","PU/EC",1,0,1,0,2,2,0,0,2
130632,5,13,12,"Motor Vehicle In-Transport","Angle",1,2020,"NISSAN","VERSA",998,"Disabling Damage",1,0,1,"Full Driver License","Valid","No",35,"Dry","Going Straight","Crossing Over (Passing Through) Junction","No Avoidance Maneuver","Tracking","Stayed in original travel lane","4 DR",1,0,1,1,1,1,0,4,3
130633,5,19,12,"Motor Vehicle In-Transport","Angle",4,2015,"NISSAN","ROGUE",998,"Disabling Damage",0,0,1,"Full Driver License","Valid","No",45,"Dry","Turning Left","Turning Left","Unknown/Not Reported","Tracking","Stayed in original travel lane","SUV",0,0,1,0,0,0,0,0,1
130635,6,13,12,"Motor Vehicle In-Transport","Front-to-Front",1,2019,"RAM","1500",998,"Disabling Damage",0,0,1,"Full Driver License","Valid","No",45,"Dry","Turning Left","Turning Left","No Avoidance Maneuver","Tracking","Stayed in original travel lane","PU/EC",0,1,0,1,2,2,0,1,1
130639,6,22,31,"Post, Pole or Other Supports","The First Harmful Event was Not a Collision with a Motor Vehicle in Transport",1,2023,"MAZDA","CX-5",998,"Minor Damage",1,0,1,"Full Driver License","Valid","No",65,"Dry","Going Straight","Other cause of control loss (specify:)","Unknown/Not Reported","Skidding longitudinally  rotation less than 30 degrees","Departed roadway","SUV",1,1,1,1,1,1,0,6,3
130640,6,22,12,"Motor Vehicle In-Transport","Sideswipe - Same Direction",1,2020,"CHEVROLET","BLAZER",998,"Disabling Damage",1,0,1,"Full Driver License","Valid","No",55,"Dry","Changing Lanes","Over the lane line on right side of travel lane","No Avoidance Maneuver","Tracking","Stayed on roadway, but left original travel lane","SUV",1,1,1,0,2,2,0,2,2
130640,6,22,12,"Motor Vehicle In-Transport","Sideswipe - Same Direction",3,2020,"DODGE","CHARGER",998,"Functional Damage",0,0,1,"Full Driver License","Valid","No",55,"Dry","Going Straight","From adjacent lane (same direction) over left lane line","No Avoidance Maneuver","Tracking","Stayed in original travel lane","4 DR",0,0,0,0,2,2,0,0,0
130641,6,0,8,"Pedestrian","The First Harmful Event was Not a Collision with a Motor Vehicle in Transport",3,2022,"KIA","SOUL",998,"Functional Damage",0,0,1,"Full Driver License","Valid","No",55,"Dry","Going Straight","Pedestrian in road","No Avoidance Maneuver","Tracking","Stayed in original travel lane","SUV",0,2,1,1,1,1,0,4,2
130644,6,12,32,"Culvert","The First Harmful Event was Not a Collision with a Motor Vehicle in Transport",1,2018,"NISSAN","FRONTIER",998,"Disabling Damage",1,0,1,"Full Driver License","Valid","No",65,"Dry","Negotiating a Curve","Off the edge of the road on the right side","No Avoidance Maneuver","Tracking","Departed roadway","PU/EC",0,1,0,0,0,0,0,1,0
130645,6,18,12,"Motor Vehicle In-Transport","Angle",1,2017,"KIA","SORENTO",998,"Disabling Damage",0,0,1,"Full Driver License","Valid","No",35,"Dry","Going Straight","From opposite direction  over left lane line","No Avoidance Maneuver","Tracking","Stayed in original travel lane","SUV",0,1,1,1,2,2,0,1,2
130647,6,21,8,"Pedestrian","The First Harmful Event was Not a Collision with a Motor Vehicle in Transport",1,2016,"CHEVROLET","IMPALA",998,"Functional Damage",0,0,1,"Full Driver License","Valid","No",35,"Dry","Going Straight","Pedestrian in road","No Avoidance Maneuver","Tracking","Stayed in original travel lane","4 DR",1,1,0,1,2,0,0,2,2
130652,6,19,12,"Motor Vehicle In-Transport","Front-to-Front",2,2012,"GMC","YUKON",998,"Functional Damage",2,0,1,"Learner's Permit","Valid","No",55,"Dry","Going Straight","Traveling in opposite direction","No Avoidance Maneuver","Tracking","Stayed in original travel lane","SUV",0,0,0,0,0,0,1,2,0
130654,6,9,8,"Pedestrian","The First Harmful Event was Not a Collision with a Motor Vehicle in Transport",1,2023,"CHEVROLET","MALIBU",998,"Minor Damage",0,0,1,"Full Driver License","Valid","No",45,"Dry","Going Straight","Pedestrian in road","Steering right","Tracking","Stayed in original travel lane","4 DR",0,2,1,1,1,1,0,4,2
130660,6,20,12,"Motor Vehicle In-Transport","Front-to-Front",1,2017,"FORD","TRANSIT",998,"Disabling Damage",0,0,1,"Full Driver License","Valid","No",55,"Dry","Negotiating a Curve","From opposite direction  over left lane line","Steering left","Tracking","Stayed on roadway, but left original travel lane","VAN",0,0,0,1,0,0,0,0,1
130663,6,22,12,"Motor Vehicle In-Transport","Front-to-Rear",1,2015,"KIA","RIO",998,"Functional Damage",0,0,1,"Full Driver License","Valid","No",65,"Dry","Going Straight","Traveling in same direction with lower steady speed","No Avoidance Maneuver","Tracking","Stayed in original travel lane","4 DR",0,1,0,0,0,0,0,1,0
130667,6,7,12,"Motor Vehicle In-Transport","Angle",1,2021,"HONDA","ACCORD",998,"Disabling Damage",0,0,1,"Full Driver License","Valid","No",45,"Dry","Going Straight","From crossing street, across path","No Avoidance Maneuver","Tracking","Stayed in original travel lane","4 DR",0,1,1,1,1,1,0,6,2
130667,6,7,12,"Motor Vehicle In-Transport","Angle",2,2019,"LINCOLN","NAUTILUS",998,"Disabling Damage",1,0,1,"Full Driver License","Valid","No",55,"Dry","Going Straight","Crossing Over (Passing Through) Junction","Braking","Tracking","Stayed in original travel lane","SUV",0,1,1,1,1,1,0,6,2
130670,6,17,12,"Motor Vehicle In-Transport","Angle",1,2019,"DODGE","JOURNEY",998,"Minor Damage",0,0,1,"Full Driver License","Valid","No",30,"Dry","Going Straight","Crossing Over (Passing Through) Junction","Unknown/Not Reported","Tracking","Stayed in original travel lane","SUV",0,0,0,0,0,0,0,0,0
130674,6,4,12,"Motor Vehicle In-Transport","Front-to-Front",1,2015,"JEEP","GRAND CHEROKEE",998,"Disabling Damage",1,0,1,"Full Driver License","Valid","No",70,"Dry","Going Straight","Traveling in opposite direction","Unknown/Not Reported","Tracking","Stayed in original travel lane","SUV",0,0,1,0,0,0,0,0,1
130677,6,3,12,"Motor Vehicle In-Transport","Front-to-Front",1,2013,"CADILLAC","ATS",998,"Disabling Damage",0,0,1,"Full Driver License","Valid","No",65,"Dry","Changing Lanes","Over the lane line on right side of travel lane","No Avoidance Maneuver","Tracking","Entered roadway","4 DR",0,1,1,1,2,2,1,3,2
130677,6,3,12,"Motor Vehicle In-Transport","Front-to-Front",2,2019,"NISSAN","SENTRA",998,"Disabling Damage",2,0,1,"Full Driver License","Valid","No",65,"Dry","Going Straight","Traveling in opposite direction","Unknown/Not Reported","Tracking","Stayed in original travel lane","4 DR",0,1,1,0,2,2,0,1,1
130678,6,18,24,"Guardrail Face","The First Harmful Event was Not a Collision with a Motor Vehicle in Transport",1,2018,"NISSAN","ROGUE SPORT",998,"Disabling Damage",1,0,1,"Full Driver License","Valid","No",45,"Dry","Going Straight","Off the edge of the road on the left side","Unknown/Not Reported","Tracking","Departed roadway","SUV",1,0,1,0,2,2,0,0,2
130679,6,15,12,"Motor Vehicle In-Transport","Angle",2,2014,"HONDA","CR-V",998,"Disabling Damage",1,0,1,"Full Driver License","Valid","No",35,"Dry","Turning Left","In crossover","No Avoidance Maneuver","Tracking","Stayed in original travel lane","SUV",0,0,0,0,0,0,1,1,0
130679,6,15,12,"Motor Vehicle In-Transport","Angle",1,2014,"FORD","ESCAPE",998,"Disabling Damage",0,0,1,"Intermediate Driver License","Valid","No",55,"Dry","Going Straight","From crossing street, turning into opposite direction","No Avoidance Maneuver","Tracking","Stayed in original travel lane","SUV",1,0,0,0,0,0,1,1,1
130681,6,10,12,"Motor Vehicle In-Transport","Angle",1,2011,"CADILLAC","SRX",998,"Disabling Damage",1,0,1,"Full Driver License","Valid","No",55,"Dry","Turning Left","Turning Left","Unknown/Not Reported","Tracking","Stayed in original travel lane","SUV",0,1,0,0,0,0,1,3,0
130683,6,0,1,"Rollover/Overturn","The First Harmful Event was Not a Collision with a Motor Vehicle in Transport",2,2017,"JEEP","COMPASS",998,"Minor Damage",0,0,1,"Full Driver License","Valid","No",70,"Dry","Going Straight","From adjacent lane (same direction) over left lane line","Unknown/Not Reported","Tracking","Stayed in original travel lane","SUV",0,0,0,0,0,0,0,0,0
130688,6,13,12,"Motor Vehicle In-Transport","Angle",1,2022,"HYUNDAI","ELANTRA",0,"Minor Damage",0,0,1,"Full Driver License","Valid","No",45,"Dry","Stopped in Roadway","From crossing street, turning into opposite direction","No Avoidance Maneuver","Tracking","Stayed in original travel lane","4 DR",1,2,1,1,1,1,0,4,3
130689,6,9,59,"Traffic Sign Support","The First Harmful Event was Not a Collision with a Motor Vehicle in Transport",3,2013,"KIA","SOUL",998,"Disabling Damage",1,0,1,"Full Driver License","Valid","No",55,"Dry","Negotiating a Curve","Off the edge of the road on the left side","Unknown/Not Reported","Tracking","Departed roadway","SUV",0,1,0,0,0,0,1,2,0
130696,7,16,12,"Motor Vehicle In-Transport","Front-to-Rear",1,2013,"CHEVROLET","IMPALA",998,"Disabling Damage",0,0,1,"Full Driver License","Valid","No",55,"Dry","Going Straight","Other vehicle stopped","No Avoidance Maneuver","Tracking","Stayed in original travel lane","4 DR",0,1,0,0,0,0,1,3,0
130697,7,21,8,"Pedestrian","The First Harmful Event was Not a Collision with a Motor Vehicle in Transport",1,2014,"JEEP","GRAND CHEROKEE",998,"Minor Damage",0,0,1,"Full Driver License","Valid","No",45,"Dry","Going Straight","Pedestrian in road","No Avoidance Maneuver","Tracking","Stayed in original travel lane","SUV",1,1,0,0,2,2,1,2,1
130700,7,0,8,"Pedestrian","The First Harmful Event was Not a Collision with a Motor Vehicle in Transport",1,2019,"TOYOTA","CAMRY",998,"Functional Damage",0,0,1,"Full Driver License","Valid","No",55,"Dry","Going Straight","Pedestrian in road","No Avoidance Maneuver","Tracking","Stayed in original travel lane","4 DR",1,1,1,1,1,1,0,5,3
130701,7,15,39,"Wall","The First Harmful Event was Not a Collision with a Motor Vehicle in Transport",1,2018,"MAZDA","MAZDA3",998,"Disabling Damage",1,0,1,"Full Driver License","Valid","No",45,"Dry","Negotiating a Curve","Off the edge of the road on the right side","No Avoidance Maneuver","Tracking","Departed roadway","4 DR",1,1,0,0,2,2,0,2,1
130702,7,17,12,"Motor Vehicle In-Transport","Front-to-Front",1,2014,"BUICK","ENCLAVE",998,"Disabling Damage",0,0,1,"Full Driver License","Valid","No",55,"Dry","Negotiating a Curve","Over the lane line on left side of travel lane","No Avoidance Maneuver","Tracking","Stayed on roadway, but left original travel lane","SUV",0,1,0,0,0,0,1,3,0
130702,7,17,12,"Motor Vehicle In-Transport","Front-to-Front",3,2023,"KIA","SPORTAGE",998,"Disabling Damage",1,0,1,"Full Driver License","Valid","No",55,"Dry","Negotiating a Curve","From opposite direction  over left lane line","No Avoidance Maneuver","Tracking","Stayed in original travel lane","SUV",1,2,1,1,1,1,0,4,3
130706,7,14,12,"Motor Vehicle In-Transport","Angle",1,2011,"CHEVROLET","CAMARO",998,"Disabling Damage",0,0,1,"Full Driver License","Valid","No",40,"Dry","Turning Left","In crossover","No Avoidance Maneuver","Tracking","Stayed on roadway, but left original travel lane","C",0,1,0,0,0,0,1,3,0
130707,7,1,9,"Pedalcyclist","The First Harmful Event was Not a Collision with a Motor Vehicle in Transport",1,2014,"NISSAN","ALTIMA",998,"Minor Damage",0,0,1,"Full Driver License","Valid","No",45,"Dry","Going Straight","Pedalcyclist or other non-motorist unknown location","No Avoidance Maneuver","Tracking","Stayed in original travel lane","4 DR",1,1,0,1,0,0,1,2,2
130709,7,23,8,"Pedestrian","The First Harmful Event was Not a Collision with a Motor Vehicle in Transport",1,2019,"NISSAN","SENTRA",998,"Disabling Damage",0,0,1,"Full Driver License","Valid","No",55,"Dry","Going Straight","Pedestrian in road","Unknown/Not Reported","Tracking","Stayed in original travel lane","4 DR",1,1,0,0,2,2,0,1,1
130714,7,21,8,"Pedestrian","The First Harmful Event was Not a Collision with a Motor Vehicle in Transport",1,2013,"NISSAN","PATHFINDER",998,"Disabling Damage",0,0,1,"Full Driver License","Valid","No",45,"Dry","Going Straight","Pedestrian in road","No Avoidance Maneuver","Tracking","Stayed in original travel lane","SUV",0,1,0,0,0,0,1,2,0
130720,7,21,15,"Non-Motorist on Personal Conveyance","The First Harmful Event was Not a Collision with a Motor Vehicle in Transport",2,2011,"HYUNDAI","SONATA",998,"Functional Damage",0,0,1,"Full Driver License","Valid","No",35,"Dry","Going Straight","Pedalcyclist or other non-motorist in road","No Avoidance Maneuver","Tracking","Stayed in original travel lane","4 DR",0,2,0,0,0,0,1,1,0
130727,7,16,12,"Motor Vehicle In-Transport","Front-to-Front",1,2018,"RAM","1500",998,"Disabling Damage",0,0,1,"Intermediate Driver License","Valid","No",55,"Dry","Going Straight","Over the lane line on left side of travel lane","Unknown/Not Reported","Tracking","Stayed on roadway, but left original travel lane","PU/RC",0,0,0,0,0,0,0,0,0
130729,7,1,8,"Pedestrian","The First Harmful Event was Not a Collision with a Motor Vehicle in Transport",4,2019,"BMW","X3",998,"Functional Damage",0,0,1,"Full Driver License","Valid","No",45,"Dry","Going Straight","Pedestrian approaching road","No Avoidance Maneuver","Tracking","Stayed in original travel lane","SUV",1,1,1,1,1,1,0,5,3
130734,7,20,8,"Pedestrian","The First Harmful Event was Not a Collision with a Motor Vehicle in Transport",99,2019,"NISSAN","SENTRA",998,"Functional Damage",0,0,1,"Learner's Permit","Valid","No",35,"Dry","Going Straight","Pedestrian in road","No Avoidance Maneuver","Tracking","Stayed in original travel lane","4 DR",1,1,0,0,2,2,0,1,1
130735,7,21,8,"Pedestrian","The First Harmful Event was Not a Collision with a Motor Vehicle in Transport",1,2014,"NISSAN","VERSA",998,"Functional Damage",0,0,1,"Full Driver License","Valid","No",35,"Dry","Going Straight","Pedestrian in road","No Avoidance Maneuver","Tracking","Stayed in original travel lane","4 DR",0,0,0,0,0,0,1,1,0
130735,7,21,8,"Pedestrian","The First Harmful Event was Not a Collision with a Motor Vehicle in Transport",2,2018,"JAGUAR","XE",998,"Functional Damage",0,0,1,"Full Driver License","Valid","No",35,"Dry","Going Straight","Pedestrian in road","No Avoidance Maneuver","Tracking","Stayed in original travel lane","4 DR",1,1,1,1,2,1,0,2,3
130741,7,18,12,"Motor Vehicle In-Transport","Angle",2,2015,"FORD","EXPLORER",998,"Disabling Damage",0,0,1,"Full Driver License","Valid","No",45,"Dry","Turning Left","Turning Left","Unknown/Not Reported","Tracking","Stayed in original travel lane","SUV",1,1,1,0,0,0,0,1,2
130742,7,21,12,"Motor Vehicle In-Transport","Front-to-Front",1,2016,"TOYOTA","CAMRY",998,"Disabling Damage",1,0,1,"Full Driver License","Valid","No",55,"Dry","Going Straight","Traveling in opposite direction","Unknown/Not Reported","Tracking","Stayed in original travel lane","4 DR",0,1,1,1,2,2,0,1,2
130742,7,21,12,"Motor Vehicle In-Transport","Front-to-Front",1,2018,"VOLKSWAGEN","ATLAS",998,"Functional Damage",0,0,1,"Full Driver License","Valid","No",55,"Dry","Going Straight","Other critical precrash event (specify:)","Steering left","Tracking","Stayed on roadway, but left original travel lane","SUV",0,1,1,0,0,0,0,1,1
130743,7,21,8,"Pedestrian","The First Harmful Event was Not a Collision with a Motor Vehicle in Transport",1,2020,"JEEP","GLADIATOR",998,"Minor Damage",0,0,1,"Full Driver License","Valid","No",45,"Dry","Going Straight","Pedestrian in road","Unknown/Not Reported","Tracking","Stayed in original travel lane","PU/CC",0,0,1,0,2,2,0,0,1
130747,7,4,32,"Culvert","The First Harmful Event was Not a Collision with a Motor Vehicle in Transport",1,2012,"NISSAN","MAXIMA",998,"Disabling Damage",1,0,1,"Full Driver License","Valid","No",45,"Dry","Negotiating a Curve","Off the edge of the road on the right side","Unknown/Not Reported","Tracking","Departed roadway","4 DR",0,0,0,0,0,0,1,1,0
130748,7,8,8,"Pedestrian","The First Harmful Event was Not a Collision with a Motor Vehicle in Transport",1,2016,"KIA","OPTIMA",998,"Disabling Damage",0,0,1,"Full Driver License","Valid","No",70,"Dry","Going Straight","Pedestrian in road","Unknown/Not Reported","Tracking","Stayed in original travel lane","4 DR",1,1,1,1,2,2,0,1,3