"SERIAL_CRASH","MONTH","HOUR","HARM_EV","HARM_EVNAME","TYPE_OF_COLLIOSION","NUM_OF_PEOPLE","MOD_YEAR","VPICMAKENAME","VPICMODELNAME","TRAV_SP","DEFORMEDNAME","DEATHS","DR_DRINK","IS_DRIVER_PRESENT","L_TYPENAME","L_STATUSNAME","SPEEDRELNAME","VSPD_LIM","VSURCONDNAME","P_CRASH1NAME","P_CRASH2NAME","P_CRASH3NAME","PCRASH4NAME","PCRASH5NAME","BODY_STYLE","BLIND_SPOT_DETECTION","ARS","FRNT_COLLISION_WARNING","LANE_DEPARTURE_WARNING","CRASH_IMMINENT_BRAKE","DYNAMIC_BRAKE_SUPPORT","NHTSA_ESC","SAFETY_COUNT","notification_count"
131202,10,21,8,"Pedestrian","The First Harmful Event was Not a Collision with a Motor Vehicle in Transport",1,2023,"KIA","NIRO",998,"Disabling Damage",0,0,1,"Full Driver License","Valid","No",45,"Dry","Going Straight","Pedestrian in road","Steering left","Tracking","Stayed in original travel lane","SUV",1,0,1,1,1,1,0,5,3
131204,10,15,12,"Motor Vehicle In-Transport","Angle",2,2011,"CHEVROLET","MALIBU",998,"Disabling Damage",1,0,1,"Full Driver License","Valid","No",55,"Dry","Going Straight","Crossing Over (Passing Through) Junction","Unknown/Not Reported","Tracking","Stayed in original travel lane","4 DR",0,1,0,0,0,0,1,3,0
131205,10,1,12,"Motor Vehicle In-Transport","Front-to-Front",1,2014,"JEEP","COMPASS",998,"Disabling Damage",1,0,1,"Full Driver License","Valid","No",65,"Dry","Going Straight","Traveling in opposite direction","Unknown/Not Reported","Tracking","Stayed in original travel lane","SUV",0,1,0,0,0,0,1,2,0
131208,8,11,12,"Motor Vehicle In-Transport","Front-to-Rear",1,2019,"ACURA","MDX",998,"Disabling Damage",0,0,1,"Full Driver License","Valid","No",55,"Dry","Negotiating a Curve","Traveling in same direction with higher speed","Unknown/Not Reported","Tracking","Stayed in original travel lane","SUV",0,1,1,1,1,1,0,5,2
131217,10,19,12,"Motor Vehicle In-Transport","Angle",1,2016,"MERCEDES-BENZ","GL-CLASS",998,"Functional Damage",0,0,1,"Full Driver License","Valid","No",65,"Dry","Going Straight","From adjacent lane (same direction) over right lane line","No Avoidance Maneuver","Tracking","Stayed in original travel lane","SUV",1,1,1,1,2,1,0,3,3
131218,10,22,8,"Pedestrian","The First Harmful Event was Not a Collision with a Motor Vehicle in Transport",1,2023,"BUICK","ENVISION",998,"Minor Damage",0,0,1,"Intermediate Driver License","Valid","No",55,"Dry","Going Straight","Pedestrian in road","Unknown/Not Reported","Tracking","Stayed in original travel lane","SUV",1,0,1,1,1,1,0,5,3
131219,10,17,8,"Pedestrian","The First Harmful Event was Not a Collision with a Motor Vehicle in Transport",1,2013,"TOYOTA","COROLLA",998,"Minor Damage",0,0,1,"Full Driver License","Valid","No",55,"Dry","Going Straight","Pedestrian in road","Braking","Tracking","Stayed in original travel lane","4 DR",0,0,0,0,0,0,1,1,0
131220,10,23,8,"Pedestrian","The First Harmful Event was Not a Collision with a Motor Vehicle in Transport",1,2012,"TOYOTA","CAMRY",998,"Functional Damage",0,0,1,"Full Driver License","Valid","No",35,"Dry","Going Straight","Pedestrian in road","No Avoidance Maneuver","Tracking","Stayed in original travel lane","4 DR",1,1,0,0,0,0,1,2,1
131225,10,22,53,"Mail Box","The First Harmful Event was Not a Collision with a Motor Vehicle in Transport",1,2018,"TOYOTA","YARIS IA",998,"Disabling Damage",1,0,1,"Full Driver License","Valid","No",45,"Dry","Going Straight","Over the lane line on right side of travel lane","No Avoidance Maneuver","Tracking","Departed roadway","4 DR",0,1,0,0,1,0,0,3,0
131232,10,13,12,"Motor Vehicle In-Transport","Angle",1,2013,"FORD","EXPLORER",998,"Disabling Damage",0,0,1,"Full Driver License","Valid","No",45,"Dry","Turning Left","Turning Left","Unknown/Not Reported","Tracking","Stayed in original travel lane","SUV",0,0,1,0,0,0,1,1,1
131238,10,6,12,"Motor Vehicle In-Transport","Front-to-Front",1,2022,"TOYOTA","RAV4",998,"Disabling Damage",0,0,1,"Full Driver License","Valid","No",45,"Dry","Negotiating a Curve","From opposite direction  over left lane line","No Avoidance Maneuver","Tracking","Stayed in original travel lane","SUV",0,1,1,1,1,1,0,6,2
131238,10,6,12,"Motor Vehicle In-Transport","Front-to-Front",1,2015,"HONDA","ACCORD",0,"Disabling Damage",0,0,1,"Full Driver License","Valid","No",0,"Dry","Stopped in Roadway","This vehicle decelerating","No Avoidance Maneuver","Tracking","Stayed in original travel lane","4 DR",0,1,0,0,0,0,0,2,0
131241,11,16,12,"Motor Vehicle In-Transport","Front-to-Front",1,2018,"TOYOTA","TUNDRA",998,"Disabling Damage",0,0,1,"Full Driver License","Valid","No",55,"Dry","Going Straight","Traveling in same direction while decelerating","No Avoidance Maneuver","Tracking","Stayed in original travel lane","PU/CC",1,2,1,1,1,1,0,4,3
131263,11,20,8,"Pedestrian","The First Harmful Event was Not a Collision with a Motor Vehicle in Transport",2,2016,"DODGE","CHALLENGER",998,"Functional Damage",0,0,1,"Full Driver License","Valid","No",45,"Dry","Going Straight","Pedestrian in road","No Avoidance Maneuver","Tracking","Stayed in original travel lane","2 DR",1,0,1,0,0,0,0,0,2
131264,11,16,12,"Motor Vehicle In-Transport","Front-to-Rear",1,2016,"HONDA","HR-V",0,"Disabling Damage",0,0,1,"Full Driver License","Valid","No",45,"Dry","Stopped in Roadway","Traveling in same direction with higher speed","No Avoidance Maneuver","Tracking","Stayed in original travel lane","SUV",0,1,1,0,0,0,0,1,1
131270,11,6,9,"Pedalcyclist","The First Harmful Event was Not a Collision with a Motor Vehicle in Transport",1,2021,"TOYOTA","TUNDRA",45,"Functional Damage",0,0,1,"Full Driver License","Valid","No",45,"Dry","Going Straight","Off the edge of the road on the right side","No Avoidance Maneuver","Tracking","Departed roadway","PU/EC",0,2,1,1,1,1,0,5,2
131277,11,14,31,"Post, Pole or Other Supports","The First Harmful Event was Not a Collision with a Motor Vehicle in Transport",1,2020,"HONDA","ACCORD",998,"Disabling Damage",1,0,1,"Full Driver License","Valid","No",55,"Dry","Negotiating a Curve","Off the edge of the road on the right side","Unknown/Not Reported","Tracking","Departed roadway","4 DR",1,1,1,1,1,1,0,6,3
131279,10,21,8,"Pedestrian","The First Harmful Event was Not a Collision with a Motor Vehicle in Transport",1,2017,"JEEP","COMPASS",998,"Functional Damage",0,0,1,"Full Driver License","Valid","No",45,"Dry","Going Straight","Pedestrian in road","No Avoidance Maneuver","Tracking","Stayed in original travel lane","SUV",0,0,0,0,0,0,0,0,0
131285,10,14,12,"Motor Vehicle In-Transport","Angle",2,2018,"HYUNDAI","SANTA FE SPORT",998,"Disabling Damage",1,0,1,"Full Driver License","Valid","No",45,"Dry","Turning Left","Unknown Travel Direction/Speed of Other Motor Vehicle in Lane","Braking","Tracking","Stayed in original travel lane","SUV",1,2,1,0,2,2,0,0,2
131286,11,18,42,"Tree (Standing Only)","The First Harmful Event was Not a Collision with a Motor Vehicle in Transport",1,2016,"CADILLAC","SRX",998,"Disabling Damage",1,0,1,"Full Driver License","Valid","No",35,"Dry","Going Straight","Off the edge of the road on the right side","No Avoidance Maneuver","Tracking","Departed roadway","SUV",1,1,0,0,2,2,0,2,1
131287,11,15,12,"Motor Vehicle In-Transport","Angle",2,2023,"JEEP","GRAND CHEROKEE",998,"Disabling Damage",0,0,1,"Full Driver License","Valid","No",55,"Dry","Going Straight","Crossing Over (Passing Through) Junction","No Avoidance Maneuver","Tracking","Stayed in original travel lane","SUV",1,0,1,1,1,1,0,5,3
131289,11,19,12,"Motor Vehicle In-Transport","Angle",1,2022,"TOYOTA","COROLLA",998,"Disabling Damage",1,0,1,"Full Driver License","Valid","No",55,"Dry","Going Straight","From opposite direction  over left lane line","No Avoidance Maneuver","Tracking","Stayed in original travel lane","4 DR",1,1,1,1,1,1,0,6,3
131293,11,16,12,"Motor Vehicle In-Transport","Angle",2,2023,"HYUNDAI","ELANTRA",998,"Disabling Damage",1,0,1,"Full Driver License","Valid","No",45,"Dry","Turning Left","Traveling in opposite direction","Unknown/Not Reported","Tracking","Stayed in original travel lane","4 DR",1,2,1,1,1,1,0,5,3
131295,11,19,8,"Pedestrian","The First Harmful Event was Not a Collision with a Motor Vehicle in Transport",1,2018,"SUBARU","OUTBACK",998,"Minor Damage",0,0,1,"Full Driver License","Valid","No",55,"Dry","Going Straight","Pedestrian in road","No Avoidance Maneuver","Tracking","Stayed in original travel lane","SW",0,0,0,0,2,2,0,0,0
131299,11,2,8,"Pedestrian","The First Harmful Event was Not a Collision with a Motor Vehicle in Transport",2,2022,"FORD","MUSTANG",998,"Disabling Damage",0,0,1,"Full Driver License","Valid","No",45,"Dry","Going Straight","Pedestrian in road","No Avoidance Maneuver","Tracking","Stayed in original travel lane","2 DR",1,0,1,1,1,1,0,6,3
131302,11,14,12,"Motor Vehicle In-Transport","Angle",1,2011,"FORD","EDGE",998,"Disabling Damage",0,0,1,"Full Driver License","Valid","No",45,"Dry","Negotiating a Curve","From opposite direction  over left lane line","No Avoidance Maneuver","Tracking","Stayed in original travel lane","SUV",0,2,0,0,0,0,1,1,0
131303,11,17,12,"Motor Vehicle In-Transport","Angle",1,2015,"JEEP","WRANGLER",998,"Disabling Damage",0,0,1,"Full Driver License","Valid","No",45,"Dry","Going Straight","From crossing street, across path","No Avoidance Maneuver","Tracking","Stayed in original travel lane","SUV",0,0,0,0,0,0,0,0,0
131306,11,20,8,"Pedestrian","The First Harmful Event was Not a Collision with a Motor Vehicle in Transport",1,2013,"MITSUBISHI","OUTLANDER SPORT",998,"Functional Damage",0,0,1,"Full Driver License","Valid","No",35,"Dry","Negotiating a Curve","Pedestrian in road","No Avoidance Maneuver","Tracking","Stayed in original travel lane","SUV",0,1,0,0,0,0,1,2,0
131308,11,16,33,"Curb","The First Harmful Event was Not a Collision with a Motor Vehicle in Transport",1,2015,"NISSAN","ARMADA",998,"Functional Damage",1,0,1,"Full Driver License","Valid","No",35,"Dry","Going Straight","Off the edge of the road on the left side","No Avoidance Maneuver","Tracking","Departed roadway","SUV",0,0,0,0,0,0,0,0,0
131315,11,19,12,"Motor Vehicle In-Transport","Angle",6,2012,"GMC","ACADIA",998,"Disabling Damage",0,0,1,"Full Driver License","Valid","No",55,"Dry","Turning Left","Turning Left","Unknown/Not Reported","Tracking","Stayed on roadway, but left original travel lane","SUV",0,1,0,0,0,0,1,3,0
131315,11,19,12,"Motor Vehicle In-Transport","Angle",2,2019,"JEEP","WRANGLER",998,"Disabling Damage",1,0,1,"Full Driver License","Valid","No",55,"Dry","Negotiating a Curve","Traveling in opposite direction","Unknown/Not Reported","Tracking","Stayed in original travel lane","SUV",0,0,0,0,0,0,0,0,0
131321,11,19,12,"Motor Vehicle In-Transport","Sideswipe - Same Direction",2,2018,"JEEP","GRAND CHEROKEE",998,"Functional Damage",0,0,1,"Full Driver License","Valid","No",55,"Dry","Going Straight","From adjacent lane (same direction) over right lane line","Unknown/Not Reported","Tracking","Stayed in original travel lane","SUV",1,0,1,1,2,2,0,0,3
131322,11,18,12,"Motor Vehicle In-Transport","Angle",2,2012,"NISSAN","MURANO",998,"Disabling Damage",0,0,1,"Full Driver License","Valid","No",70,"Dry","Turning Left","Turning Left","No Avoidance Maneuver","Tracking","Stayed in original travel lane","SUV",0,0,0,0,0,0,1,1,0
131324,11,6,8,"Pedestrian","The First Harmful Event was Not a Collision with a Motor Vehicle in Transport",1,2020,"HYUNDAI","KONA",998,"Disabling Damage",0,0,1,"Full Driver License","Valid","No",55,"Dry","Going Straight","Pedestrian in road","No Avoidance Maneuver","Tracking","Stayed in original travel lane","SUV",0,2,1,1,1,1,0,4,2
131327,11,18,12,"Motor Vehicle In-Transport","Front-to-Rear",1,2022,"JEEP","COMPASS",998,"Disabling Damage",1,0,1,"Full Driver License","Valid","No",55,"Dry","Going Straight","Traveling in same direction with lower steady speed","No Avoidance Maneuver","Tracking","Stayed in original travel lane","SUV",0,1,1,1,1,1,0,5,2
131334,11,5,12,"Motor Vehicle In-Transport","Front-to-Rear",1,2017,"TOYOTA","HIGHLANDER",998,"Disabling Damage",0,0,1,"Full Driver License","Valid","No",70,"Dry","Decelerating in Road","Traveling in same direction with higher speed","No Avoidance Maneuver","Tracking","Stayed in original travel lane","SUV",0,1,1,1,2,2,0,2,2
131335,11,15,12,"Motor Vehicle In-Transport","Front-to-Front",1,2019,"RAM","1500",998,"Disabling Damage",0,0,1,"Full Driver License","Valid","No",55,"Dry","Going Straight","Over the lane line on left side of travel lane","No Avoidance Maneuver","Tracking","Stayed on roadway, but left original travel lane","PU/EC",0,1,1,0,2,2,0,1,1
131339,11,22,8,"Pedestrian","The First Harmful Event was Not a Collision with a Motor Vehicle in Transport",1,2019,"HONDA","CR-V",998,"Disabling Damage",0,0,1,"Full Driver License","Valid","No",45,"Dry","Going Straight","Pedestrian in road","No Avoidance Maneuver","Tracking","Stayed in original travel lane","SUV",1,1,0,0,2,2,0,1,1
131341,11,0,12,"Motor Vehicle In-Transport","Angle",1,2015,"AUDI","Q5",998,"Functional Damage",0,0,1,"Full Driver License","Valid","No",35,"Dry","Turning Left","In crossover","No Avoidance Maneuver","Tracking","Stayed on roadway, but left original travel lane","SUV",0,1,1,0,2,0,0,1,1
131342,11,11,12,"Motor Vehicle In-Transport","Front-to-Front",2,2018,"JEEP","GRAND CHEROKEE",998,"Disabling Damage",0,0,1,"Full Driver License","Valid","No",45,"Dry","Going Straight","From opposite direction  over left lane line","Steering right","Tracking","Stayed in original travel lane","SUV",0,0,0,1,2,2,0,0,1
131348,11,6,12,"Motor Vehicle In-Transport","Front-to-Rear",1,2011,"HONDA","CR-V",998,"Disabling Damage",0,0,1,"Full Driver License","Valid","No",65,"Dry","Going Straight","From adjacent lane (same direction) over left lane line","No Avoidance Maneuver","Tracking","Stayed in original travel lane","SUV",0,1,0,0,0,0,1,2,0
131349,11,9,12,"Motor Vehicle In-Transport","Angle",2,2016,"RAM","1500",998,"Disabling Damage",1,0,1,"Full Driver License","Valid","No",55,"Dry","Going Straight","Crossing Over (Passing Through) Junction","No Avoidance Maneuver","Tracking","Stayed in original travel lane","PU/RC",0,0,0,0,0,0,0,0,0
131354,11,20,12,"Motor Vehicle In-Transport","Sideswipe - Opposite Direction",1,2022,"DODGE","DURANGO",998,"Disabling Damage",0,0,1,"Full Driver License","Valid","No",45,"Dry","Going Straight","This vehicle decelerating","Unknown/Not Reported","Tracking","Stayed in original travel lane","SUV",0,0,1,0,2,2,0,1,1
131354,11,20,12,"Motor Vehicle In-Transport","Sideswipe - Opposite Direction",2,2018,"NISSAN","ALTIMA",998,"Disabling Damage",0,0,1,"Full Driver License","Valid","No",45,"Dry","Going Straight","From opposite direction  over left lane line","No Avoidance Maneuver","Tracking","Stayed in original travel lane","4 DR",1,1,1,0,1,1,0,4,2
131354,11,20,12,"Motor Vehicle In-Transport","Sideswipe - Opposite Direction",1,2015,"CHEVROLET","MALIBU",998,"Disabling Damage",0,0,1,"Full Driver License","Valid","No",45,"Dry","Going Straight","This vehicle decelerating","Unknown/Not Reported","Tracking","Stayed in original travel lane","4 DR",0,0,1,1,0,0,0,1,2
131354,11,20,12,"Motor Vehicle In-Transport","Sideswipe - Opposite Direction",1,2016,"CHEVROLET","COLORADO",998,"Minor Damage",0,0,1,"Full Driver License","Valid","No",45,"Dry","Going Straight","This vehicle decelerating","No Avoidance Maneuver","Tracking","Stayed in original travel lane","PU/EC",0,1,1,1,0,0,0,1,2
131355,11,6,8,"Pedestrian","The First Harmful Event was Not a Collision with a Motor Vehicle in Transport",1,2011,"HYUNDAI","SANTA FE",998,"Functional Damage",0,0,1,"Full Driver License","Valid","No",35,"Dry","Going Straight","Pedestrian in road","Unknown/Not Reported","Tracking","Stayed in original travel lane","SUV",0,1,0,0,0,0,1,2,0
131356,11,13,12,"Motor Vehicle In-Transport","Front-to-Rear",2,2017,"NISSAN","TITAN",0,"Disabling Damage",1,0,1,"Full Driver License","Valid","No",70,"Dry","Stopped in Roadway","Traveling in same direction with higher speed","No Avoidance Maneuver","Tracking","Stayed in original travel lane","PU/CC",0,0,0,0,0,0,0,0,0
131356,11,13,12,"Motor Vehicle In-Transport","Front-to-Rear",2,2021,"FORD","EXPEDITION",0,"Disabling Damage",0,0,1,"Full Driver License","Valid","No",70,"Dry","Stopped in Roadway","Traveling in same direction with higher speed","No Avoidance Maneuver","Tracking","Stayed in original travel lane","SUV",1,0,1,0,1,1,0,5,2
131356,11,13,12,"Motor Vehicle In-Transport","Front-to-Rear",1,2014,"NISSAN","FRONTIER",0,"Functional Damage",0,0,1,"Full Driver License","Valid","No",70,"Dry","Stopped in Roadway","Traveling in same direction with higher speed","No Avoidance Maneuver","Tracking","Stayed in original travel lane","PU/EC",0,2,0,0,0,0,1,1,0
131358,11,16,12,"Motor Vehicle In-Transport","Angle",1,2021,"TOYOTA","RAV4",998,"Disabling Damage",1,0,1,"Full Driver License","Valid","No",45,"Dry","Going Straight","Crossing Over (Passing Through) Junction","No Avoidance Maneuver","Tracking","Stayed in original travel lane","SUV",1,1,1,1,1,1,0,6,3
131358,11,16,12,"Motor Vehicle In-Transport","Angle",2,2018,"TOYOTA","HIGHLANDER",998,"Disabling Damage",0,0,1,"Full Driver License","Valid","No",55,"Dry","Going Straight","From opposite direction  over left lane line","No Avoidance Maneuver","Tracking","Stayed in original travel lane","SUV",0,1,1,1,1,1,0,5,2
131360,11,15,12,"Motor Vehicle In-Transport","Angle",2,2012,"FORD","EDGE",998,"Disabling Damage",0,0,1,"Full Driver License","Valid","No",45,"Dry","Turning Left","Turning Left","No Avoidance Maneuver","Tracking","Stayed in original travel lane","SUV",0,0,0,0,0,0,1,1,0
131362,11,18,12,"Motor Vehicle In-Transport","Angle",1,2019,"LINCOLN","MKZ",998,"Disabling Damage",1,0,1,"Full Driver License","Valid","No",25,"Dry","Going Straight","Crossing Over (Passing Through) Junction","No Avoidance Maneuver","Tracking","Stayed in original travel lane","4 DR",1,1,1,1,1,1,0,6,3
131363,11,6,12,"Motor Vehicle In-Transport","Angle",1,2011,"FORD","FOCUS",998,"Disabling Damage",1,0,1,"Full Driver License","Valid","No",55,"Dry","Turning Left","Turning Left","No Avoidance Maneuver","Tracking","Stayed in original travel lane","2 DR",0,2,0,0,0,0,1,1,0
131364,11,4,8,"Pedestrian","The First Harmful Event was Not a Collision with a Motor Vehicle in Transport",1,2017,"INFINITI","QX60",998,"Disabling Damage",0,0,1,"Full Driver License","Valid","No",45,"Dry","Going Straight","Pedestrian in road","No Avoidance Maneuver","Tracking","Stayed in original travel lane","SUV",0,0,0,0,2,2,0,0,0
131366,12,0,8,"Pedestrian","The First Harmful Event was Not a Collision with a Motor Vehicle in Transport",1,2020,"BUICK","ENCORE",39,"Functional Damage",0,0,1,"Full Driver License","Valid","No",45,"Dry","Negotiating a Curve","Crossing Over (Passing Through) Junction","Braking and steering right","Tracking","Stayed on roadway, but left original travel lane","SUV",1,1,1,0,0,0,0,2,2
131378,12,9,12,"Motor Vehicle In-Transport","Angle",2,2019,"HONDA","CR-V",998,"Disabling Damage",1,0,1,"Full Driver License","Valid","No",55,"Dry","Going Straight","Crossing Over (Passing Through) Junction","Unknown/Not Reported","Tracking","Stayed in original travel lane","SUV",1,1,1,0,2,2,0,1,2
131380,12,14,12,"Motor Vehicle In-Transport","Sideswipe - Same Direction",1,2021,"FORD","EXPLORER",998,"Functional Damage",0,0,1,"Full Driver License","Valid","No",70,"Dry","Other(specify:)","Over the lane line on left side of travel lane","Accelerating and steering left","Tracking","Stayed on roadway, but left original travel lane","SUV",1,0,1,1,1,1,0,6,3
131382,12,17,12,"Motor Vehicle In-Transport","Angle",2,2018,"KIA","RIO",998,"Disabling Damage",2,0,1,"Full Driver License","Valid","No",65,"Dry","Going Straight","Crossing Over (Passing Through) Junction","Unknown/Not Reported","Tracking","Stayed in original travel lane","4 DR",0,2,1,1,2,2,0,0,2
131385,12,1,52,"Guardrail End","The First Harmful Event was Not a Collision with a Motor Vehicle in Transport",1,2011,"KIA","SORENTO",998,"Disabling Damage",1,0,1,"Full Driver License","Valid","No",65,"Dry","Going Straight","Off the edge of the road on the right side","Unknown/Not Reported","Tracking","Departed roadway","SUV",0,2,0,0,0,0,1,1,0
131387,12,17,12,"Motor Vehicle In-Transport","Angle",1,2016,"JEEP","COMPASS",998,"Disabling Damage",0,0,1,"Full Driver License","Valid","No",55,"Dry","Turning Left","Turning Left","No Avoidance Maneuver","Tracking","Stayed in original travel lane","SUV",0,0,0,0,0,0,0,0,0
131388,12,17,12,"Motor Vehicle In-Transport","Angle",2,2016,"GMC","CANYON",998,"Disabling Damage",1,0,1,"Full Driver License","Valid","No",50,"Dry","Going Straight","From opposite direction  over left lane line","Braking and steering right","Tracking","Stayed in original travel lane","PU/EC",0,1,0,1,0,0,0,1,1
131393,12,18,12,"Motor Vehicle In-Transport","Angle",3,2015,"KIA","SORENTO",998,"Disabling Damage",2,0,1,"Full Driver License","Valid","No",45,"Dry","Turning Left","Turning Left","Unknown/Not Reported","Tracking","Stayed in original travel lane","SUV",0,1,0,0,0,0,0,1,0
131394,12,21,8,"Pedestrian","The First Harmful Event was Not a Collision with a Motor Vehicle in Transport",1,2022,"HONDA","ACCORD",998,"Functional Damage",0,0,1,"Full Driver License","Valid","No",70,"Dry","Going Straight","This vehicle decelerating","No Avoidance Maneuver","Tracking","Stayed in original travel lane","4 DR",1,1,1,1,1,1,0,6,3
131394,12,21,8,"Pedestrian","The First Harmful Event was Not a Collision with a Motor Vehicle in Transport",2,2017,"KIA","SOUL",998,"Functional Damage",0,0,1,"Full Driver License","Valid","No",70,"Dry","Going Straight","This vehicle decelerating","No Avoidance Maneuver","Tracking","Stayed in original travel lane","SUV",1,1,0,0,0,0,0,1,1
131395,12,0,12,"Motor Vehicle In-Transport","Angle",1,2017,"FORD","MUSTANG",998,"Disabling Damage",1,0,1,"Full Driver License","Valid","No",45,"Dry","Going Straight","Crossing Over (Passing Through) Junction","Unknown/Not Reported","Tracking","Stayed in original travel lane","C",1,0,0,0,0,0,0,1,1
131397,12,13,12,"Motor Vehicle In-Transport","Front-to-Front",1,2018,"MITSUBISHI","OUTLANDER SPORT",998,"Disabling Damage",0,0,1,"Full Driver License","Valid","No",65,"Dry","Going Straight","Off the edge of the road on the left side","Unknown/Not Reported","Tracking","Returned to roadway","SUV",0,1,0,0,2,2,0,1,0
131399,12,18,12,"Motor Vehicle In-Transport","Front-to-Front",4,2017,"HONDA","PILOT",998,"Disabling Damage",1,0,1,"Full Driver License","Valid","No",45,"Dry","Going Straight","Crossing Over (Passing Through) Junction","Unknown/Not Reported","Tracking","Stayed in original travel lane","SUV",1,1,0,0,2,2,0,1,1
131402,12,20,12,"Motor Vehicle In-Transport","Front-to-Rear",1,2020,"TOYOTA","CAMRY",998,"Disabling Damage",0,0,1,"Full Driver License","Valid","No",55,"Dry","Going Straight","This vehicle decelerating","Unknown/Not Reported","Tracking","Stayed in original travel lane","4 DR",0,1,1,1,1,1,0,6,2
131404,12,0,12,"Motor Vehicle In-Transport","Front-to-Front",1,2011,"BMW","335I",998,"Functional Damage",0,0,1,"Full Driver License","Valid","No",55,"Dry","Going Straight","Traveling in opposite direction","Unknown/Not Reported","Tracking","Stayed in original travel lane","2 DR",0,1,0,0,0,0,1,2,0
131411,12,18,12,"Motor Vehicle In-Transport","Angle",1,2022,"HONDA","CIVIC",998,"Disabling Damage",0,0,1,"Full Driver License","Valid","No",45,"Dry","Going Straight","This vehicle decelerating","Unknown/Not Reported","Tracking","Stayed in original travel lane","4 DR",0,1,1,1,1,1,0,5,2
131411,12,18,12,"Motor Vehicle In-Transport","Angle",3,2022,"HYUNDAI","ACCENT",998,"Disabling Damage",1,0,1,"Full Driver License","Valid","No",45,"Dry","Going Straight","Off the edge of the road on the left side","Unknown/Not Reported","Skidding longitudinally  rotation less than 30 degrees","Returned to roadway","4 DR",0,2,0,0,2,2,0,0,0
131413,12,11,12,"Motor Vehicle In-Transport","Angle",1,2014,"CHEVROLET","IMPALA LIMITED",998,"Disabling Damage",0,0,1,"Full Driver License","Valid","No",55,"Dry","Going Straight","From crossing street, across path","Unknown/Not Reported","Tracking","Stayed in original travel lane","4 DR",0,0,1,0,0,0,1,2,1
131414,12,15,12,"Motor Vehicle In-Transport","Front-to-Front",1,2013,"TOYOTA","COROLLA",998,"Disabling Damage",1,0,1,"Full Driver License","Valid","No",50,"Dry","Turning Left","Turning Left","Unknown/Not Reported","Tracking","Stayed in original travel lane","4 DR",0,0,0,0,0,0,1,1,0
131415,12,18,42,"Tree (Standing Only)","The First Harmful Event was Not a Collision with a Motor Vehicle in Transport",1,2013,"TOYOTA","TACOMA",998,"Disabling Damage",1,0,1,"Full Driver License","Valid","No",45,"Dry","Going Straight","Off the edge of the road on the right side","Unknown/Not Reported","Tracking","Departed roadway","PU/CC",0,0,0,0,0,0,1,1,0
131416,12,19,8,"Pedestrian","The First Harmful Event was Not a Collision with a Motor Vehicle in Transport",1,2015,"KIA","OPTIMA",998,"Disabling Damage",0,0,1,"Full Driver License","Valid","No",35,"Dry","Going Straight","This vehicle decelerating","No Avoidance Maneuver","Tracking","Stayed in original travel lane","4 DR",0,1,0,0,0,0,0,1,0
131418,12,6,12,"Motor Vehicle In-Transport","Front-to-Rear",2,2021,"VOLKSWAGEN","PASSAT",0,"Disabling Damage",1,0,1,"Full Driver License","Valid","No",65,"Dry","Disabled or ""Parked"" in Travel lane","Traveling in same direction with higher speed","No Avoidance Maneuver","Tracking","Stayed in original travel lane","4 DR",1,1,1,1,1,1,0,6,3
131424,12,20,9,"Pedalcyclist","The First Harmful Event was Not a Collision with a Motor Vehicle in Transport",1,2018,"KIA","FORTE",998,"Disabling Damage",0,0,1,"Full Driver License","Valid","No",55,"Dry","Going Straight","This vehicle decelerating","No Avoidance Maneuver","Tracking","Stayed in original travel lane","4 DR",0,2,0,0,2,2,0,0,0
131428,12,15,53,"Mail Box","The First Harmful Event was Not a Collision with a Motor Vehicle in Transport",1,2015,"SUBARU","XV CROSSTREK",998,"Disabling Damage",1,0,1,"Full Driver License","Valid","No",35,"Dry","Going Straight","Off the edge of the road on the left side","Unknown/Not Reported","Tracking","Departed roadway","SUV",0,0,0,1,2,2,0,0,1
131434,11,16,8,"Pedestrian","The First Harmful Event was Not a Collision with a Motor Vehicle in Transport",1,2012,"CHRYSLER","200",998,"Functional Damage",0,0,1,"Full Driver License","Valid","No",30,"Dry","Going Straight","Pedestrian in road","No Avoidance Maneuver","Tracking","Stayed in original travel lane","4 DR",0,1,0,0,0,0,1,2,0
131436,12,14,12,"Motor Vehicle In-Transport","Front-to-Rear",1,2022,"KIA","TELLURIDE",998,"Disabling Damage",0,0,1,"Full Driver License","Valid","No",65,"Dry","Going Straight","This vehicle decelerating","Unknown/Not Reported","Tracking","Stayed in original travel lane","SUV",1,2,1,1,1,1,0,6,3
131436,12,14,12,"Motor Vehicle In-Transport","Front-to-Rear",1,2018,"KIA","SOUL",0,"Disabling Damage",1,0,1,"Full Driver License","Valid","No",65,"Dry","Stopped in Roadway","This vehicle decelerating","No Avoidance Maneuver","Tracking","Stayed in original travel lane","SUV",1,2,1,0,2,2,0,0,2
131437,12,8,12,"Motor Vehicle In-Transport","Angle",1,2015,"TOYOTA","SIENNA",998,"Disabling Damage",0,0,1,"Full Driver License","Valid","No",55,"Dry","Going Straight","Crossing Over (Passing Through) Junction","Unknown/Not Reported","Tracking","Stayed in original travel lane","VAN",0,1,1,0,2,2,0,1,1