"SERIAL_CRASH","MONTH","HOUR","HARM_EV","HARM_EVNAME","TYPE_OF_COLLIOSION","NUM_OF_PEOPLE","MOD_YEAR","VPICMAKENAME","VPICMODELNAME","TRAV_SP","DEFORMEDNAME","DEATHS","DR_DRINK","IS_DRIVER_PRESENT","L_TYPENAME","L_STATUSNAME","SPEEDRELNAME","VSPD_LIM","VSURCONDNAME","P_CRASH1NAME","P_CRASH2NAME","P_CRASH3NAME","PCRASH4NAME","PCRASH5NAME","BODY_STYLE","BLIND_SPOT_DETECTION","ARS","FRNT_COLLISION_WARNING","LANE_DEPARTURE_WARNING","CRASH_IMMINENT_BRAKE","DYNAMIC_BRAKE_SUPPORT","NHTSA_ESC","SAFETY_COUNT","notification_count"
180244,4,14,57,"Cable Barrier","The First Harmful Event was Not a Collision with a Motor Vehicle in Transport",1,2016,"MAZDA","MAZDA6",998,"Disabling Damage",0,0,1,"Full Driver License","Valid","No",65,"Dry","Going Straight","Other critical precrash event (specify:)","Unknown/Not Reported","Tracking","Stayed in original travel lane","4 DR",1,1,1,1,2,2,0,1,3
180245,5,1,12,"Motor Vehicle In-Transport","Front-to-Rear",1,2013,"DODGE","GRAND CARAVAN",998,"Disabling Damage",0,0,1,"Full Driver License","Valid","No",55,"Dry","Going Straight","Unknown","Unknown/Not Reported","Tracking","Stayed in original travel lane","VAN",0,1,0,0,0,0,1,2,0
180251,5,14,12,"Motor Vehicle In-Transport","Front-to-Front",2,2022,"VOLKSWAGEN","ATLAS",998,"Disabling Damage",0,0,1,"Full Driver License","Valid","No",55,"Dry","Going Straight","From opposite direction  over left lane line","Unknown/Not Reported","Tracking","Stayed in original travel lane","SUV",1,1,1,1,1,1,0,6,3
180252,5,22,12,"Motor Vehicle In-Transport","Angle",1,2020,"BUICK","ENVISION",998,"Disabling Damage",0,0,1,"Full Driver License","Valid","No",55,"Dry","Going Straight","From opposite direction  over left lane line","Accelerating and steering right","Tracking","Stayed in original travel lane","SUV",0,1,0,1,2,2,0,2,1
180257,5,4,8,"Pedestrian","The First Harmful Event was Not a Collision with a Motor Vehicle in Transport",1,2014,"SUBARU","IMPREZA",998,"Disabling Damage",0,0,1,"Full Driver License","Valid","No",35,"Dry","Successful Avoidance Maneuver to a Previous Critical Event","Pedestrian unknown location","Unknown/Not Reported","Tracking","Departed roadway","SW",0,0,0,0,0,0,1,1,0
180268,5,10,42,"Tree (Standing Only)","The First Harmful Event was Not a Collision with a Motor Vehicle in Transport",1,2019,"FORD","ESCAPE",998,"Disabling Damage",1,0,1,"Full Driver License","Valid","No",40,"Dry","Negotiating a Curve","Off the edge of the road on the right side","Unknown/Not Reported","Tracking","Departed roadway","SUV",1,0,0,1,0,2,0,1,2
180274,5,5,8,"Pedestrian","The First Harmful Event was Not a Collision with a Motor Vehicle in Transport",1,2015,"NISSAN","SENTRA",998,"Disabling Damage",0,0,1,"Full Driver License","Valid","No",45,"Dry","Going Straight","Pedestrian in road","Braking and Unknown Steering Direction","Tracking","Stayed in original travel lane","4 DR",0,1,0,0,0,0,0,1,0
180275,5,16,12,"Motor Vehicle In-Transport","Front-to-Front",1,2020,"HONDA","CIVIC",998,"Disabling Damage",1,0,1,"Full Driver License","Valid","No",40,"Dry","Going Straight","Over the lane line on left side of travel lane","Unknown/Not Reported","Tracking","Stayed on roadway, but left original travel lane","4 DR",0,1,1,1,1,1,0,5,2
180275,5,16,12,"Motor Vehicle In-Transport","Front-to-Front",2,2012,"TOYOTA","CAMRY",998,"Disabling Damage",0,0,1,"Full Driver License","Valid","No",40,"Dry","Going Straight","From opposite direction  over left lane line","Unknown/Not Reported","Tracking","Stayed in original travel lane","4 DR",0,1,0,0,0,0,1,2,0
180276,5,16,12,"Motor Vehicle In-Transport","Front-to-Rear",1,2014,"FORD","EXPLORER",2,"Disabling Damage",0,0,1,"Full Driver License","Valid","No",55,"Dry","Decelerating in Road","Traveling in same direction with higher speed","No Avoidance Maneuver","Tracking","Stayed in original travel lane","SUV",1,0,1,0,0,0,1,1,2
180277,5,20,12,"Motor Vehicle In-Transport","Angle",1,2013,"CHRYSLER","200",998,"Disabling Damage",0,0,1,"Full Driver License","Valid","No",30,"Dry","Going Straight","Crossing Over (Passing Through) Junction","Unknown/Not Reported","Tracking","Stayed in original travel lane","C",0,0,0,0,0,0,1,1,0
180278,5,20,9,"Pedalcyclist","The First Harmful Event was Not a Collision with a Motor Vehicle in Transport",1,2017,"CHEVROLET","SONIC",998,"Damage Reported, Extent Unknown",0,0,1,"Full Driver License","Valid","No",25,"Dry","Negotiating a Curve","Pedalcyclist or other non-motorist in road","Unknown/Not Reported","Tracking","Stayed in original travel lane","5 HB",0,1,0,1,0,0,0,2,1
180280,5,14,34,"Ditch","The First Harmful Event was Not a Collision with a Motor Vehicle in Transport",1,2012,"TOYOTA","COROLLA",998,"Disabling Damage",1,0,1,"Full Driver License","Valid","No",55,"Dry","Going Straight","Off the edge of the road on the left side","Unknown/Not Reported","Tracking","Departed roadway","4 DR",0,0,0,0,0,0,1,1,0
180282,5,11,12,"Motor Vehicle In-Transport","Angle",1,2014,"VOLKSWAGEN","PASSAT",998,"Disabling Damage",1,0,1,"Full Driver License","Valid","No",55,"Dry","Going Straight","Crossing Over (Passing Through) Junction","Unknown/Not Reported","Tracking","Stayed in original travel lane","4 DR",0,1,0,0,0,0,1,2,0
180286,4,13,9,"Pedalcyclist","The First Harmful Event was Not a Collision with a Motor Vehicle in Transport",1,2017,"JEEP","PATRIOT",998,"Not Reported",0,0,1,"Full Driver License","Valid","No",30,"Dry","Passing or Overtaking Another Vehicle","Pedalcyclist or other non-motorist in road","Unknown/Not Reported","Tracking","Stayed in original travel lane","SUV",0,0,0,0,0,0,0,0,0
180292,5,18,42,"Tree (Standing Only)","The First Harmful Event was Not a Collision with a Motor Vehicle in Transport",1,2013,"MINI","COOPER ROADSTER",998,"Disabling Damage",1,0,1,"Full Driver License","Valid","No",35,"Dry","Negotiating a Curve","Off the edge of the road on the right side","Unknown/Not Reported","Tracking","Departed roadway","C",0,0,0,0,0,0,1,1,0
180293,5,4,8,"Pedestrian","The First Harmful Event was Not a Collision with a Motor Vehicle in Transport",1,2015,"CHEVROLET","IMPALA",998,"Not Reported",0,0,1,"Full Driver License","Valid","No",55,"Dry","Going Straight","Pedestrian in road","Steering right","Tracking","Stayed in original travel lane","4 DR",1,1,0,0,2,0,0,2,1
180294,5,8,12,"Motor Vehicle In-Transport","Angle",2,2016,"FORD","FUSION",998,"Disabling Damage",1,0,1,"Intermediate Driver License","Valid","No",55,"Dry","Going Straight","Crossing Over (Passing Through) Junction","Unknown/Not Reported","Tracking","Stayed in original travel lane","4 DR",0,1,0,0,0,0,0,1,0
180294,5,8,12,"Motor Vehicle In-Transport","Angle",2,2020,"HYUNDAI","PALISADE",998,"Disabling Damage",0,0,1,"Full Driver License","Valid","No",55,"Dry","Going Straight","Crossing Over (Passing Through) Junction","Unknown/Not Reported","Tracking","Stayed in original travel lane","SUV",1,1,1,1,1,1,0,5,3
180299,5,10,12,"Motor Vehicle In-Transport","Front-to-Front",1,2018,"FORD","ESCAPE",998,"Disabling Damage",1,0,1,"Full Driver License","Valid","No",55,"Dry","Going Straight","Over the lane line on left side of travel lane","Unknown/Not Reported","Tracking","Stayed on roadway, but left original travel lane","SUV",1,0,1,0,0,0,0,1,2
180299,5,10,12,"Motor Vehicle In-Transport","Front-to-Front",1,2020,"NISSAN","ROGUE",998,"Disabling Damage",1,0,1,"Full Driver License","Valid","No",55,"Dry","Going Straight","From opposite direction  over left lane line","Other actions (specify:)","Tracking","Stayed in original travel lane","SUV",1,1,1,1,1,1,0,6,3
180304,5,20,12,"Motor Vehicle In-Transport","Angle",1,2019,"HONDA","CR-V",998,"Disabling Damage",1,0,1,"Full Driver License","Valid","No",55,"Dry","Going Straight","Crossing Over (Passing Through) Junction","Unknown/Not Reported","Tracking","Stayed in original travel lane","SUV",1,1,0,1,2,2,0,1,2
180305,6,18,12,"Motor Vehicle In-Transport","Angle",1,2013,"GMC","YUKON",998,"Disabling Damage",0,0,1,"Full Driver License","Valid","No",60,"Dry","Going Straight","From opposite direction  over right lane line","Unknown/Not Reported","Tracking","Stayed in original travel lane","SUV",0,1,0,0,0,0,1,3,0
180310,6,14,12,"Motor Vehicle In-Transport","Front-to-Front",1,2018,"FORD","ESCAPE",998,"Disabling Damage",0,0,1,"Full Driver License","Valid","No",30,"Dry","Turning Left","Turning Left","Unknown/Not Reported","Tracking","Stayed in original travel lane","SUV",0,0,0,0,0,0,0,1,0
180312,5,21,12,"Motor Vehicle In-Transport","Sideswipe - Opposite Direction",1,2015,"HONDA","PILOT",998,"Disabling Damage",0,0,1,"Full Driver License","Valid","No",35,"Dry","Turning Right","Turning Right","Unknown/Not Reported","Tracking","Stayed in original travel lane","SUV",0,1,0,0,0,0,0,1,0
180320,5,12,12,"Motor Vehicle In-Transport","Front-to-Rear",2,2020,"BMW","X5",998,"Disabling Damage",0,0,1,"Full Driver License","Valid","No",70,"Dry","Decelerating in Road","Traveling in same direction with higher speed","Unknown/Not Reported","Tracking","Stayed in original travel lane","SUV",1,1,1,1,1,1,0,7,3
180322,6,10,24,"Guardrail Face","The First Harmful Event was Not a Collision with a Motor Vehicle in Transport",1,2019,"GMC","TERRAIN",998,"Disabling Damage",1,0,1,"Full Driver License","Valid","No",55,"Dry","Going Straight","Off the edge of the road on the left side","Unknown/Not Reported","Tracking","Departed roadway","SUV",0,1,1,1,2,0,0,2,2
180324,6,16,12,"Motor Vehicle In-Transport","Front-to-Front",1,2013,"CHEVROLET","CRUZE",998,"Damage Reported, Extent Unknown",1,0,1,"Intermediate Driver License","Valid","No",45,"Dry","Negotiating a Curve","Over the lane line on left side of travel lane","Unknown/Not Reported","Tracking","Stayed on roadway, but left original travel lane","4 DR",0,2,0,0,0,0,1,2,0
180328,5,22,18,"Other Object (not fixed)","The First Harmful Event was Not a Collision with a Motor Vehicle in Transport",1,2022,"KIA","FORTE",998,"Disabling Damage",0,0,1,"Full Driver License","Valid","No",55,"Dry","Negotiating a Curve","Object in road","Unknown/Not Reported","Tracking","Stayed in original travel lane","4 DR",0,2,1,1,1,1,0,4,2
180330,6,12,12,"Motor Vehicle In-Transport","Sideswipe - Opposite Direction",1,2017,"VOLKSWAGEN","BEETLE",998,"Disabling Damage",0,0,1,"Intermediate Driver License","Valid","No",55,"Dry","Passing or Overtaking Another Vehicle","Over the lane line on left side of travel lane","Steering right","Tracking","Stayed on roadway, but left original travel lane","2 DR",0,1,0,0,0,0,0,1,0
180332,6,17,12,"Motor Vehicle In-Transport","Front-to-Rear",1,2014,"HONDA","CR-V",998,"Disabling Damage",1,0,1,"Full Driver License","Valid","No",70,"Dry","Going Straight","Other vehicle stopped","No Avoidance Maneuver","Tracking","Stayed in original travel lane","SUV",0,0,0,0,0,0,1,1,0
180339,5,17,35,"Embankment","The First Harmful Event was Not a Collision with a Motor Vehicle in Transport",1,2021,"FORD","EXPLORER",998,"Disabling Damage",1,0,1,"Full Driver License","Valid","No",55,"Dry","Going Straight","Off the edge of the road on the left side","Unknown/Not Reported","Tracking","Departed roadway","SUV",1,0,1,1,1,1,0,6,3
180340,5,8,12,"Motor Vehicle In-Transport","Angle",1,2014,"HONDA","CR-V",998,"Disabling Damage",1,0,1,"Full Driver License","Valid","No",55,"Dry","Going Straight","Crossing Over (Passing Through) Junction","Unknown/Not Reported","Tracking","Stayed in original travel lane","SUV",0,0,0,0,0,0,1,1,0
180340,5,8,12,"Motor Vehicle In-Transport","Angle",1,2018,"HONDA","CR-V",998,"Disabling Damage",0,0,1,"Full Driver License","Valid","No",55,"Dry","Going Straight","Crossing Over (Passing Through) Junction","Unknown/Not Reported","Tracking","Stayed in original travel lane","SUV",0,1,0,0,2,2,0,1,0
180341,6,5,12,"Motor Vehicle In-Transport","Angle",1,2016,"TOYOTA","SIENNA",998,"Disabling Damage",0,0,1,"Full Driver License","Valid","No",40,"Dry","Going Straight","From crossing street, across path","Unknown/Not Reported","Tracking","Stayed in original travel lane","VAN",0,1,0,0,2,2,0,1,0
180342,6,22,12,"Motor Vehicle In-Transport","Angle",1,2012,"DODGE","JOURNEY",998,"Disabling Damage",0,0,1,"Intermediate Driver License","Valid","No",35,"Dry","Going Straight","From opposite direction  over left lane line","Unknown/Not Reported","Tracking","Stayed in original travel lane","SUV",1,1,0,0,0,0,1,2,1
180345,6,20,12,"Motor Vehicle In-Transport","Angle",2,2018,"KIA","FORTE",998,"Disabling Damage",0,0,1,"Full Driver License","Valid","No",35,"Dry","Turning Left","Turning Left","Unknown/Not Reported","Tracking","Stayed in original travel lane","4 DR",0,2,0,0,2,2,0,0,0
180352,6,17,12,"Motor Vehicle In-Transport","Angle",1,2019,"BUICK","ENCORE",998,"Disabling Damage",0,0,1,"Full Driver License","Valid","No",45,"Dry","Going Straight","Crossing Over (Passing Through) Junction","Unknown/Not Reported","Tracking","Stayed in original travel lane","SUV",0,1,1,0,0,0,0,2,1
180352,6,17,12,"Motor Vehicle In-Transport","Angle",2,2016,"HONDA","PILOT",998,"Disabling Damage",1,0,1,"Full Driver License","Valid","No",45,"Dry","Going Straight","Crossing Over (Passing Through) Junction","Unknown/Not Reported","Tracking","Stayed in original travel lane","SUV",1,1,0,1,2,2,0,1,2
180360,6,9,8,"Pedestrian","The First Harmful Event was Not a Collision with a Motor Vehicle in Transport",1,2022,"LINCOLN","NAVIGATOR",998,"Damage Reported, Extent Unknown",0,0,1,"Full Driver License","Valid","No",55,"Dry","Going Straight","Pedestrian in road","Braking","Tracking","Stayed in original travel lane","SUV",1,1,1,1,1,1,0,7,3
180361,5,15,12,"Motor Vehicle In-Transport","Angle",1,2015,"CHEVROLET","CAMARO",998,"Disabling Damage",1,0,1,"Full Driver License","Valid","No",50,"Dry","Going Straight","Crossing Over (Passing Through) Junction","Unknown/Not Reported","Tracking","Stayed in original travel lane","C",0,1,0,0,0,0,0,2,0
180366,6,20,12,"Motor Vehicle In-Transport","Angle",1,2015,"TOYOTA","RAV4",998,"Disabling Damage",0,0,1,"Full Driver License","Valid","No",45,"Dry","Going Straight","From opposite direction  over right lane line","Braking","Tracking","Stayed in original travel lane","SUV",0,1,0,1,0,0,0,1,1
180366,6,20,12,"Motor Vehicle In-Transport","Angle",2,2015,"MERCEDES-BENZ","S-CLASS",998,"Disabling Damage",1,0,1,"Full Driver License","Valid","No",45,"Dry","Turning Left","Turning Left","Unknown/Not Reported","Tracking","Stayed in original travel lane","4 DR",0,1,1,0,2,2,0,2,1
180366,6,20,12,"Motor Vehicle In-Transport","Angle",1,2020,"CHEVROLET","MALIBU",998,"Disabling Damage",0,0,1,"Full Driver License","Valid","No",45,"Dry","Turning Left","Turning Left","Unknown/Not Reported","Tracking","Stayed in original travel lane","4 DR",0,2,1,0,2,2,0,1,1
180369,6,5,9,"Pedalcyclist","The First Harmful Event was Not a Collision with a Motor Vehicle in Transport",1,2016,"CHEVROLET","MALIBU",998,"Disabling Damage",0,0,1,"Intermediate Driver License","Valid","No",55,"Dry","Going Straight","Pedalcyclist or other non-motorist in road","Steering left","Tracking","Stayed in original travel lane","4 DR",0,1,0,1,2,2,0,2,1
180372,6,14,12,"Motor Vehicle In-Transport","Angle",1,2015,"CHEVROLET","TRAVERSE",998,"Disabling Damage",0,0,1,"Full Driver License","Valid","No",35,"Dry","Turning Left","Turning Left","Unknown/Not Reported","Tracking","Stayed in original travel lane","SUV",0,1,0,1,0,0,0,2,1
180373,6,16,12,"Motor Vehicle In-Transport","Front-to-Rear",1,2019,"BUICK","ENCORE",998,"Disabling Damage",0,0,1,"Intermediate Driver License","Valid","No",55,"Dry","Going Straight","Traveling in same direction while decelerating","Unknown/Not Reported","Tracking","Stayed in original travel lane","SUV",1,1,1,1,0,0,0,2,3
180388,7,16,12,"Motor Vehicle In-Transport","Front-to-Front",1,2015,"SUBARU","OUTBACK",998,"Disabling Damage",0,0,1,"Full Driver License","Valid","No",40,"Dry","Passing or Overtaking Another Vehicle","Over the lane line on left side of travel lane","Unknown/Not Reported","Tracking","Stayed on roadway, but left original travel lane","SUV",0,0,1,0,2,2,0,0,1
180388,7,16,12,"Motor Vehicle In-Transport","Front-to-Front",3,2013,"KIA","OPTIMA",998,"Disabling Damage",1,0,1,"Intermediate Driver License","Valid","No",40,"Dry","Going Straight","From opposite direction  over left lane line","Unknown/Not Reported","Tracking","Stayed in original travel lane","4 DR",0,1,0,0,0,0,1,2,0
180390,6,23,12,"Motor Vehicle In-Transport","Front-to-Rear",1,2013,"NISSAN","ALTIMA",998,"Damage Reported, Extent Unknown",0,0,1,"Learner's Permit","Valid","No",40,"Dry","Going Straight","Traveling in same direction with higher speed","No Avoidance Maneuver","Tracking","Stayed in original travel lane","2 DR",0,1,0,0,0,0,1,2,0
180391,6,17,9,"Pedalcyclist","The First Harmful Event was Not a Collision with a Motor Vehicle in Transport",1,2016,"FORD","EDGE",998,"Damage Reported, Extent Unknown",0,0,1,"Full Driver License","Valid","No",30,"Dry","Turning Right","Pedalcyclist or other non-motorist in road","Unknown/Not Reported","Tracking","Stayed in original travel lane","SUV",1,0,1,1,0,0,0,1,3
180393,7,14,12,"Motor Vehicle In-Transport","Angle",5,2017,"TOYOTA","HIGHLANDER",998,"Disabling Damage",2,0,1,"Full Driver License","Valid","No",55,"Dry","Turning Left","Turning Left","Unknown/Not Reported","Tracking","Stayed in original travel lane","SUV",1,1,0,1,2,2,0,2,2
180408,7,21,12,"Motor Vehicle In-Transport","Front-to-Front",1,2015,"KIA","FORTE",998,"Disabling Damage",1,0,1,"Full Driver License","Valid","No",35,"Dry","Going Straight","From opposite direction  over left lane line","Unknown/Not Reported","Tracking","Stayed in original travel lane","5 HB",0,1,0,0,0,0,0,2,0
180409,7,16,12,"Motor Vehicle In-Transport","Angle",1,2015,"NISSAN","ROGUE",998,"Damage Reported, Extent Unknown",0,0,1,"Full Driver License","Valid","No",40,"Dry","Turning Left","Turning Left","Unknown/Not Reported","Tracking","Stayed in original travel lane","SUV",0,0,1,1,0,0,0,0,2
180410,6,8,12,"Motor Vehicle In-Transport","Front-to-Rear",1,2017,"DODGE","JOURNEY",998,"Disabling Damage",0,0,1,"Full Driver License","Valid","No",70,"Dry","Going Straight","Other vehicle stopped","Steering left","Tracking","Stayed in original travel lane","SUV",0,0,0,0,0,0,0,0,0
180410,6,8,12,"Motor Vehicle In-Transport","Front-to-Rear",4,2023,"KIA","K5",0,"Disabling Damage",3,0,1,"Full Driver License","Valid","No",70,"Dry","Disabled or ""Parked"" in Travel lane","Traveling in same direction with higher speed","No Avoidance Maneuver","Tracking","Stayed in original travel lane","4 DR",1,0,1,1,1,1,0,5,3
180424,6,21,12,"Motor Vehicle In-Transport","Angle",1,2013,"BUICK","ENCORE",998,"Damage Reported, Extent Unknown",0,0,1,"Full Driver License","Valid","No",30,"Dry","Turning Left","Turning Left","Unknown/Not Reported","Tracking","Stayed in original travel lane","SUV",0,1,0,0,0,0,1,3,0
180437,7,11,12,"Motor Vehicle In-Transport","Sideswipe - Same Direction",1,2020,"TOYOTA","SIENNA",998,"Disabling Damage",0,0,1,"Full Driver License","Valid","No",50,"Dry","Turning Left","Making a U-Turn","Unknown/Not Reported","Tracking","Stayed in original travel lane","VAN",1,2,1,1,1,1,0,5,3
180444,7,15,12,"Motor Vehicle In-Transport","Angle",1,2018,"HONDA","CR-V",998,"Disabling Damage",0,0,1,"Full Driver License","Valid","No",35,"Dry","Turning Left","Turning Left","Unknown/Not Reported","Tracking","Stayed in original travel lane","SUV",0,1,0,0,2,2,0,1,0
180445,7,12,12,"Motor Vehicle In-Transport","Angle",1,2019,"RAM","1500",998,"Damage Reported, Extent Unknown",0,0,1,"Full Driver License","Valid","No",55,"Dry","Going Straight","From opposite direction  over right lane line","Other actions (specify:)","Tracking","Stayed in original travel lane","PU/EC",0,1,1,0,2,2,0,1,1
180446,7,16,12,"Motor Vehicle In-Transport","Sideswipe - Opposite Direction",1,2019,"DODGE","CHARGER",998,"Disabling Damage",0,0,1,"Full Driver License","Valid","No",30,"Dry","Changing Lanes","Over the lane line on left side of travel lane","Unknown/Not Reported","Tracking","Stayed on roadway, but left original travel lane","4 DR",0,0,0,0,2,2,0,0,0
180457,7,15,42,"Tree (Standing Only)","The First Harmful Event was Not a Collision with a Motor Vehicle in Transport",1,2015,"NISSAN","FRONTIER",998,"Disabling Damage",1,0,1,"Full Driver License","Valid","No",55,"Dry","Negotiating a Curve","Off the edge of the road on the right side","Unknown/Not Reported","Tracking","Departed roadway","PU/CC",0,0,0,0,0,0,0,0,0
180458,7,17,12,"Motor Vehicle In-Transport","Front-to-Rear",1,2017,"FORD","ESCAPE",998,"Disabling Damage",0,0,1,"Full Driver License","Valid","No",50,"Dry","Going Straight","Traveling in same direction while decelerating","Braking","Tracking","Stayed in original travel lane","SUV",0,0,0,0,0,0,0,1,0
180458,7,17,12,"Motor Vehicle In-Transport","Front-to-Rear",2,2017,"NISSAN","JUKE",998,"Disabling Damage",1,0,1,"Full Driver License","Valid","No",50,"Dry","Decelerating in Road","Traveling in same direction with higher speed","Unknown/Not Reported","Tracking","Stayed in original travel lane","SUV",0,0,0,0,0,0,0,0,0
180462,7,19,12,"Motor Vehicle In-Transport","Front-to-Front",1,2020,"SUBARU","FORESTER",60,"Disabling Damage",0,0,1,"Full Driver License","Valid","No",55,"Dry","Going Straight","From opposite direction  over left lane line","Braking","Tracking","Stayed in original travel lane","SUV",1,0,1,1,1,1,0,4,3
180470,7,14,42,"Tree (Standing Only)","The First Harmful Event was Not a Collision with a Motor Vehicle in Transport",1,2023,"DODGE","CHALLENGER",998,"Damage Reported, Extent Unknown",1,0,1,"Full Driver License","Valid","No",45,"Dry","Negotiating a Curve","Off the edge of the road on the left side","Unknown/Not Reported","Tracking","Departed roadway","2 DR",0,0,1,0,0,0,0,0,1
180479,7,1,52,"Guardrail End","The First Harmful Event was Not a Collision with a Motor Vehicle in Transport",1,2012,"CHEVROLET","MALIBU",998,"Damage Reported, Extent Unknown",0,0,1,"Full Driver License","Valid","No",60,"Dry","Going Straight","Other critical precrash event (specify:)","Unknown/Not Reported","Tracking","Stayed in original travel lane","4 DR",0,0,0,0,0,0,1,2,0
180480,7,14,12,"Motor Vehicle In-Transport","Front-to-Front",1,2023,"HYUNDAI","TUCSON",998,"Disabling Damage",1,0,1,"Full Driver License","Valid","No",40,"Dry","Turning Left","Turning Left","Unknown/Not Reported","Tracking","Stayed in original travel lane","SUV",1,2,1,1,1,1,0,5,3
180480,7,14,12,"Motor Vehicle In-Transport","Front-to-Front",1,2011,"NISSAN","ROGUE",998,"Disabling Damage",0,0,1,"Intermediate Driver License","Valid","No",40,"Dry","Going Straight","From opposite direction  over left lane line","Unknown/Not Reported","Tracking","Stayed in original travel lane","SUV",0,2,0,0,0,0,1,1,0
180484,7,15,12,"Motor Vehicle In-Transport","Angle",1,2019,"CHEVROLET","BLAZER",998,"Damage Reported, Extent Unknown",0,0,1,"Full Driver License","Valid","No",30,"Dry","Going Straight","Crossing Over (Passing Through) Junction","Unknown/Not Reported","Tracking","Stayed in original travel lane","SUV",0,1,1,1,2,2,0,2,2
180488,8,19,12,"Motor Vehicle In-Transport","Angle",1,2022,"JEEP","WRANGLER",998,"Damage Reported, Extent Unknown",0,0,1,"Full Driver License","Valid","No",30,"Dry","Going Straight","From crossing street, across path","Unknown/Not Reported","Tracking","Stayed in original travel lane","SUV",0,0,0,0,2,2,0,1,0
180489,8,5,53,"Mail Box","The First Harmful Event was Not a Collision with a Motor Vehicle in Transport",1,2015,"HYUNDAI","ELANTRA",998,"Disabling Damage",1,0,1,"Full Driver License","Valid","No",55,"Dry","Going Straight","Off the edge of the road on the right side","Unknown/Not Reported","Tracking","Departed roadway","2 DR",0,2,0,0,0,0,0,0,0
180491,6,9,12,"Motor Vehicle In-Transport","Angle",1,2018,"BMW","X1",998,"Disabling Damage",0,0,1,"Full Driver License","Valid","No",40,"Dry","Going Straight","From driveway, intended path not known","Unknown/Not Reported","Tracking","Stayed in original travel lane","SUV",0,1,0,0,2,2,0,2,0
180499,8,1,8,"Pedestrian","The First Harmful Event was Not a Collision with a Motor Vehicle in Transport",1,2021,"DODGE","CHARGER",998,"Disabling Damage",0,0,1,"Full Driver License","Valid","No",65,"Dry","Going Straight","Pedestrian in road","Unknown/Not Reported","Tracking","Stayed in original travel lane","4 DR",1,0,0,1,2,2,0,0,2
180502,8,19,9,"Pedalcyclist","The First Harmful Event was Not a Collision with a Motor Vehicle in Transport",1,2016,"CHEVROLET","CAMARO",998,"Damage Reported, Extent Unknown",0,0,1,"Full Driver License","Valid","No",98,"Dry","Passing or Overtaking Another Vehicle","Pedalcyclist or other non-motorist in road","Steering right","Skidding longitudinally  rotation less than 30 degrees","Stayed on roadway, but left original travel lane","C",1,1,0,0,0,0,0,2,1
180510,8,12,1,"Rollover/Overturn","The First Harmful Event was Not a Collision with a Motor Vehicle in Transport",1,2018,"TOYOTA","RAV4",998,"Disabling Damage",0,0,1,"Full Driver License","Valid","No",30,"Dry","Turning Left","Turning Left","Unknown/Not Reported","Tracking","Stayed in original travel lane","SUV",1,1,1,1,1,1,0,5,3
180515,8,20,12,"Motor Vehicle In-Transport","Front-to-Front",1,2021,"HONDA","ACCORD",998,"Disabling Damage",1,0,1,"Full Driver License","Valid","No",55,"Dry","Going Straight","From opposite direction  over left lane line","Other actions (specify:)","Tracking","Stayed in original travel lane","4 DR",0,1,1,1,1,1,0,6,2
180520,8,22,12,"Motor Vehicle In-Transport","Angle",1,2015,"DODGE","DART",998,"Damage Reported, Extent Unknown",0,0,1,"Full Driver License","Valid","No",30,"Dry","Turning Left","Turning Left","Unknown/Not Reported","Tracking","Stayed in original travel lane","4 DR",0,0,0,0,0,0,0,0,0
180521,8,21,12,"Motor Vehicle In-Transport","Front-to-Front",2,2012,"VOLKSWAGEN","GTI",998,"Disabling Damage",1,0,1,"Intermediate Driver License","Valid","No",50,"Dry","Going Straight","From opposite direction  over left lane line","Steering left","Tracking","Stayed in original travel lane","4 DR",0,0,0,0,0,0,1,1,0
180526,8,9,12,"Motor Vehicle In-Transport","Front-to-Front",2,2015,"CHEVROLET","TRAVERSE",998,"Disabling Damage",2,0,1,"Intermediate Driver License","Valid","No",30,"Dry","Negotiating a Curve","Over the lane line on left side of travel lane","Unknown/Not Reported","Tracking","Stayed on roadway, but left original travel lane","SUV",1,1,0,0,0,0,0,2,1
180528,8,16,12,"Motor Vehicle In-Transport","Front-to-Rear",1,2021,"NISSAN","ROGUE",998,"Disabling Damage",0,0,1,"Full Driver License","Valid","No",55,"Dry","Other(specify:)","Traveling in same direction with higher speed","No Avoidance Maneuver","Tracking","Stayed in original travel lane","SUV",1,0,1,1,1,1,0,5,3
180534,8,17,49,"Ridden Animal or Animal Drawn Conveyance","The First Harmful Event was Not a Collision with a Motor Vehicle in Transport",1,2013,"CHEVROLET","EQUINOX",998,"Disabling Damage",0,0,1,"Full Driver License","Valid","No",55,"Dry","Going Straight","Pedalcyclist or other non-motorist in road","Unknown/Not Reported","Tracking","Stayed in original travel lane","SUV",0,1,1,0,0,0,1,3,1
180536,8,13,12,"Motor Vehicle In-Transport","Angle",1,2018,"CHEVROLET","MALIBU",0,"Damage Reported, Extent Unknown",0,0,1,"Full Driver License","Valid","No",40,"Dry","Stopped in Roadway","From opposite direction  over left lane line","No Avoidance Maneuver","Tracking","Stayed in original travel lane","4 DR",1,1,0,1,2,2,0,2,2