"SERIAL_CRASH","MONTH","HOUR","HARM_EV","HARM_EVNAME","TYPE_OF_COLLIOSION","NUM_OF_PEOPLE","MOD_YEAR","VPICMAKENAME","VPICMODELNAME","TRAV_SP","DEFORMEDNAME","DEATHS","DR_DRINK","IS_DRIVER_PRESENT","L_TYPENAME","L_STATUSNAME","SPEEDRELNAME","VSPD_LIM","VSURCONDNAME","P_CRASH1NAME","P_CRASH2NAME","P_CRASH3NAME","PCRASH4NAME","PCRASH5NAME","BODY_STYLE","BLIND_SPOT_DETECTION","ARS","FRNT_COLLISION_WARNING","LANE_DEPARTURE_WARNING","CRASH_IMMINENT_BRAKE","DYNAMIC_BRAKE_SUPPORT","NHTSA_ESC","SAFETY_COUNT","notification_count"
180784,11,2,12,"Motor Vehicle In-Transport","Front-to-Front",1,2019,"VOLKSWAGEN","JETTA",998,"Disabling Damage",0,0,1,"Full Driver License","Valid","No",70,"Dry","Going Straight","Other critical precrash event (specify:)","Other actions (specify:)","Tracking","Stayed in original travel lane","4 DR",0,1,1,1,2,2,0,1,2
180787,11,9,34,"Ditch","The First Harmful Event was Not a Collision with a Motor Vehicle in Transport",1,2017,"FORD","FOCUS",998,"Disabling Damage",1,0,1,"Full Driver License","Valid","No",50,"Dry","Going Straight","Off the edge of the road on the right side","Unknown/Not Reported","Skidding longitudinally  rotation less than 30 degrees","Departed roadway","4 DR",0,0,0,1,0,0,0,0,1
180803,11,6,8,"Pedestrian","The First Harmful Event was Not a Collision with a Motor Vehicle in Transport",1,2017,"BUICK","LACROSSE",998,"Damage Reported, Extent Unknown",0,0,1,"Full Driver License","Valid","No",30,"Dry","Going Straight","Pedestrian in road","Unknown/Not Reported","Tracking","Stayed in original travel lane","4 DR",1,1,1,0,2,2,0,2,2
180805,9,5,12,"Motor Vehicle In-Transport","Angle",3,2018,"CHEVROLET","MALIBU",998,"Disabling Damage",0,0,1,"Full Driver License","Valid","No",55,"Dry","Going Straight","Over the lane line on left side of travel lane","Unknown/Not Reported","Skidding laterally counterclockwise rotation","Stayed on roadway, but left original travel lane","4 DR",0,1,1,0,2,2,0,2,1
180806,10,9,52,"Guardrail End","The First Harmful Event was Not a Collision with a Motor Vehicle in Transport",2,2021,"TOYOTA","CAMRY",998,"Disabling Damage",1,0,1,"Full Driver License","Valid","No",55,"Dry","Merging","Off the edge of the road on the right side","Unknown/Not Reported","Tracking","Departed roadway","4 DR",0,1,1,1,1,1,0,6,2
180807,10,15,31,"Post, Pole or Other Supports","The First Harmful Event was Not a Collision with a Motor Vehicle in Transport",1,2012,"CHEVROLET","MALIBU",998,"Disabling Damage",0,0,1,"Full Driver License","Valid","No",35,"Dry","Going Straight","From crossing street, intended path not known","Unknown/Not Reported","Tracking","Stayed in original travel lane","4 DR",0,0,0,0,0,0,1,2,0
180819,12,19,8,"Pedestrian","The First Harmful Event was Not a Collision with a Motor Vehicle in Transport",1,2014,"DODGE","AVENGER",998,"Damage Reported, Extent Unknown",0,0,1,"Full Driver License","Valid","No",50,"Dry","Going Straight","Pedestrian in road","Unknown/Not Reported","Tracking","Stayed in original travel lane","4 DR",0,1,0,0,0,0,1,2,0
180820,12,16,12,"Motor Vehicle In-Transport","Front-to-Front",1,2014,"NISSAN","MAXIMA",998,"Disabling Damage",0,0,1,"Full Driver License","Valid","No",45,"Dry","Going Straight","From opposite direction  over left lane line","Unknown/Not Reported","Tracking","Stayed in original travel lane","4 DR",0,1,0,0,0,0,1,2,0
180820,12,16,12,"Motor Vehicle In-Transport","Front-to-Front",1,2015,"CHEVROLET","EQUINOX",0,"Disabling Damage",0,0,1,"Full Driver License","Valid","No",35,"Dry","Stopped in Roadway","From opposite direction  over left lane line","No Avoidance Maneuver","Tracking","Stayed in original travel lane","SUV",0,1,0,0,0,0,0,2,0
180821,12,12,12,"Motor Vehicle In-Transport","Angle",2,2021,"BUICK","ENCORE",998,"Disabling Damage",2,0,1,"Full Driver License","Valid","No",50,"Dry","Going Straight","From opposite direction  over left lane line","Unknown/Not Reported","Tracking","Stayed in original travel lane","SUV",0,1,1,1,0,0,0,2,2
180823,11,5,73,"Object That Had Fallen From Motor Vehicle In-Transport","The First Harmful Event was Not a Collision with a Motor Vehicle in Transport",1,2017,"NISSAN","SENTRA",55,"Disabling Damage",0,0,1,"Full Driver License","Valid","No",55,"Dry","Negotiating a Curve","Pedestrian in road","Braking","Tracking","Stayed in original travel lane","4 DR",1,0,0,0,2,2,0,0,1
180833,12,9,12,"Motor Vehicle In-Transport","Angle",1,2018,"FORD","ECOSPORT",998,"Disabling Damage",1,0,1,"Full Driver License","Valid","No",60,"Dry","Going Straight","From opposite direction  over right lane line","Unknown/Not Reported","Tracking","Stayed in original travel lane","SUV",0,0,0,0,0,0,0,0,0
180840,12,16,12,"Motor Vehicle In-Transport","Angle",2,2012,"KIA","SOUL",998,"Disabling Damage",1,0,1,"Full Driver License","Valid","No",45,"Dry","Going Straight","Crossing Over (Passing Through) Junction","Unknown/Not Reported","Tracking","Stayed in original travel lane","SUV",0,0,0,0,0,0,1,1,0
180848,12,11,12,"Motor Vehicle In-Transport","Angle",2,2015,"FORD","EDGE",998,"Disabling Damage",1,0,1,"Full Driver License","Valid","No",50,"Dry","Going Straight","From crossing street, across path","Unknown/Not Reported","Tracking","Stayed in original travel lane","SUV",0,1,0,0,0,0,0,2,0
180859,11,14,12,"Motor Vehicle In-Transport","Angle",1,2014,"CHEVROLET","EQUINOX",998,"Disabling Damage",0,0,1,"Full Driver License","Valid","No",50,"Dry","Turning Left","Turning Left","Unknown/Not Reported","Tracking","Stayed in original travel lane","SUV",0,1,1,0,0,0,1,3,1
180861,12,15,12,"Motor Vehicle In-Transport","Front-to-Front",1,2022,"FORD","BRONCO SPORT",998,"Disabling Damage",0,0,1,"Full Driver License","Valid","No",35,"Dry","Going Straight","From opposite direction  over left lane line","Unknown/Not Reported","Tracking","Stayed in original travel lane","SUV",1,2,1,1,1,1,0,6,3
180867,4,10,12,"Motor Vehicle In-Transport","Angle",4,2016,"CHEVROLET","EQUINOX",998,"Disabling Damage",0,0,1,"Full Driver License","Valid","No",45,"Dry","Going Straight","Crossing Over (Passing Through) Junction","No Avoidance Maneuver","Tracking","Stayed in original travel lane","SUV",0,0,0,0,0,0,0,1,0
180867,4,10,12,"Motor Vehicle In-Transport","Angle",2,2015,"CHEVROLET","TRAX",998,"Disabling Damage",1,0,1,"Full Driver License","Valid","No",45,"Dry","Going Straight","From opposite direction  over left lane line","No Avoidance Maneuver","Tracking","Stayed in original travel lane","SUV",0,1,1,0,0,0,0,2,1
180871,5,17,12,"Motor Vehicle In-Transport","Angle",1,2013,"CHEVROLET","TRAVERSE",998,"Disabling Damage",0,0,1,"Intermediate Driver License","Valid","No",40,"Dry","Going Straight","Crossing Over (Passing Through) Junction","Unknown/Not Reported","Tracking","Stayed in original travel lane","SUV",0,1,0,0,0,0,1,3,0
180874,1,13,12,"Motor Vehicle In-Transport","Front-to-Front",1,2014,"TOYOTA","CAMRY",998,"Disabling Damage",0,0,1,"Full Driver License","Valid","No",35,"Dry","Going Straight","From driveway, intended path not known","Unknown/Not Reported","Tracking","Stayed in original travel lane","4 DR",0,0,0,0,0,0,1,1,0
180876,6,17,12,"Motor Vehicle In-Transport","Angle",2,2017,"HYUNDAI","TUCSON",998,"Disabling Damage",1,0,1,"Full Driver License","Valid","No",45,"Dry","Going Straight","Crossing Over (Passing Through) Junction","Unknown/Not Reported","Tracking","Stayed in original travel lane","SUV",1,1,1,0,2,2,0,1,2
190003,1,12,12,"Motor Vehicle In-Transport","Angle",1,2018,"CHEVROLET","MALIBU",998,"Disabling Damage",1,0,1,"Full Driver License","Valid","No",55,"Dry","Turning Left","Turning Left","Unknown/Not Reported","Tracking","Stayed in original travel lane","4 DR",0,1,0,1,2,2,0,2,1
190004,1,14,12,"Motor Vehicle In-Transport","Angle",1,2013,"BUICK","LACROSSE",998,"Disabling Damage",1,0,1,"Full Driver License","Valid","No",35,"Dry","Turning Left","Turning Left","Unknown/Not Reported","Tracking","Stayed in original travel lane","4 DR",0,1,0,0,0,0,1,3,0
190008,1,13,12,"Motor Vehicle In-Transport","Front-to-Rear",1,2019,"JEEP","CHEROKEE",998,"Disabling Damage",1,0,1,"Full Driver License","Valid","No",70,"Dry","Going Straight","Other vehicle stopped","Unknown/Not Reported","Tracking","Stayed on roadway, not known if left original travel lane","SUV",0,1,0,0,2,2,0,1,0
190008,1,13,12,"Motor Vehicle In-Transport","Front-to-Rear",2,2021,"HYUNDAI","SONATA",998,"Minor Damage",0,0,1,"Full Driver License","Valid","No",70,"Dry","Going Straight","From adjacent lane (same direction) over left lane line","Unknown/Not Reported","Tracking","Stayed in original travel lane","4 DR",1,0,1,1,1,1,0,4,3
190010,1,5,12,"Motor Vehicle In-Transport","Angle",1,2016,"CHEVROLET","TAHOE",998,"Disabling Damage",1,0,1,"Full Driver License","Valid","No",55,"Dry","Negotiating a Curve","Over the lane line on left side of travel lane","Unknown/Not Reported","Tracking","Stayed on roadway, but left original travel lane","SUV",1,1,0,0,2,0,0,2,1
190021,2,15,12,"Motor Vehicle In-Transport","Angle",1,2016,"FORD","FOCUS",998,"Disabling Damage",1,0,1,"Full Driver License","Valid","No",35,"Dry","Going Straight","Crossing Over (Passing Through) Junction","Unknown/Not Reported","Tracking","Stayed in original travel lane","5 HB",0,0,0,0,0,0,0,0,0
190022,2,15,12,"Motor Vehicle In-Transport","Angle",1,2023,"HYUNDAI","ELANTRA",998,"Disabling Damage",1,0,1,"Full Driver License","Valid","No",55,"Dry","Going Straight","From crossing street, across path","Unknown/Not Reported","Tracking","Stayed in original travel lane","4 DR",1,2,1,1,1,1,0,5,3
190028,2,22,12,"Motor Vehicle In-Transport","Angle",2,2013,"VOLKSWAGEN","PASSAT",998,"Disabling Damage",0,0,1,"Full Driver License","Valid","No",55,"Dry","Going Straight","From crossing street, across path","Unknown/Not Reported","Tracking","Stayed in original travel lane","4 DR",0,1,0,0,0,0,1,2,0
190041,2,17,12,"Motor Vehicle In-Transport","Angle",2,2017,"FORD","ESCAPE",998,"Disabling Damage",2,0,1,"Full Driver License","Valid","No",45,"Dry","Going Straight","From crossing street, across path","Unknown/Not Reported","Tracking","Stayed in original travel lane","SUV",1,0,1,1,0,0,0,1,3
190042,3,13,12,"Motor Vehicle In-Transport","Angle",1,2014,"BUICK","ENCORE",998,"Disabling Damage",1,0,1,"Full Driver License","Valid","No",55,"Dry","Going Straight","Crossing Over (Passing Through) Junction","Unknown/Not Reported","Tracking","Stayed in original travel lane","SUV",1,1,0,1,0,0,1,3,2
190060,3,9,12,"Motor Vehicle In-Transport","Angle",1,2018,"FORD","FUSION",998,"Disabling Damage",1,0,1,"Full Driver License","Valid","No",55,"Dry","Going Straight","Crossing Over (Passing Through) Junction","Unknown/Not Reported","Tracking","Stayed in original travel lane","4 DR",0,1,0,1,2,2,0,2,1
190063,4,17,12,"Motor Vehicle In-Transport","Angle",1,2016,"KIA","OPTIMA",998,"Disabling Damage",1,0,1,"Full Driver License","Valid","No",55,"Dry","Negotiating a Curve","Over the lane line on left side of travel lane","Unknown/Not Reported","Tracking","Stayed on roadway, not known if left original travel lane","4 DR",0,1,0,1,2,2,0,1,1
190063,4,17,12,"Motor Vehicle In-Transport","Angle",1,2013,"ACURA","RDX",998,"Disabling Damage",1,0,1,"Full Driver License","Valid","No",55,"Dry","Negotiating a Curve","From opposite direction  over left lane line","Unknown/Not Reported","Tracking","Stayed in original travel lane","SUV",0,0,0,0,0,0,1,1,0
190065,4,7,12,"Motor Vehicle In-Transport","Front-to-Front",1,2022,"NISSAN","ROGUE",998,"Disabling Damage",0,0,1,"Full Driver License","Valid","No",55,"Dry","Negotiating a Curve","Over the lane line on left side of travel lane","Unknown/Not Reported","Tracking","Stayed on roadway, but left original travel lane","SUV",1,0,1,1,1,1,0,5,3
190065,4,7,12,"Motor Vehicle In-Transport","Front-to-Front",1,2016,"KIA","FORTE",998,"Disabling Damage",1,0,1,"Full Driver License","Valid","No",55,"Dry","Negotiating a Curve","From opposite direction  over left lane line","Unknown/Not Reported","Tracking","Stayed in original travel lane","4 DR",0,1,0,0,0,0,0,1,0
190070,3,23,12,"Motor Vehicle In-Transport","Front-to-Front",3,2014,"CHEVROLET","CRUZE",998,"Disabling Damage",2,0,1,"Full Driver License","Valid","No",70,"Dry","Going Straight","Traveling in opposite direction","Unknown/Not Reported","Tracking","Stayed in original travel lane","4 DR",0,2,0,0,0,0,1,2,0
190074,4,12,12,"Motor Vehicle In-Transport","Angle",1,2012,"CHRYSLER","TOWN AND COUNTRY",998,"Disabling Damage",1,0,1,"Full Driver License","Valid","No",55,"Dry","Going Straight","Over the lane line on left side of travel lane","Unknown/Not Reported","Tracking","Stayed on roadway, but left original travel lane","VAN",0,1,0,0,0,0,1,2,0
190074,4,12,12,"Motor Vehicle In-Transport","Angle",1,2012,"FORD","EDGE",998,"Disabling Damage",0,0,1,"Full Driver License","Valid","No",55,"Dry","Going Straight","From adjacent lane (same direction) over left lane line","Unknown/Not Reported","Tracking","Stayed in original travel lane","SUV",1,0,1,0,0,0,1,1,2
190074,4,12,12,"Motor Vehicle In-Transport","Angle",1,2016,"NISSAN","FRONTIER",998,"Disabling Damage",0,0,1,"Full Driver License","Valid","No",55,"Dry","Going Straight","From opposite direction  over left lane line","Unknown/Not Reported","Tracking","Stayed in original travel lane","PU/CC",0,0,0,0,0,0,0,0,0
190077,4,5,12,"Motor Vehicle In-Transport","Angle",1,2022,"NISSAN","SENTRA",0,"Minor Damage",0,0,1,"Full Driver License","Valid","No",30,"Dry","Stopped in Roadway","From crossing street, across path","No Avoidance Maneuver","Tracking","Stayed in original travel lane","4",1,0,1,1,1,1,0,5,3
190078,4,12,12,"Motor Vehicle In-Transport","Angle",1,2021,"JEEP","CHEROKEE",998,"Disabling Damage",0,0,1,"Full Driver License","Valid","No",70,"Dry","Negotiating a Curve","From opposite direction  over left lane line","Unknown/Not Reported","Tracking","Stayed in original travel lane","SUV",1,1,1,1,2,2,0,1,3
190084,5,2,12,"Motor Vehicle In-Transport","Front-to-Front",1,2013,"TOYOTA","RAV4",998,"Disabling Damage",0,0,1,"Full Driver License","Valid","No",45,"Dry","Going Straight","Traveling in opposite direction","Steering right","Tracking","Stayed on roadway, not known if left original travel lane","SUV",0,0,0,1,0,0,1,1,1
190085,5,17,12,"Motor Vehicle In-Transport","Angle",1,2017,"HONDA","ACCORD",998,"Disabling Damage",1,0,1,"Full Driver License","Valid","No",55,"Dry","Negotiating a Curve","Off the edge of the road on the right side","Unknown/Not Reported","Tracking","Departed roadway","4 DR",0,1,0,0,2,2,0,1,0
190088,5,2,12,"Motor Vehicle In-Transport","Angle",1,2018,"TOYOTA","RAV4",998,"Disabling Damage",0,0,1,"Full Driver License","Valid","No",35,"Dry","Going Straight","From opposite direction  over left lane line","Unknown/Not Reported","Tracking","Stayed in original travel lane","SUV",0,1,1,1,1,1,0,5,2
190098,5,21,8,"Pedestrian","The First Harmful Event was Not a Collision with a Motor Vehicle in Transport",1,2020,"LINCOLN","MKZ",998,"Disabling Damage",0,0,1,"Full Driver License","Valid","No",45,"Dry","Going Straight","Pedestrian in road","Unknown/Not Reported","Tracking","Stayed in original travel lane","4 DR",1,1,1,1,1,1,0,7,3
190101,5,11,12,"Motor Vehicle In-Transport","Front-to-Rear",1,2016,"DODGE","GRAND CARAVAN",998,"Disabling Damage",0,0,1,"Full Driver License","Valid","No",55,"Dry","Going Straight","Traveling in same direction with lower steady speed","Unknown/Not Reported","Tracking","Stayed in original travel lane","VAN",0,0,0,0,0,0,0,0,0
190103,5,9,12,"Motor Vehicle In-Transport","Front-to-Rear",1,2021,"CHEVROLET","COLORADO",0,"Disabling Damage",1,0,1,"Full Driver License","Valid","No",55,"Dry","Stopped in Roadway","Traveling in same direction with higher speed","No Avoidance Maneuver","Tracking","Stayed in original travel lane","PU/EC",0,1,0,0,2,2,0,1,0
190108,5,22,12,"Motor Vehicle In-Transport","Angle",1,2017,"CHEVROLET","MALIBU",998,"Disabling Damage",1,0,1,"Full Driver License","Valid","No",25,"Dry","Going Straight","From crossing street, across path","Unknown/Not Reported","Tracking","Stayed in original travel lane","4 DR",1,1,0,1,2,2,0,2,2
190112,5,11,5,"Fell/Jumped from Vehicle","The First Harmful Event was Not a Collision with a Motor Vehicle in Transport",2,2013,"CHEVROLET","EQUINOX",998,"No Damage",1,0,1,"Full Driver License","Valid","No",65,"Dry","Going Straight","Other critical precrash event (specify:)","No Avoidance Maneuver","Tracking","Stayed in original travel lane","SUV",0,1,0,0,0,0,1,3,0
190113,5,16,8,"Pedestrian","The First Harmful Event was Not a Collision with a Motor Vehicle in Transport",1,2022,"HYUNDAI","SANTA FE",998,"Disabling Damage",0,0,1,"Intermediate Driver License","Valid","No",35,"Dry","Going Straight","Pedestrian in road","No Avoidance Maneuver","Tracking","Stayed in original travel lane","SUV",0,2,1,1,1,1,0,4,2
190116,6,8,12,"Motor Vehicle In-Transport","Angle",1,2018,"NISSAN","ALTIMA",998,"Disabling Damage",1,0,1,"Full Driver License","Valid","No",30,"Dry","Going Straight","From opposite direction  over left lane line","Unknown/Not Reported","Tracking","Stayed in original travel lane","4 DR",0,1,1,0,1,1,0,4,1
190117,6,13,12,"Motor Vehicle In-Transport","Angle",1,2018,"AUDI","RS3",998,"Disabling Damage",0,0,1,"Full Driver License","Valid","No",45,"Dry","Turning Left","Crossing Over (Passing Through) Junction","No Avoidance Maneuver","Tracking","Stayed in original travel lane","4 DR",1,1,1,0,0,0,0,2,2
190124,6,22,8,"Pedestrian","The First Harmful Event was Not a Collision with a Motor Vehicle in Transport",1,2018,"CHEVROLET","MALIBU",998,"Functional Damage",0,0,1,"Full Driver License","Valid","No",35,"Dry","Going Straight","Pedestrian in road","Unknown/Not Reported","Tracking","Stayed in original travel lane","4 DR",1,1,0,0,2,2,0,2,1
190128,6,14,12,"Motor Vehicle In-Transport","Front-to-Rear",2,2012,"FORD","FOCUS",998,"Functional Damage",1,0,1,"Full Driver License","Valid","No",55,"Dry","Going Straight","Traveling in same direction with higher speed","Unknown/Not Reported","Tracking","Stayed in original travel lane","5 HB",0,1,0,0,0,0,1,2,0
190128,6,14,12,"Motor Vehicle In-Transport","Front-to-Rear",1,2015,"VOLKSWAGEN","PASSAT",998,"Disabling Damage",0,0,1,"Full Driver License","Valid","No",55,"Dry","Going Straight","Traveling in same direction with lower steady speed","Unknown/Not Reported","Tracking","Stayed in original travel lane","4 DR",0,1,0,0,0,0,0,2,0
190138,6,17,12,"Motor Vehicle In-Transport","Front-to-Rear",2,2019,"CHEVROLET","EQUINOX",998,"Disabling Damage",1,0,1,"Full Driver License","Valid","No",55,"Dry","Decelerating in Road","Traveling in same direction with higher speed","Unknown/Not Reported","Tracking","Stayed in original travel lane","SUV",1,1,0,1,2,2,0,2,2
190138,6,17,12,"Motor Vehicle In-Transport","Front-to-Rear",1,2018,"FORD","EXPLORER",0,"Disabling Damage",0,0,1,"Full Driver License","Valid","No",55,"Dry","Stopped in Roadway","Traveling in same direction with higher speed","No Avoidance Maneuver","Tracking","Stayed in original travel lane","SUV",0,0,0,1,0,0,0,0,1
190140,7,17,35,"Embankment","The First Harmful Event was Not a Collision with a Motor Vehicle in Transport",4,2013,"CHEVROLET","EQUINOX",998,"Disabling Damage",1,0,1,"Full Driver License","Valid","No",55,"Dry","Negotiating a Curve","Off the edge of the road on the right side","Unknown/Not Reported","Tracking","Departed roadway","SUV",0,1,0,1,0,0,1,3,1
190146,7,0,12,"Motor Vehicle In-Transport","Angle",1,2015,"JEEP","CHEROKEE",998,"Disabling Damage",0,0,1,"Full Driver License","Valid","No",55,"Dry","Going Straight","From crossing street, across path","Unknown/Not Reported","Tracking","Stayed in original travel lane","SUV",0,0,1,0,0,0,0,0,1
190147,7,18,12,"Motor Vehicle In-Transport","Front-to-Front",1,2016,"HONDA","CIVIC",998,"Disabling Damage",0,0,1,"Full Driver License","Valid","No",55,"Dry","Going Straight","Traveling in same direction while decelerating","Unknown/Not Reported","Tracking","Stayed in original travel lane","4 DR",0,1,1,1,2,2,0,1,2
190148,7,17,34,"Ditch","The First Harmful Event was Not a Collision with a Motor Vehicle in Transport",1,2013,"NISSAN","MURANO",998,"Disabling Damage",1,0,1,"Full Driver License","Valid","No",55,"Dry","Negotiating a Curve","Off the edge of the road on the right side","Unknown/Not Reported","Tracking","Departed roadway","SUV",0,1,0,0,0,0,1,2,0
190151,7,23,42,"Tree (Standing Only)","The First Harmful Event was Not a Collision with a Motor Vehicle in Transport",1,2011,"MITSUBISHI","ENDEAVOR",998,"Reported as Unknown",1,0,1,"Full Driver License","Valid","No",45,"Dry","Going Straight","Off the edge of the road on the right side","Braking","Tracking","Departed roadway","SUV",0,0,0,0,0,0,1,1,0
190155,7,15,12,"Motor Vehicle In-Transport","Front-to-Front",1,2016,"JEEP","CHEROKEE",998,"Disabling Damage",0,0,1,"Full Driver License","Valid","No",55,"Dry","Going Straight","Over the lane line on left side of travel lane","Steering right","Tracking","Stayed on roadway, but left original travel lane","SUV",1,1,0,1,2,2,0,1,2
190155,7,15,12,"Motor Vehicle In-Transport","Front-to-Front",2,2017,"TOYOTA","PRIUS PRIME",998,"Disabling Damage",2,0,1,"Full Driver License","Valid","No",55,"Dry","Going Straight","From opposite direction  over left lane line","Steering left","Tracking","Stayed on roadway, but left original travel lane","5 HB",1,1,1,1,2,2,0,2,3
190156,7,14,12,"Motor Vehicle In-Transport","Front-to-Front",1,2019,"NISSAN","ROGUE SPORT",998,"Disabling Damage",1,0,1,"Full Driver License","Valid","No",55,"Dry","Going Straight","From opposite direction  over left lane line","Unknown/Not Reported","Tracking","Stayed in original travel lane","SUV",1,0,1,0,1,1,0,4,2
190164,5,15,12,"Motor Vehicle In-Transport","Angle",2,2019,"CHEVROLET","CRUZE",998,"Disabling Damage",0,0,1,"Full Driver License","Valid","No",55,"Dry","Going Straight","Crossing Over (Passing Through) Junction","Unknown/Not Reported","Tracking","Stayed in original travel lane","4 DR",1,2,1,1,2,2,0,1,3
190170,6,8,12,"Motor Vehicle In-Transport","Angle",1,2013,"MAZDA","CX-5",998,"Disabling Damage",0,0,1,"Full Driver License","Valid","No",35,"Dry","Going Straight","From crossing street, across path","Unknown/Not Reported","Tracking","Stayed in original travel lane","SUV",0,1,0,0,0,0,1,2,0
190184,8,23,12,"Motor Vehicle In-Transport","Front-to-Front",3,2020,"KIA","FORTE",998,"Disabling Damage",0,0,1,"Full Driver License","Valid","No",65,"Dry","Going Straight","Traveling in opposite direction","Unknown/Not Reported","Tracking","Stayed in original travel lane","4 DR",1,2,1,1,1,1,0,5,3
190187,8,16,12,"Motor Vehicle In-Transport","Angle",2,2011,"FORD","F-250",998,"Disabling Damage",0,0,1,"Full Driver License","Valid","No",55,"Dry","Going Straight","From crossing street, across path","Unknown/Not Reported","Tracking","Stayed in original travel lane","PU/RC",0,0,0,0,0,0,1,1,0
190189,8,8,12,"Motor Vehicle In-Transport","Front-to-Front",1,2020,"HYUNDAI","SANTA FE",998,"Disabling Damage",1,0,1,"Full Driver License","Valid","No",70,"Dry","Going Straight","From opposite direction  over left lane line","Unknown/Not Reported","Tracking","Stayed in original travel lane","SUV",0,1,1,1,1,1,0,5,2
190192,7,19,12,"Motor Vehicle In-Transport","Front-to-Rear",1,2021,"JEEP","RENEGADE",0,"Disabling Damage",0,0,1,"Full Driver License","Valid","No",55,"Dry","Stopped in Roadway","Traveling in same direction with higher speed","No Avoidance Maneuver","Tracking","Stayed in original travel lane","SUV",0,0,1,0,2,2,0,0,1
190197,8,15,8,"Pedestrian","The First Harmful Event was Not a Collision with a Motor Vehicle in Transport",1,2022,"HYUNDAI","ELANTRA",998,"Disabling Damage",0,0,1,"Full Driver License","Valid","No",65,"Dry","Going Straight","Pedestrian in road","Unknown/Not Reported","Tracking","Stayed in original travel lane","4 DR",0,2,1,1,1,1,0,4,2
190198,7,23,12,"Motor Vehicle In-Transport","Angle",2,2012,"CHEVROLET","MALIBU",998,"Disabling Damage",1,0,1,"Full Driver License","Valid","No",55,"Dry","Going Straight","From crossing street, across path","Unknown/Not Reported","Tracking","Stayed in original travel lane","4 DR",0,0,0,0,0,0,1,2,0
190204,8,15,12,"Motor Vehicle In-Transport","Angle",1,2017,"CHEVROLET","EQUINOX",998,"Disabling Damage",0,0,1,"Full Driver License","Valid","No",45,"Dry","Turning Left","Traveling in opposite direction","Unknown/Not Reported","Tracking","Stayed in original travel lane","SUV",0,0,0,1,0,0,0,1,1
190206,8,16,12,"Motor Vehicle In-Transport","Front-to-Rear",1,2020,"TOYOTA","RAV4",998,"Functional Damage",0,0,1,"Full Driver License","Valid","No",55,"Dry","Changing Lanes","Traveling in same direction with higher speed","Unknown/Not Reported","Tracking","Stayed on roadway, but left original travel lane","SUV",1,1,1,1,1,1,0,6,3
190214,9,16,12,"Motor Vehicle In-Transport","Sideswipe - Opposite Direction",1,2015,"NISSAN","ALTIMA",998,"Disabling Damage",0,0,1,"Full Driver License","Valid","No",55,"Dry","Negotiating a Curve","From opposite direction  over left lane line","Unknown/Not Reported","Tracking","Stayed in original travel lane","4 DR",1,0,0,1,0,0,0,0,2
190222,8,17,42,"Tree (Standing Only)","The First Harmful Event was Not a Collision with a Motor Vehicle in Transport",1,2011,"JEEP","GRAND CHEROKEE",998,"Disabling Damage",1,0,1,"Full Driver License","Valid","No",70,"Dry","Going Straight","Off the edge of the road on the right side","Unknown/Not Reported","Tracking","Departed roadway","SUV",0,1,0,0,0,0,1,2,0
190223,9,13,12,"Motor Vehicle In-Transport","Sideswipe - Same Direction",1,2017,"NISSAN","MURANO",0,"Minor Damage",0,0,1,"Full Driver License","Valid","No",35,"Dry","Stopped in Roadway","From adjacent lane (same direction) over right lane line","No Avoidance Maneuver","Tracking","Stayed in original travel lane","SUV",1,0,0,0,2,2,0,0,1
190223,9,13,12,"Motor Vehicle In-Transport","Sideswipe - Same Direction",1,2016,"CHEVROLET","MALIBU LIMITED",0,"Minor Damage",0,0,1,"Full Driver License","Valid","No",35,"Dry","Stopped in Roadway","From adjacent lane (same direction) over right lane line","No Avoidance Maneuver","Tracking","Stayed in original travel lane","4 DR",0,1,0,1,0,0,0,2,1
190228,9,14,35,"Embankment","The First Harmful Event was Not a Collision with a Motor Vehicle in Transport",1,2015,"NISSAN","MURANO",998,"Disabling Damage",1,0,1,"Full Driver License","Valid","No",55,"Dry","Negotiating a Curve","Off the edge of the road on the right side","Unknown/Not Reported","Tracking","Departed roadway","SUV",0,0,1,0,2,2,0,0,1
190231,8,13,9,"Pedalcyclist","The First Harmful Event was Not a Collision with a Motor Vehicle in Transport",1,2015,"NISSAN","ALTIMA",998,"Functional Damage",0,0,1,"Full Driver License","Valid","No",55,"Dry","Going Straight","Pedalcyclist or other non-motorist in road","Unknown/Not Reported","Tracking","Stayed in original travel lane","4 DR",0,0,0,1,0,0,0,0,1
190233,9,21,12,"Motor Vehicle In-Transport","Front-to-Front",1,2023,"CHEVROLET","MALIBU",998,"Disabling Damage",0,0,1,"Full Driver License","Valid","No",55,"Dry","Negotiating a Curve","From opposite direction  over left lane line","Unknown/Not Reported","Tracking","Stayed in original travel lane","4 DR",0,2,1,1,1,1,0,4,2
190234,9,15,12,"Motor Vehicle In-Transport","Front-to-Rear",1,2016,"FORD","ESCAPE",0,"Reported as Unknown",0,0,1,"Full Driver License","Valid","No",35,"Dry","Stopped in Roadway","From adjacent lane (same direction) over left lane line","No Avoidance Maneuver","Tracking","Stayed in original travel lane","SUV",1,0,0,0,0,0,0,0,1