"SERIAL_CRASH","MONTH","HOUR","HARM_EV","HARM_EVNAME","TYPE_OF_COLLIOSION","NUM_OF_PEOPLE","MOD_YEAR","VPICMAKENAME","VPICMODELNAME","TRAV_SP","DEFORMEDNAME","DEATHS","DR_DRINK","IS_DRIVER_PRESENT","L_TYPENAME","L_STATUSNAME","SPEEDRELNAME","VSPD_LIM","VSURCONDNAME","P_CRASH1NAME","P_CRASH2NAME","P_CRASH3NAME","PCRASH4NAME","PCRASH5NAME","BODY_STYLE","BLIND_SPOT_DETECTION","ARS","FRNT_COLLISION_WARNING","LANE_DEPARTURE_WARNING","CRASH_IMMINENT_BRAKE","DYNAMIC_BRAKE_SUPPORT","NHTSA_ESC","SAFETY_COUNT","notification_count"
210543,9,16,12,"Motor Vehicle In-Transport","Angle",2,2011,"FORD","EXPLORER",998,"Disabling Damage",0,0,1,"Full Driver License","Valid","No",55,"Dry","Going Straight","From crossing street, across path","No Avoidance Maneuver","Tracking","Stayed in original travel lane","SUV",0,1,1,0,0,0,1,2,1
210551,4,4,8,"Pedestrian","The First Harmful Event was Not a Collision with a Motor Vehicle in Transport",1,2016,"HONDA","CIVIC",998,"Minor Damage",0,0,1,"Full Driver License","Valid","No",70,"Dry","Going Straight","Pedestrian in road","No Avoidance Maneuver","Tracking","Stayed in original travel lane","4 DR",0,1,0,0,2,2,0,1,0
210552,8,22,5,"Fell/Jumped from Vehicle","The First Harmful Event was Not a Collision with a Motor Vehicle in Transport",3,2015,"FORD","EXPLORER",35,"No Damage",1,0,1,"Full Driver License","Valid","No",45,"Dry","Negotiating a Curve","Other critical precrash event (specify:)","Unknown/Not Reported","Tracking","Stayed in original travel lane","SUV",0,1,0,0,0,0,0,1,0
210557,8,17,42,"Tree (Standing Only)","The First Harmful Event was Not a Collision with a Motor Vehicle in Transport",1,2016,"NISSAN","SENTRA",998,"Disabling Damage",1,0,1,"Full Driver License","Valid","No",55,"Dry","Negotiating a Curve","Traveling Too Fast for Conditions or Road Configuration","Unknown/Not Reported","Tracking","Departed roadway","4 DR",1,0,0,0,2,2,0,0,1
210559,9,11,12,"Motor Vehicle In-Transport","Front-to-Front",1,2014,"TOYOTA","PRIUS V",998,"Disabling Damage",1,0,1,"Full Driver License","Valid","No",55,"Dry","Going Straight","Over the lane line on left side of travel lane","Unknown/Not Reported","Tracking","Stayed on roadway, but left original travel lane","SW",0,0,1,0,2,2,1,1,1
210559,9,11,12,"Motor Vehicle In-Transport","Front-to-Front",2,2017,"CHEVROLET","MALIBU",998,"Disabling Damage",0,0,1,"Full Driver License","Valid","No",55,"Dry","Going Straight","From opposite direction  over left lane line","Steering right","Tracking","Departed roadway","4 DR",0,1,0,1,2,2,0,2,1
210561,10,20,12,"Motor Vehicle In-Transport","Angle",1,2013,"CHEVROLET","EQUINOX",998,"Disabling Damage",0,0,1,"Full Driver License","Valid","No",35,"Dry","Turning Left","Turning Left","Unknown/Not Reported","Tracking","Stayed in original travel lane","SUV",0,1,1,0,0,0,1,3,1
210562,10,15,12,"Motor Vehicle In-Transport","Front-to-Rear",2,2019,"LINCOLN","NAUTILUS",998,"Disabling Damage",1,0,1,"Full Driver License","Valid","No",55,"Dry","Merging","Over the lane line on left side of travel lane","Unknown/Not Reported","Tracking","Stayed on roadway, but left original travel lane","SUV",0,1,1,1,1,1,0,6,2
210565,10,3,24,"Guardrail Face","The First Harmful Event was Not a Collision with a Motor Vehicle in Transport",1,2014,"CHEVROLET","CRUZE",998,"Disabling Damage",1,0,1,"Full Driver License","Valid","No",70,"Dry","Negotiating a Curve","Off the edge of the road on the right side","No Avoidance Maneuver","Tracking","Departed roadway","4 DR",0,2,1,1,0,0,1,2,2
210566,10,13,12,"Motor Vehicle In-Transport","Front-to-Rear",2,2013,"KIA","SOUL",998,"Disabling Damage",1,0,1,"Full Driver License","Valid","No",55,"Dry","Decelerating in Road","Traveling in same direction with higher speed","Unknown/Not Reported","Tracking","Stayed in original travel lane","SUV",0,1,0,0,0,0,1,2,0
210570,10,18,12,"Motor Vehicle In-Transport","Front-to-Front",3,2011,"FORD","FUSION",998,"Disabling Damage",0,0,1,"Full Driver License","Valid","No",55,"Dry","Negotiating a Curve","Over the lane line on left side of travel lane","Unknown/Not Reported","Tracking","Stayed on roadway, but left original travel lane","4 DR",1,2,0,0,0,0,1,1,1
210570,10,18,12,"Motor Vehicle In-Transport","Front-to-Front",4,2012,"KIA","SORENTO",998,"Disabling Damage",1,0,1,"Full Driver License","Valid","No",55,"Dry","Negotiating a Curve","From opposite direction  over left lane line","Steering left","Tracking","Stayed on roadway, not known if left original travel lane","SUV",1,0,0,0,0,0,1,1,1
210578,10,16,12,"Motor Vehicle In-Transport","Sideswipe - Same Direction",1,2018,"BUICK","ENCORE",998,"Disabling Damage",1,0,1,"Full Driver License","Valid","No",70,"Dry","Going Straight","From adjacent lane (same direction) over right lane line","Unknown/Not Reported","Tracking","Stayed in original travel lane","SUV",1,1,1,1,0,0,0,2,3
210586,10,20,8,"Pedestrian","The First Harmful Event was Not a Collision with a Motor Vehicle in Transport",2,2015,"MERCEDES-BENZ","ML-CLASS",998,"Minor Damage",0,0,1,"Full Driver License","Valid","No",35,"Dry","Going Straight","Pedestrian in road","No Avoidance Maneuver","Tracking","Stayed in original travel lane","SUV",0,1,1,0,2,2,0,2,1
210587,10,16,12,"Motor Vehicle In-Transport","Angle",2,2011,"KIA","OPTIMA",13,"Disabling Damage",1,0,1,"Full Driver License","Valid","No",35,"Dry","Turning Left","Turning Left","Unknown/Not Reported","Tracking","Stayed in original travel lane","4 DR",0,2,0,0,0,0,1,1,0
210589,10,16,12,"Motor Vehicle In-Transport","Angle",1,2020,"HYUNDAI","SONATA",58,"Disabling Damage",0,0,1,"Full Driver License","Valid","No",55,"Dry","Going Straight","From opposite direction  over left lane line","Unknown/Not Reported","Tracking","Stayed in original travel lane","4 DR",1,1,1,1,1,1,0,5,3
210597,10,15,8,"Pedestrian","The First Harmful Event was Not a Collision with a Motor Vehicle in Transport",4,2011,"KIA","SORENTO",5,"No Damage",0,0,1,"Learner's Permit","Valid","No",15,"Dry","Going Straight","Pedestrian in road","Unknown/Not Reported","Tracking","Stayed in original travel lane","SUV",0,2,0,0,0,0,1,1,0
210604,10,14,38,"Fence","The First Harmful Event was Not a Collision with a Motor Vehicle in Transport",1,2022,"GMC","TERRAIN",998,"Disabling Damage",1,0,1,"Full Driver License","Valid","No",55,"Dry","Negotiating a Curve","Traveling Too Fast for Conditions or Road Configuration","Unknown/Not Reported","Tracking","Departed roadway","SUV",0,1,1,1,1,1,0,6,2
210606,10,17,12,"Motor Vehicle In-Transport","Front-to-Front",1,2014,"FORD","FOCUS",998,"Disabling Damage",0,0,1,"Full Driver License","Valid","No",50,"Dry","Going Straight","From adjacent lane (same direction) over right lane line","Unknown/Not Reported","Tracking","Stayed in original travel lane","5 HB",0,1,0,0,0,0,1,2,0
210617,10,14,12,"Motor Vehicle In-Transport","Front-to-Front",1,2019,"FORD","FUSION",998,"Disabling Damage",0,0,1,"Full Driver License","Valid","No",45,"Dry","Turning Left","Turning Left","Unknown/Not Reported","Tracking","Stayed in original travel lane","4 DR",1,1,1,1,1,1,0,6,3
210618,10,16,12,"Motor Vehicle In-Transport","Angle",1,2021,"FORD","BRONCO SPORT",50,"Disabling Damage",0,0,1,"Intermediate Driver License","Valid","No",65,"Dry","Changing Lanes","Over the lane line on left side of travel lane","Unknown/Not Reported","Tracking","Stayed on roadway, but left original travel lane","SUV",1,0,1,1,1,1,0,6,3
210618,10,16,12,"Motor Vehicle In-Transport","Angle",1,2014,"JEEP","PATRIOT",25,"Disabling Damage",0,0,1,"Full Driver License","Valid","No",65,"Dry","Decelerating in Road","Unknown","Unknown/Not Reported","Tracking","Stayed in original travel lane","SUV",0,0,0,0,0,0,1,1,0
210621,10,5,12,"Motor Vehicle In-Transport","Front-to-Front",2,2023,"KIA","SOUL",998,"Disabling Damage",1,0,1,"Full Driver License","Valid","No",55,"Dry","Negotiating a Curve","From opposite direction  over right lane line","Unknown/Not Reported","Tracking","Stayed in original travel lane","SUV",0,2,1,1,1,1,0,4,2
210626,1,16,93,"Unknown Fixed Object","The First Harmful Event was Not a Collision with a Motor Vehicle in Transport",1,2019,"NISSAN","ROGUE",58,"Disabling Damage",1,0,1,"Full Driver License","Valid","No",55,"Dry","Going Straight","Off the edge of the road on the left side","No Avoidance Maneuver","Tracking","Departed roadway","SUV",1,1,1,1,1,1,0,6,3
210627,10,22,1,"Rollover/Overturn","The First Harmful Event was Not a Collision with a Motor Vehicle in Transport",1,2012,"TOYOTA","SCION IQ",998,"Disabling Damage",1,0,1,"Full Driver License","Valid","No",55,"Dry","Going Straight","Off the edge of the road on the right side","Unknown/Not Reported","Precrash stability unknown","Departed roadway","3 HB",0,1,0,0,0,0,1,2,0
210634,11,13,12,"Motor Vehicle In-Transport","Front-to-Front",1,2017,"INFINITI","QX50",998,"Disabling Damage",0,0,1,"Full Driver License","Valid","No",45,"Dry","Negotiating a Curve","From opposite direction  over left lane line","Unknown/Not Reported","Tracking","Stayed in original travel lane","SW",0,0,0,1,2,0,0,0,1
210637,11,18,8,"Pedestrian","The First Harmful Event was Not a Collision with a Motor Vehicle in Transport",3,2016,"DODGE","CHALLENGER",998,"Functional Damage",0,0,1,"Full Driver License","Valid","No",45,"Dry","Going Straight","Pedestrian in road","Unknown/Not Reported","Tracking","Stayed in original travel lane","2 DR",1,0,0,0,0,0,0,0,1
210638,11,19,8,"Pedestrian","The First Harmful Event was Not a Collision with a Motor Vehicle in Transport",1,2018,"GMC","ACADIA",998,"Disabling Damage",0,0,1,"Full Driver License","Valid","No",35,"Dry","Going Straight","Pedestrian in road","Unknown/Not Reported","Tracking","Stayed in original travel lane","SUV",0,1,1,1,2,2,0,2,2
210644,11,13,12,"Motor Vehicle In-Transport","Angle",1,2017,"JEEP","PATRIOT",998,"Disabling Damage",1,0,1,"Full Driver License","Valid","No",55,"Dry","Turning Left","Turning Left","Unknown/Not Reported","Tracking","Stayed in original travel lane","SUV",0,0,0,0,0,0,0,0,0
210646,11,23,12,"Motor Vehicle In-Transport","Front-to-Rear",5,2012,"MAZDA","MAZDA3",0,"Disabling Damage",1,0,1,"Full Driver License","Valid","No",55,"Dry","Stopped in Roadway","Traveling in same direction with higher speed","No Avoidance Maneuver","Tracking","Stayed in original travel lane","4 DR",0,1,0,0,0,0,1,2,0
210647,11,13,12,"Motor Vehicle In-Transport","Front-to-Front",1,2019,"TOYOTA","RAV4",998,"Disabling Damage",1,0,1,"Full Driver License","Valid","No",70,"Dry","Going Straight","Traveling in opposite direction","Unknown/Not Reported","Tracking","Stayed in original travel lane","SUV",0,1,1,1,1,1,0,6,2
210654,11,18,12,"Motor Vehicle In-Transport","Angle",1,2018,"SUBARU","CROSSTREK",998,"Disabling Damage",0,0,1,"Intermediate Driver License","Valid","No",55,"Dry","Turning Left","Turning Left","Unknown/Not Reported","Tracking","Stayed in original travel lane","SW",0,0,0,0,2,2,0,0,0
210655,11,21,8,"Pedestrian","The First Harmful Event was Not a Collision with a Motor Vehicle in Transport",1,2014,"KIA","OPTIMA",998,"Minor Damage",0,0,1,"Full Driver License","Valid","No",45,"Dry","Going Straight","Pedestrian in road","Unknown/Not Reported","Tracking","Stayed in original travel lane","4 DR",1,1,0,0,0,0,1,2,1
210656,11,22,8,"Pedestrian","The First Harmful Event was Not a Collision with a Motor Vehicle in Transport",1,2018,"HYUNDAI","SONATA",998,"Minor Damage",0,0,1,"Full Driver License","Valid","No",45,"Dry","Going Straight","Pedestrian in road","Other actions (specify:)","Tracking","Stayed in original travel lane","4 DR",1,2,0,1,2,2,0,2,2
210657,11,6,12,"Motor Vehicle In-Transport","Sideswipe - Same Direction",1,2013,"FIAT","500",998,"Disabling Damage",1,0,1,"Full Driver License","Valid","No",70,"Dry","Changing Lanes","Over the lane line on right side of travel lane","Unknown/Not Reported","Tracking","Stayed on roadway, but left original travel lane","3 HB",0,1,0,0,0,0,1,2,0
210657,11,6,12,"Motor Vehicle In-Transport","Sideswipe - Same Direction",1,2021,"FORD","EXPLORER",998,"Disabling Damage",0,0,1,"Full Driver License","Valid","No",70,"Dry","Going Straight","From adjacent lane (same direction) over left lane line","Braking and steering right","Tracking","Stayed on roadway, not known if left original travel lane","SUV",1,0,1,1,1,1,0,6,3
210658,11,19,8,"Pedestrian","The First Harmful Event was Not a Collision with a Motor Vehicle in Transport",1,2011,"TOYOTA","CAMRY",998,"Disabling Damage",0,0,1,"Full Driver License","Valid","No",65,"Dry","Going Straight","Pedestrian in road","Unknown/Not Reported","Tracking","Stayed in original travel lane","4 DR",0,1,0,0,0,0,1,2,0
210659,11,6,12,"Motor Vehicle In-Transport","Front-to-Rear",2,2012,"SMART","FORTWO",998,"Disabling Damage",1,0,1,"Full Driver License","Valid","No",55,"Dry","Leaving a Parking Position","Over the lane line on left side of travel lane","Unknown/Not Reported","Tracking","Entered roadway","2 DR",0,0,0,0,0,0,1,1,0
210665,11,18,8,"Pedestrian","The First Harmful Event was Not a Collision with a Motor Vehicle in Transport",3,2021,"RAM","2500",998,"Minor Damage",0,0,1,"Full Driver License","Valid","No",35,"Dry","Going Straight","Pedestrian in road","Unknown/Not Reported","Tracking","Stayed in original travel lane","PU/RC",0,0,0,1,2,2,0,0,1
210666,11,16,12,"Motor Vehicle In-Transport","Sideswipe - Opposite Direction",2,2014,"SUBARU","FORESTER",998,"Disabling Damage",1,0,1,"Full Driver License","Valid","No",55,"Dry","Going Straight","Over the lane line on left side of travel lane","No Avoidance Maneuver","Tracking","Stayed on roadway, but left original travel lane","SUV",0,0,1,0,2,2,1,1,1
210666,11,16,12,"Motor Vehicle In-Transport","Sideswipe - Opposite Direction",2,2021,"KIA","TELLURIDE",998,"Disabling Damage",1,0,1,"Full Driver License","Valid","No",55,"Dry","Going Straight","From opposite direction  over left lane line","Unknown/Not Reported","Tracking","Stayed in original travel lane","SUV",1,1,1,1,1,1,0,7,3
210676,11,20,9,"Pedalcyclist","The First Harmful Event was Not a Collision with a Motor Vehicle in Transport",1,2018,"KIA","OPTIMA",998,"Functional Damage",0,0,1,"Full Driver License","Valid","No",55,"Dry","Going Straight","Pedalcyclist or other non-motorist in road","Unknown/Not Reported","Tracking","Stayed in original travel lane","4 DR",0,2,1,0,2,2,0,0,1
210677,11,13,12,"Motor Vehicle In-Transport","Angle",1,2023,"TOYOTA","RAV4",58,"Disabling Damage",1,0,1,"Full Driver License","Valid","No",55,"Dry","Negotiating a Curve","Traveling Too Fast for Conditions or Road Configuration","Unknown/Not Reported","Tracking","Departed roadway","SUV",0,1,1,1,1,1,0,5,2
210677,11,13,12,"Motor Vehicle In-Transport","Angle",1,2017,"TOYOTA","TUNDRA",58,"Disabling Damage",0,0,1,"Full Driver License","Valid","No",55,"Dry","Negotiating a Curve","From opposite direction  over left lane line","Steering right","Tracking","Stayed in original travel lane","PU/RC",1,0,0,0,0,0,0,0,1
210678,11,18,12,"Motor Vehicle In-Transport","Angle",2,2015,"FORD","ESCAPE",998,"Disabling Damage",1,0,1,"Full Driver License","Valid","No",55,"Dry","Turning Left","Turning Left","Unknown/Not Reported","Tracking","Stayed on roadway, but left original travel lane","SUV",1,1,0,0,0,0,0,1,1
210679,11,4,14,"Parked Motor Vehicle","The First Harmful Event was Not a Collision with a Motor Vehicle in Transport",3,2016,"BMW","X5",998,"Disabling Damage",0,0,1,"Full Driver License","Valid","No",70,"Dry","Negotiating a Curve","Traveling Too Fast for Conditions or Road Configuration","Unknown/Not Reported","Precrash stability unknown","Departed roadway","SUV",1,1,0,0,2,2,0,2,1
210682,11,17,8,"Pedestrian","The First Harmful Event was Not a Collision with a Motor Vehicle in Transport",1,2013,"HYUNDAI","ELANTRA",998,"Disabling Damage",0,0,1,"Full Driver License","Valid","No",45,"Dry","Changing Lanes","Pedestrian in road","Unknown/Not Reported","Tracking","Stayed on roadway, but left original travel lane","2 DR",0,1,0,0,0,0,1,2,0
210685,11,18,8,"Pedestrian","The First Harmful Event was Not a Collision with a Motor Vehicle in Transport",1,2018,"NISSAN","PATHFINDER",998,"Disabling Damage",0,0,1,"Full Driver License","Valid","No",45,"Dry","Going Straight","Pedestrian in road","No Avoidance Maneuver","Tracking","Stayed in original travel lane","SUV",0,1,1,0,2,2,0,2,1
210692,11,16,12,"Motor Vehicle In-Transport","Angle",1,2012,"CHRYSLER","200",998,"Disabling Damage",0,0,1,"Full Driver License","Valid","No",55,"Dry","Going Straight","From opposite direction  over left lane line","Unknown/Not Reported","Tracking","Stayed in original travel lane","4 DR",0,1,0,0,0,0,1,2,0
210697,12,12,12,"Motor Vehicle In-Transport","Sideswipe - Opposite Direction",1,2020,"HONDA","ACCORD",998,"Disabling Damage",1,0,1,"Full Driver License","Valid","No",55,"Dry","Going Straight","Over the lane line on left side of travel lane","Unknown/Not Reported","Tracking","Stayed on roadway, but left original travel lane","4 DR",1,1,1,1,1,1,0,6,3
210709,12,18,8,"Pedestrian","The First Harmful Event was Not a Collision with a Motor Vehicle in Transport",1,2017,"FORD","ESCAPE",998,"Minor Damage",0,0,1,"Full Driver License","Valid","No",45,"Dry","Going Straight","Pedestrian in road","Unknown/Not Reported","Tracking","Stayed in original travel lane","SUV",0,0,0,0,0,0,0,1,0
210712,12,17,12,"Motor Vehicle In-Transport","Front-to-Rear",1,2013,"FORD","FUSION",0,"Disabling Damage",0,0,1,"Full Driver License","Valid","No",70,"Dry","Stopped in Roadway","Traveling in same direction with higher speed","No Avoidance Maneuver","Tracking","Stayed in original travel lane","4 DR",0,1,1,1,0,0,1,2,2
210712,12,17,12,"Motor Vehicle In-Transport","Front-to-Rear",1,2020,"GENESIS","G70",998,"Disabling Damage",0,0,1,"Full Driver License","Valid","No",70,"Dry","Going Straight","From adjacent lane (same direction) over right lane line","Unknown/Not Reported","Tracking","Stayed in original travel lane","4 DR",1,1,1,1,1,1,0,7,3
210714,12,15,8,"Pedestrian","The First Harmful Event was Not a Collision with a Motor Vehicle in Transport",1,2015,"NISSAN","ARMADA",998,"Minor Damage",0,0,1,"Full Driver License","Valid","No",40,"Dry","Going Straight","Pedestrian in road","Unknown/Not Reported","Tracking","Stayed in original travel lane","SUV",0,0,0,0,0,0,0,0,0
210717,12,20,12,"Motor Vehicle In-Transport","Front-to-Rear",5,2020,"CADILLAC","XT6",998,"Disabling Damage",1,0,1,"Full Driver License","Valid","No",70,"Dry","Decelerating in Road","Traveling in same direction with higher speed","Unknown/Not Reported","Tracking","Stayed in original travel lane","SUV",1,1,1,1,2,1,0,6,3
210717,12,20,12,"Motor Vehicle In-Transport","Front-to-Rear",3,2018,"TOYOTA","HIGHLANDER",998,"Disabling Damage",0,0,1,"Full Driver License","Valid","No",70,"Dry","Going Straight","From adjacent lane (same direction) over left lane line","Unknown/Not Reported","Tracking","Stayed in original travel lane","SUV",0,1,1,1,1,1,0,5,2
210717,12,20,12,"Motor Vehicle In-Transport","Front-to-Rear",3,2020,"HYUNDAI","ELANTRA",998,"Disabling Damage",0,0,1,"Full Driver License","Valid","No",70,"Dry","Going Straight","From adjacent lane (same direction) over right lane line","Unknown/Not Reported","Tracking","Stayed in original travel lane","4 DR",1,2,1,1,2,2,0,0,3
210727,12,23,12,"Motor Vehicle In-Transport","Front-to-Front",1,2017,"MITSUBISHI","MIRAGE",998,"Disabling Damage",1,0,1,"Full Driver License","Valid","No",35,"Dry","Negotiating a Curve","Over the lane line on left side of travel lane","Unknown/Not Reported","Tracking","Stayed on roadway, but left original travel lane","5 HB",0,1,0,0,0,0,0,1,0
210728,12,7,12,"Motor Vehicle In-Transport","Front-to-Front",1,2020,"TOYOTA","TACOMA",70,"Disabling Damage",1,0,1,"Full Driver License","Valid","No",65,"Dry","Going Straight","From opposite direction  over left lane line","Steering right","Tracking","Stayed in original travel lane","PU/EC",0,2,1,1,1,1,0,5,2
210730,12,0,8,"Pedestrian","The First Harmful Event was Not a Collision with a Motor Vehicle in Transport",1,2017,"HONDA","CIVIC",43,"Functional Damage",0,0,1,"Full Driver License","Valid","No",45,"Dry","Going Straight","Pedestrian in road","No Avoidance Maneuver","Tracking","Stayed in original travel lane","2 DR",0,1,1,0,2,2,0,1,1
210740,12,18,8,"Pedestrian","The First Harmful Event was Not a Collision with a Motor Vehicle in Transport",2,2019,"CHEVROLET","TAHOE",998,"Disabling Damage",0,0,1,"Full Driver License","Valid","No",55,"Dry","Going Straight","Pedestrian in road","Unknown/Not Reported","Tracking","Stayed in original travel lane","SUV",1,2,0,1,2,2,0,1,2
210746,12,15,42,"Tree (Standing Only)","The First Harmful Event was Not a Collision with a Motor Vehicle in Transport",1,2014,"RAM","1500",50,"Disabling Damage",1,0,1,"Full Driver License","Valid","No",55,"Dry","Going Straight","Off the edge of the road on the right side","Unknown/Not Reported","Tracking","Departed roadway","PU/RC",0,1,0,0,0,0,1,2,0
210754,12,17,8,"Pedestrian","The First Harmful Event was Not a Collision with a Motor Vehicle in Transport",1,2021,"JEEP","RENEGADE",23,"Disabling Damage",0,0,1,"Full Driver License","Valid","No",25,"Dry","Going Straight","Pedestrian in road","Braking","Tracking","Stayed in original travel lane","SUV",1,0,0,0,2,2,0,0,1
210756,11,15,35,"Embankment","The First Harmful Event was Not a Collision with a Motor Vehicle in Transport",1,2018,"FORD","ECOSPORT",998,"Disabling Damage",1,0,1,"Full Driver License","Valid","No",55,"Dry","Going Straight","Off the edge of the road on the right side","Unknown/Not Reported","Tracking","Departed roadway","SUV",1,0,0,0,0,0,0,0,1
210761,7,21,12,"Motor Vehicle In-Transport","Angle",1,2015,"DODGE","CHARGER",998,"Disabling Damage",1,0,1,"Full Driver License","Valid","No",55,"Dry","Going Straight","Over the lane line on left side of travel lane","Unknown/Not Reported","Tracking","Stayed on roadway, but left original travel lane","4 DR",0,1,1,0,0,0,0,1,1
210761,7,21,12,"Motor Vehicle In-Transport","Angle",1,2011,"FORD","FUSION",998,"Disabling Damage",0,0,1,"Full Driver License","Valid","No",55,"Dry","Going Straight","From opposite direction  over left lane line","Unknown/Not Reported","Tracking","Stayed in original travel lane","4 DR",1,2,0,0,0,0,1,1,1
210769,10,8,32,"Culvert","The First Harmful Event was Not a Collision with a Motor Vehicle in Transport",1,2019,"CHEVROLET","EQUINOX",998,"Disabling Damage",1,0,1,"Full Driver License","Valid","No",55,"Dry","Going Straight","From opposite direction  over left lane line","Unknown/Not Reported","Tracking","Stayed in original travel lane","SUV",1,1,0,0,2,2,0,2,1
210772,6,15,1,"Rollover/Overturn","The First Harmful Event was Not a Collision with a Motor Vehicle in Transport",1,2015,"FORD","FUSION",998,"Disabling Damage",1,0,1,"Full Driver License","Valid","No",55,"Dry","Going Straight","Off the edge of the road on the left side","Unknown/Not Reported","Tracking","Departed roadway","4 DR",1,1,0,0,0,0,0,1,1
210776,11,17,12,"Motor Vehicle In-Transport","Other",2,2014,"FORD","ESCAPE",53,"Disabling Damage",1,0,1,"Full Driver License","Valid","No",55,"Dry","Going Straight","From crossing street, across path","Unknown/Not Reported","Tracking","Stayed in original travel lane","SUV",0,0,0,0,0,0,1,1,0
220003,1,5,8,"Pedestrian","The First Harmful Event was Not a Collision with a Motor Vehicle in Transport",1,2021,"HONDA","CIVIC",998,"Disabling Damage",0,0,1,"Full Driver License","Valid","No",60,"Dry","Going Straight","Pedestrian in road","Braking","Tracking","Stayed in original travel lane","4 DR",0,1,1,1,1,1,0,5,2
220008,1,20,12,"Motor Vehicle In-Transport","Front-to-Rear",1,2019,"KIA","SPORTAGE",998,"Disabling Damage",1,0,1,"Full Driver License","Valid","No",70,"Dry","Going Straight","Traveling in same direction while decelerating","Braking","Tracking","Stayed in original travel lane","SUV",0,2,0,0,2,2,0,0,0
220008,1,20,12,"Motor Vehicle In-Transport","Front-to-Rear",2,2017,"HONDA","CIVIC",998,"Disabling Damage",0,0,1,"Full Driver License","Valid","No",70,"Dry","Decelerating in Road","Traveling in same direction with higher speed","No Avoidance Maneuver","Tracking","Stayed in original travel lane","2 DR",0,1,0,1,2,2,0,1,1
220011,1,18,8,"Pedestrian","The First Harmful Event was Not a Collision with a Motor Vehicle in Transport",1,2013,"DODGE","DART",998,"Minor Damage",0,0,1,"Full Driver License","Valid","No",70,"Dry","Going Straight","Pedestrian in road","No Avoidance Maneuver","Tracking","Unknown","4 DR",1,0,0,0,0,0,1,1,1
220013,1,9,8,"Pedestrian","The First Harmful Event was Not a Collision with a Motor Vehicle in Transport",2,2015,"VOLKSWAGEN","PASSAT",998,"Minor Damage",0,0,1,"Full Driver License","Valid","No",35,"Dry","Going Straight","Pedestrian in road","No Avoidance Maneuver","Tracking","Stayed in original travel lane","4 DR",0,1,0,0,0,0,0,2,0
220014,1,17,12,"Motor Vehicle In-Transport","Angle",2,2014,"NISSAN","SENTRA",998,"Disabling Damage",1,0,1,"Full Driver License","Valid","No",45,"Dry","Going Straight","Traveling in opposite direction","No Avoidance Maneuver","Tracking","Stayed on roadway, not known if left original travel lane","4 DR",0,1,0,0,0,0,1,2,0
220017,1,18,12,"Motor Vehicle In-Transport","Angle",2,2017,"CHEVROLET","IMPALA",998,"Disabling Damage",2,0,1,"Full Driver License","Valid","No",40,"Dry","Going Straight","From crossing street, across path","No Avoidance Maneuver","Tracking","Stayed in original travel lane","4 DR",1,1,1,0,2,0,0,2,2
220018,1,18,12,"Motor Vehicle In-Transport","Angle",1,2015,"BUICK","ENCORE",998,"Disabling Damage",0,0,1,"Full Driver License","Valid","No",35,"Dry","Turning Right","Turning Right","No Avoidance Maneuver","Tracking","Stayed on roadway, but left original travel lane","SUV",0,1,1,0,0,0,0,2,1
220020,1,19,8,"Pedestrian","The First Harmful Event was Not a Collision with a Motor Vehicle in Transport",1,2014,"FORD","FUSION",998,"Minor Damage",0,0,1,"Full Driver License","Valid","No",35,"Dry","Going Straight","Pedestrian in road","Braking and steering right","Tracking","Stayed on roadway, but left original travel lane","4 DR",0,1,0,0,0,0,1,2,0
220024,1,2,8,"Pedestrian","The First Harmful Event was Not a Collision with a Motor Vehicle in Transport",1,2014,"RAM","1500",998,"Functional Damage",0,0,1,"Full Driver License","Valid","No",98,"Dry","Going Straight","Pedestrian in road","No Avoidance Maneuver","Tracking","Stayed in original travel lane","PU/RC",0,1,0,0,0,0,1,2,0
220037,1,16,12,"Motor Vehicle In-Transport","Angle",2,2013,"NISSAN","ROGUE",998,"Disabling Damage",0,0,1,"Full Driver License","Valid","No",98,"Dry","Going Straight","Crossing Over (Passing Through) Junction","No Avoidance Maneuver","Tracking","Stayed in original travel lane","SUV",0,1,0,0,0,0,1,2,0
220049,1,19,12,"Motor Vehicle In-Transport","Angle",1,2021,"TOYOTA","COROLLA",998,"Disabling Damage",1,0,1,"Full Driver License","Valid","No",55,"Dry","Turning Left","Turning Left","No Avoidance Maneuver","Tracking","Stayed in original travel lane","4 DR",0,1,1,1,1,1,0,6,2
220049,1,19,12,"Motor Vehicle In-Transport","Angle",1,2018,"JEEP","GRAND CHEROKEE",998,"Disabling Damage",0,0,1,"Full Driver License","Valid","No",55,"Dry","Going Straight","From opposite direction  over left lane line","Braking","Tracking","Stayed in original travel lane","SUV",1,0,1,1,2,2,0,0,3
220050,1,10,12,"Motor Vehicle In-Transport","Angle",2,2018,"TOYOTA","RAV4",998,"Disabling Damage",1,0,1,"Full Driver License","Valid","No",55,"Dry","Turning Left","Turning Left","No Avoidance Maneuver","Tracking","Stayed in original travel lane","SUV",1,1,1,1,1,1,0,5,3
220057,2,19,12,"Motor Vehicle In-Transport","Front-to-Front",4,2016,"CHEVROLET","EQUINOX",998,"Disabling Damage",1,0,1,"Full Driver License","Valid","No",45,"Dry","Going Straight","Traveling in opposite direction","Steering right","Tracking","Stayed in original travel lane","SUV",0,0,1,0,0,0,0,1,1