"SERIAL_CRASH","MONTH","HOUR","HARM_EV","HARM_EVNAME","TYPE_OF_COLLIOSION","NUM_OF_PEOPLE","MOD_YEAR","VPICMAKENAME","VPICMODELNAME","TRAV_SP","DEFORMEDNAME","DEATHS","DR_DRINK","IS_DRIVER_PRESENT","L_TYPENAME","L_STATUSNAME","SPEEDRELNAME","VSPD_LIM","VSURCONDNAME","P_CRASH1NAME","P_CRASH2NAME","P_CRASH3NAME","PCRASH4NAME","PCRASH5NAME","BODY_STYLE","BLIND_SPOT_DETECTION","ARS","FRNT_COLLISION_WARNING","LANE_DEPARTURE_WARNING","CRASH_IMMINENT_BRAKE","DYNAMIC_BRAKE_SUPPORT","NHTSA_ESC","SAFETY_COUNT","notification_count"
220065,2,11,12,"Motor Vehicle In-Transport","Angle",1,2011,"TOYOTA","CAMRY",998,"Disabling Damage",0,0,1,"Full Driver License","Valid","No",45,"Dry","Turning Left","Turning Left","No Avoidance Maneuver","Tracking","Stayed in original travel lane","4 DR",0,1,0,0,0,0,1,2,0
220066,2,15,12,"Motor Vehicle In-Transport","Angle",1,2016,"NISSAN","ROGUE",998,"Disabling Damage",1,0,1,"Full Driver License","Valid","No",35,"Dry","Going Straight","Crossing Over (Passing Through) Junction","No Avoidance Maneuver","Tracking","Stayed in original travel lane","SUV",0,0,1,0,2,2,0,0,1
220066,2,15,12,"Motor Vehicle In-Transport","Angle",2,2021,"TOYOTA","COROLLA",0,"Disabling Damage",0,0,1,"Full Driver License","Valid","No",45,"Dry","Stopped in Roadway","From opposite direction  over left lane line","No Avoidance Maneuver","Tracking","Stayed in original travel lane","4 DR",1,1,1,1,1,1,0,6,3
220066,2,15,12,"Motor Vehicle In-Transport","Angle",1,2017,"NISSAN","ROGUE",0,"Functional Damage",0,0,1,"Full Driver License","Valid","No",45,"Dry","Stopped in Roadway","Other vehicle stopped","No Avoidance Maneuver","Tracking","Stayed in original travel lane","SUV",1,0,0,1,2,2,0,0,2
220075,2,16,12,"Motor Vehicle In-Transport","Front-to-Rear",2,2018,"NISSAN","ROGUE SPORT",43,"Disabling Damage",0,0,1,"Full Driver License","Valid","No",70,"Dry","Decelerating in Road","Traveling in same direction with higher speed","No Avoidance Maneuver","Tracking","Stayed in original travel lane","SUV",0,0,1,0,2,2,0,0,1
220076,2,16,12,"Motor Vehicle In-Transport","Angle",1,2016,"INFINITI","Q70L",998,"Functional Damage",0,0,1,"Full Driver License","Valid","No",35,"Dry","Going Straight","From crossing street, turning into same direction","No Avoidance Maneuver","Tracking","Stayed in original travel lane","4 DR",1,0,1,0,2,2,0,0,2
220087,3,21,8,"Pedestrian","The First Harmful Event was Not a Collision with a Motor Vehicle in Transport",1,2021,"CHEVROLET","TAHOE",998,"Minor Damage",0,0,1,"Full Driver License","Valid","No",45,"Dry","Going Straight","Pedestrian in road","Braking","Tracking","Stayed in original travel lane","SUV",1,1,1,0,1,1,0,5,2
220100,3,20,8,"Pedestrian","The First Harmful Event was Not a Collision with a Motor Vehicle in Transport",1,2016,"HYUNDAI","SONATA",998,"Minor Damage",0,0,1,"Full Driver License","Valid","No",55,"Dry","Going Straight","Pedestrian in road","No Avoidance Maneuver","Tracking","Stayed in original travel lane","4 DR",1,1,0,0,2,2,0,2,1
220105,3,21,12,"Motor Vehicle In-Transport","Front-to-Front",2,2022,"FORD","ESCAPE",998,"Disabling Damage",0,0,1,"Full Driver License","Valid","No",45,"Dry","Other(specify:)","From adjacent lane (same direction) over left lane line","Braking and steering right","Tracking","Stayed on roadway, but left original travel lane","SUV",1,0,1,1,1,1,0,6,3
220108,3,19,8,"Pedestrian","The First Harmful Event was Not a Collision with a Motor Vehicle in Transport",1,2020,"FORD","RANGER",50,"Minor Damage",0,0,1,"Full Driver License","Valid","No",45,"Dry","Going Straight","Pedestrian in road","No Avoidance Maneuver","Tracking","Stayed in original travel lane","PU/EC",1,0,1,1,1,1,0,6,3
220112,3,8,12,"Motor Vehicle In-Transport","Front-to-Front",2,2018,"NISSAN","FRONTIER",998,"Disabling Damage",0,0,1,"Full Driver License","Valid","No",55,"Dry","Going Straight","Over the lane line on left side of travel lane","No Avoidance Maneuver","Precrash stability unknown","Stayed on roadway, but left original travel lane","PU/EC",0,1,0,0,0,0,0,1,0
220119,4,17,21,"Bridge Pier or Support","The First Harmful Event was Not a Collision with a Motor Vehicle in Transport",2,2015,"HYUNDAI","ELANTRA",998,"Disabling Damage",1,0,1,"Full Driver License","Valid","No",25,"Dry","Going Straight","End departure","Accelerating","Other vehicle loss-of-control (specify:)","Departed roadway","2 DR",0,2,0,0,0,0,0,0,0
220121,2,9,12,"Motor Vehicle In-Transport","Front-to-Front",1,2014,"MERCEDES-BENZ","E-CLASS",998,"Disabling Damage",0,0,1,"Full Driver License","Valid","No",55,"Dry","Going Straight","From opposite direction  over left lane line","Braking and steering right","Tracking","Stayed in original travel lane","2 DR",1,1,1,0,2,1,1,4,2
220130,3,1,8,"Pedestrian","The First Harmful Event was Not a Collision with a Motor Vehicle in Transport",2,2021,"TOYOTA","CAMRY",998,"Disabling Damage",0,0,1,"Full Driver License","Valid","No",65,"Dry","Going Straight","Pedestrian in road","No Avoidance Maneuver","Tracking","Stayed in original travel lane","4 DR",1,1,1,1,1,1,0,6,3
220132,3,17,35,"Embankment","The First Harmful Event was Not a Collision with a Motor Vehicle in Transport",1,2012,"CHEVROLET","CRUZE",998,"Disabling Damage",1,0,1,"Full Driver License","Valid","No",55,"Dry","Going Straight","Off the edge of the road on the left side","No Avoidance Maneuver","Tracking","Departed roadway","4 DR",0,0,0,0,0,0,1,2,0
220138,1,4,54,"Motor Vehicle In-Transport Strikes or is Struck by Cargo, Persons or Objects Set-in-Motion from/by Another Motor Vehicle In Transport","Other",2,2013,"HONDA","CIVIC",998,"Disabling Damage",1,0,1,"Full Driver License","Valid","No",55,"Dry","Going Straight","Off the edge of the road on the left side","No Avoidance Maneuver","Tracking","Departed roadway","4 DR",0,0,0,0,0,0,1,1,0
220138,1,4,54,"Motor Vehicle In-Transport Strikes or is Struck by Cargo, Persons or Objects Set-in-Motion from/by Another Motor Vehicle In Transport","Other",1,2011,"TOYOTA","TUNDRA",998,"Disabling Damage",0,0,1,"Full Driver License","Valid","No",55,"Dry","Going Straight","From opposite direction  over left lane line","No Avoidance Maneuver","Tracking","Stayed in original travel lane","PU/RC",0,0,0,0,0,0,1,1,0
220138,1,4,54,"Motor Vehicle In-Transport Strikes or is Struck by Cargo, Persons or Objects Set-in-Motion from/by Another Motor Vehicle In Transport","Other",1,2017,"CHEVROLET","CRUZE",998,"Disabling Damage",0,0,1,"Full Driver License","Valid","No",55,"Dry","Going Straight","Unknown Travel Direction/Speed of Other Motor Vehicle in Lane","No Avoidance Maneuver","Tracking","Stayed in original travel lane","4 DR",1,1,0,0,0,0,0,2,1
220138,1,4,54,"Motor Vehicle In-Transport Strikes or is Struck by Cargo, Persons or Objects Set-in-Motion from/by Another Motor Vehicle In Transport","Other",2,2021,"CHEVROLET","TAHOE",998,"Minor Damage",0,0,1,"Full Driver License","Valid","No",55,"Dry","Going Straight","Other vehicle stopped","Other actions (specify:)","Tracking","Stayed on roadway, not known if left original travel lane","SUV",0,1,1,1,1,1,0,5,2
220143,3,12,12,"Motor Vehicle In-Transport","Front-to-Front",1,2012,"KIA","RIO",998,"Disabling Damage",1,0,1,"Full Driver License","Valid","No",55,"Dry","Going Straight","Over the lane line on left side of travel lane","Steering left","Tracking","Stayed on roadway, but left original travel lane","5 HB",0,1,0,0,0,0,1,2,0
220146,3,6,12,"Motor Vehicle In-Transport","Angle",2,2015,"NISSAN","ALTIMA",0,"Disabling Damage",0,0,1,"Full Driver License","Valid","No",35,"Dry","Stopped in Roadway","Traveling in same direction with higher speed","No Avoidance Maneuver","Tracking","Stayed in original travel lane","4 DR",0,0,0,1,0,0,0,0,1
220146,3,6,12,"Motor Vehicle In-Transport","Angle",1,2012,"TOYOTA","TUNDRA",0,"Disabling Damage",0,0,1,"Full Driver License","Valid","No",35,"Dry","Stopped in Roadway","Traveling in same direction with higher speed","No Avoidance Maneuver","Tracking","Stayed in original travel lane","PU/RC",0,0,0,0,0,0,1,1,0
220153,4,4,8,"Pedestrian","The First Harmful Event was Not a Collision with a Motor Vehicle in Transport",1,2023,"TOYOTA","RAV4",998,"Minor Damage",0,0,1,"Full Driver License","Valid","No",60,"Dry","Going Straight","Pedestrian in road","No Avoidance Maneuver","Tracking","Stayed in original travel lane","SUV",0,1,1,1,1,1,0,5,2
220158,2,18,12,"Motor Vehicle In-Transport","Angle",1,2020,"GMC","TERRAIN",998,"Disabling Damage",0,0,1,"Full Driver License","Valid","No",35,"Dry","Turning Left","Turning Left","No Avoidance Maneuver","Tracking","Stayed in original travel lane","SUV",0,0,1,1,1,1,0,5,2
220159,3,20,8,"Pedestrian","The First Harmful Event was Not a Collision with a Motor Vehicle in Transport",1,2012,"HONDA","ACCORD",998,"Functional Damage",0,0,1,"Full Driver License","Valid","No",50,"Dry","Going Straight","Pedestrian in road","No Avoidance Maneuver","Tracking","Stayed in original travel lane","2 DR",0,0,0,0,0,0,1,1,0
220166,4,19,12,"Motor Vehicle In-Transport","Front-to-Front",1,2013,"KIA","SORENTO",998,"Disabling Damage",0,0,1,"Full Driver License","Valid","No",98,"Dry","Going Straight","From opposite direction  over left lane line","No Avoidance Maneuver","Precrash stability unknown","Stayed in original travel lane","SUV",0,1,0,0,0,0,1,2,0
220166,4,19,12,"Motor Vehicle In-Transport","Front-to-Front",1,2021,"HONDA","CIVIC",998,"Disabling Damage",0,0,1,"Full Driver License","Valid","No",98,"Dry","Going Straight","From opposite direction  over left lane line","No Avoidance Maneuver","Precrash stability unknown","Stayed in original travel lane","4 DR",0,1,1,1,1,1,0,5,2
220170,5,22,8,"Pedestrian","The First Harmful Event was Not a Collision with a Motor Vehicle in Transport",1,2016,"FORD","FUSION",998,"No Damage",0,0,1,"Full Driver License","Valid","No",35,"Dry","Going Straight","Pedestrian in road","No Avoidance Maneuver","Tracking","Stayed in original travel lane","4 DR",1,1,0,0,0,0,0,1,1
220175,4,17,12,"Motor Vehicle In-Transport","Front-to-Rear",6,2021,"FORD","BRONCO",998,"Disabling Damage",0,0,1,"Full Driver License","Valid","No",70,"Dry","Going Straight","This vehicle decelerating","No Avoidance Maneuver","Tracking","Stayed on roadway, but left original travel lane","2DR",1,0,1,1,1,1,0,6,3
220178,3,2,8,"Pedestrian","The First Harmful Event was Not a Collision with a Motor Vehicle in Transport",3,2021,"KIA","K5",998,"Functional Damage",0,0,1,"Full Driver License","Valid","No",70,"Dry","Going Straight","Pedestrian in road","Braking and steering left","Tracking","Stayed in original travel lane","4 DR",1,2,1,1,1,1,0,6,3
220180,4,17,12,"Motor Vehicle In-Transport","Angle",2,2017,"FORD","FOCUS",0,"Disabling Damage",1,0,1,"Full Driver License","Valid","No",55,"Dry","Other(specify:)","From opposite direction  over right lane line","No Avoidance Maneuver","Tracking","Remained off roadway","4 DR",0,0,0,0,0,0,0,0,0
220184,5,20,12,"Motor Vehicle In-Transport","Angle",1,2019,"NISSAN","ALTIMA",998,"Disabling Damage",0,0,1,"Full Driver License","Valid","No",45,"Dry","Turning Left","Turning Left","No Avoidance Maneuver","Tracking","Stayed in original travel lane","4 DR",1,1,0,1,1,1,0,3,2
220187,5,20,9,"Pedalcyclist","The First Harmful Event was Not a Collision with a Motor Vehicle in Transport",2,2020,"FORD","EDGE",998,"Functional Damage",0,0,1,"Full Driver License","Valid","No",45,"Dry","Going Straight","Pedalcyclist or other non-motorist in road","No Avoidance Maneuver","Tracking","Stayed in original travel lane","SUV",1,0,1,1,1,1,0,6,3
220188,5,0,8,"Pedestrian","The First Harmful Event was Not a Collision with a Motor Vehicle in Transport",1,2014,"NISSAN","VERSA",998,"Disabling Damage",0,0,1,"Full Driver License","Valid","No",50,"Dry","Going Straight","Pedestrian in road","No Avoidance Maneuver","Tracking","Stayed in original travel lane","4 DR",0,0,0,0,0,0,1,1,0
220189,5,15,12,"Motor Vehicle In-Transport","Angle",1,2015,"GMC","CANYON",998,"Disabling Damage",0,0,1,"Full Driver License","Valid","No",99,"Dry","Going Straight","From crossing street, across path","No Avoidance Maneuver","Precrash stability unknown","Stayed in original travel lane","PU/CC",0,1,1,1,0,0,0,1,2
220191,4,13,12,"Motor Vehicle In-Transport","Angle",1,2021,"HONDA","HR-V",998,"Disabling Damage",0,0,1,"Full Driver License","Valid","No",35,"Dry","Turning Left","Turning Left","No Avoidance Maneuver","Tracking","Stayed in original travel lane","SUV",0,1,1,1,2,2,0,1,2
220199,4,23,8,"Pedestrian","The First Harmful Event was Not a Collision with a Motor Vehicle in Transport",7,2022,"CADILLAC","ESCALADE ESV",998,"Functional Damage",0,0,1,"Full Driver License","Valid","No",55,"Dry","Going Straight","Pedestrian in road","Braking and steering left","Tracking","Stayed on roadway, but left original travel lane","SUV",1,1,0,0,0,0,0,2,1
220201,5,8,12,"Motor Vehicle In-Transport","Front-to-Rear",1,2021,"KIA","FORTE",0,"Disabling Damage",0,0,1,"Full Driver License","Valid","No",60,"Dry","Stopped in Roadway","Traveling in same direction with higher speed","No Avoidance Maneuver","Tracking","Stayed in original travel lane","4 DR",1,2,1,1,1,1,0,4,3
220201,5,8,12,"Motor Vehicle In-Transport","Front-to-Rear",1,2022,"TOYOTA","TACOMA",998,"Functional Damage",0,0,1,"Full Driver License","Valid","No",60,"Dry","Going Straight","From adjacent lane (same direction) over right lane line","Steering right","Tracking","Stayed on roadway, but left original travel lane","PU/CC",1,2,1,1,1,1,0,5,3
220201,5,8,12,"Motor Vehicle In-Transport","Front-to-Rear",2,2023,"MERCEDES-BENZ","GLE-CLASS",998,"Disabling Damage",0,0,1,"Full Driver License","Valid","No",60,"Dry","Going Straight","From adjacent lane (same direction) over right lane line","Steering right","Tracking","Stayed on roadway, but left original travel lane","SUV",1,1,1,1,1,1,0,5,3
220203,5,16,12,"Motor Vehicle In-Transport","Front-to-Rear",3,2017,"KIA","FORTE",0,"Disabling Damage",1,0,1,"Full Driver License","Valid","No",45,"Dry","Stopped in Roadway","Traveling in same direction with higher speed","No Avoidance Maneuver","Tracking","Stayed in original travel lane","4 DR",0,1,0,1,2,2,0,1,1
220203,5,16,12,"Motor Vehicle In-Transport","Front-to-Rear",1,2021,"HONDA","INSIGHT",0,"Disabling Damage",0,0,1,"Full Driver License","Valid","No",45,"Dry","Stopped in Roadway","Traveling in same direction with higher speed","No Avoidance Maneuver","Tracking","Stayed in original travel lane","4 DR",1,1,1,1,1,1,0,5,3
220203,5,16,12,"Motor Vehicle In-Transport","Front-to-Rear",1,2018,"TOYOTA","TACOMA",0,"Minor Damage",0,0,1,"Full Driver License","Valid","No",45,"Dry","Stopped in Roadway","Traveling in same direction with higher speed","No Avoidance Maneuver","Tracking","Stayed in original travel lane","PU/CC",0,1,1,1,1,1,0,5,2
220207,5,12,35,"Embankment","The First Harmful Event was Not a Collision with a Motor Vehicle in Transport",1,2018,"HYUNDAI","SONATA",998,"Disabling Damage",1,0,1,"Full Driver License","Valid","No",55,"Dry","Going Straight","Over the lane line on right side of travel lane","Unknown/Not Reported","Tracking","Departed roadway","4 DR",1,2,1,1,2,2,0,2,3
220218,2,12,12,"Motor Vehicle In-Transport","Angle",1,2012,"TOYOTA","PRIUS",998,"Disabling Damage",1,0,1,"Full Driver License","Valid","No",45,"Dry","Going Straight","From driveway, across path","No Avoidance Maneuver","Tracking","Stayed in original travel lane","5 HB",0,1,0,0,0,0,1,2,0
220223,4,4,12,"Motor Vehicle In-Transport","Angle",1,2017,"KIA","FORTE",0,"Disabling Damage",1,0,1,"Full Driver License","Valid","No",60,"Dry","Stopped in Roadway","Traveling in same direction with higher speed","No Avoidance Maneuver","Tracking","Stayed in original travel lane","4 DR",1,1,1,1,2,2,0,1,3
220225,4,6,12,"Motor Vehicle In-Transport","Front-to-Front",1,2023,"MAZDA","CX-50",998,"Disabling Damage",0,0,1,"Full Driver License","Valid","No",55,"Dry","Going Straight","Traveling in opposite direction","Steering right","Tracking","Departed roadway","SUV",1,1,1,1,1,1,0,6,3
220227,5,15,12,"Motor Vehicle In-Transport","Angle",1,2012,"NISSAN","ROGUE",998,"Disabling Damage",1,0,1,"Full Driver License","Valid","No",55,"Dry","Going Straight","From crossing street, across path","No Avoidance Maneuver","Tracking","Stayed in original travel lane","SUV",0,0,0,0,0,0,1,1,0
220229,6,17,12,"Motor Vehicle In-Transport","Angle",2,2014,"CHRYSLER","300",998,"Minor Damage",0,0,1,"Full Driver License","Valid","No",35,"Dry","Turning Left","Turning Left","No Avoidance Maneuver","Tracking","Stayed in original travel lane","4 DR",0,1,1,0,0,0,1,2,1
220231,6,10,33,"Curb","The First Harmful Event was Not a Collision with a Motor Vehicle in Transport",2,2011,"TOYOTA","CAMRY",998,"Disabling Damage",1,0,1,"Full Driver License","Valid","No",45,"Dry","Going Straight","Off the edge of the road on the right side","No Avoidance Maneuver","Tracking","Departed roadway","4 DR",0,1,0,0,0,0,1,2,0
220236,6,22,8,"Pedestrian","The First Harmful Event was Not a Collision with a Motor Vehicle in Transport",3,2011,"FORD","TAURUS",998,"Functional Damage",0,0,1,"Full Driver License","Valid","No",70,"Dry","Going Straight","Pedestrian approaching road","No Avoidance Maneuver","Tracking","Stayed in original travel lane","4 DR",0,1,0,0,0,0,1,2,0
220237,6,19,12,"Motor Vehicle In-Transport","Front-to-Front",1,2022,"TOYOTA","CAMRY",998,"Disabling Damage",0,0,1,"Full Driver License","Valid","No",45,"Dry","Going Straight","From adjacent lane (same direction) over right lane line","No Avoidance Maneuver","Tracking","Stayed in original travel lane","4 DR",0,1,1,1,1,1,0,6,2
220240,6,21,8,"Pedestrian","The First Harmful Event was Not a Collision with a Motor Vehicle in Transport",3,2012,"HONDA","CIVIC",998,"Minor Damage",0,0,1,"Full Driver License","Valid","No",45,"Dry","Going Straight","Pedestrian in road","No Avoidance Maneuver","Tracking","Stayed in original travel lane","2 DR",0,0,0,0,0,0,1,1,0
220241,6,21,8,"Pedestrian","The First Harmful Event was Not a Collision with a Motor Vehicle in Transport",1,2016,"TOYOTA","COROLLA",998,"Functional Damage",0,0,1,"Full Driver License","Valid","No",45,"Dry","Going Straight","Pedestrian in road","No Avoidance Maneuver","Tracking","Stayed in original travel lane","4 DR",0,1,0,0,0,0,0,1,0
220250,4,9,12,"Motor Vehicle In-Transport","Front-to-Rear",1,2020,"RAM","2500",998,"Functional Damage",0,0,1,"Full Driver License","Valid","No",45,"Dry","Decelerating in Road","Traveling in same direction with higher speed","No Avoidance Maneuver","Tracking","Stayed in original travel lane","PU/RC",1,0,0,0,2,2,0,0,1
220256,5,8,24,"Guardrail Face","The First Harmful Event was Not a Collision with a Motor Vehicle in Transport",1,2012,"FORD","FUSION",74,"Disabling Damage",1,0,1,"Full Driver License","Valid","No",70,"Dry","Going Straight","Off the edge of the road on the left side","No Avoidance Maneuver","Tracking","Departed roadway","4 DR",1,0,0,0,0,0,1,1,1
220256,5,8,24,"Guardrail Face","The First Harmful Event was Not a Collision with a Motor Vehicle in Transport",3,2016,"DODGE","CHALLENGER",998,"Disabling Damage",0,0,1,"Full Driver License","Valid","No",70,"Dry","Going Straight","From opposite direction  over left lane line","Braking","Tracking","Stayed in original travel lane","2 DR",0,0,1,0,0,0,0,0,1
220272,4,17,53,"Mail Box","The First Harmful Event was Not a Collision with a Motor Vehicle in Transport",1,2018,"KIA","SOUL",998,"Disabling Damage",1,0,1,"Full Driver License","Valid","No",55,"Dry","Going Straight","Over the lane line on right side of travel lane","No Avoidance Maneuver","Tracking","Departed roadway","SUV",1,2,0,0,2,2,0,0,1
220281,5,15,12,"Motor Vehicle In-Transport","Angle",2,2013,"CHRYSLER","TOWN AND COUNTRY",998,"Disabling Damage",1,0,1,"Full Driver License","Valid","No",55,"Dry","Going Straight","Crossing Over (Passing Through) Junction","No Avoidance Maneuver","Tracking","Stayed in original travel lane","VAN",0,1,0,0,0,0,1,2,0
220300,4,9,12,"Motor Vehicle In-Transport","Angle",2,2014,"CHRYSLER","TOWN AND COUNTRY",998,"Disabling Damage",0,0,1,"Full Driver License","Valid","No",55,"Dry","Going Straight","Traveling in opposite direction","No Avoidance Maneuver","Tracking","Stayed in original travel lane","VAN",0,1,0,0,0,0,1,2,0
220302,4,12,12,"Motor Vehicle In-Transport","Sideswipe - Same Direction",1,2014,"NISSAN","VERSA NOTE",998,"Disabling Damage",1,0,1,"Full Driver License","Valid","No",60,"Dry","Going Straight","From adjacent lane (same direction) over right lane line","No Avoidance Maneuver","Tracking","Stayed on roadway, but left original travel lane","5 HB",0,0,0,0,0,0,1,1,0
220307,5,23,12,"Motor Vehicle In-Transport","Front-to-Front",1,2012,"NISSAN","ALTIMA",998,"Disabling Damage",1,0,1,"Full Driver License","Valid","No",55,"Dry","Going Straight","Over the lane line on left side of travel lane","No Avoidance Maneuver","Tracking","Stayed on roadway, but left original travel lane","4 DR",0,0,0,0,0,0,1,1,0
220309,4,17,12,"Motor Vehicle In-Transport","Angle",2,2022,"NISSAN","SENTRA",998,"Disabling Damage",1,0,1,"Intermediate Driver License","Valid","No",98,"Dry","Starting in Road","Crossing Over (Passing Through) Junction","No Avoidance Maneuver","Tracking","Stayed in original travel lane","4",1,0,1,1,1,1,0,5,3
220309,4,17,12,"Motor Vehicle In-Transport","Angle",1,2015,"PORSCHE","MACAN",998,"Disabling Damage",0,0,1,"Intermediate Driver License","Valid","No",55,"Dry","Going Straight","From crossing street, across path","No Avoidance Maneuver","Tracking","Stayed in original travel lane","SUV",0,1,0,0,0,2,0,1,0
220317,7,8,12,"Motor Vehicle In-Transport","Front-to-Front",1,2019,"FORD","FUSION",0,"Disabling Damage",0,0,1,"Full Driver License","Valid","No",50,"Dry","Stopped in Roadway","From opposite direction  over left lane line","No Avoidance Maneuver","Tracking","Stayed in original travel lane","4 DR",1,1,1,1,1,1,0,6,3
220325,7,17,12,"Motor Vehicle In-Transport","Angle",1,2013,"CHEVROLET","MALIBU",42,"Disabling Damage",0,0,1,"Full Driver License","Valid","No",40,"Dry","Going Straight","From crossing street, across path","No Avoidance Maneuver","Tracking","Stayed in original travel lane","4 DR",0,1,0,0,0,0,1,3,0
220326,6,9,12,"Motor Vehicle In-Transport","Front-to-Rear",1,2023,"KIA","SPORTAGE",998,"Disabling Damage",1,0,1,"Full Driver License","Valid","No",65,"Dry","Decelerating in Road","Traveling in same direction with higher speed","No Avoidance Maneuver","Tracking","Stayed in original travel lane","SUV",1,2,1,1,1,1,0,4,3
220328,7,18,72,"Cargo/Equipment Loss, Shift, or Damage [harmful]","The First Harmful Event was Not a Collision with a Motor Vehicle in Transport",1,2015,"NISSAN","ALTIMA",998,"Disabling Damage",1,0,1,"Full Driver License","Valid","No",50,"Dry","Going Straight","From opposite direction  over left lane line","Steering right","Precrash stability unknown","Stayed on roadway, not known if left original travel lane","4 DR",0,0,0,1,0,0,0,0,1
220332,6,21,8,"Pedestrian","The First Harmful Event was Not a Collision with a Motor Vehicle in Transport",1,2020,"NISSAN","ALTIMA",998,"Minor Damage",0,0,1,"Full Driver License","Valid","No",45,"Dry","Going Straight","Pedestrian in road","Braking","Tracking","Stayed on roadway, but left original travel lane","4 DR",1,1,1,0,1,1,0,4,2
220338,8,20,9,"Pedalcyclist","The First Harmful Event was Not a Collision with a Motor Vehicle in Transport",1,2011,"AUDI","Q5",47,"Functional Damage",0,0,1,"Full Driver License","Valid","No",40,"Dry","Going Straight","Pedalcyclist or other non-motorist in road","No Avoidance Maneuver","Tracking","Stayed in original travel lane","SUV",1,1,1,0,0,0,1,2,2
220341,4,21,8,"Pedestrian","The First Harmful Event was Not a Collision with a Motor Vehicle in Transport",2,2013,"HONDA","ACCORD",47,"Functional Damage",0,0,1,"Intermediate Driver License","Valid","No",50,"Dry","Going Straight","Pedestrian in road","Braking","Tracking","Stayed in original travel lane","2 DR",0,0,1,1,0,0,1,1,2
220348,6,5,8,"Pedestrian","The First Harmful Event was Not a Collision with a Motor Vehicle in Transport",1,2016,"DODGE","CHARGER",998,"Functional Damage",0,0,1,"Full Driver License","Valid","No",55,"Dry","Going Straight","Pedestrian in road","Steering left","Tracking","Stayed on roadway, but left original travel lane","4 DR",1,0,0,1,2,2,0,0,2
220353,7,8,12,"Motor Vehicle In-Transport","Sideswipe - Opposite Direction",1,2014,"RAM","2500",998,"Functional Damage",0,0,1,"Full Driver License","Valid","No",55,"Dry","Going Straight","Traveling in opposite direction","No Avoidance Maneuver","Tracking","Stayed on roadway, but left original travel lane","PU/EC",0,1,0,0,0,0,1,2,0
220357,8,20,12,"Motor Vehicle In-Transport","Angle",3,2020,"JEEP","WRANGLER",998,"Functional Damage",0,0,1,"Full Driver License","Valid","No",50,"Dry","Accelerating in Road","Crossing Over (Passing Through) Junction","No Avoidance Maneuver","Skidding longitudinally  rotation less than 30 degrees","Stayed in original travel lane","SUV",0,0,1,0,2,2,0,0,1
220364,2,16,12,"Motor Vehicle In-Transport","Front-to-Front",2,2016,"HONDA","ACCORD",998,"Disabling Damage",0,0,1,"Full Driver License","Valid","No",25,"Dry","Going Straight","Traveling in opposite direction","No Avoidance Maneuver","Tracking","Stayed in original travel lane","4 DR",0,1,0,1,2,2,0,2,1
220372,8,9,12,"Motor Vehicle In-Transport","Angle",1,2020,"HONDA","CR-V",998,"Disabling Damage",1,0,1,"Full Driver License","Valid","No",55,"Dry","Going Straight","Crossing Over (Passing Through) Junction","No Avoidance Maneuver","Skidding laterally counterclockwise rotation","Stayed on roadway, but left original travel lane","SUV",0,1,1,1,1,1,0,6,2
220372,8,9,12,"Motor Vehicle In-Transport","Angle",1,2014,"RAM","2500",998,"Disabling Damage",0,0,1,"Full Driver License","Valid","No",55,"Dry","Going Straight","In crossover","Braking","Tracking","Stayed on roadway, but left original travel lane","PU/EC",0,1,0,0,0,0,1,2,0
220373,4,6,12,"Motor Vehicle In-Transport","Angle",3,2016,"TOYOTA","TUNDRA",998,"Functional Damage",0,0,1,"Full Driver License","Valid","No",55,"Dry","Turning Left","Turning Left","No Avoidance Maneuver","Tracking","Stayed in original travel lane","PU/CC",0,1,0,0,0,0,0,1,0
220374,6,14,12,"Motor Vehicle In-Transport","Front-to-Front",2,2015,"HONDA","CROSSTOUR",45,"Disabling Damage",0,0,1,"Full Driver License","Valid","No",55,"Dry","Negotiating a Curve","From opposite direction  over left lane line","No Avoidance Maneuver","Tracking","Stayed in original travel lane","SUV",0,1,1,0,0,0,0,1,1
220375,8,6,12,"Motor Vehicle In-Transport","Front-to-Front",1,2014,"CHEVROLET","EQUINOX",998,"Disabling Damage",0,0,1,"Full Driver License","Valid","No",35,"Dry","Negotiating a Curve","From opposite direction  over left lane line","Braking and steering right","Tracking","Stayed in original travel lane","SUV",0,1,1,1,0,0,1,3,2
220396,4,2,12,"Motor Vehicle In-Transport","Front-to-Rear",3,2022,"CHEVROLET","MALIBU",998,"Disabling Damage",0,0,1,"Full Driver License","Valid","No",50,"Dry","Going Straight","From adjacent lane (same direction) over left lane line","No Avoidance Maneuver","Tracking","Stayed in original travel lane","4 DR",0,2,1,0,2,2,0,1,1
220396,4,2,12,"Motor Vehicle In-Transport","Front-to-Rear",1,2022,"GMC","YUKON",998,"Disabling Damage",0,0,1,"Full Driver License","Valid","No",50,"Dry","Going Straight","From adjacent lane (same direction) over right lane line","Braking and steering right","Tracking","Stayed in original travel lane","SUV",1,1,0,0,0,0,0,2,1