"SERIAL_CRASH","MONTH","HOUR","HARM_EV","HARM_EVNAME","TYPE_OF_COLLIOSION","NUM_OF_PEOPLE","MOD_YEAR","VPICMAKENAME","VPICMODELNAME","TRAV_SP","DEFORMEDNAME","DEATHS","DR_DRINK","IS_DRIVER_PRESENT","L_TYPENAME","L_STATUSNAME","SPEEDRELNAME","VSPD_LIM","VSURCONDNAME","P_CRASH1NAME","P_CRASH2NAME","P_CRASH3NAME","PCRASH4NAME","PCRASH5NAME","BODY_STYLE","BLIND_SPOT_DETECTION","ARS","FRNT_COLLISION_WARNING","LANE_DEPARTURE_WARNING","CRASH_IMMINENT_BRAKE","DYNAMIC_BRAKE_SUPPORT","NHTSA_ESC","SAFETY_COUNT","notification_count"
220401,8,3,12,"Motor Vehicle In-Transport","Front-to-Front",1,2022,"NISSAN","PATHFINDER",998,"Disabling Damage",0,0,1,"Full Driver License","Valid","No",55,"Dry","Negotiating a Curve","Over the lane line on left side of travel lane","No Avoidance Maneuver","Tracking","Stayed on roadway, but left original travel lane","SUV",0,0,0,0,0,0,0,0,0
220408,8,7,12,"Motor Vehicle In-Transport","Angle",3,2019,"DODGE","GRAND CARAVAN",998,"Disabling Damage",1,0,1,"Full Driver License","Valid","No",55,"Dry","Going Straight","Crossing Over (Passing Through) Junction","Accelerating and steering left","Tracking","Stayed on roadway, not known if left original travel lane","VAN",1,0,0,0,0,0,0,0,1
220409,9,22,8,"Pedestrian","The First Harmful Event was Not a Collision with a Motor Vehicle in Transport",1,2022,"FORD","EDGE",998,"Functional Damage",0,0,1,"Full Driver License","Valid","No",60,"Dry","Going Straight","Pedestrian in road","Steering right","Tracking","Stayed in original travel lane","SUV",1,0,1,1,1,1,0,6,3
220409,9,22,8,"Pedestrian","The First Harmful Event was Not a Collision with a Motor Vehicle in Transport",1,2019,"NISSAN","FRONTIER",998,"Minor Damage",0,0,1,"Full Driver License","Valid","No",60,"Dry","Going Straight","Pedestrian in road","No Avoidance Maneuver","Tracking","Stayed in original travel lane","PU/EC",0,1,0,0,0,0,0,1,0
220409,9,22,8,"Pedestrian","The First Harmful Event was Not a Collision with a Motor Vehicle in Transport",1,2023,"TOYOTA","CAMRY",998,"Minor Damage",0,0,1,"Full Driver License","Valid","No",60,"Dry","Going Straight","Pedestrian in road","No Avoidance Maneuver","Tracking","Stayed in original travel lane","4 DR",0,1,1,1,1,1,0,5,2
220419,8,19,12,"Motor Vehicle In-Transport","Front-to-Rear",1,2013,"CHEVROLET","MALIBU",998,"Disabling Damage",0,0,1,"Full Driver License","Valid","No",55,"Dry","Going Straight","Other vehicle stopped","No Avoidance Maneuver","Tracking","Stayed in original travel lane","4 DR",0,1,1,1,0,0,1,3,2
220420,8,19,8,"Pedestrian","The First Harmful Event was Not a Collision with a Motor Vehicle in Transport",1,2016,"FORD","EXPEDITION",998,"Functional Damage",0,0,1,"Full Driver License","Valid","No",35,"Dry","Going Straight","Pedestrian in road","No Avoidance Maneuver","Tracking","Stayed in original travel lane","SUV",0,0,0,0,0,0,0,0,0
220423,9,22,12,"Motor Vehicle In-Transport","Sideswipe - Opposite Direction",1,2011,"MERCEDES-BENZ","C-CLASS",998,"Disabling Damage",0,0,1,"Full Driver License","Valid","No",45,"Dry","Going Straight","Traveling in opposite direction","No Avoidance Maneuver","Tracking","Stayed in original travel lane","4 DR",0,1,0,0,0,0,1,3,0
220431,8,5,8,"Pedestrian","The First Harmful Event was Not a Collision with a Motor Vehicle in Transport",1,2013,"MERCEDES-BENZ","C-CLASS",998,"Minor Damage",0,0,1,"Full Driver License","Valid","No",55,"Dry","Going Straight","Other critical precrash event (specify:)","Braking and steering left","Tracking","Stayed on roadway, but left original travel lane","2 DR",0,0,1,1,0,0,1,1,2
220431,8,5,8,"Pedestrian","The First Harmful Event was Not a Collision with a Motor Vehicle in Transport",1,2017,"RAM","1500",998,"Minor Damage",0,0,1,"Full Driver License","Valid","No",55,"Dry","Going Straight","Other critical precrash event (specify:)","No Avoidance Maneuver","Tracking","Stayed in original travel lane","PU/EC",0,0,0,0,0,0,0,0,0
220453,9,22,12,"Motor Vehicle In-Transport","Angle",1,2014,"HONDA","ACCORD",998,"Functional Damage",0,0,1,"Full Driver License","Valid","No",35,"Dry","Turning Left","Turning Left","No Avoidance Maneuver","Tracking","Entered roadway","2 DR",0,0,1,0,0,0,1,1,1
220458,6,11,12,"Motor Vehicle In-Transport","Front-to-Rear",3,2012,"NISSAN","ALTIMA",998,"Disabling Damage",0,0,1,"Full Driver License","Valid","No",55,"Dry","Decelerating in Road","Traveling in same direction with higher speed","No Avoidance Maneuver","Tracking","Stayed in original travel lane","4 DR",0,0,0,0,0,0,1,1,0
220459,7,6,8,"Pedestrian","The First Harmful Event was Not a Collision with a Motor Vehicle in Transport",1,2019,"ACURA","MDX",80,"Minor Damage",0,0,1,"Full Driver License","Valid","No",70,"Dry","Going Straight","Pedestrian in road","No Avoidance Maneuver","Tracking","Stayed in original travel lane","SUV",0,1,1,1,1,1,0,5,2
220460,7,20,8,"Pedestrian","The First Harmful Event was Not a Collision with a Motor Vehicle in Transport",1,2019,"BMW","X3",998,"No Damage",0,0,1,"Full Driver License","Valid","No",55,"Dry","Going Straight","Pedestrian approaching road","Steering left","Tracking","Stayed in original travel lane","SUV",1,1,1,1,1,1,0,5,3
220460,7,20,8,"Pedestrian","The First Harmful Event was Not a Collision with a Motor Vehicle in Transport",2,2022,"CHEVROLET","TRAVERSE",998,"No Damage",0,0,1,"Full Driver License","Valid","No",55,"Dry","Going Straight","Pedestrian in road","Steering left","Tracking","Stayed on roadway, not known if left original travel lane","SUV",0,1,0,0,0,0,0,2,0
220461,7,13,12,"Motor Vehicle In-Transport","Front-to-Front",1,2019,"TOYOTA","CAMRY",56,"Disabling Damage",0,0,1,"Full Driver License","Valid","No",45,"Dry","Going Straight","From adjacent lane (same direction) over right lane line","Steering right","Tracking","Stayed in original travel lane","4 DR",1,1,1,1,1,1,0,5,3
220467,6,18,12,"Motor Vehicle In-Transport","Angle",1,2015,"MAZDA","MAZDA6",998,"Disabling Damage",0,0,1,"Full Driver License","Valid","No",99,"Dry","Going Straight","In crossover","No Avoidance Maneuver","Tracking","Stayed on roadway, but left original travel lane","4 DR",1,1,1,0,2,0,0,1,2
220469,7,16,12,"Motor Vehicle In-Transport","Front-to-Rear",3,2017,"TOYOTA","RAV4",998,"Disabling Damage",1,0,1,"Full Driver License","Valid","No",75,"Dry","Decelerating in Road","Traveling in same direction with lower steady speed","No Avoidance Maneuver","Tracking","Stayed on roadway, but left original travel lane","SUV",1,1,0,0,2,2,0,1,1
220469,7,16,12,"Motor Vehicle In-Transport","Front-to-Rear",4,2019,"HONDA","ACCORD",998,"Disabling Damage",0,0,1,"Full Driver License","Valid","No",75,"Dry","Negotiating a Curve","This vehicle decelerating","No Avoidance Maneuver","Tracking","Stayed in original travel lane","4 DR",0,1,1,1,1,1,0,6,2
220470,8,10,12,"Motor Vehicle In-Transport","Angle",1,2014,"JEEP","WRANGLER",998,"Disabling Damage",0,0,1,"Full Driver License","Valid","No",55,"Dry","Going Straight","Over the lane line on left side of travel lane","No Avoidance Maneuver","Tracking","Stayed on roadway, but left original travel lane","SUV",0,1,0,0,0,0,1,2,0
220470,8,10,12,"Motor Vehicle In-Transport","Angle",1,2014,"RAM","2500",998,"Minor Damage",0,0,1,"Full Driver License","Valid","No",55,"Dry","Going Straight","Traveling in opposite direction","Steering right","Tracking","Departed roadway","PU/EC",0,1,0,0,0,0,1,2,0
220470,8,10,12,"Motor Vehicle In-Transport","Angle",1,2016,"TOYOTA","COROLLA",998,"Disabling Damage",1,0,1,"Full Driver License","Valid","No",55,"Dry","Going Straight","Off the edge of the road on the right side","Unknown/Not Reported","Tracking","Departed roadway","4 DR",0,1,0,0,0,0,0,1,0
220479,9,21,12,"Motor Vehicle In-Transport","Angle",1,2015,"HONDA","ACCORD",998,"Disabling Damage",0,0,1,"Full Driver License","Valid","No",50,"Dry","Starting in Road","Crossing Over (Passing Through) Junction","No Avoidance Maneuver","Tracking","Stayed in original travel lane","4 DR",0,1,1,1,0,0,0,2,2
220484,7,11,59,"Traffic Sign Support","The First Harmful Event was Not a Collision with a Motor Vehicle in Transport",1,2018,"INFINITI","Q60",998,"Disabling Damage",1,0,1,"Full Driver License","Valid","No",45,"Dry","Turning Left","From opposite direction  over right lane line","No Avoidance Maneuver","Tracking","Stayed on roadway, but left original travel lane","2 DR",0,0,0,0,2,2,0,0,0
220484,7,11,59,"Traffic Sign Support","The First Harmful Event was Not a Collision with a Motor Vehicle in Transport",1,2014,"INFINITI","QX60",998,"Disabling Damage",0,0,1,"Full Driver License","Valid","No",45,"Dry","Turning Left","Turning Left","No Avoidance Maneuver","Tracking","Stayed in original travel lane","SUV",1,0,0,0,2,0,1,1,1
220484,7,11,59,"Traffic Sign Support","The First Harmful Event was Not a Collision with a Motor Vehicle in Transport",1,2020,"TOYOTA","COROLLA",998,"Minor Damage",0,0,1,"Full Driver License","Valid","No",45,"Dry","Turning Right","Turning Right","No Avoidance Maneuver","Tracking","Stayed in original travel lane","5 HB",1,1,1,1,1,1,0,6,3
220487,9,7,12,"Motor Vehicle In-Transport","Front-to-Rear",2,2020,"NISSAN","ALTIMA",998,"Disabling Damage",0,0,1,"Full Driver License","Valid","No",55,"Dry","Going Straight","This vehicle decelerating","No Avoidance Maneuver","Tracking","Stayed in original travel lane","4 DR",0,1,1,1,1,1,0,4,2
220492,9,18,12,"Motor Vehicle In-Transport","Front-to-Rear",1,2018,"CHEVROLET","MALIBU",998,"Disabling Damage",0,0,1,"Full Driver License","Valid","No",35,"Dry","Going Straight","Traveling in same direction with higher speed","Steering right","Tracking","Stayed on roadway, but left original travel lane","4 DR",0,1,0,1,2,2,0,2,1
220492,9,18,12,"Motor Vehicle In-Transport","Front-to-Rear",2,2015,"NISSAN","ALTIMA",998,"Minor Damage",0,0,1,"Full Driver License","Valid","No",25,"Dry","Going Straight","Other critical precrash event (specify:)","No Avoidance Maneuver","Tracking","Stayed in original travel lane","4 DR",1,0,0,0,0,0,0,0,1
220494,9,6,9,"Pedalcyclist","The First Harmful Event was Not a Collision with a Motor Vehicle in Transport",1,2019,"CHEVROLET","MALIBU",998,"Functional Damage",0,0,1,"Full Driver License","Valid","No",55,"Dry","Going Straight","Pedalcyclist or other non-motorist in road","No Avoidance Maneuver","Tracking","Stayed in original travel lane","4 DR",0,1,0,0,2,2,0,2,0
220495,9,9,42,"Tree (Standing Only)","The First Harmful Event was Not a Collision with a Motor Vehicle in Transport",1,2016,"TOYOTA","TUNDRA",998,"Disabling Damage",1,0,1,"Full Driver License","Valid","No",45,"Dry","Going Straight","Off the edge of the road on the left side","No Avoidance Maneuver","Tracking","Departed roadway","PU/CC",1,1,0,0,0,0,0,1,1
220498,9,17,12,"Motor Vehicle In-Transport","Sideswipe - Same Direction",1,2020,"NISSAN","ALTIMA",998,"Disabling Damage",0,0,1,"Full Driver License","Valid","No",70,"Dry","Going Straight","From adjacent lane (same direction) over right lane line","Steering right","Tracking","Departed roadway","4 DR",1,1,1,1,1,1,0,4,3
220500,9,21,8,"Pedestrian","The First Harmful Event was Not a Collision with a Motor Vehicle in Transport",1,2016,"JEEP","CHEROKEE",998,"Functional Damage",0,0,1,"Full Driver License","Valid","No",99,"Dry","Going Straight","Pedestrian in road","No Avoidance Maneuver","Tracking","Stayed in original travel lane","SUV",1,1,1,1,2,2,0,1,3
220503,9,23,8,"Pedestrian","The First Harmful Event was Not a Collision with a Motor Vehicle in Transport",1,2019,"DODGE","CHARGER",41,"Minor Damage",0,0,1,"Full Driver License","Valid","No",40,"Dry","Going Straight","Pedestrian in road","No Avoidance Maneuver","Tracking","Stayed in original travel lane","4 DR",0,0,0,1,2,2,0,0,1
220506,8,10,59,"Traffic Sign Support","The First Harmful Event was Not a Collision with a Motor Vehicle in Transport",1,2016,"HONDA","FIT",998,"Disabling Damage",1,0,1,"Full Driver License","Valid","No",40,"Dry","Going Straight","Over the lane line on left side of travel lane","No Avoidance Maneuver","Tracking","Departed roadway","5 HB",0,1,0,0,0,0,0,1,0
220508,9,6,12,"Motor Vehicle In-Transport","Angle",3,2021,"HONDA","CIVIC",77,"Disabling Damage",2,0,1,"Full Driver License","Valid","No",55,"Dry","Going Straight","From crossing street, across path","Braking and steering left","Tracking","Stayed in original travel lane","4 DR",0,1,1,1,1,1,0,5,2
220511,9,20,11,"Live Animal","The First Harmful Event was Not a Collision with a Motor Vehicle in Transport",1,2018,"TOYOTA","TACOMA",998,"No Damage",0,0,1,"Full Driver License","Valid","No",35,"Dry","Going Straight","Object unknown location","Braking and steering left","Tracking","Stayed on roadway, but left original travel lane","PU/CC",0,1,1,1,1,1,0,5,2
220512,9,0,12,"Motor Vehicle In-Transport","Angle",2,2021,"NISSAN","SENTRA",45,"Disabling Damage",1,0,1,"Full Driver License","Valid","No",65,"Dry","Going Straight","Other vehicle stopped","Steering left","Tracking","Stayed on roadway, but left original travel lane","4 DR",1,0,1,1,1,1,0,5,3
220514,10,20,8,"Pedestrian","The First Harmful Event was Not a Collision with a Motor Vehicle in Transport",1,2020,"FORD","ESCAPE",998,"Disabling Damage",0,0,1,"Full Driver License","Valid","No",55,"Dry","Going Straight","Pedestrian in road","No Avoidance Maneuver","Tracking","Stayed in original travel lane","SUV",1,0,1,1,1,1,0,6,3
220518,3,19,12,"Motor Vehicle In-Transport","Angle",1,2020,"NISSAN","ROGUE",998,"Minor Damage",0,0,1,"Full Driver License","Valid","No",55,"Dry","Turning Left","Turning Left","No Avoidance Maneuver","Tracking","Stayed on roadway, but left original travel lane","SUV",1,1,1,1,1,1,0,6,3
220519,4,0,8,"Pedestrian","The First Harmful Event was Not a Collision with a Motor Vehicle in Transport",1,2019,"HONDA","ACCORD",998,"Minor Damage",0,0,1,"Full Driver License","Valid","No",35,"Dry","Going Straight","Pedestrian in road","No Avoidance Maneuver","Tracking","Stayed in original travel lane","4 DR",1,1,1,1,1,1,0,6,3
220521,7,13,53,"Mail Box","The First Harmful Event was Not a Collision with a Motor Vehicle in Transport",1,2019,"TOYOTA","TACOMA",998,"Disabling Damage",1,0,1,"Full Driver License","Valid","No",35,"Dry","Going Straight","Off the edge of the road on the right side","No Avoidance Maneuver","Tracking","Departed roadway","PU/EC",1,1,1,1,1,1,0,5,3
220522,7,16,8,"Pedestrian","The First Harmful Event was Not a Collision with a Motor Vehicle in Transport",1,2019,"MERCEDES-BENZ","C-CLASS",998,"Minor Damage",0,0,1,"Full Driver License","Valid","No",35,"Dry","Turning Right","Pedestrian in road","No Avoidance Maneuver","Tracking","Stayed in original travel lane","2 DR",1,1,1,1,1,1,0,5,3
220526,9,19,12,"Motor Vehicle In-Transport","Angle",2,2017,"FORD","FOCUS",998,"Disabling Damage",0,0,1,"Full Driver License","Valid","No",98,"Dry","Negotiating a Curve","From driveway, turning into opposite direction","No Avoidance Maneuver","Tracking","Stayed in original travel lane","4 DR",0,0,0,0,0,0,0,0,0
220531,10,23,9,"Pedalcyclist","The First Harmful Event was Not a Collision with a Motor Vehicle in Transport",1,2021,"FORD","ESCAPE",998,"Minor Damage",0,0,1,"Full Driver License","Valid","No",35,"Dry","Going Straight","Pedalcyclist or other non-motorist in road","No Avoidance Maneuver","Precrash stability unknown","Stayed in original travel lane","SUV",0,0,1,1,2,1,0,4,2
220533,10,12,12,"Motor Vehicle In-Transport","Angle",1,2014,"JEEP","PATRIOT",998,"Disabling Damage",1,0,1,"Full Driver License","Valid","No",55,"Dry","Turning Left","Turning Left","No Avoidance Maneuver","Tracking","Stayed in original travel lane","SUV",0,0,0,0,0,0,1,1,0
220537,10,22,12,"Motor Vehicle In-Transport","Angle",1,2019,"CHRYSLER","PACIFICA",0,"Minor Damage",0,0,1,"Full Driver License","Valid","No",40,"Dry","Stopped in Roadway","Other critical precrash event (specify:)","No Avoidance Maneuver","Tracking","Stayed in original travel lane","VAN",0,0,1,1,2,2,0,0,2
220537,10,22,12,"Motor Vehicle In-Transport","Angle",1,2020,"TOYOTA","CAMRY",0,"Disabling Damage",0,0,1,"Full Driver License","Valid","No",40,"Dry","Stopped in Roadway","Encroachment by other vehicle - details unknown","No Avoidance Maneuver","Tracking","Stayed in original travel lane","4 DR",1,1,1,1,1,1,0,6,3
220537,10,22,12,"Motor Vehicle In-Transport","Angle",1,2022,"MAZDA","MAZDA3",0,"Disabling Damage",0,0,1,"Full Driver License","Valid","No",40,"Dry","Stopped in Roadway","Encroachment by other vehicle - details unknown","No Avoidance Maneuver","Tracking","Stayed in original travel lane","4 DR",0,1,1,1,1,1,0,6,2
220537,10,22,12,"Motor Vehicle In-Transport","Angle",1,2018,"JEEP","RENEGADE",0,"Minor Damage",0,0,1,"Full Driver License","Valid","No",40,"Dry","Stopped in Roadway","Encroachment by other vehicle - details unknown","No Avoidance Maneuver","Tracking","Stayed in original travel lane","SUV",0,0,0,1,2,2,0,0,1
220537,10,22,12,"Motor Vehicle In-Transport","Angle",1,2020,"HYUNDAI","KONA",0,"No Damage",0,0,1,"Full Driver License","Valid","No",40,"Dry","Stopped in Roadway","Other critical precrash event (specify:)","No Avoidance Maneuver","Tracking","Stayed in original travel lane","SUV",0,2,1,1,1,1,0,4,2
220540,8,8,42,"Tree (Standing Only)","The First Harmful Event was Not a Collision with a Motor Vehicle in Transport",1,2017,"HYUNDAI","TUCSON",998,"Disabling Damage",1,0,1,"Full Driver License","Valid","No",70,"Dry","Going Straight","Off the edge of the road on the right side","Unknown/Not Reported","Skidding laterally counterclockwise rotation","Departed roadway","SUV",1,1,0,0,2,2,0,1,1
220550,9,13,12,"Motor Vehicle In-Transport","Angle",2,2017,"NISSAN","VERSA",998,"Disabling Damage",1,0,1,"Full Driver License","Valid","No",55,"Dry","Passing or Overtaking Another Vehicle","Traveling in same direction while decelerating","Steering left","Skidding laterally clockwise rotation","Stayed on roadway, but left original travel lane","4 DR",0,0,0,0,0,0,0,0,0
220555,10,21,5,"Fell/Jumped from Vehicle","The First Harmful Event was Not a Collision with a Motor Vehicle in Transport",2,2017,"FORD","ESCAPE",998,"Disabling Damage",0,0,1,"Full Driver License","Valid","No",55,"Dry","Going Straight","End departure","No Avoidance Maneuver","Tracking","Stayed in original travel lane","SUV",0,0,0,0,0,0,0,1,0
220558,10,20,8,"Pedestrian","The First Harmful Event was Not a Collision with a Motor Vehicle in Transport",2,2014,"MAZDA","MAZDA3",998,"Functional Damage",0,0,1,"Full Driver License","Valid","No",40,"Dry","Going Straight","Pedestrian in road","Braking","Tracking","Stayed on roadway, but left original travel lane","4 DR",0,1,0,0,2,0,1,2,0
220565,11,3,42,"Tree (Standing Only)","The First Harmful Event was Not a Collision with a Motor Vehicle in Transport",1,2015,"CHEVROLET","MALIBU",998,"Disabling Damage",1,0,1,"Full Driver License","Valid","No",70,"Dry","Going Straight","Off the edge of the road on the right side","No Avoidance Maneuver","Tracking","Departed roadway","4 DR",1,0,0,1,0,0,0,1,2
220568,10,19,8,"Pedestrian","The First Harmful Event was Not a Collision with a Motor Vehicle in Transport",1,2018,"NISSAN","VERSA NOTE",998,"Functional Damage",0,0,1,"Full Driver License","Valid","No",45,"Dry","Going Straight","Pedestrian in road","Braking and steering left","Tracking","Stayed on roadway, but left original travel lane","5 HB",0,0,0,0,0,0,0,0,0
220574,11,18,8,"Pedestrian","The First Harmful Event was Not a Collision with a Motor Vehicle in Transport",1,2023,"BUICK","ENVISION",998,"Functional Damage",0,0,1,"Full Driver License","Valid","No",40,"Dry","Going Straight","Pedestrian in road","Braking","Tracking","Stayed in original travel lane","SUV",1,0,1,1,1,1,0,5,3
220579,10,15,12,"Motor Vehicle In-Transport","Sideswipe - Same Direction",2,2021,"HONDA","CR-V",998,"Minor Damage",0,0,1,"Full Driver License","Valid","No",40,"Dry","Turning Right","Turning Right","No Avoidance Maneuver","Tracking","Stayed on roadway, but left original travel lane","SUV",1,1,1,1,1,1,0,6,3
220580,10,11,12,"Motor Vehicle In-Transport","Front-to-Rear",1,2021,"HYUNDAI","SONATA",0,"Disabling Damage",1,0,1,"Full Driver License","Valid","No",70,"Dry","Stopped in Roadway","Traveling in same direction with higher speed","No Avoidance Maneuver","Tracking","Stayed in original travel lane","4 DR",0,0,1,1,1,1,0,4,2
220595,12,17,8,"Pedestrian","The First Harmful Event was Not a Collision with a Motor Vehicle in Transport",1,2011,"NISSAN","PATHFINDER",998,"Functional Damage",0,0,1,"Full Driver License","Valid","No",35,"Dry","Going Straight","Pedestrian in road","No Avoidance Maneuver","Tracking","Stayed in original travel lane","SUV",0,1,0,0,0,0,1,2,0
220606,9,23,8,"Pedestrian","The First Harmful Event was Not a Collision with a Motor Vehicle in Transport",1,2017,"NISSAN","ROGUE SPORT",998,"No Damage",0,0,1,"Full Driver License","Valid","No",99,"Dry","Turning Right","Pedestrian in road","No Avoidance Maneuver","Tracking","Stayed in original travel lane","SUV",0,0,0,0,2,2,0,0,0
220614,12,21,8,"Pedestrian","The First Harmful Event was Not a Collision with a Motor Vehicle in Transport",2,2017,"FORD","EXPLORER",998,"Minor Damage",0,0,1,"Full Driver License","Valid","No",50,"Dry","Going Straight","Pedestrian in road","No Avoidance Maneuver","Tracking","Stayed in original travel lane","SUV",1,0,1,0,0,0,0,0,2
220618,11,17,8,"Pedestrian","The First Harmful Event was Not a Collision with a Motor Vehicle in Transport",2,2018,"MITSUBISHI","OUTLANDER",998,"Functional Damage",0,0,1,"Full Driver License","Valid","No",40,"Dry","Changing Lanes","Pedestrian in road","Braking","Skidding longitudinally  rotation less than 30 degrees","Stayed on roadway, not known if left original travel lane","SUV",1,1,0,0,2,2,0,1,1
220627,12,19,8,"Pedestrian","The First Harmful Event was Not a Collision with a Motor Vehicle in Transport",1,2022,"JEEP","GRAND CHEROKEE",40,"Functional Damage",0,0,1,"Full Driver License","Valid","No",45,"Dry","Going Straight","Pedestrian in road","No Avoidance Maneuver","Tracking","Stayed in original travel lane","SUV",1,1,1,1,1,1,0,7,3
220633,10,21,23,"Bridge Rail (Includes parapet)","The First Harmful Event was Not a Collision with a Motor Vehicle in Transport",1,2017,"HONDA","ACCORD",998,"Disabling Damage",0,0,1,"Full Driver License","Valid","No",60,"Dry","Going Straight","Object in road","No Avoidance Maneuver","Tracking","Stayed in original travel lane","4 DR",0,1,1,0,2,2,0,1,1
220638,11,13,9,"Pedalcyclist","The First Harmful Event was Not a Collision with a Motor Vehicle in Transport",1,2022,"CHEVROLET","TRAILBLAZER",43,"Minor Damage",0,0,1,"Full Driver License","Valid","No",45,"Dry","Going Straight","Pedalcyclist or other non-motorist unknown location","No Avoidance Maneuver","Tracking","Stayed in original travel lane","SUV",0,1,1,1,1,1,0,6,2
220640,12,17,12,"Motor Vehicle In-Transport","Angle",2,2014,"TOYOTA","COROLLA",998,"Disabling Damage",0,0,1,"Full Driver License","Valid","No",55,"Dry","Negotiating a Curve","Traveling in opposite direction","No Avoidance Maneuver","Tracking","Stayed in original travel lane","4 DR",0,0,0,0,0,0,1,1,0
220646,12,6,12,"Motor Vehicle In-Transport","Front-to-Front",1,2018,"FORD","ESCAPE",998,"Disabling Damage",1,0,1,"Full Driver License","Valid","No",55,"Dry","Going Straight","Traveling in opposite direction","No Avoidance Maneuver","Skidding laterally counterclockwise rotation","Stayed on roadway, but left original travel lane","SUV",1,0,0,0,0,0,0,1,1
220648,12,9,12,"Motor Vehicle In-Transport","Angle",1,2016,"RAM","1500",998,"Disabling Damage",0,0,1,"Full Driver License","Valid","No",45,"Dry","Going Straight","Traveling in opposite direction","Steering left","Tracking","Stayed on roadway, but left original travel lane","PU/RC",0,0,0,0,0,0,0,0,0
220651,10,7,8,"Pedestrian","The First Harmful Event was Not a Collision with a Motor Vehicle in Transport",1,2022,"TOYOTA","COROLLA",20,"Minor Damage",0,0,1,"Full Driver License","Valid","No",25,"Dry","Going Straight","Pedestrian in road","No Avoidance Maneuver","Tracking","Stayed in original travel lane","4 DR",1,1,1,1,1,1,0,6,3
220653,11,18,12,"Motor Vehicle In-Transport","Angle",2,2023,"HYUNDAI","PALISADE",998,"Minor Damage",0,0,1,"Full Driver License","Valid","No",45,"Dry","Turning Left","Turning Left","No Avoidance Maneuver","Tracking","Stayed in original travel lane","SUV",1,0,1,1,1,1,0,5,3
220653,11,18,12,"Motor Vehicle In-Transport","Angle",1,2019,"FORD","FUSION",998,"No Damage",0,0,1,"Full Driver License","Valid","No",45,"Dry","Going Straight","Object in road","Braking","Tracking","Stayed in original travel lane","4 DR",1,1,1,1,1,1,0,6,3
220665,12,9,12,"Motor Vehicle In-Transport","Angle",3,2023,"CHEVROLET","SUBURBAN",998,"Disabling Damage",0,0,1,"Full Driver License","Valid","No",55,"Dry","Going Straight","Crossing Over (Passing Through) Junction","Steering left","Tracking","Departed roadway","SUV",1,0,1,1,1,1,0,4,3
220665,12,9,12,"Motor Vehicle In-Transport","Angle",2,2020,"NISSAN","KICKS",998,"Disabling Damage",1,0,1,"Full Driver License","Valid","No",55,"Dry","Going Straight","In crossover","No Avoidance Maneuver","Tracking","Stayed in original travel lane","SUV",1,1,1,1,1,1,0,6,3
220672,12,16,12,"Motor Vehicle In-Transport","Angle",2,2016,"TOYOTA","COROLLA",998,"Disabling Damage",1,0,1,"Full Driver License","Valid","No",55,"Dry","Turning Left","Turning Left","No Avoidance Maneuver","Tracking","Stayed in original travel lane","4 DR",0,1,0,0,0,0,0,1,0
220677,12,9,12,"Motor Vehicle In-Transport","Front-to-Front",1,2017,"LINCOLN","CONTINENTAL",998,"Disabling Damage",1,0,1,"Full Driver License","Valid","No",55,"Dry","Negotiating a Curve","Over the lane line on left side of travel lane","No Avoidance Maneuver","Tracking","Stayed on roadway, but left original travel lane","4 DR",0,1,0,1,2,2,0,2,1
220679,12,16,12,"Motor Vehicle In-Transport","Angle",1,2018,"RAM","2500",998,"Minor Damage",0,0,1,"Full Driver License","Valid","No",35,"Dry","Going Straight","From driveway, turning into opposite direction","No Avoidance Maneuver","Tracking","Stayed in original travel lane","PU/EC",0,0,0,0,0,0,0,0,0
220679,12,16,12,"Motor Vehicle In-Transport","Angle",2,2015,"JEEP","COMPASS",0,"Minor Damage",0,0,1,"Full Driver License","Valid","No",35,"Dry","Stopped in Roadway","From adjacent lane (same direction) over left lane line","No Avoidance Maneuver","Tracking","Stayed in original travel lane","SUV",0,0,0,0,0,0,0,0,0
220682,12,4,8,"Pedestrian","The First Harmful Event was Not a Collision with a Motor Vehicle in Transport",1,2016,"FORD","EXPLORER",63,"Functional Damage",0,0,1,"Full Driver License","Valid","No",65,"Dry","Going Straight","Pedestrian in road","Steering right","Tracking","Stayed in original travel lane","SUV",0,1,0,1,0,0,0,1,1
220686,12,14,12,"Motor Vehicle In-Transport","Angle",2,2023,"MITSUBISHI","MIRAGE G4",998,"Disabling Damage",1,0,1,"Full Driver License","Valid","No",35,"Dry","Going Straight","From opposite direction  over left lane line","No Avoidance Maneuver","Tracking","Stayed in original travel lane","4 DR",0,0,1,1,1,1,0,3,2
220695,10,6,12,"Motor Vehicle In-Transport","Front-to-Front",1,2021,"HYUNDAI","PALISADE",998,"Disabling Damage",1,0,1,"Full Driver License","Valid","No",50,"Dry","Going Straight","Over the lane line on left side of travel lane","No Avoidance Maneuver","Tracking","Stayed on roadway, but left original travel lane","SUV",0,1,1,1,1,1,0,5,2
220699,11,18,12,"Motor Vehicle In-Transport","Angle",2,2017,"JEEP","CHEROKEE",23,"Disabling Damage",0,0,1,"Full Driver License","Valid","No",55,"Dry","Turning Left","Turning Left","No Avoidance Maneuver","Tracking","Stayed in original travel lane","SUV",1,0,0,1,2,2,0,0,2