"SERIAL_CRASH","MONTH","HOUR","HARM_EV","HARM_EVNAME","TYPE_OF_COLLIOSION","NUM_OF_PEOPLE","MOD_YEAR","VPICMAKENAME","VPICMODELNAME","TRAV_SP","DEFORMEDNAME","DEATHS","DR_DRINK","IS_DRIVER_PRESENT","L_TYPENAME","L_STATUSNAME","SPEEDRELNAME","VSPD_LIM","VSURCONDNAME","P_CRASH1NAME","P_CRASH2NAME","P_CRASH3NAME","PCRASH4NAME","PCRASH5NAME","BODY_STYLE","BLIND_SPOT_DETECTION","ARS","FRNT_COLLISION_WARNING","LANE_DEPARTURE_WARNING","CRASH_IMMINENT_BRAKE","DYNAMIC_BRAKE_SUPPORT","NHTSA_ESC","SAFETY_COUNT","notification_count"
240097,4,7,33,"Curb","The First Harmful Event was Not a Collision with a Motor Vehicle in Transport",1,2019,"HYUNDAI","VELOSTER",998,"Disabling Damage",1,0,1,"Full Driver License","Valid","No",35,"Dry","Negotiating a Curve","Unknown cause of control loss","Unknown/Not Reported","Precrash stability unknown","Departed roadway","3 HB",1,1,1,1,1,1,0,5,3
240098,3,15,12,"Motor Vehicle In-Transport","Angle",2,2011,"TOYOTA","RAV4",998,"Disabling Damage",1,0,1,"Full Driver License","Valid","No",30,"Dry","Going Straight","Crossing Over (Passing Through) Junction","Unknown/Not Reported","Tracking","Stayed in original travel lane","SUV",0,1,0,0,0,0,1,2,0
240099,4,12,12,"Motor Vehicle In-Transport","Angle",1,2013,"BMW","335I",998,"Disabling Damage",0,0,1,"Full Driver License","Valid","No",45,"Dry","Turning Left","Turning Left","Unknown/Not Reported","Tracking","Stayed in original travel lane","4 DR",1,1,1,1,2,2,1,2,3
240102,4,4,8,"Pedestrian","The First Harmful Event was Not a Collision with a Motor Vehicle in Transport",1,2011,"BMW","335D",998,"Functional Damage",0,0,1,"Full Driver License","Valid","No",50,"Dry","Going Straight","Pedestrian in road","No Avoidance Maneuver","Tracking","Stayed in original travel lane","4 DR",0,1,0,0,0,0,1,2,0
240105,4,1,12,"Motor Vehicle In-Transport","Front-to-Front",1,2020,"FORD","FUSION",998,"Disabling Damage",1,0,1,"Full Driver License","Valid","No",50,"Dry","Going Straight","Over the lane line on left side of travel lane","Unknown/Not Reported","Tracking","Stayed on roadway, but left original travel lane","4 DR",1,1,1,1,1,1,0,7,3
240106,4,17,12,"Motor Vehicle In-Transport","Angle",3,2019,"TOYOTA","COROLLA",998,"Disabling Damage",1,0,1,"Full Driver License","Valid","No",35,"Dry","Turning Left","Turning Left","Unknown/Not Reported","Tracking","Stayed in original travel lane","4 DR",0,1,1,1,1,1,0,5,2
240106,4,17,12,"Motor Vehicle In-Transport","Angle",1,2014,"DODGE","CHARGER",998,"Disabling Damage",0,0,1,"Full Driver License","Valid","No",35,"Dry","Going Straight","From opposite direction  over left lane line","Unknown/Not Reported","Tracking","Stayed in original travel lane","4 DR",1,1,1,0,0,0,1,2,2
240109,4,21,8,"Pedestrian","The First Harmful Event was Not a Collision with a Motor Vehicle in Transport",1,2014,"HONDA","PILOT",998,"Disabling Damage",0,0,1,"Full Driver License","Valid","No",55,"Dry","Going Straight","Pedestrian in road","No Avoidance Maneuver","Tracking","Stayed in original travel lane","SUV",0,0,0,0,0,0,1,1,0
240115,4,15,8,"Pedestrian","The First Harmful Event was Not a Collision with a Motor Vehicle in Transport",1,2021,"NISSAN","ROGUE",998,"Functional Damage",0,0,1,"Full Driver License","Valid","No",30,"Dry","Going Straight","Pedestrian in road","Unknown/Not Reported","Tracking","Stayed in original travel lane","SUV",1,0,1,1,1,1,0,5,3
240117,4,21,8,"Pedestrian","The First Harmful Event was Not a Collision with a Motor Vehicle in Transport",1,2016,"TOYOTA","CAMRY",998,"Minor Damage",0,0,1,"Full Driver License","Valid","No",65,"Dry","Going Straight","Pedestrian in road","Unknown/Not Reported","Tracking","Stayed in original travel lane","4 DR",1,1,1,0,2,2,0,1,2
240117,4,21,8,"Pedestrian","The First Harmful Event was Not a Collision with a Motor Vehicle in Transport",1,2020,"FORD","EXPLORER",998,"Disabling Damage",0,0,1,"Full Driver License","Valid","No",65,"Dry","Going Straight","Pedestrian in road","Unknown/Not Reported","Tracking","Stayed in original travel lane","SUV",1,0,1,1,1,1,0,6,3
240118,2,6,8,"Pedestrian","The First Harmful Event was Not a Collision with a Motor Vehicle in Transport",1,2012,"VOLKSWAGEN","ROUTAN",998,"Minor Damage",0,0,1,"Full Driver License","Valid","No",50,"Dry","Going Straight","Pedestrian in road","Steering right","Tracking","Stayed in original travel lane","VAN",1,1,0,0,0,0,1,2,1
240119,4,19,12,"Motor Vehicle In-Transport","Angle",1,2012,"MERCEDES-BENZ","ML-CLASS",998,"Disabling Damage",1,0,1,"Full Driver License","Valid","No",55,"Dry","Turning Right","Turning Right","Unknown/Not Reported","Tracking","Stayed in original travel lane","SUV",0,1,1,1,0,0,1,2,2
240121,4,8,12,"Motor Vehicle In-Transport","Front-to-Rear",1,2012,"CHEVROLET","SONIC",998,"Disabling Damage",0,0,1,"Full Driver License","Valid","No",55,"Dry","Going Straight","Traveling in same direction with lower steady speed","Unknown/Not Reported","Tracking","Stayed in original travel lane","5 HB",0,0,0,0,0,0,1,2,0
240121,4,8,12,"Motor Vehicle In-Transport","Front-to-Rear",1,2015,"SUBARU","OUTBACK",998,"Disabling Damage",1,0,1,"Full Driver License","Valid","No",55,"Dry","Going Straight","Traveling in same direction with higher speed","No Avoidance Maneuver","Tracking","Stayed in original travel lane","SUV",0,0,1,0,2,2,0,0,1
240123,4,16,12,"Motor Vehicle In-Transport","Angle",1,2023,"ACURA","TLX",0,"Functional Damage",0,0,1,"Full Driver License","Valid","No",50,"Dry","Stopped in Roadway","From adjacent lane (same direction) over left lane line","No Avoidance Maneuver","Tracking","Stayed in original travel lane","4 DR",0,1,1,1,1,1,0,5,2
240125,4,2,12,"Motor Vehicle In-Transport","Angle",1,2021,"NISSAN","VERSA",998,"Disabling Damage",1,0,1,"Full Driver License","Valid","No",35,"Dry","Turning Left","From opposite direction  over left lane line","Unknown/Not Reported","Tracking","Stayed in original travel lane","4 DR",1,0,1,1,1,1,0,5,3
240126,4,20,58,"Ground","The First Harmful Event was Not a Collision with a Motor Vehicle in Transport",3,2012,"CHEVROLET","EQUINOX",998,"Disabling Damage",1,0,1,"Full Driver License","Valid","No",55,"Dry","Going Straight","Off the edge of the road on the right side","Unknown/Not Reported","Tracking","Departed roadway","SUV",0,0,1,0,0,0,1,2,1
240130,4,21,12,"Motor Vehicle In-Transport","Front-to-Front",2,2018,"JEEP","RENEGADE",998,"Disabling Damage",0,0,1,"Full Driver License","Valid","No",50,"Dry","Decelerating in Road","From opposite direction  over left lane line","Unknown/Not Reported","Tracking","Stayed in original travel lane","SUV",0,0,0,1,2,2,0,0,1
240130,4,21,12,"Motor Vehicle In-Transport","Front-to-Front",2,2015,"RAM","1500",998,"Disabling Damage",0,0,1,"Full Driver License","Valid","No",50,"Dry","Decelerating in Road","Object approaching road","Braking","Tracking","Stayed in original travel lane","PU/EC",0,0,0,0,0,0,0,0,0
240130,4,21,12,"Motor Vehicle In-Transport","Front-to-Front",1,2015,"TOYOTA","RAV4",998,"Disabling Damage",0,0,1,"Full Driver License","Valid","No",50,"Dry","Decelerating in Road","From opposite direction  over left lane line","Unknown/Not Reported","Tracking","Stayed in original travel lane","SUV",1,1,0,1,0,0,0,1,2
240133,3,2,8,"Pedestrian","The First Harmful Event was Not a Collision with a Motor Vehicle in Transport",2,2013,"HONDA","ACCORD",998,"Disabling Damage",0,0,1,"Full Driver License","Valid","No",55,"Dry","Going Straight","Pedestrian in road","Unknown/Not Reported","Tracking","Stayed in original travel lane","2 DR",0,0,0,0,0,0,1,1,0
240135,5,22,42,"Tree (Standing Only)","The First Harmful Event was Not a Collision with a Motor Vehicle in Transport",1,2019,"TOYOTA","CAMRY",998,"Disabling Damage",1,0,1,"Full Driver License","Valid","No",70,"Dry","Going Straight","Off the edge of the road on the left side","Unknown/Not Reported","Skidding longitudinally  rotation less than 30 degrees","Departed roadway","4 DR",0,1,1,1,1,1,0,5,2
240137,4,17,54,"Motor Vehicle In-Transport Strikes or is Struck by Cargo, Persons or Objects Set-in-Motion from/by Another Motor Vehicle In Transport","Other",1,2018,"CHEVROLET","CAMARO",998,"Disabling Damage",1,0,1,"Full Driver License","Valid","No",40,"Dry","Going Straight","Object approaching road","Unknown/Not Reported","Tracking","Stayed in original travel lane","C",1,1,0,0,0,0,0,2,1
240143,5,20,8,"Pedestrian","The First Harmful Event was Not a Collision with a Motor Vehicle in Transport",1,2012,"ACURA","TSX",30,"Functional Damage",0,0,1,"Learner's Permit","Valid","No",30,"Dry","Going Straight","Pedestrian in road","Braking and steering left","Tracking","Stayed in original travel lane","4 DR",0,0,0,0,0,0,1,1,0
240144,2,13,40,"Fire Hydrant","The First Harmful Event was Not a Collision with a Motor Vehicle in Transport",1,2020,"BMW","X3",998,"Disabling Damage",1,0,1,"Full Driver License","Valid","No",40,"Dry","Accelerating in Road","Off the edge of the road on the right side","Unknown/Not Reported","Tracking","Departed roadway","SUV",0,1,1,1,1,1,0,5,2
240148,5,16,52,"Guardrail End","The First Harmful Event was Not a Collision with a Motor Vehicle in Transport",1,2012,"HONDA","CIVIC",998,"Disabling Damage",1,0,1,"Full Driver License","Valid","No",55,"Dry","Going Straight","Over the lane line on right side of travel lane","Unknown/Not Reported","Tracking","Departed roadway","2 DR",0,0,0,0,0,0,1,1,0
240149,5,13,12,"Motor Vehicle In-Transport","Angle",1,2016,"TOYOTA","TUNDRA",998,"Disabling Damage",0,0,1,"Full Driver License","Valid","No",50,"Dry","Turning Left","Turning Left","No Avoidance Maneuver","Tracking","Stayed in original travel lane","PU/CC",0,1,0,0,0,0,0,1,0
240155,5,21,12,"Motor Vehicle In-Transport","Front-to-Front",1,2020,"CHRYSLER","PACIFICA",998,"Disabling Damage",0,0,1,"Full Driver License","Valid","No",45,"Dry","Turning Left","Turning Left","Unknown/Not Reported","Tracking","Stayed in original travel lane","VAN",1,1,1,1,1,1,0,6,3
240156,5,12,12,"Motor Vehicle In-Transport","Front-to-Rear",2,2020,"HONDA","CIVIC",0,"Disabling Damage",1,0,1,"Full Driver License","Valid","No",55,"Dry","Stopped in Roadway","Traveling in same direction with higher speed","No Avoidance Maneuver","Tracking","Stayed in original travel lane","4 DR",0,1,1,1,1,1,0,5,2
240161,5,5,20,"Impact Attenuator/Crash Cushion","The First Harmful Event was Not a Collision with a Motor Vehicle in Transport",2,2015,"NISSAN","PATHFINDER",998,"Disabling Damage",0,0,1,"Full Driver License","Valid","No",55,"Dry","Decelerating in Road","From opposite direction  over right lane line","No Avoidance Maneuver","Tracking","Stayed in original travel lane","SUV",0,0,0,0,0,0,0,0,0
240161,5,5,20,"Impact Attenuator/Crash Cushion","The First Harmful Event was Not a Collision with a Motor Vehicle in Transport",1,2018,"FORD","TAURUS",998,"Disabling Damage",0,0,1,"Full Driver License","Valid","No",55,"Dry","Decelerating in Road","Object in road","Unknown/Not Reported","Tracking","Stayed in original travel lane","4 DR",0,0,1,0,0,2,0,0,1
240163,5,23,12,"Motor Vehicle In-Transport","Front-to-Front",2,2018,"FORD","ESCAPE",998,"Disabling Damage",0,0,1,"Full Driver License","Valid","No",70,"Dry","Going Straight","Traveling in opposite direction","Unknown/Not Reported","Tracking","Stayed in original travel lane","SUV",1,0,0,1,0,0,0,1,2
240164,5,7,8,"Pedestrian","The First Harmful Event was Not a Collision with a Motor Vehicle in Transport",1,2017,"LINCOLN","MKC",998,"Functional Damage",0,0,1,"Full Driver License","Valid","No",55,"Dry","Going Straight","Pedestrian in road","Braking","Tracking","Stayed in original travel lane","SUV",0,1,0,1,0,0,0,2,1
240164,5,7,8,"Pedestrian","The First Harmful Event was Not a Collision with a Motor Vehicle in Transport",1,2016,"VOLKSWAGEN","PASSAT",998,"Functional Damage",0,0,1,"Full Driver License","Valid","No",55,"Dry","Going Straight","Pedestrian in road","No Avoidance Maneuver","Tracking","Stayed in original travel lane","4 DR",0,1,1,0,0,0,0,2,1
240165,5,21,8,"Pedestrian","The First Harmful Event was Not a Collision with a Motor Vehicle in Transport",1,2016,"NISSAN","370Z",998,"Functional Damage",0,0,1,"Full Driver License","Valid","No",40,"Dry","Passing or Overtaking Another Vehicle","Pedestrian in road","No Avoidance Maneuver","Tracking","Stayed in original travel lane","2 DR",0,0,0,0,0,0,0,0,0
240167,5,20,35,"Embankment","The First Harmful Event was Not a Collision with a Motor Vehicle in Transport",1,2012,"FORD","FUSION",998,"Minor Damage",0,0,1,"Full Driver License","Valid","No",45,"Dry","Going Straight","Object approaching road","Unknown/Not Reported","Tracking","Stayed in original travel lane","4 DR",0,0,0,0,0,0,1,1,0
240174,3,1,8,"Pedestrian","The First Harmful Event was Not a Collision with a Motor Vehicle in Transport",2,2011,"NISSAN","VERSA",998,"Disabling Damage",0,0,1,"Full Driver License","Valid","No",45,"Dry","Going Straight","Pedestrian in road","Unknown/Not Reported","Tracking","Stayed in original travel lane","4 DR",0,1,0,0,0,0,2,1,0
240176,5,16,8,"Pedestrian","The First Harmful Event was Not a Collision with a Motor Vehicle in Transport",1,2018,"FORD","TRANSIT CONNECT",998,"Disabling Damage",0,0,1,"Full Driver License","Valid","No",40,"Dry","Going Straight","Pedestrian in road","Unknown/Not Reported","Tracking","Stayed in original travel lane","VAN",0,0,0,0,0,0,0,0,0
240178,6,6,9,"Pedalcyclist","The First Harmful Event was Not a Collision with a Motor Vehicle in Transport",1,2016,"KIA","SEDONA",998,"Functional Damage",0,0,1,"Full Driver License","Valid","No",25,"Dry","Going Straight","Pedalcyclist or other non-motorist unknown location","No Avoidance Maneuver","Tracking","Stayed in original travel lane","VAN",0,2,1,1,0,0,0,0,2
240179,2,10,12,"Motor Vehicle In-Transport","Angle",1,2017,"JEEP","WRANGLER",998,"Functional Damage",0,0,1,"Full Driver License","Valid","No",40,"Dry","Going Straight","From driveway, turning into opposite direction","Unknown/Not Reported","Tracking","Stayed in original travel lane","SUV",0,0,0,0,0,0,0,0,0
240181,5,22,12,"Motor Vehicle In-Transport","Front-to-Front",1,2017,"JEEP","COMPASS",998,"Disabling Damage",0,0,1,"Full Driver License","Valid","No",50,"Dry","Going Straight","Traveling in opposite direction","Unknown/Not Reported","Tracking","Stayed in original travel lane","SUV",0,0,0,0,0,0,0,0,0
240183,6,2,12,"Motor Vehicle In-Transport","Front-to-Front",3,2022,"HYUNDAI","TUCSON",60,"Disabling Damage",1,0,1,"Full Driver License","Valid","No",55,"Dry","Going Straight","Traveling in opposite direction","Unknown/Not Reported","Tracking","Stayed in original travel lane","SUV",1,2,1,1,1,1,0,4,3
240185,6,6,33,"Curb","The First Harmful Event was Not a Collision with a Motor Vehicle in Transport",1,2011,"NISSAN","ALTIMA",998,"Disabling Damage",1,0,1,"Full Driver License","Valid","No",30,"Dry","Negotiating a Curve","From adjacent lane (same direction) over right lane line","Steering right","Tracking","Departed roadway","2 DR",0,1,0,0,0,0,1,2,0
240188,6,18,35,"Embankment","The First Harmful Event was Not a Collision with a Motor Vehicle in Transport",3,2017,"SUBARU","FORESTER",998,"Disabling Damage",1,0,1,"Full Driver License","Valid","No",65,"Dry","Going Straight","From Parking Lane/Shoulder, Median/Crossover, Roadside","Unknown/Not Reported","Tracking","Stayed in original travel lane","SUV",1,0,0,0,2,2,0,0,1
240190,6,23,12,"Motor Vehicle In-Transport","Angle",2,2022,"CHEVROLET","MALIBU",998,"Minor Damage",0,0,1,"Full Driver License","Valid","No",55,"Dry","Decelerating in Road","From adjacent lane (same direction) over right lane line","Unknown/Not Reported","Tracking","Stayed in original travel lane","4 DR",1,2,0,1,2,2,0,1,2
240192,2,22,9,"Pedalcyclist","The First Harmful Event was Not a Collision with a Motor Vehicle in Transport",1,2017,"DODGE","CHARGER",998,"Functional Damage",0,0,1,"Full Driver License","Valid","No",40,"Dry","Going Straight","Pedalcyclist or other non-motorist in road","No Avoidance Maneuver","Tracking","Stayed in original travel lane","4 DR",0,0,1,0,2,2,0,0,1
240194,6,21,12,"Motor Vehicle In-Transport","Front-to-Front",1,2018,"TOYOTA","HIGHLANDER",998,"Disabling Damage",0,0,1,"Full Driver License","Valid","No",50,"Dry","Going Straight","Over the lane line on left side of travel lane","Unknown/Not Reported","Tracking","Stayed on roadway, but left original travel lane","SUV",1,1,1,1,1,1,0,5,3
240195,6,9,58,"Ground","The First Harmful Event was Not a Collision with a Motor Vehicle in Transport",3,2023,"DODGE","DURANGO",998,"Disabling Damage",1,0,1,"Full Driver License","Valid","No",55,"Dry","Accelerating in Road","Off the edge of the road on the right side","Unknown/Not Reported","Tracking","Departed roadway","SUV",1,0,0,1,2,2,0,0,2
240196,6,18,12,"Motor Vehicle In-Transport","Angle",2,2011,"BUICK","ENCLAVE",998,"Disabling Damage",1,0,1,"Full Driver License","Valid","No",5,"Dry","Turning Left","Turning Left","No Avoidance Maneuver","Tracking","Stayed in original travel lane","SUV",0,1,0,0,0,0,1,3,0
240197,6,0,31,"Post, Pole or Other Supports","The First Harmful Event was Not a Collision with a Motor Vehicle in Transport",4,2021,"NISSAN","ROGUE",998,"Disabling Damage",1,0,1,"Full Driver License","Valid","No",55,"Dry","Negotiating a Curve","Over the lane line on left side of travel lane","Unknown/Not Reported","Tracking","Departed roadway","SUV",1,0,1,1,1,1,0,5,3
240198,6,17,12,"Motor Vehicle In-Transport","Angle",1,2021,"HONDA","HR-V",998,"Disabling Damage",0,0,1,"Full Driver License","Valid","No",40,"Dry","Going Straight","Crossing Over (Passing Through) Junction","Unknown/Not Reported","Tracking","Stayed in original travel lane","SUV",0,1,1,0,2,2,0,1,1
240200,4,17,8,"Pedestrian","The First Harmful Event was Not a Collision with a Motor Vehicle in Transport",2,2023,"MERCEDES-BENZ","E-CLASS",998,"Minor Damage",0,0,1,"Full Driver License","Valid","No",25,"Dry","Accelerating in Road","Pedestrian approaching road","No Avoidance Maneuver","Tracking","Stayed in original travel lane","4 DR",0,1,1,1,1,1,0,5,2
240205,5,14,12,"Motor Vehicle In-Transport","Angle",1,2014,"VOLKSWAGEN","GOLF",998,"Minor Damage",0,0,1,"Full Driver License","Valid","No",25,"Dry","Decelerating in Road","From opposite direction  over left lane line","Unknown/Not Reported","Tracking","Stayed in original travel lane","2 DR",0,0,0,0,0,0,1,1,0
240209,6,19,12,"Motor Vehicle In-Transport","Angle",1,2013,"HYUNDAI","ELANTRA",998,"Disabling Damage",1,0,1,"Full Driver License","Valid","No",30,"Dry","Going Straight","From opposite direction  over left lane line","Unknown/Not Reported","Tracking","Stayed in original travel lane","2 DR",0,1,0,0,0,0,1,2,0
240210,5,8,8,"Pedestrian","The First Harmful Event was Not a Collision with a Motor Vehicle in Transport",1,2011,"HONDA","CIVIC",998,"Disabling Damage",0,0,1,"Full Driver License","Valid","No",50,"Dry","Going Straight","Over the lane line on right side of travel lane","Unknown/Not Reported","Tracking","Departed roadway","4 DR",0,1,0,0,0,0,1,2,0
240212,5,5,12,"Motor Vehicle In-Transport","Front-to-Front",2,2015,"CHEVROLET","IMPALA",998,"Disabling Damage",0,0,1,"Full Driver License","Valid","No",30,"Dry","Negotiating a Curve","From opposite direction  over left lane line","Unknown/Not Reported","Tracking","Stayed on roadway, but left original travel lane","4 DR",1,1,0,1,2,0,0,2,2
240213,6,11,12,"Motor Vehicle In-Transport","Angle",2,2020,"SUBARU","OUTBACK",998,"Disabling Damage",1,0,1,"Full Driver License","Valid","No",45,"Dry","Accelerating in Road","From opposite direction  over right lane line","Unknown/Not Reported","Tracking","Stayed in original travel lane","SUV",0,0,1,1,1,1,0,4,2
240214,6,23,12,"Motor Vehicle In-Transport","Front-to-Rear",5,2016,"CHEVROLET","IMPALA",0,"Functional Damage",0,0,1,"Full Driver License","Valid","No",30,"Dry","Stopped in Roadway","Traveling in same direction with higher speed","No Avoidance Maneuver","Tracking","Stayed in original travel lane","4 DR",0,1,1,0,2,0,0,2,1
240220,6,0,33,"Curb","The First Harmful Event was Not a Collision with a Motor Vehicle in Transport",1,2020,"MAZDA","CX-5",998,"Disabling Damage",1,0,1,"Full Driver License","Valid","No",10,"Dry","Negotiating a Curve","Off the edge of the road on the left side","Unknown/Not Reported","Tracking","Departed roadway","SUV",1,1,1,1,2,2,0,3,3
240223,6,22,8,"Pedestrian","The First Harmful Event was Not a Collision with a Motor Vehicle in Transport",2,2019,"HONDA","ACCORD",998,"Functional Damage",0,0,1,"Full Driver License","Valid","No",55,"Dry","Going Straight","Pedestrian in road","Unknown/Not Reported","Tracking","Stayed in original travel lane","4 DR",1,1,1,1,1,1,0,6,3
240230,4,22,12,"Motor Vehicle In-Transport","Front-to-Front",1,2015,"CHRYSLER","200",998,"Disabling Damage",0,0,1,"Full Driver License","Valid","No",35,"Dry","Going Straight","From opposite direction  over left lane line","Unknown/Not Reported","Tracking","Stayed in original travel lane","4 DR",0,0,1,0,0,0,0,0,1
240233,6,22,12,"Motor Vehicle In-Transport","Front-to-Rear",1,2017,"DODGE","CHARGER",998,"Disabling Damage",0,0,1,"Full Driver License","Valid","No",65,"Dry","Passing or Overtaking Another Vehicle","Traveling in same direction with lower steady speed","Unknown/Not Reported","Tracking","Stayed in original travel lane","4 DR",0,0,0,0,2,2,0,0,0
240236,7,5,8,"Pedestrian","The First Harmful Event was Not a Collision with a Motor Vehicle in Transport",1,2018,"HONDA","CIVIC",998,"Functional Damage",0,0,1,"Full Driver License","Valid","No",30,"Dry","Going Straight","Pedestrian in road","Unknown/Not Reported","Tracking","Stayed in original travel lane","5 HB",0,1,0,0,2,2,0,1,0
240239,7,15,42,"Tree (Standing Only)","The First Harmful Event was Not a Collision with a Motor Vehicle in Transport",2,2020,"SUBARU","OUTBACK",998,"Disabling Damage",1,0,1,"Full Driver License","Valid","No",50,"Dry","Going Straight","Off the edge of the road on the right side","Unknown/Not Reported","Tracking","Departed roadway","SUV",1,0,1,1,1,1,0,4,3
240240,7,18,12,"Motor Vehicle In-Transport","Front-to-Front",2,2017,"TOYOTA","PRIUS",998,"Disabling Damage",0,0,1,"Full Driver License","Valid","No",45,"Dry","Turning Left","Turning Left","Unknown/Not Reported","Tracking","Stayed in original travel lane","5 HB",1,1,1,0,2,2,0,1,2
240241,7,20,12,"Motor Vehicle In-Transport","Angle",1,2013,"HONDA","ACCORD",998,"Disabling Damage",1,0,1,"Full Driver License","Valid","No",55,"Dry","Accelerating in Road","Crossing Over (Passing Through) Junction","No Avoidance Maneuver","Precrash stability unknown","Stayed on roadway, but left original travel lane","2 DR",0,0,0,1,0,0,1,1,1
240244,7,12,12,"Motor Vehicle In-Transport","Angle",3,2021,"JEEP","RENEGADE",998,"Disabling Damage",0,0,1,"Full Driver License","Valid","No",55,"Dry","Going Straight","From opposite direction  over left lane line","Unknown/Not Reported","Tracking","Stayed in original travel lane","SUV",1,0,1,1,2,2,0,0,3
240249,7,7,8,"Pedestrian","The First Harmful Event was Not a Collision with a Motor Vehicle in Transport",1,2013,"KIA","SOUL",998,"Minor Damage",0,0,1,"Full Driver License","Valid","No",30,"Dry","Turning Left","Pedestrian in road","No Avoidance Maneuver","Tracking","Stayed in original travel lane","SUV",0,1,0,0,0,0,1,2,0
240250,7,23,8,"Pedestrian","The First Harmful Event was Not a Collision with a Motor Vehicle in Transport",1,2016,"CHEVROLET","MALIBU",998,"Functional Damage",0,0,1,"Full Driver License","Valid","No",55,"Dry","Going Straight","Pedestrian in road","Unknown/Not Reported","Tracking","Stayed in original travel lane","4 DR",1,1,0,1,2,2,0,2,2
240256,6,16,12,"Motor Vehicle In-Transport","Angle",3,2022,"TOYOTA","TACOMA",998,"Disabling Damage",0,0,1,"Full Driver License","Valid","No",35,"Dry","Turning Left","Turning Left","Unknown/Not Reported","Tracking","Stayed in original travel lane","PU/CC",0,2,1,1,1,1,0,5,2
240257,6,9,38,"Fence","The First Harmful Event was Not a Collision with a Motor Vehicle in Transport",1,2020,"FORD","ESCAPE",998,"Disabling Damage",1,0,1,"Full Driver License","Valid","No",45,"Dry","Going Straight","Over the lane line on left side of travel lane","Unknown/Not Reported","Tracking","Departed roadway","SUV",1,0,1,1,1,1,0,6,3
240258,7,15,12,"Motor Vehicle In-Transport","Sideswipe - Same Direction",1,2023,"CHEVROLET","SUBURBAN",998,"Functional Damage",0,0,1,"Full Driver License","Valid","No",65,"Dry","Changing Lanes","Over the lane line on right side of travel lane","No Avoidance Maneuver","Tracking","Stayed on roadway, but left original travel lane","SUV",0,0,1,1,1,1,0,4,2
240263,6,15,12,"Motor Vehicle In-Transport","Angle",1,2022,"FORD","ESCAPE",998,"Minor Damage",0,0,1,"Full Driver License","Valid","No",30,"Dry","Accelerating in Road","From adjacent lane (same direction) over right lane line","Unknown/Not Reported","Tracking","Stayed in original travel lane","SUV",1,0,1,1,1,1,0,6,3
240264,7,11,16,"Thrown or Falling Object","The First Harmful Event was Not a Collision with a Motor Vehicle in Transport",2,2012,"HYUNDAI","SANTA FE",998,"Functional Damage",1,0,1,"Full Driver License","Valid","No",55,"Dry","Going Straight","Object approaching road","Unknown/Not Reported","Tracking","Stayed in original travel lane","SUV",0,1,0,0,0,0,1,2,0
240265,7,4,8,"Pedestrian","The First Harmful Event was Not a Collision with a Motor Vehicle in Transport",1,2022,"HONDA","CR-V",998,"Functional Damage",0,0,1,"Full Driver License","Valid","No",35,"Dry","Going Straight","Pedestrian in road","No Avoidance Maneuver","Tracking","Stayed in original travel lane","SUV",1,1,1,1,1,1,0,6,3
240270,7,20,8,"Pedestrian","The First Harmful Event was Not a Collision with a Motor Vehicle in Transport",1,2012,"TOYOTA","PRIUS V",998,"Functional Damage",0,0,1,"Full Driver License","Valid","No",50,"Dry","Going Straight","Pedestrian in road","Unknown/Not Reported","Tracking","Stayed in original travel lane","SW",0,1,0,0,0,0,1,2,0
240276,7,14,12,"Motor Vehicle In-Transport","Front-to-Front",3,2015,"DODGE","DURANGO",998,"Disabling Damage",0,0,1,"Full Driver License","Valid","No",45,"Dry","Going Straight","From opposite direction  over left lane line","Unknown/Not Reported","Tracking","Stayed in original travel lane","SUV",0,1,0,0,2,2,0,1,0
240277,7,12,12,"Motor Vehicle In-Transport","Angle",2,2011,"BMW","328I",998,"Disabling Damage",1,0,1,"Full Driver License","Valid","No",40,"Dry","Going Straight","From crossing street, across path","Unknown/Not Reported","Tracking","Stayed in original travel lane","2 DR",0,1,0,0,0,0,1,2,0
240279,7,9,12,"Motor Vehicle In-Transport","Front-to-Rear",1,2019,"FORD","FUSION",0,"Disabling Damage",1,0,1,"Full Driver License","Valid","No",55,"Dry","Stopped in Roadway","Traveling in same direction with higher speed","No Avoidance Maneuver","Tracking","Stayed in original travel lane","4 DR",0,1,1,1,1,1,0,6,2
240282,7,12,12,"Motor Vehicle In-Transport","Front-to-Rear",1,2018,"TOYOTA","COROLLA IM",998,"Disabling Damage",1,0,1,"Full Driver License","Valid","No",35,"Dry","Decelerating in Road","Traveling in same direction with higher speed","Unknown/Not Reported","Tracking","Stayed in original travel lane","5 HB",0,1,1,1,0,0,0,3,2
240285,7,10,12,"Motor Vehicle In-Transport","Angle",2,2018,"CHRYSLER","300",998,"Disabling Damage",0,0,1,"Full Driver License","Valid","No",40,"Dry","Going Straight","Crossing Over (Passing Through) Junction","Unknown/Not Reported","Tracking","Stayed in original travel lane","4 DR",0,0,1,0,2,2,0,0,1