"SERIAL_CRASH","MONTH","HOUR","HARM_EV","HARM_EVNAME","TYPE_OF_COLLIOSION","NUM_OF_PEOPLE","MOD_YEAR","VPICMAKENAME","VPICMODELNAME","TRAV_SP","DEFORMEDNAME","DEATHS","DR_DRINK","IS_DRIVER_PRESENT","L_TYPENAME","L_STATUSNAME","SPEEDRELNAME","VSPD_LIM","VSURCONDNAME","P_CRASH1NAME","P_CRASH2NAME","P_CRASH3NAME","PCRASH4NAME","PCRASH5NAME","BODY_STYLE","BLIND_SPOT_DETECTION","ARS","FRNT_COLLISION_WARNING","LANE_DEPARTURE_WARNING","CRASH_IMMINENT_BRAKE","DYNAMIC_BRAKE_SUPPORT","NHTSA_ESC","SAFETY_COUNT","notification_count"
240476,9,21,8,"Pedestrian","The First Harmful Event was Not a Collision with a Motor Vehicle in Transport",1,2018,"HONDA","ACCORD",998,"Functional Damage",0,0,1,"Full Driver License","Valid","No",30,"Dry","Going Straight","Pedestrian in road","Unknown/Not Reported","Tracking","Stayed in original travel lane","4 DR",0,1,1,1,1,1,0,5,2
240482,11,11,12,"Motor Vehicle In-Transport","Angle",1,2016,"HYUNDAI","ELANTRA",998,"Disabling Damage",1,0,1,"Full Driver License","Valid","No",45,"Dry","Making a U-turn","Making a U-Turn","Unknown/Not Reported","Tracking","Stayed on roadway, but left original travel lane","4 DR",0,1,0,0,0,0,0,1,0
240482,11,11,12,"Motor Vehicle In-Transport","Angle",3,2017,"NISSAN","ROGUE SPORT",998,"Disabling Damage",0,0,1,"Full Driver License","Valid","No",45,"Dry","Going Straight","From adjacent lane (same direction) over right lane line","Unknown/Not Reported","Tracking","Stayed in original travel lane","SUV",0,0,0,1,2,2,0,0,1
240484,12,6,8,"Pedestrian","The First Harmful Event was Not a Collision with a Motor Vehicle in Transport",1,2011,"FORD","RANGER",998,"No Damage",0,0,1,"Full Driver License","Valid","No",30,"Dry","Decelerating in Road","Pedestrian in road","Unknown/Not Reported","Tracking","Stayed in original travel lane","PU/EC",0,0,0,0,0,0,1,1,0
240492,12,14,42,"Tree (Standing Only)","The First Harmful Event was Not a Collision with a Motor Vehicle in Transport",1,2018,"TOYOTA","YARIS IA",998,"Disabling Damage",1,0,1,"Full Driver License","Valid","No",55,"Dry","Going Straight","Off the edge of the road on the left side","Unknown/Not Reported","Tracking","Departed roadway","4 DR",0,1,0,0,1,0,0,3,0
240493,11,17,8,"Pedestrian","The First Harmful Event was Not a Collision with a Motor Vehicle in Transport",1,2020,"JAGUAR","I-PACE",998,"Functional Damage",0,0,1,"Full Driver License","Valid","No",55,"Dry","Going Straight","Pedestrian in road","Unknown/Not Reported","Tracking","Stayed in original travel lane","SUV",1,0,1,1,1,2,0,4,3
240495,12,0,33,"Curb","The First Harmful Event was Not a Collision with a Motor Vehicle in Transport",2,2011,"INFINITI","G37",998,"Disabling Damage",1,0,1,"Full Driver License","Valid","No",35,"Dry","Going Straight","Traveling Too Fast for Conditions or Road Configuration","Unknown/Not Reported","Skidding laterally counterclockwise rotation","Departed roadway","2 DR",0,1,0,0,0,0,1,2,0
240496,7,16,12,"Motor Vehicle In-Transport","Front-to-Front",1,2020,"TOYOTA","COROLLA",998,"Disabling Damage",1,0,1,"Full Driver License","Valid","No",30,"Dry","Going Straight","From opposite direction  over left lane line","Unknown/Not Reported","Tracking","Stayed in original travel lane","5 HB",1,1,1,1,1,1,0,6,3
240496,7,16,12,"Motor Vehicle In-Transport","Front-to-Front",2,2014,"DODGE","GRAND CARAVAN",998,"Disabling Damage",0,0,1,"Full Driver License","Valid","No",30,"Dry","Going Straight","From opposite direction  over left lane line","Unknown/Not Reported","Tracking","Stayed in original travel lane","VAN",1,1,0,0,0,0,1,2,1
240498,12,10,12,"Motor Vehicle In-Transport","Front-to-Rear",4,2013,"NISSAN","ROGUE",998,"Disabling Damage",1,0,1,"Full Driver License","Valid","No",55,"Dry","Going Straight","From opposite direction  over left lane line","Unknown/Not Reported","Tracking","Stayed in original travel lane","SUV",0,1,0,0,0,0,1,2,0
240499,12,18,8,"Pedestrian","The First Harmful Event was Not a Collision with a Motor Vehicle in Transport",3,2017,"NISSAN","ALTIMA",998,"Functional Damage",0,0,1,"Full Driver License","Valid","No",55,"Dry","Starting in Road","Pedestrian in road","Unknown/Not Reported","Tracking","Stayed in original travel lane","4 DR",0,0,0,0,2,2,0,0,0
240507,12,9,12,"Motor Vehicle In-Transport","Angle",3,2018,"CHEVROLET","CRUZE",998,"Disabling Damage",1,0,1,"Full Driver License","Valid","No",45,"Dry","Turning Left","Turning Left","Unknown/Not Reported","Tracking","Stayed in original travel lane","5 HB",0,1,1,0,0,0,0,2,1
240514,5,1,12,"Motor Vehicle In-Transport","Angle",1,2016,"HONDA","CIVIC",998,"Disabling Damage",0,0,1,"Full Driver License","Valid","No",30,"Dry","Going Straight","Crossing Over (Passing Through) Junction","Unknown/Not Reported","Tracking","Stayed in original travel lane","4 DR",0,1,1,1,2,2,0,1,2
240515,12,1,12,"Motor Vehicle In-Transport","Angle",1,2014,"CHEVROLET","EQUINOX",998,"Disabling Damage",1,0,1,"Full Driver License","Valid","No",98,"Dry","Unknown","From crossing street, across path","Unknown/Not Reported","Tracking","Stayed in original travel lane","SUV",0,1,0,0,0,0,1,3,0
240516,12,2,8,"Pedestrian","The First Harmful Event was Not a Collision with a Motor Vehicle in Transport",1,2020,"HYUNDAI","ELANTRA",998,"Disabling Damage",0,0,1,"Full Driver License","Valid","No",55,"Dry","Going Straight","Pedestrian in road","Unknown/Not Reported","Tracking","Stayed in original travel lane","4 DR",0,2,0,0,2,2,0,0,0
240517,11,20,8,"Pedestrian","The First Harmful Event was Not a Collision with a Motor Vehicle in Transport",1,2013,"MAZDA","MAZDA3",998,"Functional Damage",0,0,1,"Full Driver License","Valid","No",30,"Dry","Going Straight","Pedestrian in road","Unknown/Not Reported","Tracking","Stayed in original travel lane","4 DR",0,1,0,0,0,0,1,2,0
240518,12,22,33,"Curb","The First Harmful Event was Not a Collision with a Motor Vehicle in Transport",2,2016,"HONDA","PILOT",998,"Disabling Damage",0,0,1,"Full Driver License","Valid","No",35,"Dry","Going Straight","From Parking Lane/Shoulder, Median/Crossover, Roadside","Unknown/Not Reported","Tracking","Stayed in original travel lane","SUV",1,1,0,0,2,2,0,1,1
240522,12,21,12,"Motor Vehicle In-Transport","Front-to-Front",2,2013,"FORD","FIESTA",998,"Disabling Damage",1,0,1,"Full Driver License","Valid","No",50,"Dry","Negotiating a Curve","From opposite direction  over left lane line","Unknown/Not Reported","Tracking","Stayed in original travel lane","4 DR",0,0,0,0,0,0,1,1,0
240523,12,18,8,"Pedestrian","The First Harmful Event was Not a Collision with a Motor Vehicle in Transport",2,2014,"TOYOTA","PRIUS",998,"Minor Damage",0,0,1,"Full Driver License","Valid","No",40,"Dry","Going Straight","Pedestrian in road","Unknown/Not Reported","Tracking","Stayed in original travel lane","5 HB",0,1,1,0,2,2,1,2,1
240525,11,15,12,"Motor Vehicle In-Transport","Angle",1,2011,"TOYOTA","TUNDRA",998,"Disabling Damage",0,0,1,"Full Driver License","Valid","No",50,"Dry","Going Straight","From driveway, turning into opposite direction","Unknown/Not Reported","Tracking","Stayed in original travel lane","PU/RC",0,0,0,0,0,0,1,1,0
240527,12,11,12,"Motor Vehicle In-Transport","Angle",1,2021,"SUBARU","OUTBACK",998,"Disabling Damage",1,0,1,"Full Driver License","Valid","No",98,"Dry","Going Straight","Crossing Over (Passing Through) Junction","Unknown/Not Reported","Tracking","Stayed in original travel lane","SUV",0,0,1,1,1,1,0,4,2
240528,12,20,8,"Pedestrian","The First Harmful Event was Not a Collision with a Motor Vehicle in Transport",1,2015,"MAZDA","MAZDA3",998,"Disabling Damage",0,0,1,"Full Driver License","Valid","No",55,"Dry","Going Straight","Pedestrian in road","Unknown/Not Reported","Tracking","Stayed in original travel lane","5 HB",0,1,0,0,2,0,0,1,0
240531,11,6,8,"Pedestrian","The First Harmful Event was Not a Collision with a Motor Vehicle in Transport",1,2011,"MERCEDES-BENZ","C-CLASS",998,"Disabling Damage",0,0,1,"Full Driver License","Valid","No",45,"Dry","Going Straight","Pedestrian in road","Unknown/Not Reported","Tracking","Stayed in original travel lane","4 DR",0,1,0,0,0,0,1,3,0
240535,12,17,12,"Motor Vehicle In-Transport","Front-to-Front",1,2015,"CHEVROLET","EQUINOX",998,"Disabling Damage",0,0,1,"Full Driver License","Valid","No",35,"Dry","Decelerating in Road","Traveling in opposite direction","Unknown/Not Reported","Tracking","Stayed in original travel lane","SUV",0,1,1,0,0,0,0,2,1
240536,8,9,12,"Motor Vehicle In-Transport","Angle",2,2011,"INFINITI","FX50",998,"Functional Damage",0,0,1,"Intermediate Driver License","Valid","No",25,"Dry","Accelerating in Road","Crossing Over (Passing Through) Junction","Unknown/Not Reported","Tracking","Stayed in original travel lane","SUV",0,1,0,0,0,0,1,2,0
240538,12,17,12,"Motor Vehicle In-Transport","Front-to-Front",1,2016,"NISSAN","ROGUE",998,"Disabling Damage",0,0,1,"Full Driver License","Valid","No",25,"Dry","Negotiating a Curve","Off the edge of the road on the left side","Unknown/Not Reported","Precrash stability unknown","Departed roadway","SUV",0,0,1,0,2,2,0,0,1
240539,12,22,12,"Motor Vehicle In-Transport","Front-to-Front",1,2015,"CHEVROLET","CRUZE",998,"Disabling Damage",1,0,1,"Full Driver License","Valid","No",40,"Dry","Turning Left","Turning Left","Unknown/Not Reported","Tracking","Stayed in original travel lane","4 DR",1,1,0,1,0,0,0,2,2
240539,12,22,12,"Motor Vehicle In-Transport","Front-to-Front",1,2017,"DODGE","DURANGO",998,"Disabling Damage",0,0,1,"Full Driver License","Valid","No",40,"Dry","Going Straight","From opposite direction  over left lane line","Unknown/Not Reported","Tracking","Stayed in original travel lane","SUV",0,0,0,1,2,2,0,0,1
240540,10,18,12,"Motor Vehicle In-Transport","Front-to-Front",1,2012,"HONDA","CIVIC",998,"Disabling Damage",1,0,1,"Full Driver License","Valid","No",40,"Dry","Negotiating a Curve","From opposite direction  over left lane line","No Avoidance Maneuver","Tracking","Stayed in original travel lane","2 DR",0,0,0,0,0,0,1,1,0
240541,10,13,8,"Pedestrian","The First Harmful Event was Not a Collision with a Motor Vehicle in Transport",1,2013,"NISSAN","ROGUE",998,"Disabling Damage",0,0,1,"Full Driver License","Valid","No",30,"Dry","Going Straight","Off the edge of the road on the right side","Unknown/Not Reported","Tracking","Departed roadway","SUV",0,1,0,0,0,0,1,2,0
240543,7,8,12,"Motor Vehicle In-Transport","Angle",1,2021,"LINCOLN","CORSAIR",998,"Disabling Damage",0,0,1,"Full Driver License","Valid","No",40,"Dry","Turning Left","Turning Left","Unknown/Not Reported","Tracking","Stayed in original travel lane","SUV",1,1,1,1,1,1,0,7,3
240548,6,22,8,"Pedestrian","The First Harmful Event was Not a Collision with a Motor Vehicle in Transport",99,2017,"JEEP","GRAND CHEROKEE",998,"Functional Damage",0,0,1,"Full Driver License","Valid","No",50,"Dry","Unknown","Pedestrian in road","Unknown/Not Reported","Precrash stability unknown","Stayed in original travel lane","SUV",1,0,0,1,2,2,0,0,2
240550,9,23,8,"Pedestrian","The First Harmful Event was Not a Collision with a Motor Vehicle in Transport",1,2014,"HONDA","ACCORD",998,"Functional Damage",0,0,1,"Full Driver License","Valid","No",35,"Dry","Negotiating a Curve","Pedestrian in road","Unknown/Not Reported","Tracking","Stayed in original travel lane","2 DR",0,0,0,1,0,0,1,1,1
240552,11,17,12,"Motor Vehicle In-Transport","Front-to-Front",1,2013,"CHEVROLET","CAMARO",998,"Functional Damage",0,0,1,"Full Driver License","Valid","No",30,"Dry","Turning Left","Turning Left","No Avoidance Maneuver","Tracking","Stayed in original travel lane","C",0,1,0,0,0,0,1,3,0
240554,10,20,12,"Motor Vehicle In-Transport","Front-to-Rear",1,2021,"TOYOTA","RAV4",998,"Disabling Damage",0,0,1,"Full Driver License","Valid","No",55,"Dry","Going Straight","From adjacent lane (same direction) over left lane line","No Avoidance Maneuver","Tracking","Stayed in original travel lane","SUV",0,1,1,1,1,1,0,6,2
240556,12,21,12,"Motor Vehicle In-Transport","Front-to-Front",1,2018,"HYUNDAI","ELANTRA",998,"Disabling Damage",0,0,1,"Full Driver License","Valid","No",30,"Dry","Negotiating a Curve","From opposite direction  over left lane line","Unknown/Not Reported","Tracking","Stayed in original travel lane","4 DR",1,2,1,1,2,2,0,0,3
240559,4,22,12,"Motor Vehicle In-Transport","Angle",2,2014,"TOYOTA","PRIUS C",998,"Disabling Damage",1,0,1,"Full Driver License","Valid","No",30,"Dry","Turning Left","From opposite direction  over right lane line","Unknown/Not Reported","Tracking","Stayed in original travel lane","5 HB",0,0,0,0,0,0,1,1,0
240561,12,17,12,"Motor Vehicle In-Transport","Angle",2,2019,"KIA","RIO",998,"Disabling Damage",1,0,1,"Full Driver License","Valid","No",40,"Dry","Going Straight","Crossing Over (Passing Through) Junction","Unknown/Not Reported","Tracking","Stayed in original travel lane","4 DR",0,1,0,0,2,2,0,1,0
240562,6,17,12,"Motor Vehicle In-Transport","Front-to-Front",1,2020,"TOYOTA","SIENNA",998,"Functional Damage",0,0,1,"Full Driver License","Valid","No",50,"Dry","Decelerating in Road","Over the lane line on left side of travel lane","Unknown/Not Reported","Tracking","Departed roadway","VAN",0,2,1,1,1,1,0,5,2
240565,11,17,8,"Pedestrian","The First Harmful Event was Not a Collision with a Motor Vehicle in Transport",1,2014,"RAM","1500",998,"Minor Damage",0,0,1,"Full Driver License","Valid","No",40,"Dry","Going Straight","Pedestrian in road","Unknown/Not Reported","Tracking","Stayed in original travel lane","PU/RC",0,1,0,0,0,0,1,2,0
240566,5,15,12,"Motor Vehicle In-Transport","Front-to-Rear",1,2017,"INFINITI","QX80",0,"Functional Damage",0,0,1,"Full Driver License","Valid","No",30,"Dry","Stopped in Roadway","Traveling in same direction with higher speed","No Avoidance Maneuver","Tracking","Stayed in original travel lane","SUV",1,0,0,1,2,2,0,1,2
240569,1,9,8,"Pedestrian","The First Harmful Event was Not a Collision with a Motor Vehicle in Transport",1,2017,"FORD","FUSION",998,"Minor Damage",0,0,1,"Full Driver License","Valid","No",45,"Dry","Going Straight","Pedestrian in road","Unknown/Not Reported","Tracking","Stayed in original travel lane","4 DR",1,1,0,1,2,2,0,2,2
240571,1,18,12,"Motor Vehicle In-Transport","Angle",1,2013,"CHEVROLET","EQUINOX",998,"Functional Damage",0,0,1,"Full Driver License","Valid","No",30,"Dry","Turning Left","Turning Left","Unknown/Not Reported","Tracking","Stayed in original travel lane","SUV",0,1,1,1,0,0,1,3,2
240579,7,19,33,"Curb","The First Harmful Event was Not a Collision with a Motor Vehicle in Transport",2,2022,"TOYOTA","PRIUS",998,"Disabling Damage",2,0,1,"Full Driver License","Valid","No",50,"Dry","Negotiating a Curve","From Parking Lane/Shoulder, Median/Crossover, Roadside","Unknown/Not Reported","Tracking","Stayed in original travel lane","5 HB",0,1,1,1,1,1,0,6,2
240580,10,6,12,"Motor Vehicle In-Transport","Front-to-Front",1,2016,"TOYOTA","CAMRY",998,"Disabling Damage",1,0,1,"Full Driver License","Valid","No",40,"Dry","Going Straight","From opposite direction  over left lane line","Unknown/Not Reported","Tracking","Stayed in original travel lane","4 DR",0,1,0,0,2,2,0,1,0
240582,12,17,8,"Pedestrian","The First Harmful Event was Not a Collision with a Motor Vehicle in Transport",1,2011,"HONDA","CR-V",998,"Minor Damage",0,0,1,"Full Driver License","Valid","No",40,"Dry","Decelerating in Road","Turning Left","Unknown/Not Reported","Tracking","Stayed in original travel lane","SUV",0,1,0,0,0,0,1,2,0
240583,11,19,12,"Motor Vehicle In-Transport","Angle",3,2013,"FORD","FUSION",998,"Disabling Damage",0,0,1,"Full Driver License","Valid","No",35,"Dry","Turning Left","In crossover","No Avoidance Maneuver","Tracking","Stayed in original travel lane","4 DR",1,1,1,1,0,0,1,2,3
240584,12,7,12,"Motor Vehicle In-Transport","Angle",1,2013,"VOLKSWAGEN","PASSAT",998,"Functional Damage",0,0,1,"Full Driver License","Valid","No",35,"Dry","Turning Right","Turning Right","Unknown/Not Reported","Tracking","Stayed in original travel lane","4 DR",0,1,0,0,0,0,1,2,0
240584,12,7,12,"Motor Vehicle In-Transport","Angle",2,2013,"TOYOTA","AVALON",0,"Disabling Damage",1,0,1,"Full Driver License","Valid","No",35,"Dry","Stopped in Roadway","From opposite direction  over left lane line","No Avoidance Maneuver","Tracking","Stayed in original travel lane","4 DR",0,0,1,0,2,2,1,1,1
240584,12,7,12,"Motor Vehicle In-Transport","Angle",1,2018,"HYUNDAI","SONATA",0,"Functional Damage",0,0,1,"Full Driver License","Valid","No",35,"Dry","Stopped in Roadway","From opposite direction  over left lane line","No Avoidance Maneuver","Tracking","Stayed in original travel lane","4 DR",1,2,1,1,2,2,0,2,3
240586,10,15,12,"Motor Vehicle In-Transport","Angle",2,2017,"TOYOTA","COROLLA",998,"Disabling Damage",1,0,1,"Full Driver License","Valid","No",30,"Dry","Going Straight","Crossing Over (Passing Through) Junction","No Avoidance Maneuver","Tracking","Stayed in original travel lane","4 DR",0,1,1,1,2,2,0,2,2
240588,8,22,12,"Motor Vehicle In-Transport","Front-to-Rear",1,2012,"CHEVROLET","SONIC",998,"Disabling Damage",0,0,1,"Full Driver License","Valid","No",55,"Dry","Going Straight","Traveling in same direction with higher speed","No Avoidance Maneuver","Tracking","Stayed in original travel lane","5 HB",0,0,0,0,0,0,1,2,0
250001,1,13,24,"Guardrail Face","The First Harmful Event was Not a Collision with a Motor Vehicle in Transport",2,2019,"SUBARU","IMPREZA",998,"Disabling Damage",1,0,1,"Full Driver License","Valid","No",65,"Dry","Going Straight","From opposite direction  over left lane line","Unknown/Not Reported","Tracking","Stayed in original travel lane","SW",0,0,1,1,2,2,0,0,2
250003,1,18,14,"Parked Motor Vehicle","The First Harmful Event was Not a Collision with a Motor Vehicle in Transport",1,2017,"TOYOTA","RAV4",998,"Disabling Damage",0,0,1,"Full Driver License","Valid","No",30,"Dry","Going Straight","From opposite direction  over left lane line","Unknown/Not Reported","Tracking","Stayed in original travel lane","SUV",0,1,0,1,2,2,0,1,1
250007,1,17,12,"Motor Vehicle In-Transport","Sideswipe - Same Direction",1,2015,"TOYOTA","TUNDRA",998,"Damage Reported, Extent Unknown",0,0,1,"Full Driver License","Valid","No",55,"Dry","Going Straight","From adjacent lane (same direction) over right lane line","Unknown/Not Reported","Tracking","Stayed in original travel lane","PU/RC",1,0,0,0,0,0,0,0,1
250010,1,16,8,"Pedestrian","The First Harmful Event was Not a Collision with a Motor Vehicle in Transport",1,2013,"MAZDA","CX-5",998,"Minor Damage",0,0,1,"Full Driver License","Valid","No",35,"Dry","Accelerating in Road","Pedestrian in road","No Avoidance Maneuver","Tracking","Stayed in original travel lane","SUV",0,1,0,0,0,0,1,2,0
250021,1,9,8,"Pedestrian","The First Harmful Event was Not a Collision with a Motor Vehicle in Transport",1,2015,"TOYOTA","YARIS",34,"Disabling Damage",0,0,1,"Full Driver License","Valid","No",25,"Dry","Going Straight","Pedestrian in road","No Avoidance Maneuver","Tracking","Stayed in original travel lane","3 HB",0,0,0,0,0,0,0,0,0
250022,2,15,30,"Utility Pole/Light Support","The First Harmful Event was Not a Collision with a Motor Vehicle in Transport",1,2017,"HYUNDAI","SONATA",998,"Damage Reported, Extent Unknown",1,0,1,"Full Driver License","Valid","No",35,"Dry","Going Straight","Unknown travel direction","Unknown/Not Reported","Tracking","Departed roadway","4 DR",0,1,0,1,2,2,0,2,1
250023,2,11,16,"Thrown or Falling Object","The First Harmful Event was Not a Collision with a Motor Vehicle in Transport",2,2021,"NISSAN","ROGUE",998,"Disabling Damage",1,0,1,"Full Driver License","Valid","No",30,"Dry","Going Straight","Other critical precrash event (specify:)","Unknown/Not Reported","Tracking","Stayed in original travel lane","SUV",1,0,1,1,1,1,0,5,3
250028,2,17,8,"Pedestrian","The First Harmful Event was Not a Collision with a Motor Vehicle in Transport",1,2013,"HYUNDAI","ELANTRA",38,"Disabling Damage",0,0,1,"Full Driver License","Valid","No",40,"Dry","Going Straight","Pedestrian in road","Unknown/Not Reported","Tracking","Stayed in original travel lane","2 DR",0,1,0,0,0,0,1,2,0
250031,2,16,12,"Motor Vehicle In-Transport","Front-to-Front",3,2011,"FORD","FOCUS",998,"Disabling Damage",1,0,1,"Full Driver License","Valid","No",35,"Dry","Going Straight","From opposite direction  over left lane line","Unknown/Not Reported","Tracking","Stayed in original travel lane","2 DR",0,2,0,0,0,0,1,1,0
250033,2,21,24,"Guardrail Face","The First Harmful Event was Not a Collision with a Motor Vehicle in Transport",2,2016,"NISSAN","ROGUE",77,"Disabling Damage",1,0,1,"Full Driver License","Valid","No",65,"Dry","Going Straight","Off the edge of the road on the right side","Unknown/Not Reported","Tracking","Departed roadway","SUV",1,0,1,0,2,2,0,0,2
250036,2,9,12,"Motor Vehicle In-Transport","Angle",1,2014,"NISSAN","PATHFINDER",998,"Disabling Damage",0,0,1,"Full Driver License","Valid","No",40,"Dry","Going Straight","From crossing street, turning into opposite direction","Unknown/Not Reported","Tracking","Stayed in original travel lane","SUV",0,0,0,0,0,0,1,1,0
250038,2,9,12,"Motor Vehicle In-Transport","Angle",1,2015,"JEEP","GRAND CHEROKEE",998,"Disabling Damage",0,0,1,"Full Driver License","Valid","No",30,"Dry","Turning Left","Turning Left","Unknown/Not Reported","Tracking","Stayed on roadway, not known if left original travel lane","SUV",0,0,0,0,0,0,0,0,0
250038,2,9,12,"Motor Vehicle In-Transport","Angle",2,2014,"HONDA","CR-V",998,"Disabling Damage",1,0,1,"Full Driver License","Valid","No",30,"Dry","Going Straight","From opposite direction  over left lane line","Unknown/Not Reported","Tracking","Stayed in original travel lane","SUV",0,0,0,0,0,0,1,1,0
250042,2,4,8,"Pedestrian","The First Harmful Event was Not a Collision with a Motor Vehicle in Transport",1,2016,"SUBARU","IMPREZA",998,"Disabling Damage",0,0,1,"Full Driver License","Valid","No",25,"Dry","Going Straight","Pedestrian in road","Unknown/Not Reported","Tracking","Stayed in original travel lane","4 DR",0,0,1,0,2,2,0,0,1
250045,2,3,31,"Post, Pole or Other Supports","The First Harmful Event was Not a Collision with a Motor Vehicle in Transport",1,2014,"NISSAN","MURANO",998,"Disabling Damage",1,0,1,"Full Driver License","Valid","No",65,"Dry","Going Straight","Off the edge of the road on the left side","No Avoidance Maneuver","Tracking","Departed roadway","SUV",1,1,0,1,0,0,1,2,2
250047,2,18,8,"Pedestrian","The First Harmful Event was Not a Collision with a Motor Vehicle in Transport",1,2012,"HYUNDAI","VELOSTER",998,"Disabling Damage",0,0,1,"Full Driver License","Valid","No",40,"Dry","Going Straight","Pedestrian in road","Unknown/Not Reported","Tracking","Stayed in original travel lane","2 DR",0,0,0,0,0,0,1,2,0
250050,3,17,12,"Motor Vehicle In-Transport","Angle",1,2020,"HONDA","CIVIC",9,"Disabling Damage",1,0,1,"Full Driver License","Valid","No",45,"Dry","Turning Left","Turning Left","Unknown/Not Reported","Tracking","Stayed in original travel lane","4 DR",0,1,1,1,1,1,0,5,2
250051,3,19,8,"Pedestrian","The First Harmful Event was Not a Collision with a Motor Vehicle in Transport",1,2018,"HONDA","ACCORD",32,"Damage Reported, Extent Unknown",0,0,1,"Intermediate Driver License","Valid","No",40,"Dry","Going Straight","Pedestrian in road","Unknown/Not Reported","Tracking","Stayed in original travel lane","4 DR",1,1,1,1,1,1,0,5,3
250052,3,19,12,"Motor Vehicle In-Transport","Front-to-Front",1,2015,"ACURA","MDX",998,"Damage Reported, Extent Unknown",0,0,1,"Full Driver License","Valid","No",45,"Dry","Going Straight","Traveling in opposite direction","Unknown/Not Reported","Tracking","Stayed in original travel lane","SUV",1,1,0,1,2,2,0,2,2
250053,3,23,42,"Tree (Standing Only)","The First Harmful Event was Not a Collision with a Motor Vehicle in Transport",1,2012,"KIA","FORTE",998,"Disabling Damage",1,0,1,"Full Driver License","Valid","No",65,"Dry","Going Straight","Unknown cause of control loss","Unknown/Not Reported","Precrash stability unknown","Departed roadway","4 DR",0,0,0,0,0,0,1,1,0
250054,3,8,12,"Motor Vehicle In-Transport","Sideswipe - Same Direction",1,2021,"HYUNDAI","VENUE",998,"Disabling Damage",0,0,1,"Full Driver License","Valid","No",65,"Dry","Going Straight","From adjacent lane (same direction) over left lane line","Unknown/Not Reported","Tracking","Stayed in original travel lane","SUV",0,0,1,1,1,1,0,4,2
250054,3,8,12,"Motor Vehicle In-Transport","Sideswipe - Same Direction",1,2012,"CHEVROLET","COLORADO",998,"Damage Reported, Extent Unknown",0,0,1,"Full Driver License","Valid","No",65,"Dry","Going Straight","From adjacent lane (same direction) over left lane line","Unknown/Not Reported","Tracking","Stayed in original travel lane","PU/EC",0,0,0,0,0,0,1,2,0
250054,3,8,12,"Motor Vehicle In-Transport","Sideswipe - Same Direction",1,2012,"HYUNDAI","ELANTRA",998,"Damage Reported, Extent Unknown",0,0,1,"Full Driver License","Valid","No",65,"Dry","Going Straight","From adjacent lane (same direction) over left lane line","Unknown/Not Reported","Tracking","Stayed in original travel lane","4 DR",0,0,0,0,0,0,1,1,0
250058,3,9,12,"Motor Vehicle In-Transport","Front-to-Rear",2,2013,"TOYOTA","VENZA",998,"Disabling Damage",1,0,1,"Full Driver License","Valid","No",65,"Dry","Going Straight","Traveling in same direction with lower steady speed","Unknown/Not Reported","Tracking","Stayed in original travel lane","SUV",0,1,0,0,0,0,1,2,0
250060,3,9,8,"Pedestrian","The First Harmful Event was Not a Collision with a Motor Vehicle in Transport",1,2015,"NISSAN","VERSA NOTE",998,"Damage Reported, Extent Unknown",0,0,1,"Full Driver License","Valid","No",30,"Dry","Going Straight","Pedestrian in road","No Avoidance Maneuver","Tracking","Stayed in original travel lane","5 HB",0,0,0,0,0,0,0,0,0
250061,3,19,12,"Motor Vehicle In-Transport","Front-to-Front",2,2021,"TOYOTA","TACOMA",998,"Disabling Damage",1,0,1,"Full Driver License","Valid","No",40,"Dry","Turning Left","Turning Left","Unknown/Not Reported","Tracking","Stayed in original travel lane","PU/CC",1,2,1,1,1,1,0,5,3
250061,3,19,12,"Motor Vehicle In-Transport","Front-to-Front",1,2012,"HYUNDAI","ELANTRA",998,"Disabling Damage",0,0,1,"Full Driver License","Valid","No",40,"Dry","Going Straight","From opposite direction  over left lane line","Unknown/Not Reported","Tracking","Stayed in original travel lane","4 DR",0,0,0,0,0,0,1,1,0
250067,4,21,12,"Motor Vehicle In-Transport","Front-to-Rear",1,2015,"HONDA","ACCORD",0,"Disabling Damage",1,0,1,"Full Driver License","Valid","No",65,"Dry","Disabled or ""Parked"" in Travel lane","Traveling in same direction with higher speed","No Avoidance Maneuver","Tracking","Stayed in original travel lane","4 DR",0,1,0,1,0,0,0,2,1
250073,4,13,32,"Culvert","The First Harmful Event was Not a Collision with a Motor Vehicle in Transport",1,2015,"KIA","OPTIMA",998,"Disabling Damage",1,0,1,"Full Driver License","Valid","No",40,"Dry","Going Straight","Off the edge of the road on the right side","Unknown/Not Reported","Tracking","Departed roadway","4 DR",0,1,0,0,0,0,0,1,0
250074,4,13,12,"Motor Vehicle In-Transport","Angle",2,2023,"JEEP","GRAND CHEROKEE",998,"Disabling Damage",0,0,1,"Full Driver License","Valid","No",50,"Dry","Making a U-turn","Making a U-Turn","Unknown/Not Reported","Tracking","Entered roadway","SUV",1,0,1,1,1,1,0,5,3
250076,4,8,24,"Guardrail Face","The First Harmful Event was Not a Collision with a Motor Vehicle in Transport",5,2011,"CHEVROLET","TAHOE",998,"Disabling Damage",1,0,1,"Full Driver License","Valid","No",65,"Dry","Going Straight","Off the edge of the road on the left side","Unknown/Not Reported","Precrash stability unknown","Departed roadway","SUV",0,0,0,0,0,0,1,2,0