"SERIAL_CRASH","MONTH","HOUR","HARM_EV","HARM_EVNAME","TYPE_OF_COLLIOSION","NUM_OF_PEOPLE","MOD_YEAR","VPICMAKENAME","VPICMODELNAME","TRAV_SP","DEFORMEDNAME","DEATHS","DR_DRINK","IS_DRIVER_PRESENT","L_TYPENAME","L_STATUSNAME","SPEEDRELNAME","VSPD_LIM","VSURCONDNAME","P_CRASH1NAME","P_CRASH2NAME","P_CRASH3NAME","PCRASH4NAME","PCRASH5NAME","BODY_STYLE","BLIND_SPOT_DETECTION","ARS","FRNT_COLLISION_WARNING","LANE_DEPARTURE_WARNING","CRASH_IMMINENT_BRAKE","DYNAMIC_BRAKE_SUPPORT","NHTSA_ESC","SAFETY_COUNT","notification_count"
260291,5,9,12,"Motor Vehicle In-Transport","Angle",3,2017,"BUICK","ENVISION",998,"Disabling Damage",2,0,1,"Full Driver License","Valid","No",98,"Dry","Going Straight","Crossing Over (Passing Through) Junction","Unknown/Not Reported","Tracking","Stayed in original travel lane","SUV",1,1,1,1,2,2,0,5,3
260296,5,20,12,"Motor Vehicle In-Transport","Front-to-Rear",2,2012,"HYUNDAI","VELOSTER",998,"Disabling Damage",1,0,1,"Full Driver License","Valid","No",70,"Dry","Passing or Overtaking Another Vehicle","Traveling in same direction with lower steady speed","Unknown/Not Reported","Tracking","Stayed on roadway, but left original travel lane","2 DR",0,0,0,0,0,0,1,2,0
260296,5,20,12,"Motor Vehicle In-Transport","Front-to-Rear",1,2012,"BUICK","ENCLAVE",998,"Disabling Damage",0,0,1,"Full Driver License","Valid","No",70,"Dry","Going Straight","From Parking Lane/Shoulder, Median/Crossover, Roadside","Unknown/Not Reported","Tracking","Stayed in original travel lane","SUV",0,1,0,0,0,0,1,3,0
260298,5,4,12,"Motor Vehicle In-Transport","Front-to-Front",2,2019,"CADILLAC","XT5",998,"Disabling Damage",0,0,1,"Full Driver License","Valid","No",55,"Dry","Going Straight","Traveling in opposite direction","Unknown/Not Reported","Tracking","Stayed in original travel lane","SUV",0,1,1,1,2,2,0,2,2
260299,5,22,12,"Motor Vehicle In-Transport","Front-to-Front",3,2016,"BUICK","LACROSSE",998,"Disabling Damage",2,0,1,"Full Driver License","Valid","No",70,"Dry","Negotiating a Curve","Traveling in opposite direction","Unknown/Not Reported","Tracking","Stayed in original travel lane","4 DR",0,1,0,1,2,0,0,2,1
260300,5,6,12,"Motor Vehicle In-Transport","Front-to-Front",2,2022,"SUBARU","OUTBACK",998,"Disabling Damage",1,0,1,"Full Driver License","Valid","No",55,"Dry","Going Straight","From opposite direction  over left lane line","Unknown/Not Reported","Tracking","Stayed in original travel lane","SW",0,1,1,1,1,1,0,5,2
260300,5,6,12,"Motor Vehicle In-Transport","Front-to-Front",1,2015,"DODGE","JOURNEY",998,"Disabling Damage",0,0,1,"Full Driver License","Valid","No",55,"Dry","Going Straight","Over the lane line on left side of travel lane","No Avoidance Maneuver","Tracking","Stayed on roadway, but left original travel lane","SUV",0,0,0,0,0,0,0,0,0
260313,5,15,54,"Motor Vehicle In-Transport Strikes or is Struck by Cargo, Persons or Objects Set-in-Motion from/by Another Motor Vehicle In Transport","Other",1,2014,"FORD","FUSION",998,"Functional Damage",0,0,1,"Full Driver License","Valid","No",55,"Dry","Going Straight","Other critical precrash event (specify:)","Braking and steering right","Tracking","Stayed in original travel lane","4 DR",0,1,0,1,0,0,1,2,1
260315,5,13,12,"Motor Vehicle In-Transport","Front-to-Rear",1,2017,"TOYOTA","RAV4",998,"Disabling Damage",0,0,1,"Full Driver License","Valid","No",55,"Dry","Going Straight","Traveling in same direction with lower steady speed","Unknown/Not Reported","Tracking","Stayed in original travel lane","SUV",1,1,0,1,2,2,0,1,2
260318,5,22,12,"Motor Vehicle In-Transport","Angle",1,2023,"CHEVROLET","TRAVERSE",998,"Disabling Damage",0,0,1,"Full Driver License","Valid","No",55,"Dry","Turning Left","Turning Left","Unknown/Not Reported","Tracking","Stayed in original travel lane","SUV",0,0,1,1,1,1,0,4,2
260319,5,15,12,"Motor Vehicle In-Transport","Front-to-Front",1,2012,"FORD","FOCUS",998,"Disabling Damage",1,0,1,"Full Driver License","Valid","No",35,"Dry","Going Straight","From opposite direction  over left lane line","Unknown/Not Reported","Tracking","Stayed in original travel lane","5 HB",0,1,0,0,0,0,1,2,0
260321,5,13,8,"Pedestrian","The First Harmful Event was Not a Collision with a Motor Vehicle in Transport",1,2016,"JEEP","RENEGADE",998,"Disabling Damage",0,0,1,"Full Driver License","Valid","No",45,"Dry","Going Straight","Pedestrian in road","Unknown/Not Reported","Tracking","Stayed in original travel lane","SUV",0,1,1,0,0,0,0,1,1
260329,5,16,12,"Motor Vehicle In-Transport","Angle",1,2020,"NISSAN","ROGUE",998,"Functional Damage",0,0,1,"Full Driver License","Valid","No",45,"Dry","Going Straight","From adjacent lane (same direction) over right lane line","Unknown/Not Reported","Precrash stability unknown","Unknown","SUV",1,1,1,1,1,1,0,6,3
260330,5,18,12,"Motor Vehicle In-Transport","Front-to-Front",1,2013,"KIA","SORENTO",998,"Disabling Damage",1,0,1,"Full Driver License","Valid","No",45,"Dry","Going Straight","From opposite direction  over left lane line","Unknown/Not Reported","Tracking","Stayed in original travel lane","SUV",0,1,0,0,0,0,1,2,0
260332,5,15,12,"Motor Vehicle In-Transport","Angle",3,2013,"FORD","FLEX",998,"Disabling Damage",0,0,1,"Full Driver License","Valid","No",40,"Dry","Turning Left","Turning Left","Unknown/Not Reported","Tracking","Stayed in original travel lane","SUV",0,0,0,0,0,0,1,1,0
260338,5,17,12,"Motor Vehicle In-Transport","Front-to-Front",1,2023,"CHEVROLET","CORVETTE",998,"Disabling Damage",0,0,1,"Full Driver License","Valid","No",45,"Dry","Turning Left","Turning Left","Unknown/Not Reported","Tracking","Stayed in original travel lane","C",0,1,0,0,0,0,0,1,0
260341,5,11,12,"Motor Vehicle In-Transport","Angle",1,2016,"NISSAN","SENTRA",998,"Disabling Damage",0,0,1,"Full Driver License","Valid","No",65,"Dry","Going Straight","From crossing street, across path","Unknown/Not Reported","Tracking","Stayed in original travel lane","4 DR",1,0,0,0,2,2,0,0,1
260342,3,23,12,"Motor Vehicle In-Transport","Angle",1,2022,"FORD","EDGE",998,"Disabling Damage",0,0,1,"Full Driver License","Valid","No",98,"Dry","Going Straight","From crossing street, across path","Unknown/Not Reported","Tracking","Stayed in original travel lane","SUV",1,0,1,1,1,1,0,6,3
260346,6,6,12,"Motor Vehicle In-Transport","Angle",1,2013,"HYUNDAI","SONATA",998,"Disabling Damage",1,0,1,"Full Driver License","Valid","No",55,"Dry","Going Straight","Crossing Over (Passing Through) Junction","Unknown/Not Reported","Tracking","Stayed in original travel lane","4 DR",0,1,0,0,0,0,1,2,0
260348,6,21,8,"Pedestrian","The First Harmful Event was Not a Collision with a Motor Vehicle in Transport",1,2020,"GMC","TERRAIN",998,"No Damage",0,0,1,"Full Driver License","Valid","No",25,"Dry","Negotiating a Curve","Pedestrian in road","No Avoidance Maneuver","Tracking","Stayed in original travel lane","SUV",0,0,1,1,1,1,0,5,2
260350,6,9,12,"Motor Vehicle In-Transport","Angle",2,2012,"CHEVROLET","EQUINOX",998,"Disabling Damage",1,0,1,"Full Driver License","Valid","No",55,"Dry","Going Straight","Crossing Over (Passing Through) Junction","Unknown/Not Reported","Tracking","Stayed in original travel lane","SUV",0,0,0,0,0,0,1,2,0
260355,6,10,12,"Motor Vehicle In-Transport","Angle",1,2018,"RAM","2500",998,"Minor Damage",0,0,1,"Full Driver License","Valid","No",55,"Dry","Turning Left","Turning Left","Unknown/Not Reported","Tracking","Stayed in original travel lane","PU/EC",0,0,0,0,0,0,0,0,0
260358,6,17,12,"Motor Vehicle In-Transport","Front-to-Rear",1,2022,"FORD","BRONCO SPORT",998,"Minor Damage",0,0,1,"Full Driver License","Valid","No",70,"Dry","Going Straight","Traveling in same direction with higher speed","Unknown/Not Reported","Tracking","Stayed in original travel lane","SUV",1,2,1,1,1,1,0,6,3
260358,6,17,12,"Motor Vehicle In-Transport","Front-to-Rear",3,2017,"FORD","FUSION",998,"Functional Damage",1,0,1,"Full Driver License","Valid","No",70,"Dry","Going Straight","From adjacent lane (same direction) over left lane line","Unknown/Not Reported","Tracking","Stayed in original travel lane","4 DR",0,1,0,0,2,2,0,2,0
260364,6,7,12,"Motor Vehicle In-Transport","Angle",1,2017,"VOLKSWAGEN","PASSAT",998,"Disabling Damage",0,0,1,"Full Driver License","Valid","No",45,"Dry","Going Straight","From crossing street, across path","Steering left","Tracking","Stayed in original travel lane","4 DR",1,1,1,0,2,2,0,3,2
260381,6,14,8,"Pedestrian","The First Harmful Event was Not a Collision with a Motor Vehicle in Transport",3,2011,"FORD","TAURUS",998,"No Damage",0,0,1,"Full Driver License","Valid","No",25,"Dry","Going Straight","Pedestrian in road","Unknown/Not Reported","Tracking","Stayed in original travel lane","4 DR",1,1,0,0,0,0,1,2,1
260382,6,14,12,"Motor Vehicle In-Transport","Front-to-Front",1,2014,"TOYOTA","RAV4",998,"Disabling Damage",1,0,1,"Full Driver License","Valid","No",55,"Dry","Going Straight","From opposite direction  over left lane line","Unknown/Not Reported","Tracking","Stayed in original travel lane","SUV",0,0,0,0,0,0,1,1,0
260384,6,13,12,"Motor Vehicle In-Transport","Angle",1,2016,"BUICK","REGAL",998,"Disabling Damage",1,0,1,"Full Driver License","Valid","No",55,"Dry","Starting in Road","Crossing Over (Passing Through) Junction","Unknown/Not Reported","Tracking","Stayed in original travel lane","4 DR",1,1,0,0,2,0,0,2,1
260385,6,5,12,"Motor Vehicle In-Transport","Front-to-Front",1,2017,"DODGE","JOURNEY",998,"Disabling Damage",0,0,1,"Full Driver License","Valid","No",50,"Dry","Going Straight","From opposite direction  over left lane line","Unknown/Not Reported","Tracking","Stayed in original travel lane","SUV",0,0,0,0,0,0,0,0,0
260386,6,5,8,"Pedestrian","The First Harmful Event was Not a Collision with a Motor Vehicle in Transport",1,2021,"JEEP","COMPASS",998,"Disabling Damage",0,0,1,"Full Driver License","Valid","No",35,"Dry","Going Straight","Pedestrian in road","Unknown/Not Reported","Tracking","Stayed in original travel lane","SUV",0,1,0,0,2,2,0,1,0
260400,6,15,12,"Motor Vehicle In-Transport","Angle",2,2014,"FORD","EDGE",998,"Disabling Damage",1,0,1,"Full Driver License","Valid","No",98,"Dry","Going Straight","Crossing Over (Passing Through) Junction","Unknown/Not Reported","Tracking","Stayed in original travel lane","SUV",0,0,1,0,0,0,1,1,1
260405,6,16,12,"Motor Vehicle In-Transport","Angle",1,2020,"CHEVROLET","TRAVERSE",998,"Functional Damage",0,0,1,"Full Driver License","Valid","No",35,"Dry","Turning Left","Turning Left","No Avoidance Maneuver","Tracking","Stayed in original travel lane","SUV",0,0,1,0,2,2,0,1,1
260406,6,10,25,"Concrete Traffic Barrier","The First Harmful Event was Not a Collision with a Motor Vehicle in Transport",1,2015,"VOLKSWAGEN","BEETLE",998,"Minor Damage",0,0,1,"Full Driver License","Valid","No",70,"Dry","Going Straight","From adjacent lane (same direction) over right lane line","Unknown/Not Reported","Tracking","Stayed in original travel lane","C",1,1,0,0,0,0,0,1,1
260407,6,13,12,"Motor Vehicle In-Transport","Sideswipe - Opposite Direction",1,2012,"CHEVROLET","CAMARO",998,"Disabling Damage",1,0,1,"Full Driver License","Valid","No",55,"Dry","Going Straight","Over the lane line on left side of travel lane","Unknown/Not Reported","Tracking","Stayed on roadway, but left original travel lane","2 DR",0,1,0,0,0,0,1,3,0
260409,6,16,30,"Utility Pole/Light Support","The First Harmful Event was Not a Collision with a Motor Vehicle in Transport",1,2012,"FORD","FOCUS",998,"Disabling Damage",0,0,1,"Full Driver License","Valid","No",45,"Dry","Going Straight","Off the edge of the road on the right side","Unknown/Not Reported","Tracking","Departed roadway","5 HB",0,1,0,0,0,0,1,2,0
260412,6,5,8,"Pedestrian","The First Harmful Event was Not a Collision with a Motor Vehicle in Transport",1,2013,"FORD","TAURUS",998,"Minor Damage",0,0,1,"Full Driver License","Valid","No",50,"Dry","Going Straight","Pedestrian in road","Unknown/Not Reported","Tracking","Stayed in original travel lane","4 DR",1,0,1,0,0,0,1,1,2
260424,6,0,45,"Working Motor Vehicle","The First Harmful Event was Not a Collision with a Motor Vehicle in Transport",2,2014,"CHEVROLET","TRAVERSE",998,"Disabling Damage",0,0,1,"Full Driver License","Valid","No",45,"Dry","Going Straight","Traveling in same direction with higher speed","No Avoidance Maneuver","Tracking","Stayed in original travel lane","SUV",0,1,1,0,0,0,1,3,1
260425,6,23,12,"Motor Vehicle In-Transport","Front-to-Rear",1,2018,"CHEVROLET","COLORADO",998,"Functional Damage",0,0,1,"Full Driver License","Valid","No",55,"Dry","Going Straight","Traveling in same direction with higher speed","No Avoidance Maneuver","Tracking","Stayed in original travel lane","PU/EC",0,1,1,1,0,0,0,1,2
260427,6,18,12,"Motor Vehicle In-Transport","Front-to-Front",3,2011,"FORD","ESCAPE",998,"Disabling Damage",1,0,1,"Full Driver License","Valid","No",45,"Dry","Going Straight","Over the lane line on left side of travel lane","Unknown/Not Reported","Tracking","Stayed on roadway, but left original travel lane","SUV",0,0,0,0,0,0,1,1,0
260427,6,18,12,"Motor Vehicle In-Transport","Front-to-Front",2,2014,"FORD","EXPLORER",998,"Disabling Damage",0,0,1,"Full Driver License","Valid","No",45,"Dry","Going Straight","From opposite direction  over left lane line","Unknown/Not Reported","Tracking","Stayed in original travel lane","SUV",0,0,0,0,0,0,1,1,0
260432,6,18,12,"Motor Vehicle In-Transport","Angle",1,2019,"FORD","FIESTA",998,"Disabling Damage",1,0,1,"Full Driver License","Valid","No",35,"Dry","Turning Right","Turning Right","Unknown/Not Reported","Tracking","Stayed in original travel lane","4 DR",0,0,0,0,0,0,0,0,0
260435,6,15,12,"Motor Vehicle In-Transport","Front-to-Front",2,2014,"DODGE","DURANGO",998,"Disabling Damage",1,0,1,"Full Driver License","Valid","No",40,"Dry","Going Straight","Over the lane line on left side of travel lane","Unknown/Not Reported","Tracking","Stayed on roadway, but left original travel lane","SUV",0,1,1,0,2,2,1,2,1
260435,6,15,12,"Motor Vehicle In-Transport","Front-to-Front",1,2022,"CHEVROLET","TRAILBLAZER",998,"Disabling Damage",0,0,1,"Full Driver License","Valid","No",40,"Dry","Going Straight","From opposite direction  over left lane line","Unknown/Not Reported","Tracking","Stayed in original travel lane","SUV",1,1,1,1,1,1,0,6,3
260435,6,15,12,"Motor Vehicle In-Transport","Front-to-Front",1,2022,"KIA","SPORTAGE",998,"Disabling Damage",0,0,1,"Full Driver License","Valid","No",40,"Dry","Going Straight","From adjacent lane (same direction) over left lane line","Unknown/Not Reported","Tracking","Stayed in original travel lane","SUV",0,2,1,1,1,1,0,4,2
260443,7,18,12,"Motor Vehicle In-Transport","Angle",2,2016,"FORD","FUSION",998,"Disabling Damage",0,0,1,"Full Driver License","Valid","No",55,"Dry","Going Straight","Crossing Over (Passing Through) Junction","Unknown/Not Reported","Tracking","Stayed in original travel lane","4 DR",1,1,1,1,0,0,0,1,3
260455,7,20,12,"Motor Vehicle In-Transport","Front-to-Front",2,2012,"GMC","ACADIA",998,"Disabling Damage",0,0,1,"Full Driver License","Valid","No",55,"Dry","Going Straight","From opposite direction  over left lane line","Unknown/Not Reported","Tracking","Stayed in original travel lane","SUV",0,1,0,0,0,0,1,3,0
260456,7,14,5,"Fell/Jumped from Vehicle","The First Harmful Event was Not a Collision with a Motor Vehicle in Transport",2,2013,"CHEVROLET","TRAVERSE",0,"No Damage",1,0,1,"Full Driver License","Valid","No",15,"Dry","Stopped in Roadway","Other critical precrash event (specify:)","No Avoidance Maneuver","Tracking","Stayed in original travel lane","SUV",0,1,0,0,0,0,1,3,0
260457,7,15,12,"Motor Vehicle In-Transport","Front-to-Front",1,2012,"CHEVROLET","CRUZE",998,"Disabling Damage",1,0,1,"Full Driver License","Valid","No",55,"Dry","Passing or Overtaking Another Vehicle","Over the lane line on left side of travel lane","Unknown/Not Reported","Tracking","Stayed on roadway, but left original travel lane","4 DR",0,0,0,0,0,0,1,2,0
260460,7,16,8,"Pedestrian","The First Harmful Event was Not a Collision with a Motor Vehicle in Transport",1,2019,"MERCEDES-BENZ","E-CLASS",998,"Minor Damage",0,0,1,"Full Driver License","Valid","No",45,"Dry","Going Straight","Pedestrian in road","No Avoidance Maneuver","Tracking","Stayed in original travel lane","2 DR",0,1,1,1,1,1,0,5,2
260461,7,16,12,"Motor Vehicle In-Transport","Angle",1,2022,"FORD","MAVERICK",998,"Disabling Damage",0,0,1,"Full Driver License","Valid","No",55,"Dry","Leaving a Parking Position","Traveling in opposite direction","Unknown/Not Reported","Tracking","Entered roadway","PU/CC",1,0,1,1,2,2,0,3,3
260462,7,13,12,"Motor Vehicle In-Transport","Angle",4,2021,"CHEVROLET","BLAZER",998,"Disabling Damage",0,0,1,"Full Driver License","Valid","No",45,"Dry","Going Straight","From crossing street, across path","Unknown/Not Reported","Tracking","Stayed in original travel lane","SUV",1,1,1,1,2,2,0,2,3
260470,7,16,8,"Pedestrian","The First Harmful Event was Not a Collision with a Motor Vehicle in Transport",1,2012,"FORD","FUSION",998,"Functional Damage",0,0,1,"Full Driver License","Valid","No",45,"Dry","Going Straight","Pedestrian in road","Braking","Tracking","Stayed in original travel lane","4 DR",0,0,0,0,0,0,1,1,0
260474,7,14,12,"Motor Vehicle In-Transport","Front-to-Front",2,2020,"FORD","EDGE",998,"Disabling Damage",1,0,1,"Full Driver License","Valid","No",40,"Dry","Going Straight","From opposite direction  over left lane line","Unknown/Not Reported","Tracking","Stayed in original travel lane","SUV",1,0,1,1,1,1,0,6,3
260477,7,21,8,"Pedestrian","The First Harmful Event was Not a Collision with a Motor Vehicle in Transport",1,2011,"CHEVROLET","MALIBU",998,"Disabling Damage",0,0,1,"Full Driver License","Valid","No",45,"Dry","Going Straight","Pedestrian in road","Steering left","Tracking","Stayed on roadway, but left original travel lane","4 DR",0,1,0,0,0,0,1,3,0
260477,7,21,8,"Pedestrian","The First Harmful Event was Not a Collision with a Motor Vehicle in Transport",2,2019,"RAM","1500",0,"Disabling Damage",0,0,1,"Full Driver License","Valid","No",45,"Dry","Stopped in Roadway","From opposite direction  over left lane line","No Avoidance Maneuver","Tracking","Stayed in original travel lane","PU/EC",0,1,1,1,2,2,0,1,2
260482,7,20,12,"Motor Vehicle In-Transport","Angle",1,2013,"JEEP","WRANGLER",998,"Disabling Damage",1,0,1,"Full Driver License","Valid","No",98,"Dry","Going Straight","Crossing Over (Passing Through) Junction","Unknown/Not Reported","Tracking","Stayed in original travel lane","SUV",0,1,0,0,0,0,1,2,0
260482,7,20,12,"Motor Vehicle In-Transport","Angle",2,2020,"NISSAN","SENTRA",998,"Disabling Damage",0,0,1,"Full Driver License","Valid","No",98,"Dry","Going Straight","From crossing street, across path","Steering left","Tracking","Stayed in original travel lane","4 DR",1,1,1,1,1,1,0,6,3
260483,7,19,12,"Motor Vehicle In-Transport","Front-to-Front",1,2011,"CADILLAC","SRX",998,"Disabling Damage",0,0,1,"Full Driver License","Valid","No",35,"Dry","Going Straight","From opposite direction  over left lane line","Unknown/Not Reported","Tracking","Stayed in original travel lane","SUV",0,1,0,0,0,0,1,3,0
260485,7,16,12,"Motor Vehicle In-Transport","Angle",2,2012,"FORD","FUSION",998,"Disabling Damage",2,0,1,"Full Driver License","Valid","No",55,"Dry","Going Straight","Crossing Over (Passing Through) Junction","Unknown/Not Reported","Tracking","Stayed in original travel lane","4 DR",1,0,0,0,0,0,1,1,1
260489,7,0,8,"Pedestrian","The First Harmful Event was Not a Collision with a Motor Vehicle in Transport",2,2014,"CHRYSLER","200",998,"Functional Damage",0,0,1,"Full Driver License","Valid","No",50,"Dry","Going Straight","Pedestrian in road","Steering left","Tracking","Stayed on roadway, but left original travel lane","C",0,0,0,0,0,0,1,1,0
260493,7,14,12,"Motor Vehicle In-Transport","Angle",1,2011,"VOLVO","XC90",998,"Disabling Damage",0,0,1,"Full Driver License","Valid","No",55,"Dry","Going Straight","Other critical precrash event (specify:)","Steering right","Tracking","Stayed in original travel lane","SUV",0,1,0,0,0,0,1,2,0
260495,7,9,12,"Motor Vehicle In-Transport","Angle",1,2017,"HONDA","HR-V",998,"Disabling Damage",1,0,1,"Full Driver License","Valid","No",55,"Dry","Going Straight","From crossing street, across path","Unknown/Not Reported","Tracking","Stayed in original travel lane","SUV",0,1,0,0,0,0,0,1,0
260496,7,10,12,"Motor Vehicle In-Transport","Front-to-Front",1,2022,"JEEP","COMPASS",998,"Disabling Damage",1,0,1,"Full Driver License","Valid","No",55,"Dry","Going Straight","Over the lane line on left side of travel lane","Unknown/Not Reported","Tracking","Stayed on roadway, but left original travel lane","SUV",0,1,1,1,1,1,0,5,2
260496,7,10,12,"Motor Vehicle In-Transport","Front-to-Front",1,2016,"JEEP","CHEROKEE",998,"Disabling Damage",0,0,1,"Full Driver License","Valid","No",55,"Dry","Going Straight","From opposite direction  over left lane line","Unknown/Not Reported","Tracking","Stayed in original travel lane","SUV",1,1,0,0,2,2,0,1,1
260497,7,15,12,"Motor Vehicle In-Transport","Front-to-Rear",1,2017,"FORD","ESCAPE",998,"Disabling Damage",0,0,1,"Full Driver License","Valid","No",70,"Dry","Going Straight","Traveling in same direction with higher speed","No Avoidance Maneuver","Tracking","Stayed in original travel lane","SUV",0,0,1,1,0,0,0,1,2
260497,7,15,12,"Motor Vehicle In-Transport","Front-to-Rear",1,2023,"CHEVROLET","EQUINOX",0,"Functional Damage",0,0,1,"Full Driver License","Valid","No",70,"Dry","Stopped in Roadway","Traveling in same direction with higher speed","No Avoidance Maneuver","Tracking","Stayed in original travel lane","SUV",0,0,1,1,1,1,0,4,2
260497,7,15,12,"Motor Vehicle In-Transport","Front-to-Rear",1,2019,"HONDA","PILOT",0,"Functional Damage",0,0,1,"Full Driver License","Valid","No",70,"Dry","Stopped in Roadway","From adjacent lane (same direction) over left lane line","No Avoidance Maneuver","Tracking","Stayed in original travel lane","SUV",0,1,1,1,1,1,0,5,2
260498,7,11,12,"Motor Vehicle In-Transport","Angle",1,2015,"FORD","TAURUS",998,"Disabling Damage",1,0,1,"Full Driver License","Valid","No",55,"Dry","Starting in Road","Crossing Over (Passing Through) Junction","Unknown/Not Reported","Tracking","Stayed in original travel lane","4 DR",1,1,0,1,0,0,0,1,2
260504,7,19,12,"Motor Vehicle In-Transport","Angle",2,2013,"AUDI","S7",998,"Disabling Damage",0,0,1,"Full Driver License","Valid","No",45,"Dry","Going Straight","From opposite direction  over left lane line","Unknown/Not Reported","Tracking","Stayed in original travel lane","4 DR",1,0,1,0,2,2,1,2,2
260506,7,23,9,"Pedalcyclist","The First Harmful Event was Not a Collision with a Motor Vehicle in Transport",2,2013,"CHRYSLER","TOWN AND COUNTRY",998,"Functional Damage",0,0,1,"Full Driver License","Valid","No",50,"Dry","Going Straight","Pedalcyclist or other non-motorist in road","Unknown/Not Reported","Tracking","Stayed in original travel lane","VAN",1,1,0,0,0,0,1,2,1
260517,7,18,12,"Motor Vehicle In-Transport","Angle",1,2018,"RAM","2500",998,"Disabling Damage",0,0,1,"Full Driver License","Valid","No",98,"Dry","Going Straight","From crossing street, across path","Unknown/Not Reported","Tracking","Stayed in original travel lane","PU/EC",0,0,0,0,0,0,0,0,0
260518,7,1,8,"Pedestrian","The First Harmful Event was Not a Collision with a Motor Vehicle in Transport",1,2011,"FORD","FLEX",998,"Functional Damage",0,0,1,"Intermediate Driver License","Valid","No",55,"Dry","Going Straight","Pedestrian in road","Unknown/Not Reported","Tracking","Stayed in original travel lane","SUV",0,1,0,0,0,0,1,2,0
260525,7,10,12,"Motor Vehicle In-Transport","Angle",1,2018,"SUBARU","OUTBACK",998,"Disabling Damage",1,0,1,"Full Driver License","Valid","No",40,"Dry","Turning Left","Turning Left","Unknown/Not Reported","Tracking","Stayed in original travel lane","SW",0,0,0,0,2,2,0,0,0
260532,6,21,12,"Motor Vehicle In-Transport","Angle",1,2017,"JEEP","WRANGLER",998,"Functional Damage",0,0,1,"Full Driver License","Valid","No",98,"Dry","Turning Right","Turning Right","Unknown/Not Reported","Tracking","Stayed in original travel lane","SUV",0,0,0,0,0,0,0,0,0
260534,7,23,33,"Curb","The First Harmful Event was Not a Collision with a Motor Vehicle in Transport",2,2018,"CHEVROLET","TRAX",998,"Disabling Damage",1,0,1,"Full Driver License","Valid","No",35,"Dry","Going Straight","End departure","Unknown/Not Reported","Tracking","Departed roadway","SUV",1,1,1,1,0,0,0,2,3
260539,8,10,8,"Pedestrian","The First Harmful Event was Not a Collision with a Motor Vehicle in Transport",1,2015,"CHRYSLER","200",998,"Minor Damage",0,0,1,"Full Driver License","Valid","No",98,"Dry","Going Straight","Pedestrian in road","Unknown/Not Reported","Tracking","Stayed in original travel lane","4 DR",0,0,0,0,0,0,0,0,0
260542,8,1,12,"Motor Vehicle In-Transport","Front-to-Front",2,2016,"GMC","ACADIA",998,"Disabling Damage",1,0,1,"Full Driver License","Valid","No",65,"Dry","Going Straight","From opposite direction  over left lane line","Unknown/Not Reported","Tracking","Stayed in original travel lane","SUV",1,1,1,0,0,0,0,2,2
260543,8,15,12,"Motor Vehicle In-Transport","Angle",2,2017,"FORD","MUSTANG",998,"Disabling Damage",0,0,1,"Full Driver License","Valid","No",55,"Dry","Turning Left","Turning Left","No Avoidance Maneuver","Tracking","Stayed in original travel lane","C",0,0,0,0,0,0,0,1,0
260545,8,17,12,"Motor Vehicle In-Transport","Angle",1,2016,"CHEVROLET","TRAX",998,"Disabling Damage",0,0,1,"Full Driver License","Valid","No",55,"Dry","Going Straight","Crossing Over (Passing Through) Junction","Unknown/Not Reported","Tracking","Stayed in original travel lane","SUV",0,1,0,0,0,0,0,2,0
260546,8,16,12,"Motor Vehicle In-Transport","Angle",1,2012,"FORD","FOCUS",998,"Disabling Damage",1,0,1,"Full Driver License","Valid","No",25,"Dry","Going Straight","Crossing Over (Passing Through) Junction","Unknown/Not Reported","Tracking","Stayed in original travel lane","5 HB",0,1,0,0,0,0,1,2,0
260546,8,16,12,"Motor Vehicle In-Transport","Angle",1,2011,"JAGUAR","XF",998,"Disabling Damage",0,0,1,"Full Driver License","Valid","No",35,"Dry","Going Straight","From crossing street, across path","Unknown/Not Reported","Tracking","Stayed in original travel lane","4 DR",1,1,0,0,0,0,1,3,1
260550,8,11,12,"Motor Vehicle In-Transport","Front-to-Rear",1,2014,"FORD","ESCAPE",998,"Disabling Damage",0,0,1,"Full Driver License","Valid","No",65,"Dry","Decelerating in Road","Traveling in same direction with higher speed","Steering left","Tracking","Stayed in original travel lane","SUV",1,0,0,0,0,0,1,1,1
260560,8,19,12,"Motor Vehicle In-Transport","Front-to-Front",2,2023,"HONDA","PASSPORT",998,"Disabling Damage",0,0,1,"Full Driver License","Valid","No",35,"Dry","Going Straight","From opposite direction  over left lane line","Unknown/Not Reported","Tracking","Stayed in original travel lane","SUV",1,1,1,1,1,1,0,6,3
260562,8,19,9,"Pedalcyclist","The First Harmful Event was Not a Collision with a Motor Vehicle in Transport",2,2011,"FORD","ESCAPE",998,"Functional Damage",0,0,1,"Full Driver License","Valid","No",50,"Dry","Going Straight","Pedalcyclist or other non-motorist in road","Unknown/Not Reported","Tracking","Stayed in original travel lane","SUV",0,0,0,0,0,0,1,1,0
260566,8,21,8,"Pedestrian","The First Harmful Event was Not a Collision with a Motor Vehicle in Transport",2,2016,"CHEVROLET","EQUINOX",998,"Functional Damage",0,0,1,"Full Driver License","Valid","No",55,"Dry","Going Straight","Pedestrian in road","Unknown/Not Reported","Tracking","Stayed in original travel lane","SUV",0,0,0,0,0,0,0,1,0
260568,8,6,12,"Motor Vehicle In-Transport","Front-to-Rear",1,2015,"BUICK","LACROSSE",998,"Disabling Damage",1,0,1,"Full Driver License","Valid","No",50,"Dry","Going Straight","Traveling in same direction with higher speed","No Avoidance Maneuver","Tracking","Stayed in original travel lane","4 DR",0,1,0,1,2,0,0,2,1