"SERIAL_CRASH","MONTH","HOUR","HARM_EV","HARM_EVNAME","TYPE_OF_COLLIOSION","NUM_OF_PEOPLE","MOD_YEAR","VPICMAKENAME","VPICMODELNAME","TRAV_SP","DEFORMEDNAME","DEATHS","DR_DRINK","IS_DRIVER_PRESENT","L_TYPENAME","L_STATUSNAME","SPEEDRELNAME","VSPD_LIM","VSURCONDNAME","P_CRASH1NAME","P_CRASH2NAME","P_CRASH3NAME","PCRASH4NAME","PCRASH5NAME","BODY_STYLE","BLIND_SPOT_DETECTION","ARS","FRNT_COLLISION_WARNING","LANE_DEPARTURE_WARNING","CRASH_IMMINENT_BRAKE","DYNAMIC_BRAKE_SUPPORT","NHTSA_ESC","SAFETY_COUNT","notification_count"
270116,6,22,12,"Motor Vehicle In-Transport","Angle",5,2014,"HONDA","CIVIC",20,"Disabling Damage",5,0,1,"Full Driver License","Valid","No",30,"Dry","Going Straight","Crossing Over (Passing Through) Junction","Unknown/Not Reported","Tracking","Stayed in original travel lane","4 DR",0,0,0,0,0,0,1,1,0
270126,6,17,12,"Motor Vehicle In-Transport","Angle",1,2015,"TOYOTA","RAV4",998,"Disabling Damage",0,0,1,"Full Driver License","Valid","No",25,"Dry","Turning Left","From opposite direction  over right lane line","Unknown/Not Reported","Tracking","Stayed in original travel lane","SUV",1,1,0,0,0,0,0,1,1
270130,6,15,12,"Motor Vehicle In-Transport","Angle",1,2013,"CHEVROLET","IMPALA",10,"Disabling Damage",1,0,1,"Intermediate Driver License","Valid","No",55,"Dry","Going Straight","Crossing Over (Passing Through) Junction","Unknown/Not Reported","Tracking","Stayed in original travel lane","4 DR",0,1,0,0,0,0,1,3,0
270131,6,10,12,"Motor Vehicle In-Transport","Front-to-Front",1,2011,"AUDI","Q5",998,"Disabling Damage",0,0,1,"Full Driver License","Valid","No",45,"Dry","Going Straight","Over the lane line on left side of travel lane","Unknown/Not Reported","Tracking","Stayed on roadway, but left original travel lane","SUV",1,1,0,0,0,0,1,2,1
270132,7,15,12,"Motor Vehicle In-Transport","Angle",2,2014,"MAZDA","CX-5",998,"Disabling Damage",0,0,1,"Full Driver License","Valid","No",55,"Dry","Turning Left","Turning Left","Unknown/Not Reported","Tracking","Stayed in original travel lane","SUV",1,1,0,0,2,0,1,2,1
270137,7,18,12,"Motor Vehicle In-Transport","Front-to-Front",1,2019,"HONDA","PASSPORT",998,"Disabling Damage",0,0,1,"Full Driver License","Valid","No",45,"Dry","Turning Left","Turning Left","No Avoidance Maneuver","Tracking","Stayed in original travel lane","SUV",0,1,1,1,1,1,0,5,2
270142,7,12,8,"Pedestrian","The First Harmful Event was Not a Collision with a Motor Vehicle in Transport",1,2021,"VOLKSWAGEN","TIGUAN",998,"Functional Damage",0,0,1,"Full Driver License","Valid","No",35,"Dry","Going Straight","Pedestrian in road","No Avoidance Maneuver","Tracking","Stayed in original travel lane","SUV",1,1,1,1,1,1,0,6,3
270145,7,7,9,"Pedalcyclist","The First Harmful Event was Not a Collision with a Motor Vehicle in Transport",1,2019,"RAM","2500",998,"Minor Damage",0,0,1,"Full Driver License","Valid","No",35,"Dry","Going Straight","Pedalcyclist or other non-motorist in road","No Avoidance Maneuver","Tracking","Stayed in original travel lane","PU/CC",0,0,1,0,2,2,0,0,1
270151,7,0,12,"Motor Vehicle In-Transport","Front-to-Front",3,2021,"GMC","YUKON XL",998,"Disabling Damage",0,0,1,"Full Driver License","Valid","No",70,"Dry","Going Straight","Traveling in opposite direction","Unknown/Not Reported","Tracking","Stayed in original travel lane","SUV",1,1,1,1,1,1,0,5,3
270151,7,0,12,"Motor Vehicle In-Transport","Front-to-Front",1,2013,"HONDA","CIVIC",998,"Minor Damage",0,0,1,"Full Driver License","Valid","No",70,"Dry","Going Straight","Traveling in opposite direction","Unknown/Not Reported","Tracking","Stayed in original travel lane","4 DR",0,0,0,0,0,0,1,1,0
270153,4,15,12,"Motor Vehicle In-Transport","Angle",1,2014,"HONDA","CR-V",998,"Disabling Damage",0,0,1,"Full Driver License","Valid","No",40,"Dry","Turning Left","Turning Left","No Avoidance Maneuver","Tracking","Stayed in original travel lane","SUV",0,0,0,0,0,0,1,1,0
270156,7,11,12,"Motor Vehicle In-Transport","Angle",5,2020,"DODGE","JOURNEY",998,"Disabling Damage",0,0,1,"Full Driver License","Valid","No",30,"Dry","Turning Left","Turning Left","Unknown/Not Reported","Tracking","Stayed in original travel lane","SUV",0,2,0,0,0,0,0,0,0
270162,4,19,12,"Motor Vehicle In-Transport","Front-to-Front",4,2013,"HONDA","ACCORD",998,"Disabling Damage",0,0,1,"Intermediate Driver License","Valid","No",35,"Dry","Turning Left","Turning Left","Unknown/Not Reported","Tracking","Stayed in original travel lane","2 DR",0,0,0,0,0,0,1,1,0
270167,7,15,12,"Motor Vehicle In-Transport","Front-to-Front",1,2021,"TOYOTA","RAV4",55,"Disabling Damage",1,0,1,"Full Driver License","Valid","No",55,"Dry","Going Straight","Over the lane line on left side of travel lane","No Avoidance Maneuver","Tracking","Stayed on roadway, but left original travel lane","SUV",1,1,1,1,1,1,0,6,3
270178,4,15,12,"Motor Vehicle In-Transport","Angle",1,2013,"HYUNDAI","ELANTRA",15,"Disabling Damage",1,0,1,"Full Driver License","Valid","No",35,"Dry","Turning Left","From opposite direction  over left lane line","Unknown/Not Reported","Tracking","Stayed in original travel lane","2 DR",0,1,0,0,0,0,1,2,0
270182,7,12,12,"Motor Vehicle In-Transport","Angle",1,2013,"FORD","ESCAPE",998,"Disabling Damage",0,0,1,"Full Driver License","Valid","No",60,"Dry","Turning Left","Turning Left","No Avoidance Maneuver","Tracking","Stayed in original travel lane","SUV",0,0,0,0,0,0,1,1,0
270185,7,17,12,"Motor Vehicle In-Transport","Front-to-Rear",2,2021,"CHEVROLET","TAHOE",998,"Disabling Damage",0,0,1,"Full Driver License","Valid","No",60,"Dry","Decelerating in Road","Traveling in same direction with higher speed","No Avoidance Maneuver","Tracking","Stayed in original travel lane","SUV",1,1,1,1,1,1,0,5,3
270190,8,0,12,"Motor Vehicle In-Transport","Angle",1,2020,"MAZDA","CX-30",20,"Disabling Damage",1,0,1,"Full Driver License","Valid","No",25,"Dry","Turning Left","Turning Left","Unknown/Not Reported","Tracking","Stayed in original travel lane","SUV",1,1,1,1,1,1,0,7,3
270193,8,22,12,"Motor Vehicle In-Transport","Front-to-Front",4,2021,"GMC","YUKON",998,"Minor Damage",0,0,1,"Full Driver License","Valid","No",60,"Dry","Going Straight","Other critical precrash event (specify:)","Unknown/Not Reported","Tracking","Stayed in original travel lane","SUV",1,1,1,1,1,1,0,5,3
270194,8,11,12,"Motor Vehicle In-Transport","Angle",1,2017,"HONDA","CIVIC",55,"Disabling Damage",1,0,1,"Full Driver License","Valid","No",55,"Dry","Going Straight","From crossing street, across path","Unknown/Not Reported","Tracking","Stayed in original travel lane","2 DR",0,1,1,0,2,2,0,1,1
270194,8,11,12,"Motor Vehicle In-Transport","Angle",3,2011,"FORD","EDGE",55,"Disabling Damage",1,0,1,"Full Driver License","Valid","No",55,"Dry","Going Straight","Crossing Over (Passing Through) Junction","Unknown/Not Reported","Tracking","Stayed in original travel lane","SUV",0,2,0,0,0,0,1,1,0
270199,8,17,9,"Pedalcyclist","The First Harmful Event was Not a Collision with a Motor Vehicle in Transport",1,2011,"CHEVROLET","MALIBU",998,"Minor Damage",0,0,1,"Full Driver License","Valid","No",30,"Dry","Going Straight","Pedalcyclist or other non-motorist in road","No Avoidance Maneuver","Tracking","Stayed in original travel lane","4 DR",0,1,0,0,0,0,1,3,0
270203,7,13,12,"Motor Vehicle In-Transport","Front-to-Rear",1,2023,"HYUNDAI","SANTA FE",0,"Disabling Damage",1,0,1,"Full Driver License","Valid","No",65,"Dry","Stopped in Roadway","Traveling in same direction with higher speed","No Avoidance Maneuver","Tracking","Stayed in original travel lane","SUV",1,0,1,1,1,1,0,5,3
270203,7,13,12,"Motor Vehicle In-Transport","Front-to-Rear",1,2015,"FORD","ESCAPE",0,"Disabling Damage",0,0,1,"Full Driver License","Valid","No",65,"Dry","Stopped in Roadway","Traveling in same direction with higher speed","No Avoidance Maneuver","Tracking","Stayed in original travel lane","SUV",0,1,0,0,0,0,0,1,0
270210,8,12,12,"Motor Vehicle In-Transport","Angle",1,2019,"DODGE","GRAND CARAVAN",998,"Disabling Damage",0,0,1,"Full Driver License","Valid","No",60,"Dry","Starting in Road","Crossing Over (Passing Through) Junction","Unknown/Not Reported","Tracking","Stayed in original travel lane","VAN",1,0,0,0,0,0,0,0,1
270220,8,13,12,"Motor Vehicle In-Transport","Front-to-Rear",2,2019,"TOYOTA","CAMRY",13,"Disabling Damage",2,0,1,"Full Driver License","Valid","No",70,"Dry","Going Straight","Traveling in same direction with higher speed","Unknown/Not Reported","Tracking","Stayed in original travel lane","4 DR",0,1,1,1,1,1,0,5,2
270224,8,20,12,"Motor Vehicle In-Transport","Angle",1,2014,"CHRYSLER","TOWN AND COUNTRY",998,"Disabling Damage",0,0,1,"Full Driver License","Valid","No",30,"Dry","Turning Left","Turning Left","No Avoidance Maneuver","Tracking","Stayed in original travel lane","VAN",1,1,0,0,0,0,1,2,1
270225,8,16,12,"Motor Vehicle In-Transport","Angle",1,2018,"CHEVROLET","CRUZE",998,"Disabling Damage",0,0,1,"Full Driver License","Valid","No",20,"Dry","Going Straight","Crossing Over (Passing Through) Junction","No Avoidance Maneuver","Tracking","Stayed in original travel lane","5 HB",1,1,1,1,0,0,0,2,3
270227,8,13,12,"Motor Vehicle In-Transport","Angle",1,2014,"MITSUBISHI","OUTLANDER",20,"Disabling Damage",1,0,1,"Full Driver License","Valid","No",40,"Dry","Turning Left","From opposite direction  over right lane line","No Avoidance Maneuver","Tracking","Stayed in original travel lane","SUV",0,1,0,0,2,2,1,2,0
270233,9,18,12,"Motor Vehicle In-Transport","Front-to-Front",4,2021,"HONDA","CR-V",998,"Disabling Damage",0,0,1,"Full Driver License","Valid","No",55,"Dry","Going Straight","From opposite direction  over left lane line","Unknown/Not Reported","Tracking","Stayed in original travel lane","SUV",0,1,1,1,1,1,0,6,2
270238,9,18,12,"Motor Vehicle In-Transport","Front-to-Rear",3,2016,"HONDA","ACCORD",0,"Disabling Damage",2,0,1,"Full Driver License","Valid","No",70,"Dry","Stopped in Roadway","Traveling in same direction with higher speed","No Avoidance Maneuver","Tracking","Stayed in original travel lane","4 DR",0,1,0,0,2,2,0,2,0
270243,9,8,9,"Pedalcyclist","The First Harmful Event was Not a Collision with a Motor Vehicle in Transport",5,2014,"JEEP","PATRIOT",998,"Functional Damage",0,0,1,"Full Driver License","Valid","No",20,"Dry","Going Straight","Pedalcyclist or other non-motorist in road","Unknown/Not Reported","Tracking","Stayed in original travel lane","SUV",0,0,0,0,0,0,1,1,0
270249,9,21,12,"Motor Vehicle In-Transport","Angle",1,2013,"KIA","OPTIMA",998,"Disabling Damage",0,0,1,"Full Driver License","Valid","No",55,"Dry","Turning Left","Turning Left","No Avoidance Maneuver","Tracking","Stayed in original travel lane","4 DR",0,1,0,0,0,0,1,2,0
270258,9,20,12,"Motor Vehicle In-Transport","Angle",3,2017,"FORD","EXPLORER",998,"Disabling Damage",0,0,1,"Learner's Permit","Valid","No",55,"Dry","Turning Left","Turning Left","Unknown/Not Reported","Tracking","Stayed in original travel lane","SUV",0,0,0,0,0,0,0,0,0
270261,9,10,9,"Pedalcyclist","The First Harmful Event was Not a Collision with a Motor Vehicle in Transport",1,2022,"GENESIS","GV80",998,"Functional Damage",0,0,1,"Full Driver License","Valid","No",98,"Dry","Going Straight","Pedalcyclist or other non-motorist in road","Steering left","Tracking","Stayed in original travel lane","SUV",1,1,1,1,1,1,0,7,3
270267,9,7,1,"Rollover/Overturn","The First Harmful Event was Not a Collision with a Motor Vehicle in Transport",1,2018,"HONDA","HR-V",70,"Disabling Damage",1,0,1,"Full Driver License","Valid","No",70,"Dry","Going Straight","Off the edge of the road on the left side","Unknown/Not Reported","Precrash stability unknown","Departed roadway","SUV",0,1,0,0,0,0,0,1,0
270268,9,14,12,"Motor Vehicle In-Transport","Angle",1,2022,"VOLKSWAGEN","ATLAS",998,"Disabling Damage",1,0,1,"Full Driver License","Valid","No",55,"Dry","Going Straight","Crossing Over (Passing Through) Junction","No Avoidance Maneuver","Tracking","Stayed in original travel lane","SUV",1,1,1,1,1,1,0,6,3
270276,10,14,12,"Motor Vehicle In-Transport","Angle",3,2018,"CHRYSLER","PACIFICA",998,"Disabling Damage",0,0,1,"Full Driver License","Valid","No",55,"Dry","Negotiating a Curve","From opposite direction  over left lane line","Unknown/Not Reported","Tracking","Stayed in original travel lane","VAN",0,0,1,0,2,2,0,0,1
270278,10,11,19,"Building","The First Harmful Event was Not a Collision with a Motor Vehicle in Transport",1,2011,"DODGE","NITRO",30,"Disabling Damage",1,0,1,"Full Driver License","Valid","No",30,"Dry","Negotiating a Curve","Other cause of control loss (specify:)","Unknown/Not Reported","Tracking","Departed roadway","SUV",0,0,0,0,0,0,1,1,0
270284,10,16,72,"Cargo/Equipment Loss, Shift, or Damage [harmful]","The First Harmful Event was Not a Collision with a Motor Vehicle in Transport",5,2017,"NISSAN","ROGUE",70,"Disabling Damage",2,0,1,"Full Driver License","Valid","No",70,"Dry","Going Straight","Other critical precrash event (specify:)","No Avoidance Maneuver","Tracking","Stayed in original travel lane","SUV",0,0,0,0,2,2,0,0,0
270289,9,5,8,"Pedestrian","The First Harmful Event was Not a Collision with a Motor Vehicle in Transport",1,2017,"CHEVROLET","IMPALA",998,"Functional Damage",0,0,1,"Full Driver License","Valid","No",50,"Dry","Going Straight","Pedestrian in road","No Avoidance Maneuver","Tracking","Stayed in original travel lane","4 DR",1,1,1,0,2,0,0,2,2
270294,10,12,38,"Fence","The First Harmful Event was Not a Collision with a Motor Vehicle in Transport",1,2019,"RAM","1500",70,"Disabling Damage",1,0,1,"Full Driver License","Valid","No",70,"Dry","Going Straight","Over the lane line on right side of travel lane","Unknown/Not Reported","Tracking","Departed roadway","PU/EC",1,1,1,1,2,2,0,1,3
270295,10,19,12,"Motor Vehicle In-Transport","Angle",1,2023,"MITSUBISHI","OUTLANDER",998,"Disabling Damage",0,0,1,"Full Driver License","Valid","No",40,"Dry","Turning Left","Turning Left","No Avoidance Maneuver","Tracking","Stayed in original travel lane","SUV",1,0,1,1,1,1,0,5,3
270298,10,22,59,"Traffic Sign Support","The First Harmful Event was Not a Collision with a Motor Vehicle in Transport",1,2013,"NISSAN","MURANO",30,"Disabling Damage",1,0,1,"Full Driver License","Valid","No",30,"Dry","Negotiating a Curve","Off the edge of the road on the right side","Unknown/Not Reported","Tracking","Departed roadway","SUV",0,1,0,0,0,0,1,2,0
270308,11,16,12,"Motor Vehicle In-Transport","Angle",1,2023,"KIA","SORENTO",998,"Disabling Damage",0,0,1,"Full Driver License","Valid","No",35,"Dry","Going Straight","Crossing Over (Passing Through) Junction","No Avoidance Maneuver","Tracking","Stayed in original travel lane","SUV",1,0,1,1,1,1,0,5,3
270308,11,16,12,"Motor Vehicle In-Transport","Angle",2,2017,"HYUNDAI","SANTA FE SPORT",998,"Disabling Damage",1,0,1,"Full Driver License","Valid","No",40,"Dry","Going Straight","Crossing Over (Passing Through) Junction","No Avoidance Maneuver","Tracking","Stayed in original travel lane","SUV",1,1,0,0,2,2,0,1,1
270308,11,16,12,"Motor Vehicle In-Transport","Angle",1,2019,"RAM","1500",0,"Functional Damage",0,0,1,"Full Driver License","Valid","No",35,"Dry","Stopped in Roadway","From opposite direction  over left lane line","No Avoidance Maneuver","Tracking","Stayed in original travel lane","PU/EC",1,1,0,1,2,2,0,1,2
270318,11,18,12,"Motor Vehicle In-Transport","Front-to-Front",2,2012,"BUICK","LACROSSE",55,"Disabling Damage",1,0,1,"Full Driver License","Valid","No",60,"Dry","Negotiating a Curve","From opposite direction  over left lane line","Unknown/Not Reported","Tracking","Stayed in original travel lane","4 DR",0,1,0,0,0,0,1,3,0
270321,11,12,12,"Motor Vehicle In-Transport","Angle",2,2013,"CADILLAC","XTS",998,"Disabling Damage",0,0,1,"Full Driver License","Valid","No",45,"Dry","Turning Left","Turning Left","Unknown/Not Reported","Tracking","Stayed in original travel lane","4 DR",0,1,1,0,2,2,1,3,1
270322,11,15,8,"Pedestrian","The First Harmful Event was Not a Collision with a Motor Vehicle in Transport",4,2012,"TOYOTA","SIENNA",998,"Functional Damage",0,0,1,"Full Driver License","Valid","No",40,"Dry","Going Straight","Pedestrian in road","No Avoidance Maneuver","Tracking","Stayed in original travel lane","VAN",0,1,0,0,0,0,1,2,0
270336,12,12,12,"Motor Vehicle In-Transport","Front-to-Rear",3,2011,"BUICK","ENCLAVE",13,"Functional Damage",0,0,1,"Full Driver License","Valid","No",70,"Dry","Decelerating in Road","Traveling in same direction with higher speed","No Avoidance Maneuver","Tracking","Stayed in original travel lane","SUV",0,1,0,0,0,0,1,3,0
270336,12,12,12,"Motor Vehicle In-Transport","Front-to-Rear",3,2021,"CHEVROLET","TRAVERSE",998,"Disabling Damage",0,0,1,"Full Driver License","Valid","No",70,"Dry","Decelerating in Road","Traveling in same direction with higher speed","No Avoidance Maneuver","Tracking","Stayed in original travel lane","SUV",1,1,1,1,2,2,0,2,3
270336,12,12,12,"Motor Vehicle In-Transport","Front-to-Rear",1,2019,"TOYOTA","HIGHLANDER",998,"Disabling Damage",0,0,1,"Full Driver License","Valid","No",70,"Dry","Decelerating in Road","Traveling in same direction with higher speed","No Avoidance Maneuver","Tracking","Stayed in original travel lane","SUV",0,1,1,1,1,1,0,5,2
270338,11,17,12,"Motor Vehicle In-Transport","Angle",2,2016,"TOYOTA","PRIUS",20,"Disabling Damage",2,0,1,"Full Driver License","Valid","No",65,"Dry","Turning Left","Turning Left","No Avoidance Maneuver","Tracking","Stayed in original travel lane","5 HB",1,1,0,1,2,2,0,1,2
270338,11,17,12,"Motor Vehicle In-Transport","Angle",1,2018,"HYUNDAI","SONATA",998,"Disabling Damage",0,0,1,"Full Driver License","Valid","No",65,"Dry","Going Straight","From opposite direction  over left lane line","Unknown/Not Reported","Tracking","Stayed in original travel lane","4 DR",1,2,1,0,2,2,0,2,2
270338,11,17,12,"Motor Vehicle In-Transport","Angle",1,2013,"TOYOTA","RAV4",998,"Minor Damage",0,0,1,"Full Driver License","Valid","No",65,"Dry","Going Straight","Unknown Travel Direction/Speed of Other Motor Vehicle in Lane","Braking","Precrash stability unknown","Stayed in original travel lane","SUV",0,0,0,1,0,0,1,1,1
270349,12,5,59,"Traffic Sign Support","The First Harmful Event was Not a Collision with a Motor Vehicle in Transport",1,2017,"HONDA","FIT",998,"Disabling Damage",1,0,1,"Full Driver License","Valid","No",55,"Dry","Going Straight","Off the edge of the road on the right side","Unknown/Not Reported","Tracking","Departed roadway","5 HB",0,1,0,0,0,0,0,1,0
270350,10,7,12,"Motor Vehicle In-Transport","Angle",1,2014,"TOYOTA","CAMRY",10,"Disabling Damage",1,0,1,"Full Driver License","Valid","No",98,"Dry","Turning Left","Turning Left","Unknown/Not Reported","Tracking","Stayed in original travel lane","4 DR",0,0,0,0,0,0,1,1,0
270354,6,22,8,"Pedestrian","The First Harmful Event was Not a Collision with a Motor Vehicle in Transport",1,2012,"DODGE","GRAND CARAVAN",998,"Functional Damage",0,0,1,"Full Driver License","Valid","No",45,"Dry","Going Straight","Pedestrian in road","Unknown/Not Reported","Tracking","Stayed in original travel lane","VAN",1,1,0,0,0,0,1,2,1
270355,7,16,12,"Motor Vehicle In-Transport","Angle",1,2018,"HONDA","ODYSSEY",0,"Minor Damage",0,0,1,"Full Driver License","Valid","No",40,"Dry","Stopped in Roadway","From crossing street, across path","No Avoidance Maneuver","Tracking","Stayed in original travel lane","VAN",0,1,0,1,2,2,0,1,1
270355,7,16,12,"Motor Vehicle In-Transport","Angle",1,2021,"SUBARU","FORESTER",0,"Functional Damage",0,0,1,"Full Driver License","Valid","No",40,"Dry","Stopped in Roadway","From crossing street, across path","No Avoidance Maneuver","Tracking","Stayed in original travel lane","SUV",0,0,1,1,1,1,0,4,2
270356,9,11,1,"Rollover/Overturn","The First Harmful Event was Not a Collision with a Motor Vehicle in Transport",2,2019,"CHEVROLET","EQUINOX",50,"Disabling Damage",1,0,1,"Full Driver License","Valid","No",55,"Dry","Negotiating a Curve","Off the edge of the road on the left side","Unknown/Not Reported","Precrash stability unknown","Departed roadway","SUV",1,1,1,1,2,2,0,2,3
270359,8,11,12,"Motor Vehicle In-Transport","Angle",2,2019,"CHEVROLET","EQUINOX",40,"Disabling Damage",1,0,1,"Full Driver License","Valid","No",45,"Dry","Going Straight","Crossing Over (Passing Through) Junction","No Avoidance Maneuver","Tracking","Stayed in original travel lane","SUV",1,1,1,1,2,2,0,2,3
270359,8,11,12,"Motor Vehicle In-Transport","Angle",1,2017,"VOLKSWAGEN","TIGUAN",998,"Disabling Damage",0,0,1,"Full Driver License","Valid","No",45,"Dry","Going Straight","From crossing street, across path","No Avoidance Maneuver","Tracking","Stayed in original travel lane","SUV",0,1,0,0,0,0,0,1,0
270361,9,7,9,"Pedalcyclist","The First Harmful Event was Not a Collision with a Motor Vehicle in Transport",3,2013,"CHEVROLET","MALIBU",998,"Functional Damage",0,0,1,"Full Driver License","Valid","No",30,"Dry","Going Straight","Pedalcyclist or other non-motorist in road","No Avoidance Maneuver","Tracking","Stayed in original travel lane","4 DR",0,1,1,0,0,0,1,3,1
270362,2,16,12,"Motor Vehicle In-Transport","Front-to-Front",1,2019,"NISSAN","ALTIMA",998,"Disabling Damage",0,0,1,"Full Driver License","Valid","No",25,"Dry","Going Straight","From opposite direction  over left lane line","Unknown/Not Reported","Tracking","Stayed in original travel lane","4 DR",1,1,0,0,1,1,0,3,1
270371,12,11,12,"Motor Vehicle In-Transport","Angle",2,2016,"FORD","ESCAPE",45,"Disabling Damage",2,0,1,"Full Driver License","Valid","No",45,"Dry","Going Straight","Crossing Over (Passing Through) Junction","Unknown/Not Reported","Tracking","Stayed in original travel lane","SUV",1,0,0,0,0,0,0,0,1
270372,12,12,12,"Motor Vehicle In-Transport","Front-to-Front",1,2018,"FORD","FOCUS",998,"Disabling Damage",0,0,1,"Full Driver License","Valid","No",60,"Dry","Negotiating a Curve","From opposite direction  over left lane line","Unknown/Not Reported","Tracking","Stayed in original travel lane","4 DR",0,0,0,1,0,0,0,0,1
270375,12,19,12,"Motor Vehicle In-Transport","Front-to-Front",2,2023,"FORD","EXPLORER",998,"Disabling Damage",0,0,1,"Full Driver License","Valid","No",55,"Dry","Going Straight","Traveling in opposite direction","Steering right","Tracking","Stayed in original travel lane","SUV",1,1,1,1,1,1,0,6,3
270375,12,19,12,"Motor Vehicle In-Transport","Front-to-Front",2,2021,"CHEVROLET","TRAVERSE",998,"Disabling Damage",0,0,1,"Full Driver License","Valid","No",55,"Dry","Going Straight","From adjacent lane (same direction) over left lane line","Unknown/Not Reported","Tracking","Stayed in original travel lane","SUV",1,1,1,0,2,2,0,2,2
270379,5,12,12,"Motor Vehicle In-Transport","Angle",2,2017,"BUICK","ENVISION",10,"Disabling Damage",1,0,1,"Full Driver License","Valid","No",40,"Dry","Turning Left","Turning Left","Unknown/Not Reported","Tracking","Stayed in original travel lane","SUV",1,1,1,1,2,2,0,5,3
270382,7,11,34,"Ditch","The First Harmful Event was Not a Collision with a Motor Vehicle in Transport",2,2014,"TOYOTA","PRIUS C",50,"Functional Damage",1,0,1,"Full Driver License","Valid","No",60,"Dry","Negotiating a Curve","Off the edge of the road on the left side","No Avoidance Maneuver","Tracking","Departed roadway","5 HB",0,0,0,0,0,0,1,1,0
270384,3,13,12,"Motor Vehicle In-Transport","Angle",1,2012,"TOYOTA","CAMRY",10,"Disabling Damage",1,0,1,"Full Driver License","Valid","No",35,"Dry","Going Straight","Crossing Over (Passing Through) Junction","No Avoidance Maneuver","Tracking","Stayed in original travel lane","4 DR",1,1,0,0,0,0,1,2,1
280001,1,2,12,"Motor Vehicle In-Transport","Angle",1,2014,"CADILLAC","SRX",998,"Disabling Damage",0,0,1,"Full Driver License","Valid","No",55,"Dry","Negotiating a Curve","Over the lane line on left side of travel lane","No Avoidance Maneuver","Tracking","Stayed on roadway, but left original travel lane","SUV",0,1,1,0,2,2,1,3,1
280003,1,21,12,"Motor Vehicle In-Transport","Front-to-Front",1,2012,"CHEVROLET","CRUZE",998,"Disabling Damage",0,0,1,"Full Driver License","Valid","No",50,"Dry","Going Straight","Over the lane line on left side of travel lane","No Avoidance Maneuver","Tracking","Stayed on roadway, but left original travel lane","4 DR",0,0,0,0,0,0,1,2,0
280012,1,14,12,"Motor Vehicle In-Transport","Sideswipe - Same Direction",2,2016,"CHEVROLET","TAHOE",0,"Disabling Damage",1,0,1,"Full Driver License","Valid","No",45,"Dry","Stopped in Roadway","Traveling in same direction with higher speed","No Avoidance Maneuver","Tracking","Stayed in original travel lane","SUV",1,1,0,1,2,0,0,2,2
280013,1,12,1,"Rollover/Overturn","The First Harmful Event was Not a Collision with a Motor Vehicle in Transport",2,2020,"CHRYSLER","VOYAGER",998,"Disabling Damage",0,0,1,"Full Driver License","Valid","No",55,"Dry","Going Straight","Off the edge of the road on the right side","Steering right","Tracking","Departed roadway","VAN",1,0,0,0,0,0,0,0,1
280014,1,14,12,"Motor Vehicle In-Transport","Front-to-Front",1,2019,"NISSAN","SENTRA",998,"Disabling Damage",1,0,1,"Full Driver License","Valid","No",55,"Dry","Going Straight","From opposite direction  over left lane line","Braking and steering right","Tracking","Stayed in original travel lane","4 DR",1,1,0,0,2,2,0,1,1
280014,1,14,12,"Motor Vehicle In-Transport","Front-to-Front",1,2014,"HONDA","ACCORD",998,"Minor Damage",0,0,1,"Full Driver License","Valid","No",55,"Dry","Going Straight","Traveling in same direction with higher speed","No Avoidance Maneuver","Tracking","Stayed in original travel lane","2 DR",0,0,0,1,0,0,1,1,1
280017,1,20,8,"Pedestrian","The First Harmful Event was Not a Collision with a Motor Vehicle in Transport",4,2012,"GMC","ACADIA",998,"Functional Damage",0,0,1,"Full Driver License","Valid","No",40,"Dry","Going Straight","Pedestrian in road","No Avoidance Maneuver","Tracking","Stayed in original travel lane","SUV",0,1,0,0,0,0,1,3,0
280024,1,19,12,"Motor Vehicle In-Transport","Front-to-Front",3,2016,"MERCEDES-BENZ","GLE-CLASS",998,"Disabling Damage",0,0,1,"Full Driver License","Valid","No",50,"Dry","Going Straight","From opposite direction  over left lane line","No Avoidance Maneuver","Tracking","Stayed in original travel lane","SUV",1,1,0,1,2,1,0,2,2
280025,1,7,12,"Motor Vehicle In-Transport","Front-to-Front",1,2018,"MERCEDES-BENZ","GLE-CLASS",998,"Disabling Damage",0,0,1,"Full Driver License","Valid","No",55,"Dry","Going Straight","From opposite direction  over left lane line","No Avoidance Maneuver","Tracking","Stayed in original travel lane","SUV",0,1,1,1,2,1,0,3,2
280026,1,2,12,"Motor Vehicle In-Transport","Angle",3,2017,"NISSAN","ALTIMA",998,"Disabling Damage",2,0,1,"Full Driver License","Valid","No",45,"Dry","Going Straight","From crossing street, across path","No Avoidance Maneuver","Tracking","Stayed in original travel lane","4 DR",1,0,1,0,2,2,0,0,2
280027,1,3,8,"Pedestrian","The First Harmful Event was Not a Collision with a Motor Vehicle in Transport",1,2015,"DODGE","CHALLENGER",998,"Disabling Damage",0,0,1,"Full Driver License","Valid","No",70,"Dry","Going Straight","Pedestrian in road","No Avoidance Maneuver","Tracking","Stayed in original travel lane","2 DR",0,0,1,0,0,0,0,0,1
280034,1,12,12,"Motor Vehicle In-Transport","Angle",1,2016,"RAM","1500",0,"Minor Damage",0,0,1,"Full Driver License","Valid","No",45,"Dry","Stopped in Roadway","From opposite direction  over left lane line","No Avoidance Maneuver","Tracking","Stayed in original travel lane","PU/RC",0,0,0,0,0,0,0,0,0
280043,2,18,12,"Motor Vehicle In-Transport","Front-to-Rear",3,2022,"TOYOTA","COROLLA",998,"Disabling Damage",0,0,1,"Full Driver License","Valid","No",70,"Dry","Going Straight","Traveling in same direction with higher speed","No Avoidance Maneuver","Tracking","Stayed in original travel lane","4 DR",1,1,1,1,1,1,0,6,3