"SERIAL_CRASH","MONTH","HOUR","HARM_EV","HARM_EVNAME","TYPE_OF_COLLIOSION","NUM_OF_PEOPLE","MOD_YEAR","VPICMAKENAME","VPICMODELNAME","TRAV_SP","DEFORMEDNAME","DEATHS","DR_DRINK","IS_DRIVER_PRESENT","L_TYPENAME","L_STATUSNAME","SPEEDRELNAME","VSPD_LIM","VSURCONDNAME","P_CRASH1NAME","P_CRASH2NAME","P_CRASH3NAME","PCRASH4NAME","PCRASH5NAME","BODY_STYLE","BLIND_SPOT_DETECTION","ARS","FRNT_COLLISION_WARNING","LANE_DEPARTURE_WARNING","CRASH_IMMINENT_BRAKE","DYNAMIC_BRAKE_SUPPORT","NHTSA_ESC","SAFETY_COUNT","notification_count"
280052,2,2,12,"Motor Vehicle In-Transport","Front-to-Rear",1,2013,"HONDA","ACCORD",998,"Disabling Damage",1,0,1,"Full Driver License","Valid","No",70,"Dry","Going Straight","Traveling in same direction with lower steady speed","No Avoidance Maneuver","Tracking","Stayed in original travel lane","2 DR",0,0,0,0,0,0,1,1,0
280055,1,16,42,"Tree (Standing Only)","The First Harmful Event was Not a Collision with a Motor Vehicle in Transport",1,2013,"TOYOTA","YARIS",998,"Disabling Damage",1,0,1,"Full Driver License","Valid","No",45,"Dry","Going Straight","Off the edge of the road on the right side","Unknown/Not Reported","Tracking","Departed roadway","5 HB",0,0,0,0,0,0,1,1,0
280064,2,10,30,"Utility Pole/Light Support","The First Harmful Event was Not a Collision with a Motor Vehicle in Transport",1,2014,"TOYOTA","CAMRY",998,"Disabling Damage",1,0,1,"Full Driver License","Valid","No",55,"Dry","Going Straight","Off the edge of the road on the right side","No Avoidance Maneuver","Tracking","Departed roadway","4 DR",1,0,0,0,0,0,1,1,1
280066,2,6,31,"Post, Pole or Other Supports","The First Harmful Event was Not a Collision with a Motor Vehicle in Transport",1,2019,"FORD","RANGER",998,"Disabling Damage",1,0,1,"Full Driver License","Valid","No",45,"Dry","Negotiating a Curve","Off the edge of the road on the left side","No Avoidance Maneuver","Tracking","Departed roadway","PU/CC",1,0,1,0,1,1,0,3,2
280076,2,16,12,"Motor Vehicle In-Transport","Angle",1,2011,"DODGE","DURANGO",998,"Disabling Damage",0,0,1,"Full Driver License","Valid","No",55,"Dry","Negotiating a Curve","From crossing street, turning into opposite direction","No Avoidance Maneuver","Tracking","Stayed in original travel lane","SUV",0,1,1,0,0,0,1,2,1
280076,2,16,12,"Motor Vehicle In-Transport","Angle",1,2013,"TOYOTA","COROLLA",998,"Disabling Damage",1,0,1,"Full Driver License","Valid","No",45,"Dry","Turning Left","Turning Left","No Avoidance Maneuver","Tracking","Stayed in original travel lane","4 DR",0,0,0,0,0,0,1,1,0
280086,2,20,8,"Pedestrian","The First Harmful Event was Not a Collision with a Motor Vehicle in Transport",1,2015,"CHEVROLET","IMPALA",998,"Disabling Damage",0,0,1,"Full Driver License","Valid","No",55,"Dry","Going Straight","Pedestrian in road","No Avoidance Maneuver","Tracking","Stayed in original travel lane","4 DR",1,1,1,1,2,0,0,2,3
280089,2,11,12,"Motor Vehicle In-Transport","Front-to-Front",1,2017,"BUICK","LACROSSE",998,"Disabling Damage",1,0,1,"Full Driver License","Valid","No",55,"Dry","Going Straight","From opposite direction  over left lane line","No Avoidance Maneuver","Tracking","Stayed in original travel lane","4 DR",1,1,0,1,2,2,0,2,2
280094,2,21,12,"Motor Vehicle In-Transport","Front-to-Front",2,2015,"NISSAN","ALTIMA",998,"Disabling Damage",1,0,1,"Full Driver License","Valid","No",45,"Dry","Going Straight","Over the lane line on left side of travel lane","Braking and steering left","Tracking","Stayed on roadway, but left original travel lane","4 DR",1,0,0,1,0,0,0,0,2
280106,3,19,8,"Pedestrian","The First Harmful Event was Not a Collision with a Motor Vehicle in Transport",1,2020,"DODGE","DURANGO",998,"Functional Damage",0,0,1,"Full Driver License","Valid","No",60,"Dry","Going Straight","Pedestrian in road","No Avoidance Maneuver","Tracking","Stayed in original travel lane","SUV",1,0,0,1,2,2,0,0,2
280110,3,13,12,"Motor Vehicle In-Transport","Angle",2,2022,"NISSAN","ROGUE SPORT",998,"Disabling Damage",0,0,1,"Full Driver License","Valid","No",35,"Dry","Going Straight","From crossing street, across path","No Avoidance Maneuver","Tracking","Stayed in original travel lane","SUV",1,0,1,1,1,1,0,6,3
280111,3,19,9,"Pedalcyclist","The First Harmful Event was Not a Collision with a Motor Vehicle in Transport",1,2011,"CHEVROLET","CAMARO",998,"Minor Damage",0,0,1,"Full Driver License","Valid","No",45,"Dry","Going Straight","Pedalcyclist or other non-motorist in road","Braking and steering left","Tracking","Stayed in original travel lane","C",0,1,0,0,0,0,1,3,0
280114,3,18,12,"Motor Vehicle In-Transport","Angle",1,2021,"TOYOTA","TUNDRA",998,"Disabling Damage",0,0,1,"Full Driver License","Valid","No",98,"Dry","Turning Left","Turning Left","No Avoidance Maneuver","Tracking","Stayed in original travel lane","PU/EC",0,2,1,1,1,1,0,5,2
280115,3,11,12,"Motor Vehicle In-Transport","Front-to-Front",1,2014,"MERCEDES-BENZ","CLA-CLASS",998,"Disabling Damage",1,0,1,"Full Driver License","Valid","No",55,"Dry","Turning Left","Turning Left","No Avoidance Maneuver","Tracking","Stayed in original travel lane","4 DR",1,0,1,0,2,2,1,2,2
280120,3,23,12,"Motor Vehicle In-Transport","Front-to-Front",1,2017,"CHEVROLET","EQUINOX",998,"Disabling Damage",0,0,1,"Full Driver License","Valid","No",99,"Dry","Going Straight","Traveling in opposite direction","Braking and steering right","Tracking","Stayed in original travel lane","SUV",1,0,0,0,0,0,0,1,1
280121,3,2,8,"Pedestrian","The First Harmful Event was Not a Collision with a Motor Vehicle in Transport",1,2020,"DODGE","CHARGER",998,"Minor Damage",0,0,1,"Full Driver License","Valid","No",65,"Dry","Going Straight","Pedestrian in road","No Avoidance Maneuver","Tracking","Stayed in original travel lane","4 DR",0,0,0,0,2,2,0,0,0
280127,3,22,42,"Tree (Standing Only)","The First Harmful Event was Not a Collision with a Motor Vehicle in Transport",1,2017,"CHEVROLET","CAMARO",998,"Disabling Damage",1,0,1,"Full Driver License","Valid","No",55,"Dry","Negotiating a Curve","Off the edge of the road on the left side","No Avoidance Maneuver","Tracking","Departed roadway","2 DR",0,1,0,0,0,0,0,2,0
280128,3,14,12,"Motor Vehicle In-Transport","Angle",1,2012,"CHEVROLET","EQUINOX",998,"Disabling Damage",0,0,1,"Full Driver License","Valid","No",55,"Dry","Going Straight","Crossing Over (Passing Through) Junction","No Avoidance Maneuver","Tracking","Stayed in original travel lane","SUV",0,0,0,0,0,0,1,2,0
280130,3,14,12,"Motor Vehicle In-Transport","Angle",3,2016,"KIA","FORTE",998,"Disabling Damage",1,0,1,"Full Driver License","Valid","No",50,"Dry","Passing or Overtaking Another Vehicle","Over the lane line on left side of travel lane","Braking","Tracking","Stayed on roadway, but left original travel lane","4 DR",0,1,0,0,0,0,0,1,0
280133,3,17,12,"Motor Vehicle In-Transport","Angle",1,2020,"HYUNDAI","PALISADE",998,"Disabling Damage",0,0,1,"Full Driver License","Valid","No",55,"Dry","Going Straight","From opposite direction  over left lane line","No Avoidance Maneuver","Tracking","Stayed in original travel lane","SUV",0,1,1,1,1,1,0,5,2
280135,3,16,12,"Motor Vehicle In-Transport","Front-to-Front",1,2018,"MERCEDES-BENZ","E-CLASS",998,"Disabling Damage",1,0,1,"Full Driver License","Valid","No",55,"Dry","Going Straight","From opposite direction  over left lane line","No Avoidance Maneuver","Tracking","Stayed in original travel lane","SW",0,1,1,0,1,1,0,4,1
280135,3,16,12,"Motor Vehicle In-Transport","Front-to-Front",1,2018,"MERCEDES-BENZ","E-CLASS",998,"Disabling Damage",1,0,1,"Full Driver License","Valid","No",55,"Dry","Going Straight","From opposite direction  over left lane line","No Avoidance Maneuver","Tracking","Stayed in original travel lane","C",0,1,1,1,1,1,0,4,2
280135,3,16,12,"Motor Vehicle In-Transport","Front-to-Front",1,2014,"RAM","2500",998,"Disabling Damage",0,0,1,"Full Driver License","Valid","No",55,"Dry","Going Straight","Over the lane line on left side of travel lane","No Avoidance Maneuver","Tracking","Stayed on roadway, but left original travel lane","PU/EC",0,1,0,0,0,0,1,2,0
280138,3,16,42,"Tree (Standing Only)","The First Harmful Event was Not a Collision with a Motor Vehicle in Transport",2,2019,"VOLKSWAGEN","PASSAT",998,"Disabling Damage",1,0,1,"Full Driver License","Valid","No",65,"Dry","Going Straight","Off the edge of the road on the right side","No Avoidance Maneuver","Tracking","Departed roadway","4 DR",0,1,0,0,2,2,0,2,0
280142,3,21,8,"Pedestrian","The First Harmful Event was Not a Collision with a Motor Vehicle in Transport",3,2017,"CHEVROLET","TAHOE",998,"Disabling Damage",0,0,1,"Full Driver License","Valid","No",65,"Dry","Going Straight","Pedestrian in road","No Avoidance Maneuver","Tracking","Stayed in original travel lane","SUV",1,1,1,0,2,0,0,2,2
280150,4,18,12,"Motor Vehicle In-Transport","Front-to-Rear",1,2013,"FORD","TAURUS",998,"Functional Damage",0,0,1,"Learner's Permit","Valid","No",55,"Dry","Decelerating in Road","Traveling in same direction with higher speed","No Avoidance Maneuver","Tracking","Stayed in original travel lane","4 DR",1,0,0,0,0,0,1,1,1
280158,4,21,8,"Pedestrian","The First Harmful Event was Not a Collision with a Motor Vehicle in Transport",1,2012,"CADILLAC","SRX",998,"Disabling Damage",0,0,1,"Full Driver License","Valid","No",70,"Dry","Going Straight","Pedestrian in road","No Avoidance Maneuver","Tracking","Stayed in original travel lane","SUV",0,1,0,0,0,0,1,3,0
280160,4,20,8,"Pedestrian","The First Harmful Event was Not a Collision with a Motor Vehicle in Transport",1,2023,"HONDA","CR-V",998,"Functional Damage",0,0,1,"Full Driver License","Valid","No",40,"Dry","Going Straight","Pedestrian in road","No Avoidance Maneuver","Tracking","Stayed in original travel lane","SUV",1,1,1,1,1,1,0,5,3
280163,4,8,12,"Motor Vehicle In-Transport","Angle",1,2018,"CHEVROLET","CRUZE",998,"Disabling Damage",0,0,1,"Full Driver License","Valid","No",99,"Dry","Going Straight","From crossing street, across path","No Avoidance Maneuver","Tracking","Stayed in original travel lane","5 HB",1,1,0,0,0,0,0,2,1
280177,4,21,12,"Motor Vehicle In-Transport","Angle",3,2018,"LINCOLN","MKT",998,"Disabling Damage",1,0,1,"Full Driver License","Valid","No",55,"Dry","Going Straight","Crossing Over (Passing Through) Junction","Unknown/Not Reported","Tracking","Stayed in original travel lane","SUV",0,1,1,1,0,2,0,2,2
280185,4,22,12,"Motor Vehicle In-Transport","Front-to-Rear",1,2012,"NISSAN","MAXIMA",998,"Minor Damage",0,0,1,"Full Driver License","Valid","No",35,"Dry","Going Straight","Traveling in same direction with higher speed","Accelerating","Tracking","Stayed in original travel lane","4 DR",0,0,0,0,0,0,1,1,0
280187,4,13,12,"Motor Vehicle In-Transport","Angle",1,2014,"DODGE","JOURNEY",998,"Disabling Damage",0,0,1,"Full Driver License","Valid","No",65,"Dry","Going Straight","From crossing street, across path","Braking and steering right","Tracking","Stayed in original travel lane","SUV",0,1,0,0,0,0,1,2,0
280200,4,15,12,"Motor Vehicle In-Transport","Angle",1,2015,"NISSAN","SENTRA",998,"Disabling Damage",0,0,1,"Full Driver License","Valid","No",55,"Dry","Turning Left","Turning Left","Braking and steering right","Tracking","Stayed in original travel lane","4 DR",0,1,0,0,0,0,0,1,0
280210,5,2,12,"Motor Vehicle In-Transport","Front-to-Front",2,2012,"HYUNDAI","ELANTRA",998,"Disabling Damage",0,0,1,"Full Driver License","Valid","No",45,"Dry","Going Straight","Traveling in opposite direction","No Avoidance Maneuver","Tracking","Stayed in original travel lane","4 DR",0,0,0,0,0,0,1,1,0
280212,5,2,12,"Motor Vehicle In-Transport","Angle",3,2013,"FORD","EXPLORER",998,"Disabling Damage",1,0,1,"Full Driver License","Valid","No",55,"Dry","Going Straight","From crossing street, across path","No Avoidance Maneuver","Tracking","Stayed in original travel lane","SUV",0,0,0,0,0,0,1,1,0
280223,5,9,12,"Motor Vehicle In-Transport","Front-to-Rear",1,2018,"HYUNDAI","ELANTRA",998,"Disabling Damage",1,0,1,"Full Driver License","Valid","No",70,"Dry","Going Straight","From adjacent lane (same direction) over left lane line","Unknown/Not Reported","Tracking","Stayed in original travel lane","4 DR",0,2,0,0,2,2,0,0,0
280225,5,1,12,"Motor Vehicle In-Transport","Front-to-Front",1,2022,"CHEVROLET","CAMARO",998,"Disabling Damage",1,0,1,"Full Driver License","Valid","No",55,"Dry","Going Straight","From opposite direction  over left lane line","No Avoidance Maneuver","Tracking","Stayed in original travel lane","C",1,1,0,0,0,0,0,2,1
280227,5,15,8,"Pedestrian","The First Harmful Event was Not a Collision with a Motor Vehicle in Transport",2,2022,"CHEVROLET","EQUINOX",998,"Functional Damage",0,0,1,"Full Driver License","Valid","No",65,"Dry","Going Straight","Pedestrian in road","Braking","Tracking","Stayed in original travel lane","SUV",1,1,1,1,1,1,0,6,3
280227,5,15,8,"Pedestrian","The First Harmful Event was Not a Collision with a Motor Vehicle in Transport",1,2016,"JEEP","CHEROKEE",998,"Functional Damage",0,0,1,"Full Driver License","Valid","No",65,"Dry","Going Straight","Pedestrian in road","No Avoidance Maneuver","Tracking","Stayed in original travel lane","SUV",1,1,0,0,2,2,0,1,1
280231,5,10,12,"Motor Vehicle In-Transport","Front-to-Front",2,2014,"TOYOTA","CAMRY",998,"Disabling Damage",0,0,1,"Full Driver License","Valid","No",45,"Dry","Going Straight","Traveling in opposite direction","No Avoidance Maneuver","Tracking","Stayed in original travel lane","4 DR",1,0,0,0,0,0,1,1,1
280233,5,8,12,"Motor Vehicle In-Transport","Sideswipe - Same Direction",1,2014,"CADILLAC","SRX",0,"Minor Damage",0,0,1,"Full Driver License","Valid","No",35,"Dry","Stopped in Roadway","From adjacent lane (same direction) over left lane line","No Avoidance Maneuver","Tracking","Stayed in original travel lane","SUV",0,1,1,0,2,2,1,3,1
280233,5,8,12,"Motor Vehicle In-Transport","Sideswipe - Same Direction",1,2016,"HONDA","ODYSSEY",0,"Functional Damage",0,0,1,"Full Driver License","Valid","No",35,"Dry","Stopped in Roadway","From adjacent lane (same direction) over left lane line","No Avoidance Maneuver","Tracking","Stayed in original travel lane","VAN",0,1,0,0,0,0,0,1,0
280233,5,8,12,"Motor Vehicle In-Transport","Sideswipe - Same Direction",4,2013,"HYUNDAI","SONATA",0,"Minor Damage",0,0,1,"Full Driver License","Valid","No",35,"Dry","Stopped in Roadway","From adjacent lane (same direction) over left lane line","No Avoidance Maneuver","Tracking","Stayed in original travel lane","4 DR",0,1,0,0,0,0,1,2,0
280233,5,8,12,"Motor Vehicle In-Transport","Sideswipe - Same Direction",1,2016,"TOYOTA","COROLLA",0,"Disabling Damage",1,0,1,"Full Driver License","Valid","No",35,"Dry","Stopped in Roadway","Traveling in same direction with higher speed","No Avoidance Maneuver","Tracking","Stayed in original travel lane","4 DR",0,1,0,0,0,0,0,1,0
280235,5,21,12,"Motor Vehicle In-Transport","Front-to-Front",1,2017,"HYUNDAI","TUCSON",998,"Disabling Damage",1,0,1,"Full Driver License","Valid","No",70,"Dry","Going Straight","Traveling in opposite direction","Steering left","Tracking","Stayed in original travel lane","SUV",0,1,0,1,2,2,0,1,1
280243,5,12,12,"Motor Vehicle In-Transport","Front-to-Front",1,2011,"KIA","SORENTO",998,"Disabling Damage",0,0,1,"Full Driver License","Valid","No",55,"Dry","Going Straight","From opposite direction  over left lane line","No Avoidance Maneuver","Tracking","Stayed in original travel lane","SUV",0,2,0,0,0,0,1,1,0
280243,5,12,12,"Motor Vehicle In-Transport","Front-to-Front",1,2015,"FORD","FOCUS",998,"Disabling Damage",1,0,1,"Full Driver License","Valid","No",55,"Dry","Passing or Overtaking Another Vehicle","Over the lane line on left side of travel lane","No Avoidance Maneuver","Tracking","Stayed on roadway, but left original travel lane","5 HB",0,1,0,0,0,0,0,1,0
280246,5,16,12,"Motor Vehicle In-Transport","Front-to-Rear",1,2016,"VOLKSWAGEN","JETTA",0,"Disabling Damage",0,0,1,"Full Driver License","Valid","No",55,"Dry","Stopped in Roadway","Traveling in same direction with higher speed","No Avoidance Maneuver","Tracking","Stayed in original travel lane","4 DR",1,1,1,0,2,0,0,1,2
280250,5,9,42,"Tree (Standing Only)","The First Harmful Event was Not a Collision with a Motor Vehicle in Transport",2,2014,"VOLVO","XC90",998,"Disabling Damage",1,0,1,"Full Driver License","Valid","No",70,"Dry","Going Straight","Off the edge of the road on the left side","Steering right","Skidding longitudinally  rotation less than 30 degrees","Departed roadway","SUV",1,1,0,0,0,0,1,2,1
280251,5,13,12,"Motor Vehicle In-Transport","Angle",2,2018,"FORD","FUSION",998,"Disabling Damage",1,0,1,"Full Driver License","Valid","No",45,"Dry","Going Straight","From opposite direction  over left lane line","No Avoidance Maneuver","Tracking","Stayed in original travel lane","4 DR",1,1,1,1,2,2,0,2,3
280252,5,20,8,"Pedestrian","The First Harmful Event was Not a Collision with a Motor Vehicle in Transport",2,2019,"HONDA","RIDGELINE",998,"No Damage",0,0,1,"Full Driver License","Valid","No",65,"Dry","Going Straight","Pedestrian in road","No Avoidance Maneuver","Tracking","Stayed in original travel lane","PU/CC",1,1,1,1,2,2,0,1,3
280265,6,23,12,"Motor Vehicle In-Transport","Front-to-Front",1,2022,"MERCEDES-BENZ","C-CLASS",998,"Disabling Damage",1,0,1,"Full Driver License","Valid","No",65,"Dry","Going Straight","Traveling in opposite direction","Unknown/Not Reported","Tracking","Stayed in original travel lane","4 DR",1,1,1,1,1,1,0,6,3
280270,6,14,12,"Motor Vehicle In-Transport","Front-to-Front",2,2016,"CHRYSLER","200",998,"Disabling Damage",2,0,1,"Full Driver License","Valid","No",65,"Dry","Going Straight","Traveling in opposite direction","No Avoidance Maneuver","Tracking","Stayed in original travel lane","4 DR",0,0,1,1,2,2,0,0,2
280277,6,5,8,"Pedestrian","The First Harmful Event was Not a Collision with a Motor Vehicle in Transport",99,2013,"FORD","EDGE",998,"Functional Damage",0,0,1,"Full Driver License","Valid","No",45,"Dry","Going Straight","Pedestrian in road","No Avoidance Maneuver","Tracking","Stayed in original travel lane","SUV",1,0,1,0,0,0,1,1,2
280279,6,9,12,"Motor Vehicle In-Transport","Angle",1,2016,"TOYOTA","CAMRY",998,"Disabling Damage",1,0,1,"Full Driver License","Valid","No",65,"Dry","Turning Left","Turning Left","No Avoidance Maneuver","Tracking","Stayed in original travel lane","4 DR",1,1,1,1,2,2,0,1,3
280280,6,12,12,"Motor Vehicle In-Transport","Front-to-Front",1,2013,"GMC","TERRAIN",998,"Disabling Damage",0,0,1,"Full Driver License","Valid","No",98,"Dry","Negotiating a Curve","From opposite direction  over left lane line","Braking and steering right","Tracking","Stayed in original travel lane","SUV",0,1,1,1,0,0,1,3,2
280289,6,3,12,"Motor Vehicle In-Transport","Front-to-Front",1,2018,"TOYOTA","TUNDRA",998,"Disabling Damage",0,0,1,"Full Driver License","Valid","No",45,"Dry","Negotiating a Curve","From opposite direction  over left lane line","Braking and steering right","Tracking","Stayed in original travel lane","PU/CC",1,2,1,1,1,1,0,4,3
280295,7,15,12,"Motor Vehicle In-Transport","Front-to-Front",1,2020,"NISSAN","MURANO",998,"Disabling Damage",1,0,1,"Full Driver License","Valid","No",55,"Dry","Going Straight","From opposite direction  over left lane line","No Avoidance Maneuver","Tracking","Stayed in original travel lane","SUV",1,1,1,1,1,1,0,4,3
280306,7,3,12,"Motor Vehicle In-Transport","Angle",3,2019,"FORD","MUSTANG",998,"Disabling Damage",0,0,1,"Full Driver License","Valid","No",65,"Dry","Going Straight","From crossing street, across path","No Avoidance Maneuver","Tracking","Stayed in original travel lane","C",0,0,0,1,2,2,0,1,1
280307,7,14,12,"Motor Vehicle In-Transport","Front-to-Front",1,2012,"NISSAN","ALTIMA",998,"Disabling Damage",1,0,1,"Full Driver License","Valid","No",45,"Dry","Negotiating a Curve","From opposite direction  over left lane line","Unknown/Not Reported","Tracking","Stayed in original travel lane","4 DR",0,0,0,0,0,0,1,1,0
280311,7,13,12,"Motor Vehicle In-Transport","Angle",1,2018,"CHEVROLET","EQUINOX",998,"Disabling Damage",0,0,1,"Full Driver License","Valid","No",65,"Dry","Going Straight","From crossing street, across path","Braking and steering left","Tracking","Stayed in original travel lane","SUV",0,1,0,1,2,2,0,2,1
280314,7,15,12,"Motor Vehicle In-Transport","Front-to-Front",1,2019,"CHEVROLET","EQUINOX",998,"Disabling Damage",0,0,1,"Full Driver License","Valid","No",55,"Dry","Going Straight","Traveling in opposite direction","No Avoidance Maneuver","Tracking","Stayed in original travel lane","SUV",0,1,1,1,2,2,0,2,2
280317,7,0,12,"Motor Vehicle In-Transport","Angle",2,2021,"NISSAN","SENTRA",998,"Disabling Damage",2,0,1,"Full Driver License","Valid","No",35,"Dry","Going Straight","Crossing Over (Passing Through) Junction","No Avoidance Maneuver","Tracking","Stayed in original travel lane","4 DR",1,0,1,1,1,1,0,5,3
280318,7,12,12,"Motor Vehicle In-Transport","Angle",1,2016,"HYUNDAI","ELANTRA",998,"Disabling Damage",0,0,1,"Full Driver License","Valid","No",35,"Dry","Turning Left","Turning Left","No Avoidance Maneuver","Tracking","Stayed in original travel lane","4 DR",0,1,0,0,0,0,0,1,0
280321,7,23,12,"Motor Vehicle In-Transport","Front-to-Front",1,2020,"FORD","ESCAPE",998,"Disabling Damage",1,0,1,"Full Driver License","Valid","No",55,"Dry","Going Straight","From opposite direction  over left lane line","No Avoidance Maneuver","Tracking","Stayed in original travel lane","SUV",1,0,1,1,1,1,0,6,3
280328,5,16,12,"Motor Vehicle In-Transport","Angle",2,2017,"DODGE","GRAND CARAVAN",998,"Disabling Damage",2,0,1,"Full Driver License","Valid","No",55,"Dry","Turning Left","Turning Left","No Avoidance Maneuver","Tracking","Stayed in original travel lane","VAN",1,0,0,0,0,0,0,0,1
280328,5,16,12,"Motor Vehicle In-Transport","Angle",1,2022,"CHEVROLET","TAHOE",998,"Disabling Damage",0,0,1,"Full Driver License","Valid","No",55,"Dry","Going Straight","From opposite direction  over left lane line","Steering right","Tracking","Stayed in original travel lane","SUV",0,1,0,0,0,0,0,2,0
280329,5,16,12,"Motor Vehicle In-Transport","Angle",2,2021,"JEEP","GLADIATOR",998,"Disabling Damage",0,0,1,"Full Driver License","Valid","No",35,"Dry","Turning Left","Turning Left","No Avoidance Maneuver","Tracking","Stayed in original travel lane","PU/CC",1,0,1,0,2,2,0,0,2
280332,6,5,12,"Motor Vehicle In-Transport","Angle",1,2013,"HONDA","CIVIC",998,"Disabling Damage",1,0,1,"Full Driver License","Valid","No",45,"Dry","Going Straight","Crossing Over (Passing Through) Junction","No Avoidance Maneuver","Tracking","Stayed in original travel lane","4 DR",0,0,0,0,0,0,1,1,0
280333,7,23,8,"Pedestrian","The First Harmful Event was Not a Collision with a Motor Vehicle in Transport",2,2017,"VOLKSWAGEN","JETTA",998,"Minor Damage",0,0,1,"Full Driver License","Valid","No",70,"Dry","Going Straight","Pedestrian in road","Braking and steering left","Tracking","Stayed in original travel lane","4 DR",1,1,1,0,2,2,0,1,2
280339,4,11,12,"Motor Vehicle In-Transport","Angle",2,2016,"FORD","EDGE",998,"Disabling Damage",0,0,1,"Full Driver License","Valid","No",45,"Dry","Turning Left","Turning Left","No Avoidance Maneuver","Tracking","Stayed in original travel lane","SUV",1,0,1,1,0,0,0,1,3
280340,5,7,12,"Motor Vehicle In-Transport","Front-to-Front",1,2013,"FORD","EXPEDITION",998,"Disabling Damage",1,0,1,"Full Driver License","Valid","No",55,"Dry","Going Straight","From opposite direction  over left lane line","No Avoidance Maneuver","Tracking","Stayed in original travel lane","EXTENDED SUV",0,0,0,0,0,0,1,1,0
280345,7,18,12,"Motor Vehicle In-Transport","Front-to-Rear",1,2020,"FORD","ESCAPE",998,"Disabling Damage",0,0,1,"Full Driver License","Valid","No",70,"Dry","Decelerating in Road","Traveling in same direction with higher speed","No Avoidance Maneuver","Tracking","Stayed in original travel lane","SUV",1,0,1,1,1,1,0,6,3
280350,8,7,43,"Other Fixed Object","The First Harmful Event was Not a Collision with a Motor Vehicle in Transport",1,2020,"DODGE","DURANGO",998,"Disabling Damage",1,0,1,"Full Driver License","Valid","No",55,"Dry","Going Straight","Off the edge of the road on the left side","No Avoidance Maneuver","Tracking","Departed roadway","SUV",0,0,1,0,2,2,0,0,1
280351,8,13,32,"Culvert","The First Harmful Event was Not a Collision with a Motor Vehicle in Transport",1,2022,"FORD","EXPLORER",998,"Disabling Damage",1,0,1,"Full Driver License","Valid","No",70,"Dry","Going Straight","Off the edge of the road on the left side","No Avoidance Maneuver","Tracking","Departed roadway","SUV",1,0,1,1,1,1,0,6,3
280352,8,17,12,"Motor Vehicle In-Transport","Front-to-Front",1,2021,"HONDA","ACCORD",998,"Disabling Damage",1,0,1,"Full Driver License","Valid","No",55,"Dry","Going Straight","From opposite direction  over left lane line","No Avoidance Maneuver","Tracking","Stayed in original travel lane","4 DR",0,1,1,1,1,1,0,6,2
280352,8,17,12,"Motor Vehicle In-Transport","Front-to-Front",1,2020,"JEEP","CHEROKEE",998,"Disabling Damage",1,0,1,"Full Driver License","Valid","No",55,"Dry","Going Straight","Over the lane line on left side of travel lane","No Avoidance Maneuver","Tracking","Stayed on roadway, but left original travel lane","SUV",0,2,0,1,2,2,0,0,1
280356,8,12,12,"Motor Vehicle In-Transport","Angle",4,2016,"DODGE","CHARGER",998,"Disabling Damage",1,0,1,"Full Driver License","Valid","No",55,"Dry","Going Straight","Crossing Over (Passing Through) Junction","No Avoidance Maneuver","Tracking","Stayed in original travel lane","4 DR",1,0,1,1,2,2,0,0,3
280358,8,14,16,"Thrown or Falling Object","The First Harmful Event was Not a Collision with a Motor Vehicle in Transport",2,2013,"TOYOTA","TACOMA",998,"Disabling Damage",2,0,1,"Full Driver License","Valid","No",55,"Dry","Going Straight","Other critical precrash event (specify:)","No Avoidance Maneuver","Tracking","Stayed in original travel lane","PU/CC",0,0,0,0,0,0,1,1,0
280359,8,6,12,"Motor Vehicle In-Transport","Angle",1,2016,"TOYOTA","TACOMA",998,"Disabling Damage",0,0,1,"Full Driver License","Valid","No",65,"Dry","Going Straight","From crossing street, across path","No Avoidance Maneuver","Tracking","Stayed in original travel lane","PU/EC",1,0,0,0,0,0,0,0,1
280360,8,10,12,"Motor Vehicle In-Transport","Front-to-Front",2,2020,"NISSAN","VERSA",998,"Disabling Damage",2,0,1,"Full Driver License","Valid","No",55,"Dry","Going Straight","Over the lane line on left side of travel lane","No Avoidance Maneuver","Tracking","Stayed on roadway, but left original travel lane","4 DR",0,0,1,1,1,1,0,4,2
280360,8,10,12,"Motor Vehicle In-Transport","Front-to-Front",1,2014,"BUICK","REGAL",998,"Disabling Damage",1,0,1,"Full Driver License","Valid","No",55,"Dry","Going Straight","From opposite direction  over left lane line","No Avoidance Maneuver","Tracking","Stayed in original travel lane","4 DR",0,1,1,0,2,0,1,3,1
280363,8,8,30,"Utility Pole/Light Support","The First Harmful Event was Not a Collision with a Motor Vehicle in Transport",1,2015,"NISSAN","MURANO",998,"Disabling Damage",1,0,1,"Full Driver License","Valid","No",98,"Dry","Going Straight","Off the edge of the road on the right side","No Avoidance Maneuver","Tracking","Departed roadway","SUV",1,0,1,0,2,2,0,0,2
280371,8,2,12,"Motor Vehicle In-Transport","Front-to-Front",3,2012,"FORD","FOCUS",998,"Disabling Damage",1,0,1,"Full Driver License","Valid","No",70,"Dry","Passing or Overtaking Another Vehicle","Traveling in opposite direction","Steering right","Tracking","Stayed in original travel lane","5 HB",0,1,0,0,0,0,1,2,0
280375,8,15,9,"Pedalcyclist","The First Harmful Event was Not a Collision with a Motor Vehicle in Transport",2,2021,"CHEVROLET","TRAVERSE",998,"Minor Damage",0,0,1,"Full Driver License","Valid","No",60,"Dry","Negotiating a Curve","Object in road","No Avoidance Maneuver","Tracking","Stayed in original travel lane","SUV",1,1,0,1,2,2,0,2,2