"SERIAL_CRASH","MONTH","HOUR","HARM_EV","HARM_EVNAME","TYPE_OF_COLLIOSION","NUM_OF_PEOPLE","MOD_YEAR","VPICMAKENAME","VPICMODELNAME","TRAV_SP","DEFORMEDNAME","DEATHS","DR_DRINK","IS_DRIVER_PRESENT","L_TYPENAME","L_STATUSNAME","SPEEDRELNAME","VSPD_LIM","VSURCONDNAME","P_CRASH1NAME","P_CRASH2NAME","P_CRASH3NAME","PCRASH4NAME","PCRASH5NAME","BODY_STYLE","BLIND_SPOT_DETECTION","ARS","FRNT_COLLISION_WARNING","LANE_DEPARTURE_WARNING","CRASH_IMMINENT_BRAKE","DYNAMIC_BRAKE_SUPPORT","NHTSA_ESC","SAFETY_COUNT","notification_count"
280380,8,17,12,"Motor Vehicle In-Transport","Front-to-Front",3,2013,"TOYOTA","YARIS",998,"Disabling Damage",1,0,1,"Full Driver License","Valid","No",98,"Dry","Negotiating a Curve","From opposite direction  over left lane line","Braking and steering right","Tracking","Stayed in original travel lane","5 HB",0,0,0,0,0,0,1,1,0
280383,8,17,12,"Motor Vehicle In-Transport","Angle",3,2017,"JEEP","RENEGADE",998,"Disabling Damage",1,0,1,"Full Driver License","Valid","No",99,"Dry","Turning Left","Turning Left","No Avoidance Maneuver","Tracking","Stayed in original travel lane","SUV",0,0,1,0,2,2,0,0,1
280383,8,17,12,"Motor Vehicle In-Transport","Angle",1,2018,"HONDA","CIVIC",998,"Disabling Damage",0,0,1,"Full Driver License","Valid","No",99,"Dry","Going Straight","From opposite direction  over left lane line","No Avoidance Maneuver","Tracking","Stayed in original travel lane","5 HB",0,1,1,1,2,2,0,1,2
280384,8,18,12,"Motor Vehicle In-Transport","Front-to-Front",2,2019,"LAND ROVER","RANGE ROVER VELAR",998,"Disabling Damage",2,0,1,"Full Driver License","Valid","No",65,"Dry","Going Straight","Traveling in opposite direction","No Avoidance Maneuver","Tracking","Stayed in original travel lane","SUV",1,1,1,1,1,2,0,5,3
280385,8,18,12,"Motor Vehicle In-Transport","Angle",2,2013,"NISSAN","MAXIMA",998,"Disabling Damage",0,0,1,"Full Driver License","Valid","No",55,"Dry","Going Straight","From crossing street, across path","No Avoidance Maneuver","Tracking","Stayed in original travel lane","4 DR",0,1,0,0,0,0,1,2,0
280405,8,20,8,"Pedestrian","The First Harmful Event was Not a Collision with a Motor Vehicle in Transport",1,2013,"NISSAN","ALTIMA",998,"Functional Damage",0,0,1,"Full Driver License","Valid","No",55,"Dry","Going Straight","Pedestrian in road","Steering left","Tracking","Stayed on roadway, but left original travel lane","2 DR",0,1,0,0,0,0,1,2,0
280406,8,7,12,"Motor Vehicle In-Transport","Sideswipe - Same Direction",1,2020,"HONDA","ACCORD",998,"Disabling Damage",0,0,1,"Full Driver License","Valid","No",35,"Dry","Going Straight","From adjacent lane (same direction) over right lane line","No Avoidance Maneuver","Tracking","Stayed in original travel lane","4 DR",0,1,1,1,1,1,0,6,2
280411,9,0,1,"Rollover/Overturn","The First Harmful Event was Not a Collision with a Motor Vehicle in Transport",8,2022,"CHRYSLER","PACIFICA",998,"Disabling Damage",1,0,1,"Full Driver License","Valid","No",65,"Dry","Going Straight","Off the edge of the road on the right side","No Avoidance Maneuver","Tracking","Departed roadway","MV",1,1,1,1,1,1,0,7,3
280416,7,21,10,"Railway Vehicle","The First Harmful Event was Not a Collision with a Motor Vehicle in Transport",4,2011,"FORD","FUSION",0,"Disabling Damage",1,0,1,"Full Driver License","Valid","No",35,"Dry","Stopped in Roadway","Object in road","No Avoidance Maneuver","Tracking","Stayed in original travel lane","4 DR",0,2,0,0,0,0,1,1,0
280420,9,22,12,"Motor Vehicle In-Transport","Angle",3,2017,"NISSAN","SENTRA",998,"Disabling Damage",1,0,1,"Full Driver License","Valid","No",55,"Dry","Negotiating a Curve","From opposite direction  over left lane line","Steering left","Tracking","Stayed in original travel lane","4 DR",1,0,0,0,2,2,0,0,1
280421,9,21,8,"Pedestrian","The First Harmful Event was Not a Collision with a Motor Vehicle in Transport",1,2012,"KIA","SORENTO",998,"Minor Damage",0,0,1,"Full Driver License","Valid","No",45,"Dry","Going Straight","Pedestrian in road","No Avoidance Maneuver","Tracking","Stayed in original travel lane","SUV",0,0,0,0,0,0,1,1,0
280423,9,16,34,"Ditch","The First Harmful Event was Not a Collision with a Motor Vehicle in Transport",1,2019,"FORD","MUSTANG",998,"Disabling Damage",1,0,1,"Full Driver License","Valid","No",55,"Dry","Going Straight","Off the edge of the road on the left side","No Avoidance Maneuver","Tracking","Departed roadway","C",0,0,1,1,2,2,0,1,2
280424,9,15,12,"Motor Vehicle In-Transport","Angle",2,2017,"HYUNDAI","SONATA",998,"Disabling Damage",0,0,1,"Full Driver License","Valid","No",65,"Dry","Going Straight","From crossing street, across path","Braking","Tracking","Stayed in original travel lane","4 DR",0,1,1,1,2,2,0,2,2
280424,9,15,12,"Motor Vehicle In-Transport","Angle",1,2020,"NISSAN","MURANO",998,"Disabling Damage",1,0,1,"Full Driver License","Valid","No",65,"Dry","Going Straight","Crossing Over (Passing Through) Junction","No Avoidance Maneuver","Tracking","Stayed in original travel lane","SUV",0,1,1,1,1,1,0,4,2
280429,9,16,12,"Motor Vehicle In-Transport","Front-to-Front",1,2022,"TOYOTA","CAMRY",998,"Disabling Damage",1,0,1,"Full Driver License","Valid","No",55,"Dry","Turning Left","Turning Left","No Avoidance Maneuver","Tracking","Stayed in original travel lane","4 DR",0,1,1,1,1,1,0,6,2
280430,9,3,8,"Pedestrian","The First Harmful Event was Not a Collision with a Motor Vehicle in Transport",2,2022,"JEEP","GLADIATOR",998,"Minor Damage",0,0,1,"Full Driver License","Valid","No",60,"Dry","Going Straight","Pedestrian in road","No Avoidance Maneuver","Tracking","Stayed in original travel lane","PU/CC",1,0,0,0,2,2,0,1,1
280433,6,23,8,"Pedestrian","The First Harmful Event was Not a Collision with a Motor Vehicle in Transport",1,2011,"NISSAN","ARMADA",998,"Disabling Damage",0,0,1,"Full Driver License","Valid","No",60,"Dry","Going Straight","Pedestrian in road","No Avoidance Maneuver","Tracking","Stayed in original travel lane","SUV",0,1,0,0,0,0,1,2,0
280446,9,22,12,"Motor Vehicle In-Transport","Front-to-Rear",1,2021,"RAM","1500",998,"Disabling Damage",0,0,1,"Full Driver License","Valid","No",55,"Dry","Going Straight","Traveling in same direction with higher speed","No Avoidance Maneuver","Tracking","Stayed in original travel lane","PU/EC",1,0,0,1,2,2,0,0,2
280464,10,10,12,"Motor Vehicle In-Transport","Angle",2,2011,"TOYOTA","SIENNA",998,"Disabling Damage",0,0,1,"Full Driver License","Valid","No",70,"Dry","Going Straight","From entrance to limited access highway","Braking","Tracking","Stayed in original travel lane","VAN",0,1,1,0,0,0,1,2,1
280483,10,6,12,"Motor Vehicle In-Transport","Angle",5,2015,"KIA","SORENTO",998,"Disabling Damage",2,0,1,"Full Driver License","Valid","No",35,"Dry","Going Straight","Crossing Over (Passing Through) Junction","No Avoidance Maneuver","Tracking","Stayed in original travel lane","SUV",1,1,0,0,0,0,0,1,1
280485,10,0,12,"Motor Vehicle In-Transport","Front-to-Rear",1,2015,"NISSAN","ALTIMA",0,"Disabling Damage",1,0,1,"Full Driver License","Valid","No",60,"Dry","Stopped in Roadway","Traveling in same direction with higher speed","No Avoidance Maneuver","Tracking","Stayed in original travel lane","4 DR",0,0,0,0,0,0,0,0,0
280488,10,17,12,"Motor Vehicle In-Transport","Angle",1,2023,"HYUNDAI","ELANTRA",998,"Disabling Damage",0,0,1,"Full Driver License","Valid","No",35,"Dry","Turning Left","Turning Left","No Avoidance Maneuver","Tracking","Stayed in original travel lane","4 DR",1,2,1,1,1,1,0,5,3
280491,10,12,12,"Motor Vehicle In-Transport","Angle",2,2016,"CHEVROLET","MALIBU LIMITED",998,"Minor Damage",0,0,1,"Full Driver License","Valid","No",70,"Dry","Going Straight","From opposite direction  over left lane line","Braking and steering right","Tracking","Stayed in original travel lane","4 DR",1,1,0,1,0,0,0,2,2
280492,10,7,42,"Tree (Standing Only)","The First Harmful Event was Not a Collision with a Motor Vehicle in Transport",1,2014,"INFINITI","QX60",998,"Disabling Damage",1,0,1,"Full Driver License","Valid","No",55,"Dry","Negotiating a Curve","Off the edge of the road on the right side","No Avoidance Maneuver","Tracking","Departed roadway","SUV",0,0,0,1,2,0,1,1,1
280496,10,13,12,"Motor Vehicle In-Transport","Front-to-Front",1,2017,"CHEVROLET","TRAVERSE",998,"Disabling Damage",0,0,1,"Full Driver License","Valid","No",55,"Dry","Turning Right","Turning Right","No Avoidance Maneuver","Tracking","Stayed in original travel lane","SUV",0,1,1,0,0,0,0,2,1
280497,10,21,18,"Other Object (not fixed)","The First Harmful Event was Not a Collision with a Motor Vehicle in Transport",2,2012,"FORD","EDGE",998,"Disabling Damage",1,0,1,"Full Driver License","Valid","No",55,"Dry","Going Straight","Object in road","Braking and steering left","Tracking","Stayed in original travel lane","SUV",0,0,0,0,0,0,1,1,0
280497,10,21,18,"Other Object (not fixed)","The First Harmful Event was Not a Collision with a Motor Vehicle in Transport",1,2016,"CHEVROLET","EQUINOX",998,"Disabling Damage",0,0,1,"Full Driver License","Valid","No",55,"Dry","Going Straight","From opposite direction  over left lane line","Braking and steering left","Tracking","Stayed in original travel lane","SUV",0,0,0,0,0,0,0,1,0
280503,10,16,12,"Motor Vehicle In-Transport","Angle",1,2011,"HYUNDAI","ELANTRA",998,"Disabling Damage",1,0,1,"Full Driver License","Valid","No",55,"Dry","Going Straight","From opposite direction  over left lane line","No Avoidance Maneuver","Tracking","Stayed in original travel lane","4 DR",0,2,0,0,0,0,1,1,0
280518,11,20,12,"Motor Vehicle In-Transport","Front-to-Front",1,2013,"NISSAN","VERSA",0,"Disabling Damage",1,0,1,"Full Driver License","Valid","No",35,"Dry","Stopped in Roadway","Traveling in opposite direction","No Avoidance Maneuver","Tracking","Stayed in original travel lane","4 DR",0,1,0,0,0,0,1,2,0
280523,10,17,12,"Motor Vehicle In-Transport","Front-to-Front",1,2014,"DODGE","CHALLENGER",998,"Disabling Damage",0,0,1,"Full Driver License","Valid","No",55,"Dry","Turning Right","Turning Right","No Avoidance Maneuver","Tracking","Stayed in original travel lane","2 DR",0,1,0,0,0,0,1,2,0
280531,10,17,59,"Traffic Sign Support","The First Harmful Event was Not a Collision with a Motor Vehicle in Transport",1,2020,"JEEP","COMPASS",998,"Disabling Damage",1,0,1,"Full Driver License","Valid","No",55,"Dry","Going Straight","Off the edge of the road on the left side","No Avoidance Maneuver","Tracking","Departed roadway","SUV",0,1,0,1,2,2,0,1,1
280534,2,12,8,"Pedestrian","The First Harmful Event was Not a Collision with a Motor Vehicle in Transport",2,2011,"CHEVROLET","EQUINOX",998,"Minor Damage",0,0,1,"Full Driver License","Valid","No",98,"Dry","Going Straight","Pedestrian in road","No Avoidance Maneuver","Tracking","Stayed in original travel lane","SUV",0,0,0,0,0,0,1,2,0
280547,11,3,1,"Rollover/Overturn","The First Harmful Event was Not a Collision with a Motor Vehicle in Transport",1,2018,"CHRYSLER","300",998,"Disabling Damage",1,0,1,"Full Driver License","Valid","No",70,"Dry","Going Straight","Off the edge of the road on the right side","No Avoidance Maneuver","Tracking","Departed roadway","4 DR",0,0,1,0,2,2,0,0,1
280565,11,13,12,"Motor Vehicle In-Transport","Angle",2,2022,"BUICK","ENCORE GX",998,"Disabling Damage",0,0,1,"Full Driver License","Valid","No",98,"Dry","Going Straight","From opposite direction  over left lane line","Unknown/Not Reported","Tracking","Stayed in original travel lane","SUV",0,1,1,1,1,1,0,6,2
280565,11,13,12,"Motor Vehicle In-Transport","Angle",1,2015,"NISSAN","SENTRA",998,"Disabling Damage",1,0,1,"Full Driver License","Valid","No",98,"Dry","Turning Left","Turning Left","No Avoidance Maneuver","Tracking","Stayed in original travel lane","4 DR",0,1,0,0,0,0,0,1,0
280578,11,15,12,"Motor Vehicle In-Transport","Angle",3,2018,"NISSAN","VERSA",998,"Disabling Damage",1,0,1,"Full Driver License","Valid","No",98,"Dry","Going Straight","Crossing Over (Passing Through) Junction","Accelerating","Tracking","Stayed in original travel lane","4 DR",0,0,0,0,0,0,0,0,0
280592,12,4,12,"Motor Vehicle In-Transport","Front-to-Rear",1,2015,"KIA","FORTE",998,"Disabling Damage",0,0,1,"Full Driver License","Valid","No",70,"Dry","Going Straight","From Parking Lane/Shoulder, Median/Crossover, Roadside","No Avoidance Maneuver","Tracking","Stayed in original travel lane","5 HB",0,1,0,0,0,0,0,2,0
280601,12,23,8,"Pedestrian","The First Harmful Event was Not a Collision with a Motor Vehicle in Transport",1,2019,"AUDI","Q7",998,"Minor Damage",0,0,1,"Full Driver License","Valid","No",45,"Dry","Going Straight","Pedestrian in road","No Avoidance Maneuver","Tracking","Stayed in original travel lane","SUV",0,1,1,1,1,1,0,4,2
280603,12,2,12,"Motor Vehicle In-Transport","Front-to-Rear",3,2013,"KIA","OPTIMA",998,"Disabling Damage",2,0,1,"Full Driver License","Valid","No",65,"Dry","Decelerating in Road","Traveling in same direction with higher speed","No Avoidance Maneuver","Tracking","Stayed in original travel lane","4 DR",0,1,0,0,0,0,1,2,0
280610,11,19,12,"Motor Vehicle In-Transport","Angle",2,2018,"TOYOTA","YARIS IA",998,"Disabling Damage",2,0,1,"Full Driver License","Valid","No",45,"Dry","Negotiating a Curve","From opposite direction  over left lane line","No Avoidance Maneuver","Tracking","Stayed in original travel lane","4 DR",0,1,0,0,1,0,0,3,0
280614,12,6,12,"Motor Vehicle In-Transport","Angle",1,2018,"TOYOTA","RAV4",998,"Disabling Damage",1,0,1,"Full Driver License","Valid","No",55,"Dry","Turning Left","Turning Left","No Avoidance Maneuver","Tracking","Stayed in original travel lane","SUV",1,1,1,1,1,1,0,5,3
280615,12,18,12,"Motor Vehicle In-Transport","Front-to-Rear",2,2022,"KIA","SORENTO",0,"Functional Damage",0,0,1,"Full Driver License","Valid","No",55,"Dry","Stopped in Roadway","Other vehicle stopped","No Avoidance Maneuver","Tracking","Stayed in original travel lane","SUV",1,0,1,1,1,1,0,4,3
280617,12,13,59,"Traffic Sign Support","The First Harmful Event was Not a Collision with a Motor Vehicle in Transport",1,2018,"CHEVROLET","TAHOE",998,"Disabling Damage",1,0,1,"Full Driver License","Valid","No",99,"Dry","Going Straight","Off the edge of the road on the right side","No Avoidance Maneuver","Tracking","Departed roadway","SUV",0,1,1,1,2,2,0,2,2
280636,12,6,42,"Tree (Standing Only)","The First Harmful Event was Not a Collision with a Motor Vehicle in Transport",1,2022,"JEEP","WRANGLER",998,"Disabling Damage",1,0,1,"Full Driver License","Valid","No",70,"Dry","Going Straight","Off the edge of the road on the right side","No Avoidance Maneuver","Tracking","Departed roadway","SUV",1,0,0,0,2,2,0,1,1
280645,11,13,12,"Motor Vehicle In-Transport","Front-to-Rear",2,2018,"RAM","1500",0,"Disabling Damage",0,0,1,"Full Driver License","Valid","No",55,"Dry","Stopped in Roadway","Traveling in same direction with higher speed","No Avoidance Maneuver","Tracking","Stayed in original travel lane","PU/RC",0,0,0,0,0,0,0,0,0
280650,12,18,8,"Pedestrian","The First Harmful Event was Not a Collision with a Motor Vehicle in Transport",1,2020,"CHEVROLET","TAHOE",998,"Functional Damage",0,0,1,"Full Driver License","Valid","No",45,"Dry","Going Straight","Pedestrian in road","No Avoidance Maneuver","Tracking","Stayed in original travel lane","SUV",0,0,1,0,2,2,0,0,1
280651,11,8,9,"Pedalcyclist","The First Harmful Event was Not a Collision with a Motor Vehicle in Transport",1,2017,"NISSAN","ALTIMA",998,"Disabling Damage",0,0,1,"Full Driver License","Valid","No",55,"Dry","Going Straight","Pedalcyclist or other non-motorist in road","No Avoidance Maneuver","Tracking","Stayed in original travel lane","4 DR",0,0,1,0,2,2,0,0,1
280657,10,22,42,"Tree (Standing Only)","The First Harmful Event was Not a Collision with a Motor Vehicle in Transport",1,2012,"NISSAN","ALTIMA",998,"Disabling Damage",1,0,1,"Full Driver License","Valid","No",99,"Dry","Negotiating a Curve","Off the edge of the road on the left side","No Avoidance Maneuver","Tracking","Departed roadway","4 DR",0,0,0,0,0,0,1,1,0
280667,9,21,12,"Motor Vehicle In-Transport","Front-to-Rear",1,2017,"NISSAN","MAXIMA",998,"Disabling Damage",1,0,1,"Full Driver License","Valid","No",45,"Dry","Going Straight","Traveling in same direction with higher speed","No Avoidance Maneuver","Tracking","Stayed in original travel lane","4 DR",0,0,1,0,2,2,0,0,1
280674,12,8,42,"Tree (Standing Only)","The First Harmful Event was Not a Collision with a Motor Vehicle in Transport",4,2016,"FORD","EXPLORER",998,"Disabling Damage",1,0,1,"Full Driver License","Valid","No",65,"Dry","Negotiating a Curve","Off the edge of the road on the right side","No Avoidance Maneuver","Tracking","Departed roadway","SUV",0,1,1,0,0,0,0,1,1
290004,1,9,12,"Motor Vehicle In-Transport","Front-to-Front",1,2016,"KIA","SOUL",88,"Disabling Damage",1,0,1,"Full Driver License","Valid","No",65,"Dry","Negotiating a Curve","Off the edge of the road on the left side","Steering right","Tracking","Departed roadway","SUV",0,1,0,1,0,0,0,1,1
290004,1,9,12,"Motor Vehicle In-Transport","Front-to-Front",2,2016,"TOYOTA","COROLLA",65,"Disabling Damage",0,0,1,"Full Driver License","Valid","No",65,"Dry","Negotiating a Curve","Traveling in opposite direction","Braking and Unknown Steering Direction","Tracking","Stayed on roadway, not known if left original travel lane","4 DR",0,1,0,0,0,0,0,1,0
290006,1,9,12,"Motor Vehicle In-Transport","Front-to-Front",2,2012,"HONDA","ACCORD",998,"Disabling Damage",0,0,1,"Full Driver License","Valid","No",55,"Dry","Going Straight","From opposite direction  over left lane line","Unknown/Not Reported","Tracking","Stayed in original travel lane","2 DR",0,0,0,0,0,0,1,1,0
290009,1,12,12,"Motor Vehicle In-Transport","Front-to-Front",1,2019,"RAM","1500",998,"Disabling Damage",0,0,1,"Full Driver License","Valid","No",45,"Dry","Going Straight","From opposite direction  over left lane line","Other actions (specify:)","Tracking","Stayed in original travel lane","PU/EC",1,1,1,1,2,2,0,1,3
290014,1,18,12,"Motor Vehicle In-Transport","Angle",2,2020,"CADILLAC","XT6",998,"Disabling Damage",0,0,1,"Full Driver License","Valid","No",40,"Dry","Going Straight","From driveway, turning into opposite direction","Unknown/Not Reported","Precrash stability unknown","Stayed in original travel lane","SUV",1,1,1,1,2,1,0,6,3
290022,1,12,12,"Motor Vehicle In-Transport","Angle",1,2022,"CHEVROLET","CAMARO",998,"Disabling Damage",1,0,1,"Full Driver License","Valid","No",25,"Dry","Going Straight","From crossing street, across path","Unknown/Not Reported","Tracking","Stayed in original travel lane","C",1,1,0,0,0,0,0,2,1
290022,1,12,12,"Motor Vehicle In-Transport","Angle",1,2012,"FORD","FIESTA",0,"Damage Reported, Extent Unknown",0,0,1,"Full Driver License","Valid","No",35,"Dry","Stopped in Roadway","From opposite direction  over left lane line","No Avoidance Maneuver","Tracking","Stayed in original travel lane","4 DR",0,0,0,0,0,0,1,1,0
290024,1,1,12,"Motor Vehicle In-Transport","Front-to-Front",8,2021,"FORD","EXPEDITION",998,"Not Reported",3,0,1,"Full Driver License","Valid","No",70,"Dry","Going Straight","Traveling in opposite direction","Unknown/Not Reported","Tracking","Stayed in original travel lane","SUV",1,0,1,1,1,1,0,5,3
290037,1,16,12,"Motor Vehicle In-Transport","Angle",1,2013,"CHRYSLER","200",999,"Disabling Damage",1,0,1,"Full Driver License","Valid","No",55,"Dry","Starting in Road","Crossing Over (Passing Through) Junction","Unknown/Not Reported","Tracking","Stayed in original travel lane","C",0,0,0,0,0,0,1,1,0
290037,1,16,12,"Motor Vehicle In-Transport","Angle",1,2016,"FORD","TRANSIT CONNECT",73,"Disabling Damage",0,0,1,"Full Driver License","Valid","No",65,"Dry","Going Straight","From crossing street, across path","Braking and steering left","Tracking","Stayed in original travel lane","VAN",0,0,0,0,0,0,0,0,0
290038,1,19,12,"Motor Vehicle In-Transport","Front-to-Rear",1,2016,"FORD","FUSION",9,"Disabling Damage",0,0,1,"Full Driver License","Valid","No",60,"Dry","Decelerating in Road","Traveling in same direction with higher speed","Unknown/Not Reported","Tracking","Stayed in original travel lane","4 DR",1,1,0,1,0,0,0,1,2
290044,2,16,12,"Motor Vehicle In-Transport","Front-to-Front",1,2015,"HYUNDAI","ELANTRA",40,"Disabling Damage",1,0,1,"Full Driver License","Valid","No",40,"Dry","Going Straight","Over the lane line on left side of travel lane","Braking and steering left","Tracking","Stayed on roadway, but left original travel lane","2 DR",0,2,0,0,0,0,0,0,0
290044,2,16,12,"Motor Vehicle In-Transport","Front-to-Front",1,2018,"NISSAN","ALTIMA",39,"Disabling Damage",0,0,1,"Full Driver License","Valid","No",40,"Dry","Going Straight","From opposite direction  over left lane line","Steering right","Tracking","Stayed in original travel lane","4 DR",1,1,1,0,1,1,0,4,2
290048,2,18,8,"Pedestrian","The First Harmful Event was Not a Collision with a Motor Vehicle in Transport",1,2011,"TOYOTA","CAMRY",998,"Disabling Damage",0,0,1,"Full Driver License","Valid","No",40,"Dry","Going Straight","Pedestrian in road","Unknown/Not Reported","Tracking","Stayed in original travel lane","4 DR",0,1,0,0,0,0,1,2,0
290056,1,9,25,"Concrete Traffic Barrier","The First Harmful Event was Not a Collision with a Motor Vehicle in Transport",1,2020,"HYUNDAI","KONA",998,"Disabling Damage",1,0,1,"Full Driver License","Valid","No",70,"Dry","Going Straight","Off the edge of the road on the left side","Unknown/Not Reported","Tracking","Departed roadway","SUV",0,2,1,1,1,1,0,4,2
290057,1,23,8,"Pedestrian","The First Harmful Event was Not a Collision with a Motor Vehicle in Transport",1,2015,"NISSAN","SENTRA",998,"Disabling Damage",0,0,1,"Full Driver License","Valid","No",45,"Dry","Negotiating a Curve","Pedestrian in road","Steering left","Tracking","Stayed in original travel lane","4 DR",0,1,0,0,0,0,0,1,0
290057,1,23,8,"Pedestrian","The First Harmful Event was Not a Collision with a Motor Vehicle in Transport",1,2019,"MITSUBISHI","MIRAGE G4",998,"Disabling Damage",0,0,1,"Full Driver License","Valid","No",45,"Dry","Negotiating a Curve","Pedestrian in road","Unknown/Not Reported","Tracking","Stayed in original travel lane","4 DR",0,1,0,0,0,0,0,1,0
290059,2,4,12,"Motor Vehicle In-Transport","Angle",1,2018,"FORD","TAURUS",67,"Disabling Damage",1,0,1,"Full Driver License","Valid","No",70,"Dry","Going Straight","Off the edge of the road on the left side","Unknown/Not Reported","Tracking","Departed roadway","4 DR",1,0,0,1,0,2,0,0,2
290060,2,4,12,"Motor Vehicle In-Transport","Front-to-Rear",1,2016,"HONDA","HR-V",42,"Disabling Damage",1,0,1,"Full Driver License","Valid","No",55,"Dry","Going Straight","Traveling in same direction with higher speed","Unknown/Not Reported","Tracking","Stayed in original travel lane","SUV",0,1,1,0,0,0,0,1,1
290071,2,18,9,"Pedalcyclist","The First Harmful Event was Not a Collision with a Motor Vehicle in Transport",1,2013,"CHRYSLER","TOWN AND COUNTRY",998,"Not Reported",0,0,1,"Full Driver License","Valid","No",30,"Dry","Turning Left","Turning Left","No Avoidance Maneuver","Tracking","Stayed in original travel lane","VAN",1,1,0,0,0,0,1,2,1
290074,2,0,8,"Pedestrian","The First Harmful Event was Not a Collision with a Motor Vehicle in Transport",2,2015,"TOYOTA","HIGHLANDER",38,"Disabling Damage",0,0,1,"Full Driver License","Valid","No",45,"Dry","Going Straight","Pedestrian in road","No Avoidance Maneuver","Tracking","Stayed in original travel lane","SUV",0,1,0,1,2,2,0,1,1
290076,1,8,23,"Bridge Rail (Includes parapet)","The First Harmful Event was Not a Collision with a Motor Vehicle in Transport",5,2011,"GMC","CANYON",63,"Disabling Damage",0,0,1,"Full Driver License","Valid","No",70,"Dry","Going Straight","Off the edge of the road on the left side","Braking and Unknown Steering Direction","Skidding longitudinally  rotation less than 30 degrees","Departed roadway","PU/RC",0,0,0,0,0,0,1,2,0
290082,2,19,12,"Motor Vehicle In-Transport","Angle",1,2017,"RAM","2500",998,"Disabling Damage",0,0,1,"Full Driver License","Valid","No",60,"Dry","Turning Left","Turning Left","Unknown/Not Reported","Tracking","Stayed in original travel lane","PU/RC",0,0,0,0,0,0,0,0,0
290082,2,19,12,"Motor Vehicle In-Transport","Angle",1,2013,"GMC","TERRAIN",68,"Disabling Damage",1,0,1,"Full Driver License","Valid","No",60,"Dry","Going Straight","From opposite direction  over left lane line","Braking","Tracking","Stayed in original travel lane","SUV",0,1,1,1,0,0,1,3,2
290083,2,21,58,"Ground","The First Harmful Event was Not a Collision with a Motor Vehicle in Transport",1,2013,"KIA","SORENTO",998,"Disabling Damage",1,0,1,"Full Driver License","Valid","No",65,"Dry","Negotiating a Curve","Off the edge of the road on the left side","Unknown/Not Reported","Precrash stability unknown","Departed roadway","SUV",0,1,0,0,0,0,1,2,0
290087,2,6,12,"Motor Vehicle In-Transport","Angle",1,2018,"JEEP","RENEGADE",998,"Disabling Damage",0,0,1,"Full Driver License","Valid","No",50,"Dry","Turning Left","Turning Left","No Avoidance Maneuver","Tracking","Stayed in original travel lane","SUV",1,0,1,0,2,2,0,0,2
290088,2,7,12,"Motor Vehicle In-Transport","Front-to-Front",1,2014,"KIA","SOUL",998,"Disabling Damage",1,0,1,"Full Driver License","Valid","No",35,"Dry","Turning Left","Turning Left","Unknown/Not Reported","Tracking","Stayed in original travel lane","SUV",0,0,0,0,0,0,1,1,0
290091,2,10,9,"Pedalcyclist","The First Harmful Event was Not a Collision with a Motor Vehicle in Transport",1,2011,"FORD","FLEX",998,"Not Reported",0,0,1,"Full Driver License","Valid","No",35,"Dry","Going Straight","Pedalcyclist or other non-motorist in road","No Avoidance Maneuver","Tracking","Stayed in original travel lane","SUV",0,1,0,0,0,0,1,2,0
290094,2,12,12,"Motor Vehicle In-Transport","Front-to-Front",1,2019,"KIA","FORTE",998,"Disabling Damage",1,0,1,"Full Driver License","Valid","No",55,"Dry","Going Straight","Over the lane line on left side of travel lane","Unknown/Not Reported","Tracking","Stayed on roadway, but left original travel lane","4 DR",0,1,1,1,1,1,0,5,2
290096,2,11,42,"Tree (Standing Only)","The First Harmful Event was Not a Collision with a Motor Vehicle in Transport",1,2020,"CHEVROLET","TRAX",998,"Disabling Damage",1,0,1,"Full Driver License","Valid","No",55,"Dry","Passing or Overtaking Another Vehicle","Traveling in opposite direction","Steering left","Tracking","Departed roadway","SUV",0,1,0,0,0,0,0,2,0
290099,3,16,12,"Motor Vehicle In-Transport","Front-to-Front",1,2016,"TOYOTA","TACOMA",998,"Disabling Damage",0,0,1,"Full Driver License","Valid","No",55,"Dry","Going Straight","From opposite direction  over left lane line","Unknown/Not Reported","Tracking","Stayed in original travel lane","PU/EC",1,0,0,0,0,0,0,0,1
290100,3,20,33,"Curb","The First Harmful Event was Not a Collision with a Motor Vehicle in Transport",1,2017,"HONDA","HR-V",998,"Disabling Damage",1,0,1,"Full Driver License","Valid","No",60,"Dry","Going Straight","Off the edge of the road on the right side","Unknown/Not Reported","Tracking","Departed roadway","SUV",0,1,0,0,0,0,0,1,0
290101,3,14,12,"Motor Vehicle In-Transport","Front-to-Front",3,2012,"JEEP","GRAND CHEROKEE",61,"Disabling Damage",1,0,1,"Full Driver License","Valid","No",55,"Dry","Going Straight","From opposite direction  over left lane line","No Avoidance Maneuver","Skidding longitudinally  rotation less than 30 degrees","Stayed in original travel lane","SUV",0,1,0,0,0,0,1,2,0
290105,3,21,12,"Motor Vehicle In-Transport","Angle",1,2015,"CHEVROLET","CAMARO",24,"Disabling Damage",1,0,1,"Full Driver License","Valid","No",35,"Dry","Turning Left","From crossing street, across path","Unknown/Not Reported","Tracking","Stayed in original travel lane","C",0,1,0,0,0,0,0,2,0