"SERIAL_CRASH","MONTH","HOUR","HARM_EV","HARM_EVNAME","TYPE_OF_COLLIOSION","NUM_OF_PEOPLE","MOD_YEAR","VPICMAKENAME","VPICMODELNAME","TRAV_SP","DEFORMEDNAME","DEATHS","DR_DRINK","IS_DRIVER_PRESENT","L_TYPENAME","L_STATUSNAME","SPEEDRELNAME","VSPD_LIM","VSURCONDNAME","P_CRASH1NAME","P_CRASH2NAME","P_CRASH3NAME","PCRASH4NAME","PCRASH5NAME","BODY_STYLE","BLIND_SPOT_DETECTION","ARS","FRNT_COLLISION_WARNING","LANE_DEPARTURE_WARNING","CRASH_IMMINENT_BRAKE","DYNAMIC_BRAKE_SUPPORT","NHTSA_ESC","SAFETY_COUNT","notification_count"
290646,9,7,12,"Motor Vehicle In-Transport","Front-to-Front",1,2017,"FORD","EDGE",998,"Disabling Damage",1,0,1,"Full Driver License","Valid","No",45,"Dry","Going Straight","Traveling in opposite direction","Steering right","Tracking","Stayed in original travel lane","SUV",1,0,0,1,2,2,0,1,2
290660,9,15,12,"Motor Vehicle In-Transport","Front-to-Rear",1,2023,"CHEVROLET","BOLT EV",998,"Disabling Damage",0,0,1,"Full Driver License","Valid","No",35,"Dry","Going Straight","From opposite direction  over left lane line","Unknown/Not Reported","Tracking","Stayed in original travel lane","5 HB",1,1,1,1,1,1,0,5,3
290660,9,15,12,"Motor Vehicle In-Transport","Front-to-Rear",1,2019,"NISSAN","ROGUE",998,"Damage Reported, Extent Unknown",0,0,1,"Full Driver License","Valid","No",35,"Dry","Going Straight","From opposite direction  over left lane line","Unknown/Not Reported","Tracking","Stayed in original travel lane","SUV",1,1,1,1,1,1,0,6,3
290661,9,19,12,"Motor Vehicle In-Transport","Angle",2,2012,"NISSAN","ALTIMA",998,"Disabling Damage",1,0,1,"Full Driver License","Valid","No",35,"Dry","Turning Left","Turning Left","Unknown/Not Reported","Tracking","Stayed in original travel lane","4 DR",0,0,0,0,0,0,1,1,0
290666,9,7,12,"Motor Vehicle In-Transport","Front-to-Front",5,2014,"TOYOTA","SIENNA",40,"Disabling Damage",0,0,1,"Full Driver License","Valid","No",35,"Dry","Going Straight","Traveling in opposite direction","Braking and steering right","Tracking","Stayed in original travel lane","VAN",1,1,0,0,2,2,1,2,1
290667,9,23,12,"Motor Vehicle In-Transport","Front-to-Front",1,2014,"DODGE","AVENGER",998,"Disabling Damage",1,0,1,"Full Driver License","Valid","No",50,"Dry","Negotiating a Curve","Traveling in opposite direction","Unknown/Not Reported","Tracking","Stayed in original travel lane","4 DR",0,1,0,0,0,0,1,2,0
290669,9,9,52,"Guardrail End","The First Harmful Event was Not a Collision with a Motor Vehicle in Transport",1,2020,"JEEP","CHEROKEE",93,"Disabling Damage",1,0,1,"Full Driver License","Valid","No",70,"Dry","Going Straight","Off the edge of the road on the left side","Unknown/Not Reported","Tracking","Departed roadway","SUV",1,2,0,1,2,2,0,0,2
290669,9,9,52,"Guardrail End","The First Harmful Event was Not a Collision with a Motor Vehicle in Transport",2,2017,"NISSAN","ROGUE",72,"Disabling Damage",2,0,1,"Full Driver License","Valid","No",70,"Dry","Going Straight","Traveling in opposite direction","Braking and steering right","Tracking","Stayed in original travel lane","SUV",0,0,0,1,2,2,0,0,1
290669,9,9,52,"Guardrail End","The First Harmful Event was Not a Collision with a Motor Vehicle in Transport",1,2019,"JEEP","GRAND CHEROKEE",57,"Disabling Damage",0,0,1,"Full Driver License","Valid","No",70,"Dry","Going Straight","Traveling in opposite direction","Braking and Unknown Steering Direction","Tracking","Stayed on roadway, not known if left original travel lane","SUV",1,0,1,0,2,2,0,0,2
290682,9,10,12,"Motor Vehicle In-Transport","Angle",2,2012,"FORD","TAURUS",13,"Disabling Damage",1,0,1,"Full Driver License","Valid","No",50,"Dry","Turning Left","Turning Left","No Avoidance Maneuver","Tracking","Stayed in original travel lane","4 DR",1,0,0,0,0,0,1,1,1
290683,9,7,12,"Motor Vehicle In-Transport","Front-to-Front",1,2020,"KIA","SOUL",47,"Disabling Damage",1,0,1,"Full Driver License","Valid","No",55,"Dry","Negotiating a Curve","From opposite direction  over left lane line","Braking and steering right","Tracking","Departed roadway","SUV",1,2,1,0,2,2,0,0,2
290686,9,15,59,"Traffic Sign Support","The First Harmful Event was Not a Collision with a Motor Vehicle in Transport",3,2018,"CHRYSLER","PACIFICA",65,"Disabling Damage",1,0,1,"Full Driver License","Valid","No",65,"Dry","Going Straight","Off the edge of the road on the right side","No Avoidance Maneuver","Tracking","Departed roadway","VAN",0,0,0,1,2,2,0,0,1
290689,10,15,12,"Motor Vehicle In-Transport","Front-to-Rear",1,2012,"CHRYSLER","TOWN AND COUNTRY",50,"Disabling Damage",0,0,1,"Full Driver License","Valid","No",55,"Dry","Going Straight","Traveling in same direction while decelerating","Braking","Tracking","Stayed in original travel lane","VAN",0,1,0,0,0,0,1,2,0
290690,10,21,12,"Motor Vehicle In-Transport","Sideswipe - Opposite Direction",1,2016,"CHEVROLET","EQUINOX",998,"Disabling Damage",0,0,1,"Full Driver License","Valid","No",30,"Dry","Going Straight","From opposite direction  over left lane line","Steering left","Tracking","Stayed on roadway, but left original travel lane","SUV",0,0,0,1,0,0,0,1,1
290692,10,18,12,"Motor Vehicle In-Transport","Angle",1,2018,"GMC","TERRAIN",999,"Functional Damage",0,0,1,"Full Driver License","Valid","No",35,"Dry","Going Straight","From opposite direction  over left lane line","Braking and steering right","Tracking","Departed roadway","SUV",1,1,0,0,2,0,0,2,1
290694,10,7,12,"Motor Vehicle In-Transport","Sideswipe - Opposite Direction",1,2015,"CHEVROLET","IMPALA",60,"Disabling Damage",1,0,1,"Full Driver License","Valid","No",60,"Dry","Going Straight","From opposite direction  over left lane line","Steering left","Tracking","Stayed in original travel lane","4 DR",0,1,0,0,2,0,0,2,0
290700,10,16,12,"Motor Vehicle In-Transport","Front-to-Front",1,2014,"TOYOTA","PRIUS C",999,"Disabling Damage",1,0,1,"Full Driver License","Valid","No",55,"Dry","Negotiating a Curve","From opposite direction  over left lane line","Steering left","Tracking","Stayed on roadway, but left original travel lane","5 HB",0,0,0,0,0,0,1,1,0
290713,10,19,23,"Bridge Rail (Includes parapet)","The First Harmful Event was Not a Collision with a Motor Vehicle in Transport",2,2015,"RAM","1500",998,"Disabling Damage",0,0,1,"Full Driver License","Valid","No",55,"Dry","Negotiating a Curve","Traveling in opposite direction","Unknown/Not Reported","Tracking","Stayed in original travel lane","PU/EC",0,0,0,0,0,0,0,0,0
290719,10,13,12,"Motor Vehicle In-Transport","Angle",1,2017,"HONDA","ACCORD",998,"Damage Reported, Extent Unknown",0,0,1,"Full Driver License","Valid","No",65,"Dry","Turning Left","From crossing street, across path","Unknown/Not Reported","Tracking","Stayed in original travel lane","4 DR",0,1,0,1,2,2,0,1,1
290723,10,18,12,"Motor Vehicle In-Transport","Angle",2,2015,"VOLKSWAGEN","PASSAT",998,"Disabling Damage",1,0,1,"Full Driver License","Valid","No",70,"Dry","Going Straight","From opposite direction  over left lane line","Unknown/Not Reported","Tracking","Stayed in original travel lane","4 DR",0,1,0,0,0,0,0,2,0
290729,10,12,8,"Pedestrian","The First Harmful Event was Not a Collision with a Motor Vehicle in Transport",1,2014,"HONDA","CR-V",998,"Damage Reported, Extent Unknown",0,0,1,"Full Driver License","Valid","No",20,"Dry","Going Straight","Pedestrian in road","No Avoidance Maneuver","Tracking","Stayed in original travel lane","SUV",0,0,0,0,0,0,1,1,0
290737,10,6,12,"Motor Vehicle In-Transport","Angle",1,2012,"NISSAN","ALTIMA",60,"Disabling Damage",1,0,1,"Full Driver License","Valid","No",65,"Dry","Going Straight","From crossing street, across path","No Avoidance Maneuver","Tracking","Stayed in original travel lane","4 DR",0,0,0,0,0,0,1,1,0
290744,10,12,12,"Motor Vehicle In-Transport","Sideswipe - Opposite Direction",1,2012,"CHEVROLET","CRUZE",58,"Disabling Damage",0,0,1,"Full Driver License","Valid","No",60,"Dry","Going Straight","Over the lane line on left side of travel lane","No Avoidance Maneuver","Tracking","Stayed on roadway, but left original travel lane","4 DR",0,0,0,0,0,0,1,2,0
290744,10,12,12,"Motor Vehicle In-Transport","Sideswipe - Opposite Direction",1,2018,"CHEVROLET","SPARK",60,"Disabling Damage",1,0,1,"Full Driver License","Valid","No",60,"Dry","Going Straight","From opposite direction  over left lane line","Braking and steering right","Tracking","Departed roadway","5 HB",0,1,1,0,0,0,0,2,1
290747,10,11,12,"Motor Vehicle In-Transport","Front-to-Front",1,2018,"JEEP","WRANGLER",25,"Disabling Damage",0,0,1,"Full Driver License","Valid","No",35,"Dry","Going Straight","Traveling in same direction while decelerating","Braking and steering right","Skidding longitudinally  rotation less than 30 degrees","Stayed on roadway, but left original travel lane","SUV",0,0,0,0,0,0,0,0,0
290757,10,8,42,"Tree (Standing Only)","The First Harmful Event was Not a Collision with a Motor Vehicle in Transport",5,2012,"NISSAN","MURANO",999,"Disabling Damage",2,0,1,"Full Driver License","Valid","No",55,"Dry","Negotiating a Curve","Off the edge of the road on the right side","No Avoidance Maneuver","Tracking","Departed roadway","SUV",0,0,0,0,0,0,1,1,0
290758,10,19,12,"Motor Vehicle In-Transport","Angle",1,2016,"DODGE","GRAND CARAVAN",998,"Disabling Damage",1,0,1,"Full Driver License","Valid","No",65,"Dry","Negotiating a Curve","Over the lane line on left side of travel lane","Unknown/Not Reported","Tracking","Stayed on roadway, but left original travel lane","VAN",0,0,0,0,0,0,0,0,0
290763,10,19,8,"Pedestrian","The First Harmful Event was Not a Collision with a Motor Vehicle in Transport",2,2016,"HONDA","ACCORD",999,"Damage Reported, Extent Unknown",0,0,1,"Full Driver License","Valid","No",60,"Dry","Going Straight","Pedestrian in road","Accelerating and steering right","Tracking","Stayed in original travel lane","4 DR",0,1,0,1,2,2,0,2,1
290768,10,5,8,"Pedestrian","The First Harmful Event was Not a Collision with a Motor Vehicle in Transport",1,2012,"HYUNDAI","SANTA FE",998,"Disabling Damage",0,0,1,"Full Driver License","Valid","No",40,"Dry","Going Straight","Pedestrian in road","No Avoidance Maneuver","Tracking","Stayed in original travel lane","SUV",0,1,0,0,0,0,1,2,0
290771,10,19,8,"Pedestrian","The First Harmful Event was Not a Collision with a Motor Vehicle in Transport",1,2015,"NISSAN","SENTRA",999,"Disabling Damage",0,0,1,"Full Driver License","Valid","No",40,"Dry","Going Straight","Pedestrian in road","No Avoidance Maneuver","Tracking","Stayed in original travel lane","4 DR",0,1,0,0,0,0,0,1,0
290780,11,7,12,"Motor Vehicle In-Transport","Angle",3,2022,"JEEP","WRANGLER",70,"Disabling Damage",0,0,1,"Full Driver License","Valid","No",60,"Dry","Going Straight","From crossing street, across path","Braking and steering right","Skidding longitudinally  rotation less than 30 degrees","Stayed in original travel lane","SUV",1,0,1,0,2,2,0,1,2
290783,11,18,8,"Pedestrian","The First Harmful Event was Not a Collision with a Motor Vehicle in Transport",1,2015,"JEEP","GRAND CHEROKEE",38,"Minor Damage",0,0,1,"Full Driver License","Valid","No",35,"Dry","Changing Lanes","Pedestrian in road","No Avoidance Maneuver","Tracking","Stayed on roadway, but left original travel lane","SUV",0,0,1,0,0,0,0,0,1
290791,11,23,8,"Pedestrian","The First Harmful Event was Not a Collision with a Motor Vehicle in Transport",99,2013,"CHEVROLET","CRUZE",999,"Functional Damage",0,0,1,"Full Driver License","Valid","No",60,"Dry","Going Straight","Pedestrian in road","No Avoidance Maneuver","Tracking","Stayed in original travel lane","4 DR",0,2,0,0,0,0,1,2,0
290796,11,6,8,"Pedestrian","The First Harmful Event was Not a Collision with a Motor Vehicle in Transport",1,2018,"RAM","1500",998,"Disabling Damage",0,0,1,"Full Driver License","Valid","No",45,"Dry","Going Straight","Pedestrian in road","Unknown/Not Reported","Tracking","Stayed in original travel lane","PU/RC",0,0,0,0,0,0,0,0,0
290809,11,11,8,"Pedestrian","The First Harmful Event was Not a Collision with a Motor Vehicle in Transport",2,2019,"FORD","EXPEDITION",998,"Minor Damage",0,0,1,"Full Driver License","Valid","No",25,"Dry","Turning Left","Turning Left","No Avoidance Maneuver","Tracking","Stayed in original travel lane","SUV",0,0,1,1,2,2,0,0,2
290811,11,10,12,"Motor Vehicle In-Transport","Front-to-Front",1,2018,"RAM","PROMASTER CITY",998,"Disabling Damage",1,0,1,"Full Driver License","Valid","No",55,"Dry","Negotiating a Curve","From opposite direction  over left lane line","Unknown/Not Reported","Tracking","Stayed in original travel lane","VAN",0,0,0,0,0,0,0,0,0
290822,11,17,8,"Pedestrian","The First Harmful Event was Not a Collision with a Motor Vehicle in Transport",2,2018,"HYUNDAI","TUCSON",998,"Damage Reported, Extent Unknown",0,0,1,"Full Driver License","Valid","No",40,"Dry","Going Straight","Pedestrian in road","Unknown/Not Reported","Tracking","Stayed in original travel lane","SUV",0,2,1,0,2,2,0,0,1
290826,11,17,8,"Pedestrian","The First Harmful Event was Not a Collision with a Motor Vehicle in Transport",1,2011,"TOYOTA","RAV4",998,"No Damage",0,0,1,"Full Driver License","Valid","No",35,"Dry","Going Straight","Pedestrian in road","Braking","Tracking","Stayed in original travel lane","SUV",0,1,0,0,0,0,1,2,0
290829,11,10,59,"Traffic Sign Support","The First Harmful Event was Not a Collision with a Motor Vehicle in Transport",2,2012,"CHEVROLET","IMPALA",998,"Disabling Damage",1,0,1,"Full Driver License","Valid","No",35,"Dry","Going Straight","From opposite direction  over left lane line","Unknown/Not Reported","Tracking","Stayed in original travel lane","4 DR",0,0,0,0,0,0,1,2,0
290831,11,17,8,"Pedestrian","The First Harmful Event was Not a Collision with a Motor Vehicle in Transport",1,2015,"CHEVROLET","EQUINOX",998,"Damage Reported, Extent Unknown",0,0,1,"Full Driver License","Valid","No",35,"Dry","Going Straight","Pedestrian in road","No Avoidance Maneuver","Tracking","Stayed in original travel lane","SUV",0,1,1,0,0,0,0,2,1
290832,11,4,12,"Motor Vehicle In-Transport","Front-to-Rear",1,2017,"CHEVROLET","CRUZE",39,"Disabling Damage",1,0,1,"Full Driver License","Valid","No",35,"Dry","Going Straight","Traveling in same direction with higher speed","Steering left","Tracking","Stayed on roadway, but left original travel lane","4 DR",0,1,1,0,0,0,0,2,1
290833,11,13,12,"Motor Vehicle In-Transport","Front-to-Front",1,2016,"FORD","ESCAPE",18,"Disabling Damage",0,0,1,"Full Driver License","Valid","No",60,"Dry","Turning Left","Turning Left","No Avoidance Maneuver","Tracking","Stayed in original travel lane","SUV",0,0,0,0,0,0,0,0,0
290843,11,12,12,"Motor Vehicle In-Transport","Sideswipe - Same Direction",2,2020,"FORD","TRANSIT",45,"Disabling Damage",0,0,1,"Full Driver License","Valid","No",55,"Dry","Turning Left","Turning Left","Unknown/Not Reported","Tracking","Stayed in original travel lane","VAN",1,0,1,0,1,1,0,4,2
290848,11,7,12,"Motor Vehicle In-Transport","Front-to-Rear",2,2017,"NISSAN","VERSA",0,"Damage Reported, Extent Unknown",0,0,1,"Full Driver License","Valid","No",35,"Dry","Stopped in Roadway","Traveling in same direction with higher speed","No Avoidance Maneuver","Tracking","Stayed in original travel lane","4 DR",0,0,0,0,0,0,0,0,0
290848,11,7,12,"Motor Vehicle In-Transport","Front-to-Rear",1,2014,"HONDA","CIVIC",0,"Damage Reported, Extent Unknown",0,0,1,"Full Driver License","Valid","No",35,"Dry","Stopped in Roadway","Traveling in same direction with higher speed","No Avoidance Maneuver","Tracking","Stayed in original travel lane","4 DR",0,0,0,0,0,0,1,1,0
290848,11,7,12,"Motor Vehicle In-Transport","Front-to-Rear",1,2014,"FORD","FOCUS",0,"Damage Reported, Extent Unknown",0,0,1,"Full Driver License","Valid","No",35,"Dry","Stopped in Roadway","Traveling in same direction with higher speed","No Avoidance Maneuver","Tracking","Stayed in original travel lane","5 HB",0,1,0,0,0,0,1,2,0
290849,11,5,12,"Motor Vehicle In-Transport","Front-to-Front",1,2014,"NISSAN","SENTRA",64,"Disabling Damage",1,0,1,"Full Driver License","Valid","No",55,"Dry","Going Straight","Traveling in opposite direction","Unknown/Not Reported","Tracking","Stayed in original travel lane","4 DR",0,1,0,0,0,0,1,2,0
290853,11,14,12,"Motor Vehicle In-Transport","Front-to-Front",1,2014,"FORD","FLEX",62,"Disabling Damage",1,0,1,"Full Driver License","Valid","No",55,"Dry","Negotiating a Curve","Over the lane line on left side of travel lane","Steering right","Tracking","Stayed on roadway, but left original travel lane","SUV",0,0,1,0,0,0,1,1,1
290857,11,18,12,"Motor Vehicle In-Transport","Angle",1,2015,"FORD","FIESTA",19,"Disabling Damage",1,0,1,"Full Driver License","Valid","No",35,"Dry","Starting in Road","Crossing Over (Passing Through) Junction","Unknown/Not Reported","Tracking","Stayed in original travel lane","4 DR",0,1,0,0,0,0,0,1,0
290867,12,15,35,"Embankment","The First Harmful Event was Not a Collision with a Motor Vehicle in Transport",1,2012,"FORD","FIESTA",998,"Disabling Damage",1,0,1,"Full Driver License","Valid","No",55,"Dry","Going Straight","Off the edge of the road on the left side","Unknown/Not Reported","Tracking","Departed roadway","4 DR",0,0,0,0,0,0,1,1,0
290868,12,14,12,"Motor Vehicle In-Transport","Angle",2,2016,"NISSAN","FRONTIER",998,"Disabling Damage",1,0,1,"Full Driver License","Valid","No",35,"Dry","Turning Left","Turning Left","Unknown/Not Reported","Tracking","Stayed in original travel lane","PU/CC",0,0,0,0,0,0,0,0,0
290870,12,16,12,"Motor Vehicle In-Transport","Sideswipe - Opposite Direction",4,2021,"VOLKSWAGEN","ATLAS",42,"Disabling Damage",0,0,1,"Full Driver License","Valid","No",65,"Dry","Going Straight","From opposite direction  over left lane line","Braking and steering right","Tracking","Stayed in original travel lane","SUV",1,1,1,1,1,1,0,6,3
290872,12,3,8,"Pedestrian","The First Harmful Event was Not a Collision with a Motor Vehicle in Transport",2,2019,"CHEVROLET","MALIBU",998,"Damage Reported, Extent Unknown",0,0,1,"Full Driver License","Valid","No",70,"Dry","Going Straight","Pedestrian in road","Unknown/Not Reported","Tracking","Stayed in original travel lane","4 DR",1,1,0,0,2,2,0,2,1
290875,12,23,12,"Motor Vehicle In-Transport","Front-to-Rear",1,2016,"HONDA","PILOT",998,"Disabling Damage",0,0,1,"Full Driver License","Valid","No",65,"Dry","Going Straight","Other vehicle stopped","Unknown/Not Reported","Tracking","Stayed on roadway, but left original travel lane","SUV",1,1,0,1,2,2,0,1,2
290878,12,15,12,"Motor Vehicle In-Transport","Front-to-Front",2,2019,"MAZDA","CX-3",998,"Disabling Damage",0,0,1,"Full Driver License","Valid","No",55,"Dry","Negotiating a Curve","From opposite direction  over left lane line","Unknown/Not Reported","Tracking","Stayed in original travel lane","SUV",1,1,1,1,1,1,0,5,3
290883,11,14,12,"Motor Vehicle In-Transport","Angle",1,2016,"FORD","MUSTANG",998,"Disabling Damage",0,0,1,"Full Driver License","Valid","No",35,"Dry","Going Straight","From crossing street, turning into opposite direction","Braking and steering left","Tracking","Stayed on roadway, but left original travel lane","C",0,0,0,0,0,0,0,0,0
290891,12,13,58,"Ground","The First Harmful Event was Not a Collision with a Motor Vehicle in Transport",3,2016,"CHRYSLER","TOWN AND COUNTRY",79,"Disabling Damage",1,0,1,"Full Driver License","Valid","No",65,"Dry","Going Straight","From adjacent lane (same direction) over right lane line","Braking and steering left","Tracking","Departed roadway","VAN",0,0,0,0,0,0,0,0,0
290899,12,14,12,"Motor Vehicle In-Transport","Angle",1,2015,"NISSAN","ALTIMA",998,"Damage Reported, Extent Unknown",0,0,1,"Full Driver License","Valid","No",25,"Dry","Turning Left","From crossing street, across path","Unknown/Not Reported","Tracking","Stayed in original travel lane","4 DR",0,0,0,0,0,0,0,0,0
290900,11,15,30,"Utility Pole/Light Support","The First Harmful Event was Not a Collision with a Motor Vehicle in Transport",2,2019,"CHEVROLET","COLORADO",998,"Disabling Damage",1,0,1,"Full Driver License","Valid","No",35,"Dry","Turning Left","Turning Left","Unknown/Not Reported","Tracking","Departed roadway","PU/CC",0,1,1,0,0,0,0,1,1
290916,12,16,8,"Pedestrian","The First Harmful Event was Not a Collision with a Motor Vehicle in Transport",1,2013,"NISSAN","NV200",998,"Functional Damage",0,0,1,"Full Driver License","Valid","No",30,"Dry","Going Straight","Pedestrian in road","Steering left","Tracking","Stayed on roadway, but left original travel lane","VAN",0,2,0,0,0,0,1,1,0
290918,12,16,12,"Motor Vehicle In-Transport","Sideswipe - Opposite Direction",1,2019,"JEEP","COMPASS",67,"Disabling Damage",1,0,1,"Full Driver License","Valid","No",65,"Dry","Negotiating a Curve","Over the lane line on left side of travel lane","Unknown/Not Reported","Tracking","Stayed on roadway, but left original travel lane","SUV",1,0,1,1,2,2,0,0,3
290924,12,12,42,"Tree (Standing Only)","The First Harmful Event was Not a Collision with a Motor Vehicle in Transport",4,2023,"KIA","TELLURIDE",998,"Disabling Damage",1,0,1,"Full Driver License","Valid","No",55,"Dry","Negotiating a Curve","Off the edge of the road on the right side","No Avoidance Maneuver","Tracking","Departed roadway","SUV",1,0,1,1,1,1,0,5,3
290927,12,3,12,"Motor Vehicle In-Transport","Front-to-Front",1,2013,"CHEVROLET","CRUZE",62,"Disabling Damage",1,0,1,"Full Driver License","Valid","No",60,"Dry","Going Straight","Over the lane line on left side of travel lane","Unknown/Not Reported","Tracking","Stayed on roadway, but left original travel lane","4 DR",0,2,0,0,0,0,1,2,0
290929,12,17,12,"Motor Vehicle In-Transport","Front-to-Front",1,2012,"TOYOTA","PRIUS",51,"Disabling Damage",1,0,1,"Full Driver License","Valid","No",55,"Dry","Negotiating a Curve","Over the lane line on left side of travel lane","No Avoidance Maneuver","Tracking","Stayed on roadway, but left original travel lane","5 HB",0,1,0,0,0,0,1,2,0
290929,12,17,12,"Motor Vehicle In-Transport","Front-to-Front",1,2017,"GMC","ACADIA",52,"Disabling Damage",0,0,1,"Full Driver License","Valid","No",55,"Dry","Negotiating a Curve","From opposite direction  over left lane line","Braking","Tracking","Stayed in original travel lane","SUV",1,1,0,1,2,2,0,2,2
290932,2,12,12,"Motor Vehicle In-Transport","Angle",1,2012,"HONDA","CIVIC",998,"Disabling Damage",0,0,1,"Full Driver License","Valid","No",35,"Dry","Going Straight","From crossing street, across path","Unknown/Not Reported","Tracking","Stayed in original travel lane","2 DR",0,0,0,0,0,0,1,1,0
300007,2,19,12,"Motor Vehicle In-Transport","Angle",2,2014,"JEEP","WRANGLER",0,"Disabling Damage",1,0,1,"Full Driver License","Valid","No",65,"Dry","Disabled or ""Parked"" in Travel lane","Other critical precrash event (specify:)","No Avoidance Maneuver","Tracking","Stayed on roadway, but left original travel lane","SUV",0,1,0,0,0,0,1,2,0
300020,1,13,12,"Motor Vehicle In-Transport","Front-to-Rear",1,2015,"MAZDA","MAZDA3",0,"Disabling Damage",0,0,1,"Full Driver License","Valid","No",55,"Dry","Stopped in Roadway","Traveling in same direction with higher speed","No Avoidance Maneuver","Tracking","Stayed in original travel lane","5 HB",0,1,1,0,2,0,0,1,1
300020,1,13,12,"Motor Vehicle In-Transport","Front-to-Rear",1,2021,"HONDA","PASSPORT",0,"Functional Damage",0,0,1,"Full Driver License","Valid","No",55,"Dry","Stopped in Roadway","Traveling in same direction with higher speed","No Avoidance Maneuver","Tracking","Stayed in original travel lane","SUV",0,1,1,1,1,1,0,6,2
300055,5,17,12,"Motor Vehicle In-Transport","Front-to-Front",5,2011,"JEEP","WRANGLER",70,"Disabling Damage",1,0,1,"Full Driver License","Valid","No",70,"Dry","Negotiating a Curve","From opposite direction  over left lane line","Steering right","Skidding longitudinally  rotation less than 30 degrees","Stayed in original travel lane","SUV",0,0,0,0,0,0,1,1,0
300057,6,15,12,"Motor Vehicle In-Transport","Front-to-Rear",1,2011,"FORD","EDGE",0,"Disabling Damage",1,0,1,"Full Driver License","Valid","No",70,"Dry","Stopped in Roadway","Traveling in same direction with higher speed","No Avoidance Maneuver","Tracking","Stayed in original travel lane","SUV",0,2,0,0,0,0,1,1,0
300057,6,15,12,"Motor Vehicle In-Transport","Front-to-Rear",3,2015,"FORD","EDGE",998,"Minor Damage",0,0,1,"Full Driver License","Valid","No",70,"Dry","Negotiating a Curve","From opposite direction  over left lane line","Steering right","Skidding longitudinally  rotation less than 30 degrees","Departed roadway","SUV",1,1,1,0,0,0,0,2,2
300075,7,8,12,"Motor Vehicle In-Transport","Front-to-Front",1,2016,"SUBARU","OUTBACK",998,"Disabling Damage",1,0,1,"Full Driver License","Valid","No",60,"Dry","Going Straight","Over the lane line on left side of travel lane","No Avoidance Maneuver","Tracking","Stayed on roadway, but left original travel lane","SUV",1,0,1,0,2,2,0,0,2
300078,7,19,12,"Motor Vehicle In-Transport","Front-to-Front",2,2012,"TOYOTA","TACOMA",78,"Disabling Damage",1,0,1,"Full Driver License","Valid","No",65,"Dry","Going Straight","From opposite direction  over left lane line","Braking and steering left","Tracking","Stayed on roadway, but left original travel lane","PU/CC",0,0,0,0,0,0,1,1,0
300081,8,13,12,"Motor Vehicle In-Transport","Front-to-Front",1,2013,"FORD","FUSION",68,"Disabling Damage",1,0,1,"Full Driver License","Valid","No",70,"Dry","Negotiating a Curve","From opposite direction  over left lane line","Braking","Skidding longitudinally  rotation less than 30 degrees","Stayed in original travel lane","4 DR",0,1,0,1,0,0,1,2,1
300093,7,18,12,"Motor Vehicle In-Transport","Front-to-Front",2,2013,"FIAT","500",79,"Disabling Damage",0,0,1,"Full Driver License","Valid","No",70,"Dry","Going Straight","Traveling in opposite direction","Braking","Tracking","Stayed in original travel lane","3 HB",0,1,0,0,0,0,1,2,0
300095,8,16,42,"Tree (Standing Only)","The First Harmful Event was Not a Collision with a Motor Vehicle in Transport",1,2018,"VOLKSWAGEN","TIGUAN",998,"Disabling Damage",1,0,1,"Full Driver License","Valid","No",80,"Dry","Changing Lanes","Off the edge of the road on the right side","Unknown/Not Reported","Tracking","Departed roadway","SUV",1,0,0,0,2,2,0,0,1
300097,7,1,8,"Pedestrian","The First Harmful Event was Not a Collision with a Motor Vehicle in Transport",2,2011,"JEEP","LIBERTY",998,"Disabling Damage",0,0,1,"Full Driver License","Valid","No",65,"Dry","Going Straight","Off the edge of the road on the right side","Steering right","Tracking","Departed roadway","SUV",0,0,0,0,0,0,1,1,0
300102,6,0,12,"Motor Vehicle In-Transport","Sideswipe - Same Direction",1,2017,"DODGE","DURANGO",998,"Disabling Damage",0,0,1,"Full Driver License","Valid","No",25,"Dry","Turning Left","Turning Left","No Avoidance Maneuver","Tracking","Stayed in original travel lane","SUV",1,0,1,1,2,2,0,0,3
300110,9,22,5,"Fell/Jumped from Vehicle","The First Harmful Event was Not a Collision with a Motor Vehicle in Transport",2,2015,"CHEVROLET","TAHOE",60,"No Damage",1,0,1,"Full Driver License","Valid","No",65,"Dry","Negotiating a Curve","Other critical precrash event (specify:)","Braking","Tracking","Stayed in original travel lane","SUV",1,1,1,1,2,0,0,2,3
300111,10,11,12,"Motor Vehicle In-Transport","Front-to-Front",1,2022,"CHEVROLET","COLORADO",66,"Disabling Damage",0,0,1,"Full Driver License","Valid","No",70,"Dry","Negotiating a Curve","From opposite direction  over left lane line","Braking","Skidding longitudinally  rotation less than 30 degrees","Stayed in original travel lane","PU/CC",0,1,0,0,2,2,0,1,0
300116,9,14,12,"Motor Vehicle In-Transport","Angle",4,2017,"NISSAN","ROGUE",27,"Disabling Damage",1,0,1,"Full Driver License","Valid","No",55,"Dry","Turning Left","Turning Left","No Avoidance Maneuver","Tracking","Stayed in original travel lane","SUV",0,0,1,1,2,2,0,0,2