"SERIAL_CRASH","MONTH","HOUR","HARM_EV","HARM_EVNAME","TYPE_OF_COLLIOSION","NUM_OF_PEOPLE","MOD_YEAR","VPICMAKENAME","VPICMODELNAME","TRAV_SP","DEFORMEDNAME","DEATHS","DR_DRINK","IS_DRIVER_PRESENT","L_TYPENAME","L_STATUSNAME","SPEEDRELNAME","VSPD_LIM","VSURCONDNAME","P_CRASH1NAME","P_CRASH2NAME","P_CRASH3NAME","PCRASH4NAME","PCRASH5NAME","BODY_STYLE","BLIND_SPOT_DETECTION","ARS","FRNT_COLLISION_WARNING","LANE_DEPARTURE_WARNING","CRASH_IMMINENT_BRAKE","DYNAMIC_BRAKE_SUPPORT","NHTSA_ESC","SAFETY_COUNT","notification_count"
330054,7,15,12,"Motor Vehicle In-Transport","Front-to-Front",2,2015,"FORD","MUSTANG",998,"Disabling Damage",0,0,1,"Full Driver License","Valid","No",45,"Dry","Going Straight","Over the lane line on left side of travel lane","Unknown/Not Reported","Precrash stability unknown","Stayed on roadway, but left original travel lane","2 DR",0,1,0,0,0,0,0,1,0
330055,7,18,12,"Motor Vehicle In-Transport","Front-to-Front",2,2013,"FORD","ESCAPE",998,"Disabling Damage",0,0,1,"Full Driver License","Valid","No",40,"Dry","Negotiating a Curve","From adjacent lane (same direction) over left lane line","Unknown/Not Reported","Tracking","Stayed in original travel lane","SUV",0,0,0,0,0,0,1,1,0
330056,7,5,12,"Motor Vehicle In-Transport","Front-to-Front",1,2017,"DODGE","GRAND CARAVAN",998,"Disabling Damage",1,0,1,"Full Driver License","Valid","No",50,"Dry","Negotiating a Curve","Over the lane line on left side of travel lane","Unknown/Not Reported","Precrash stability unknown","Stayed on roadway, but left original travel lane","VAN",1,0,0,0,0,0,0,0,1
330058,7,16,12,"Motor Vehicle In-Transport","Angle",3,2017,"JEEP","CHEROKEE",998,"Disabling Damage",0,0,1,"Full Driver License","Valid","No",35,"Dry","Negotiating a Curve","From crossing street, across path","Unknown/Not Reported","Tracking","Stayed in original travel lane","SUV",0,0,0,1,2,2,0,0,1
330061,7,12,12,"Motor Vehicle In-Transport","Front-to-Front",1,2015,"FORD","ESCAPE",998,"Disabling Damage",0,0,1,"Full Driver License","Valid","No",50,"Dry","Going Straight","From crossing street, across path","No Avoidance Maneuver","Tracking","Stayed in original travel lane","SUV",0,1,0,0,0,0,0,1,0
330063,7,8,12,"Motor Vehicle In-Transport","Front-to-Rear",1,2018,"SUBARU","IMPREZA",0,"Disabling Damage",0,0,1,"Full Driver License","Valid","No",55,"Dry","Stopped in Roadway","Traveling in same direction with higher speed","No Avoidance Maneuver","Tracking","Stayed in original travel lane","SW",0,0,0,1,2,2,0,0,1
330069,8,14,12,"Motor Vehicle In-Transport","Front-to-Front",3,2020,"JEEP","WRANGLER",998,"Disabling Damage",0,0,1,"Full Driver License","Valid","No",30,"Dry","Going Straight","From opposite direction  over left lane line","Unknown/Not Reported","Tracking","Stayed in original travel lane","SUV",0,0,0,0,2,2,0,0,0
330073,8,19,12,"Motor Vehicle In-Transport","Angle",1,2016,"TOYOTA","COROLLA",998,"Disabling Damage",0,0,1,"Full Driver License","Valid","No",25,"Dry","Turning Left","Turning Left","Unknown/Not Reported","Tracking","Stayed in original travel lane","4 DR",0,1,0,0,0,0,0,1,0
330074,8,18,12,"Motor Vehicle In-Transport","Angle",1,2015,"SUBARU","IMPREZA",998,"Disabling Damage",0,0,1,"Intermediate Driver License","Valid","No",30,"Dry","Going Straight","Crossing Over (Passing Through) Junction","Unknown/Not Reported","Tracking","Stayed in original travel lane","4 DR",0,0,1,0,2,2,0,0,1
330076,8,18,12,"Motor Vehicle In-Transport","Angle",1,2012,"TOYOTA","VENZA",998,"Disabling Damage",0,0,1,"Full Driver License","Valid","No",35,"Dry","Going Straight","From opposite direction  over left lane line","Steering right","Tracking","Stayed in original travel lane","SUV",0,1,0,0,0,0,1,2,0
330077,8,19,12,"Motor Vehicle In-Transport","Angle",1,2017,"MERCEDES-BENZ","GLC-CLASS",0,"Minor Damage",0,0,1,"Full Driver License","Valid","No",35,"Dry","Stopped in Roadway","From adjacent lane (same direction) over left lane line","No Avoidance Maneuver","Tracking","Stayed in original travel lane","SUV",0,1,1,0,1,1,0,4,1
330080,9,20,12,"Motor Vehicle In-Transport","Front-to-Front",2,2018,"TOYOTA","TUNDRA",998,"Disabling Damage",0,0,1,"Full Driver License","Valid","No",30,"Dry","Negotiating a Curve","Traveling in opposite direction","Braking","Tracking","Stayed in original travel lane","PU/CC",1,2,1,1,1,1,0,4,3
330081,9,15,12,"Motor Vehicle In-Transport","Front-to-Front",2,2012,"HONDA","ODYSSEY",998,"Disabling Damage",0,0,1,"Full Driver License","Valid","No",55,"Dry","Negotiating a Curve","From opposite direction  over left lane line","Unknown/Not Reported","Tracking","Stayed in original travel lane","VAN",0,0,0,0,0,0,1,1,0
330088,9,13,12,"Motor Vehicle In-Transport","Sideswipe - Same Direction",1,2017,"TOYOTA","CAMRY",998,"Minor Damage",0,0,1,"Full Driver License","Valid","No",35,"Dry","Going Straight","Traveling in same direction with higher speed","No Avoidance Maneuver","Tracking","Stayed in original travel lane","4 DR",0,1,0,0,2,2,0,1,0
330088,9,13,12,"Motor Vehicle In-Transport","Sideswipe - Same Direction",1,2019,"JEEP","GRAND CHEROKEE",998,"Disabling Damage",0,0,1,"Full Driver License","Valid","No",30,"Dry","Going Straight","Traveling in same direction with higher speed","No Avoidance Maneuver","Tracking","Stayed in original travel lane","SUV",1,0,1,0,2,2,0,0,2
330094,10,14,12,"Motor Vehicle In-Transport","Angle",3,2019,"TOYOTA","RAV4",998,"Disabling Damage",2,0,1,"Full Driver License","Valid","No",30,"Dry","Going Straight","Crossing Over (Passing Through) Junction","Braking","Tracking","Stayed in original travel lane","SUV",1,1,1,1,1,1,0,6,3
330097,10,16,12,"Motor Vehicle In-Transport","Angle",3,2022,"HONDA","PILOT",998,"Functional Damage",0,0,1,"Full Driver License","Valid","No",30,"Dry","Turning Left","Turning Left","Unknown/Not Reported","Tracking","Stayed in original travel lane","SUV",1,1,1,1,1,1,0,6,3
330106,11,10,12,"Motor Vehicle In-Transport","Angle",1,2018,"KIA","SPORTAGE",998,"Minor Damage",0,0,1,"Full Driver License","Valid","No",25,"Dry","Going Straight","Crossing Over (Passing Through) Junction","No Avoidance Maneuver","Tracking","Stayed in original travel lane","SUV",1,2,0,0,2,2,0,0,1
330106,11,10,12,"Motor Vehicle In-Transport","Angle",1,2020,"JEEP","RENEGADE",998,"Disabling Damage",1,0,1,"Full Driver License","Valid","No",30,"Dry","Going Straight","From crossing street, across path","No Avoidance Maneuver","Tracking","Stayed in original travel lane","SUV",0,0,1,1,2,2,0,0,2
330112,12,11,8,"Pedestrian","The First Harmful Event was Not a Collision with a Motor Vehicle in Transport",1,2020,"HYUNDAI","SONATA",50,"Minor Damage",0,0,1,"Full Driver License","Valid","No",50,"Dry","Going Straight","Pedestrian in road","Steering right","Precrash stability unknown","Stayed in original travel lane","4 DR",1,1,1,1,1,1,0,5,3
330112,12,11,8,"Pedestrian","The First Harmful Event was Not a Collision with a Motor Vehicle in Transport",2,2013,"SUBARU","FORESTER",998,"Minor Damage",0,0,1,"Full Driver License","Valid","No",50,"Dry","Going Straight","Pedestrian in road","Steering right","Precrash stability unknown","Stayed in original travel lane","SUV",0,1,0,0,0,0,1,2,0
330119,3,17,12,"Motor Vehicle In-Transport","Front-to-Front",1,2019,"BMW","X7",998,"Disabling Damage",0,0,1,"Full Driver License","Valid","No",30,"Dry","Going Straight","From opposite direction  over left lane line","Unknown/Not Reported","Tracking","Stayed in original travel lane","SUV",1,1,1,1,1,1,0,7,3
340005,1,6,8,"Pedestrian","The First Harmful Event was Not a Collision with a Motor Vehicle in Transport",2,2017,"HYUNDAI","SONATA",998,"Functional Damage",0,0,1,"Full Driver License","Valid","No",45,"Dry","Going Straight","Pedestrian in road","No Avoidance Maneuver","Tracking","Stayed in original travel lane","4 DR",0,1,1,0,2,2,0,2,1
340005,1,6,8,"Pedestrian","The First Harmful Event was Not a Collision with a Motor Vehicle in Transport",1,2012,"JEEP","LIBERTY",998,"No Damage",0,0,1,"Full Driver License","Valid","No",45,"Dry","Going Straight","Pedestrian in road","No Avoidance Maneuver","Tracking","Stayed in original travel lane","SUV",0,1,0,0,0,0,1,2,0
340012,1,19,8,"Pedestrian","The First Harmful Event was Not a Collision with a Motor Vehicle in Transport",1,2013,"NISSAN","ALTIMA",998,"Minor Damage",0,0,1,"Intermediate Driver License","Valid","No",25,"Dry","Going Straight","Pedestrian in road","No Avoidance Maneuver","Tracking","Stayed in original travel lane","2 DR",0,1,0,0,0,0,1,2,0
340016,1,17,8,"Pedestrian","The First Harmful Event was Not a Collision with a Motor Vehicle in Transport",1,2015,"MERCEDES-BENZ","C-CLASS",998,"Disabling Damage",0,0,1,"Full Driver License","Valid","No",55,"Dry","Going Straight","Pedestrian in road","No Avoidance Maneuver","Tracking","Stayed in original travel lane","4 DR",0,1,1,0,2,2,0,2,1
340017,1,17,8,"Pedestrian","The First Harmful Event was Not a Collision with a Motor Vehicle in Transport",2,2015,"RAM","1500",998,"No Damage",0,0,1,"Full Driver License","Valid","No",25,"Dry","Turning Left","Pedestrian in road","Braking","Precrash stability unknown","Stayed in original travel lane","PU/EC",0,0,0,0,0,0,0,0,0
340020,1,9,8,"Pedestrian","The First Harmful Event was Not a Collision with a Motor Vehicle in Transport",1,2013,"RAM","2500",998,"Minor Damage",0,0,1,"Full Driver License","Valid","No",50,"Dry","Going Straight","Pedestrian in road","Unknown/Not Reported","Tracking","Stayed in original travel lane","PU/RC",0,1,0,0,0,0,1,2,0
340028,2,22,8,"Pedestrian","The First Harmful Event was Not a Collision with a Motor Vehicle in Transport",1,2017,"JEEP","WRANGLER",998,"Functional Damage",0,0,1,"Full Driver License","Valid","No",50,"Dry","Going Straight","Pedestrian in road","Braking","Tracking","Stayed in original travel lane","SUV",0,0,0,0,0,0,0,0,0
340029,2,22,12,"Motor Vehicle In-Transport","Front-to-Rear",1,2020,"TESLA","MODEL 3",69,"Disabling Damage",0,0,1,"Full Driver License","Valid","No",65,"Dry","Going Straight","Traveling in same direction with higher speed","Unknown/Not Reported","Tracking","Stayed in original travel lane","4 DR",1,1,1,1,1,1,0,6,3
340034,1,23,12,"Motor Vehicle In-Transport","Angle",2,2016,"CHEVROLET","COLORADO",998,"Disabling Damage",0,0,1,"Full Driver License","Valid","No",35,"Dry","Going Straight","From opposite direction  over left lane line","No Avoidance Maneuver","Tracking","Stayed in original travel lane","PU/EC",0,1,0,0,0,0,0,1,0
340036,1,9,12,"Motor Vehicle In-Transport","Angle",1,2012,"NISSAN","ROGUE",998,"Disabling Damage",1,0,1,"Full Driver License","Valid","No",50,"Dry","Turning Left","Turning Left","Unknown/Not Reported","Tracking","Stayed in original travel lane","SUV",0,0,0,0,0,0,1,1,0
340037,1,6,12,"Motor Vehicle In-Transport","Front-to-Rear",1,2013,"MERCEDES-BENZ","C-CLASS",998,"Disabling Damage",0,0,1,"Full Driver License","Valid","No",65,"Dry","Going Straight","Other vehicle stopped","Unknown/Not Reported","Tracking","Stayed in original travel lane","2 DR",1,0,0,0,0,0,1,1,1
340037,1,6,12,"Motor Vehicle In-Transport","Front-to-Rear",1,2016,"MAZDA","MAZDA6",998,"Functional Damage",0,0,1,"Full Driver License","Valid","No",65,"Dry","Going Straight","Pedestrian unknown location","Braking","Tracking","Stayed in original travel lane","4 DR",1,1,0,0,2,2,0,1,1
340045,2,16,14,"Parked Motor Vehicle","The First Harmful Event was Not a Collision with a Motor Vehicle in Transport",1,2015,"VOLKSWAGEN","JETTA",998,"Disabling Damage",1,0,1,"Full Driver License","Valid","No",98,"Dry","Going Straight","Over the lane line on right side of travel lane","Unknown/Not Reported","Tracking","Departed roadway","4 DR",0,1,0,0,0,0,0,1,0
340046,2,4,15,"Non-Motorist on Personal Conveyance","The First Harmful Event was Not a Collision with a Motor Vehicle in Transport",1,2016,"NISSAN","ROGUE",998,"Disabling Damage",0,0,1,"Full Driver License","Valid","No",50,"Dry","Going Straight","Pedalcyclist or other non-motorist in road","No Avoidance Maneuver","Tracking","Stayed in original travel lane","SUV",0,0,0,0,2,2,0,0,0
340049,2,18,8,"Pedestrian","The First Harmful Event was Not a Collision with a Motor Vehicle in Transport",1,2018,"JEEP","GRAND CHEROKEE",33,"Functional Damage",0,0,1,"Intermediate Driver License","Valid","No",25,"Dry","Going Straight","Pedestrian in road","No Avoidance Maneuver","Tracking","Stayed in original travel lane","SUV",1,0,1,1,2,2,0,0,3
340050,2,18,12,"Motor Vehicle In-Transport","Angle",3,2021,"NISSAN","ROGUE",998,"Disabling Damage",0,0,1,"Full Driver License","Valid","No",50,"Dry","Decelerating in Road","From Parking Lane/Shoulder, Median/Crossover, Roadside","Steering right","Precrash stability unknown","Stayed on roadway, not known if left original travel lane","SUV",1,0,1,1,1,1,0,5,3
340057,3,16,12,"Motor Vehicle In-Transport","Front-to-Front",2,2019,"CHEVROLET","MALIBU",998,"Disabling Damage",1,0,1,"Full Driver License","Valid","No",45,"Dry","Going Straight","Crossing Over (Passing Through) Junction","Unknown/Not Reported","Tracking","Stayed in original travel lane","4 DR",1,1,0,1,2,2,0,2,2
340057,3,16,12,"Motor Vehicle In-Transport","Front-to-Front",1,2020,"NISSAN","ALTIMA",998,"Disabling Damage",0,0,1,"Intermediate Driver License","Valid","No",45,"Dry","Turning Left","Traveling in opposite direction","Unknown/Not Reported","Tracking","Stayed in original travel lane","4 DR",0,1,1,0,1,1,0,4,1
340063,3,6,12,"Motor Vehicle In-Transport","Front-to-Rear",1,2019,"HONDA","CIVIC",0,"Disabling Damage",1,0,1,"Full Driver License","Valid","No",65,"Dry","Disabled or ""Parked"" in Travel lane","Traveling in same direction with higher speed","No Avoidance Maneuver","Tracking","Stayed in original travel lane","2 DR",0,1,1,1,1,1,0,5,2
340063,3,6,12,"Motor Vehicle In-Transport","Front-to-Rear",1,2019,"NISSAN","MAXIMA",998,"Disabling Damage",0,0,1,"Full Driver License","Valid","No",65,"Dry","Going Straight","Other vehicle stopped","Steering right","Tracking","Stayed in original travel lane","4 DR",0,1,1,1,1,1,0,4,2
340074,3,17,12,"Motor Vehicle In-Transport","Angle",1,2020,"TOYOTA","CAMRY",998,"Disabling Damage",0,0,1,"Full Driver License","Valid","No",50,"Dry","Turning Left","Turning Left","Unknown/Not Reported","Precrash stability unknown","Stayed on roadway, not known if left original travel lane","4 DR",0,1,1,1,1,1,0,6,2
340077,3,11,42,"Tree (Standing Only)","The First Harmful Event was Not a Collision with a Motor Vehicle in Transport",1,2018,"HYUNDAI","TUCSON",998,"Disabling Damage",1,0,1,"Full Driver License","Valid","No",65,"Dry","Going Straight","Off the edge of the road on the right side","Unknown/Not Reported","Precrash stability unknown","Departed roadway","SUV",0,2,0,0,2,2,0,0,0
340078,3,2,8,"Pedestrian","The First Harmful Event was Not a Collision with a Motor Vehicle in Transport",1,2020,"VOLKSWAGEN","TIGUAN",998,"Disabling Damage",0,0,1,"Full Driver License","Valid","No",65,"Dry","Going Straight","Pedestrian in road","No Avoidance Maneuver","Tracking","Stayed in original travel lane","SUV",1,1,1,1,1,1,0,5,3
340081,4,5,12,"Motor Vehicle In-Transport","Angle",1,2014,"FORD","MUSTANG",998,"Disabling Damage",0,0,1,"Full Driver License","Valid","No",35,"Dry","Turning Left","Turning Left","Unknown/Not Reported","Tracking","Stayed in original travel lane","2 DR",0,0,0,0,0,0,1,1,0
340082,4,23,8,"Pedestrian","The First Harmful Event was Not a Collision with a Motor Vehicle in Transport",1,2021,"TESLA","MODEL S",998,"Reported as Unknown",0,0,1,"Full Driver License","Valid","No",40,"Dry","Going Straight","Pedestrian in road","No Avoidance Maneuver","Tracking","Stayed in original travel lane","5 HB",1,1,1,1,1,1,0,6,3
340084,4,19,8,"Pedestrian","The First Harmful Event was Not a Collision with a Motor Vehicle in Transport",1,2019,"HONDA","RIDGELINE",998,"Disabling Damage",0,0,1,"Full Driver License","Valid","No",50,"Dry","Going Straight","Pedestrian in road","No Avoidance Maneuver","Tracking","Stayed in original travel lane","PU/CC",0,1,1,1,2,2,0,1,2
340085,4,2,8,"Pedestrian","The First Harmful Event was Not a Collision with a Motor Vehicle in Transport",2,2021,"JEEP","GRAND CHEROKEE",998,"Functional Damage",0,0,1,"Full Driver License","Valid","No",25,"Dry","Going Straight","Pedestrian in road","No Avoidance Maneuver","Tracking","Stayed in original travel lane","SUV",1,1,1,0,2,2,0,2,2
340092,4,14,12,"Motor Vehicle In-Transport","Sideswipe - Same Direction",2,2021,"SUBARU","FORESTER",998,"Functional Damage",0,0,1,"Full Driver License","Valid","No",55,"Dry","Going Straight","From adjacent lane (same direction) over left lane line","Unknown/Not Reported","Tracking","Stayed in original travel lane","SUV",0,0,1,1,1,1,0,4,2
340098,5,5,12,"Motor Vehicle In-Transport","Angle",1,2017,"CHEVROLET","EQUINOX",998,"Disabling Damage",0,0,1,"Full Driver License","Valid","No",40,"Dry","Going Straight","From crossing street, across path","Unknown/Not Reported","Tracking","Stayed in original travel lane","SUV",0,0,0,0,0,0,0,1,0
340102,3,12,12,"Motor Vehicle In-Transport","Sideswipe - Same Direction",3,2019,"RAM","1500",998,"Disabling Damage",0,0,1,"Full Driver License","Valid","No",65,"Dry","Going Straight","From adjacent lane (same direction) over right lane line","Accelerating","Tracking","Stayed in original travel lane","PU/EC",1,1,1,1,2,2,0,1,3
340103,3,17,24,"Guardrail Face","The First Harmful Event was Not a Collision with a Motor Vehicle in Transport",1,2014,"HONDA","CR-V",998,"Disabling Damage",0,0,1,"Full Driver License","Valid","No",50,"Dry","Going Straight","From opposite direction  over left lane line","Unknown/Not Reported","Tracking","Stayed in original travel lane","SUV",0,0,0,0,0,0,1,1,0
340103,3,17,24,"Guardrail Face","The First Harmful Event was Not a Collision with a Motor Vehicle in Transport",1,2021,"JEEP","GLADIATOR",998,"Disabling Damage",0,0,1,"Full Driver License","Valid","No",50,"Dry","Going Straight","Other critical precrash event (specify:)","Unknown/Not Reported","Tracking","Stayed in original travel lane","PU/CC",1,0,1,0,2,2,0,0,2
340106,5,0,8,"Pedestrian","The First Harmful Event was Not a Collision with a Motor Vehicle in Transport",1,2014,"MERCEDES-BENZ","CLA-CLASS",998,"Functional Damage",0,0,1,"Full Driver License","Valid","No",40,"Dry","Going Straight","Pedestrian in road","Unknown/Not Reported","Tracking","Stayed on roadway, not known if left original travel lane","4 DR",1,0,1,0,2,2,1,2,2
340109,5,18,12,"Motor Vehicle In-Transport","Angle",1,2015,"MERCEDES-BENZ","S-CLASS",998,"Disabling Damage",0,0,1,"Full Driver License","Valid","No",45,"Dry","Negotiating a Curve","From crossing street, across path","Unknown/Not Reported","Tracking","Stayed in original travel lane","4 DR",1,1,1,0,2,2,0,2,2
340112,6,8,12,"Motor Vehicle In-Transport","Sideswipe - Same Direction",2,2021,"VOLKSWAGEN","ATLAS",0,"Minor Damage",0,0,1,"Full Driver License","Valid","No",35,"Dry","Stopped in Roadway","Traveling in same direction with higher speed","No Avoidance Maneuver","Tracking","Stayed in original travel lane","SUV",1,1,1,0,1,1,0,6,2
340112,6,8,12,"Motor Vehicle In-Transport","Sideswipe - Same Direction",2,2011,"CHEVROLET","CRUZE",998,"Minor Damage",0,0,1,"Full Driver License","Valid","No",35,"Dry","Going Straight","Other critical precrash event (specify:)","Braking","Skidding longitudinally  rotation less than 30 degrees","Stayed on roadway, not known if left original travel lane","4 DR",0,0,0,0,0,0,1,2,0
340115,6,15,33,"Curb","The First Harmful Event was Not a Collision with a Motor Vehicle in Transport",1,2020,"TOYOTA","RAV4",998,"Disabling Damage",1,0,1,"Full Driver License","Valid","No",65,"Dry","Going Straight","Off the edge of the road on the right side","Unknown/Not Reported","Tracking","Departed roadway","SUV",0,1,1,1,1,1,0,6,2
340118,4,16,1,"Rollover/Overturn","The First Harmful Event was Not a Collision with a Motor Vehicle in Transport",1,2011,"INFINITI","G37",998,"Disabling Damage",1,0,1,"Full Driver License","Valid","No",65,"Dry","Going Straight","Unknown cause of control loss","Unknown/Not Reported","Skidding laterally clockwise rotation","Departed roadway","2 DR",0,1,0,0,0,0,1,2,0
340120,5,23,8,"Pedestrian","The First Harmful Event was Not a Collision with a Motor Vehicle in Transport",1,2014,"SUBARU","OUTBACK",998,"Disabling Damage",0,0,1,"Full Driver License","Valid","No",55,"Dry","Negotiating a Curve","Pedestrian in road","Steering left","Precrash stability unknown","Stayed on roadway, but left original travel lane","SUV",0,1,1,0,2,2,1,2,1
340131,7,10,33,"Curb","The First Harmful Event was Not a Collision with a Motor Vehicle in Transport",2,2013,"HYUNDAI","SANTA FE",998,"Disabling Damage",1,0,1,"Full Driver License","Valid","No",25,"Dry","Going Straight","Off the edge of the road on the right side","Unknown/Not Reported","Precrash stability unknown","Departed roadway","SUV",0,1,0,0,0,0,1,2,0
340132,6,10,14,"Parked Motor Vehicle","The First Harmful Event was Not a Collision with a Motor Vehicle in Transport",1,2015,"FORD","EXPLORER",998,"Disabling Damage",0,0,1,"Full Driver License","Valid","No",50,"Dry","Going Straight","Off the edge of the road on the right side","Steering right","Precrash stability unknown","Departed roadway","SUV",1,1,1,1,0,0,0,1,3
340136,7,19,9,"Pedalcyclist","The First Harmful Event was Not a Collision with a Motor Vehicle in Transport",1,2013,"NISSAN","ALTIMA",998,"Minor Damage",0,0,1,"Full Driver License","Valid","No",50,"Dry","Going Straight","Pedalcyclist or other non-motorist in road","No Avoidance Maneuver","Tracking","Stayed in original travel lane","2 DR",0,1,0,0,0,0,1,2,0
340138,6,22,8,"Pedestrian","The First Harmful Event was Not a Collision with a Motor Vehicle in Transport",3,2018,"FORD","EXPLORER",54,"Minor Damage",0,0,1,"Full Driver License","Valid","No",50,"Dry","Going Straight","Pedestrian in road","Braking and steering left","Skidding longitudinally  rotation less than 30 degrees","Stayed on roadway, not known if left original travel lane","SUV",1,0,1,0,0,0,0,0,2
340145,4,17,12,"Motor Vehicle In-Transport","Front-to-Rear",2,2012,"TOYOTA","SIENNA",998,"Disabling Damage",0,0,1,"Full Driver License","Valid","No",25,"Dry","Other(specify:)","Traveling in same direction with higher speed","Unknown/Not Reported","Tracking","Departed roadway","VAN",0,1,0,0,0,0,1,2,0
340146,5,16,12,"Motor Vehicle In-Transport","Front-to-Front",1,2021,"JEEP","GLADIATOR",998,"Disabling Damage",1,0,1,"Full Driver License","Valid","No",45,"Dry","Going Straight","Over the lane line on left side of travel lane","Unknown/Not Reported","Precrash stability unknown","Stayed on roadway, but left original travel lane","PU/CC",0,0,1,0,2,2,0,0,1
340150,4,5,12,"Motor Vehicle In-Transport","Angle",1,2013,"HONDA","CIVIC",0,"Disabling Damage",1,0,1,"Full Driver License","Valid","No",65,"Dry","Disabled or ""Parked"" in Travel lane","Traveling in same direction with higher speed","No Avoidance Maneuver","Tracking","Stayed in original travel lane","4 DR",0,0,0,0,0,0,1,1,0
340153,5,4,12,"Motor Vehicle In-Transport","Angle",5,2011,"HONDA","ACCORD",998,"Disabling Damage",1,0,1,"Intermediate Driver License","Valid","No",55,"Dry","Turning Left","Turning Left","Unknown/Not Reported","Precrash stability unknown","Stayed on roadway, not known if left original travel lane","2 DR",0,1,0,0,0,0,1,2,0
340153,5,4,12,"Motor Vehicle In-Transport","Angle",1,2023,"KIA","SORENTO",998,"Disabling Damage",0,0,1,"Full Driver License","Valid","No",55,"Dry","Going Straight","From opposite direction  over left lane line","Unknown/Not Reported","Precrash stability unknown","Stayed on roadway, not known if left original travel lane","SUV",1,0,1,1,1,1,0,5,3
340162,5,22,12,"Motor Vehicle In-Transport","Front-to-Rear",2,2016,"HONDA","ODYSSEY",998,"Disabling Damage",1,0,1,"Full Driver License","Valid","No",65,"Dry","Negotiating a Curve","Other vehicle stopped","Steering left","Precrash stability unknown","Stayed in original travel lane","VAN",0,1,0,0,0,0,0,1,0
340165,5,12,12,"Motor Vehicle In-Transport","Not Reported",1,2015,"LINCOLN","MKC",998,"Disabling Damage",0,0,1,"Full Driver License","Valid","No",25,"Dry","Going Straight","From opposite direction  over left lane line","Unknown/Not Reported","Precrash stability unknown","Stayed on roadway, not known if left original travel lane","SUV",0,1,1,0,0,0,0,2,1
340165,5,12,12,"Motor Vehicle In-Transport","Not Reported",3,2022,"TOYOTA","RAV4",998,"Disabling Damage",0,0,1,"Full Driver License","Valid","No",25,"Dry","Going Straight","From adjacent lane (same direction) over left lane line","Unknown/Not Reported","Precrash stability unknown","Stayed on roadway, not known if left original travel lane","SUV",0,1,1,1,1,1,0,6,2
340165,5,12,12,"Motor Vehicle In-Transport","Not Reported",1,2018,"TOYOTA","C-HR",998,"Functional Damage",0,0,1,"Full Driver License","Valid","No",25,"Dry","Going Straight","Traveling in opposite direction","Steering right","Precrash stability unknown","Stayed on roadway, but left original travel lane","5 HB",0,1,1,1,1,1,0,5,2
340167,6,21,42,"Tree (Standing Only)","The First Harmful Event was Not a Collision with a Motor Vehicle in Transport",3,2017,"MASERATI","GHIBLI",100,"Disabling Damage",1,0,1,"Full Driver License","Valid","No",65,"Dry","Going Straight","Off the edge of the road on the right side","Unknown/Not Reported","Skidding laterally counterclockwise rotation","Departed roadway","4 DR",0,1,0,0,0,0,0,1,0
340168,6,16,12,"Motor Vehicle In-Transport","Angle",1,2020,"HONDA","CR-V",26,"Disabling Damage",0,0,1,"Full Driver License","Valid","No",55,"Dry","Turning Left","Turning Left","No Avoidance Maneuver","Tracking","Stayed in original travel lane","SUV",0,1,1,1,1,1,0,6,2
340180,1,14,12,"Motor Vehicle In-Transport","Angle",1,2017,"HONDA","PILOT",998,"Disabling Damage",0,0,1,"Full Driver License","Valid","No",50,"Dry","Going Straight","From opposite direction  over left lane line","Unknown/Not Reported","Precrash stability unknown","Stayed in original travel lane","SUV",0,1,1,0,2,2,0,1,1
340180,1,14,12,"Motor Vehicle In-Transport","Angle",1,2016,"HYUNDAI","GENESIS",998,"Disabling Damage",1,0,1,"Full Driver License","Valid","No",50,"Dry","Turning Left","Turning Left","Unknown/Not Reported","Precrash stability unknown","Stayed in original travel lane","4 DR",1,1,0,1,2,2,0,2,2
340182,6,5,18,"Other Object (not fixed)","The First Harmful Event was Not a Collision with a Motor Vehicle in Transport",1,2018,"CHEVROLET","EQUINOX",998,"Disabling Damage",1,0,1,"Full Driver License","Valid","No",65,"Dry","Going Straight","Object in road","Unknown/Not Reported","Tracking","Stayed in original travel lane","SUV",1,1,0,0,2,2,0,2,1
340184,6,0,12,"Motor Vehicle In-Transport","Front-to-Rear",2,2019,"JEEP","CHEROKEE",998,"Disabling Damage",0,0,1,"Full Driver License","Valid","No",55,"Dry","Negotiating a Curve","Other vehicle stopped","Braking","Skidding longitudinally  rotation less than 30 degrees","Stayed in original travel lane","SUV",1,1,1,1,2,2,0,1,3
340189,5,1,12,"Motor Vehicle In-Transport","Front-to-Rear",2,2018,"ALFA ROMEO","STELVIO",0,"Disabling Damage",0,0,1,"Full Driver License","Valid","No",25,"Dry","Stopped in Roadway","Traveling in same direction with higher speed","No Avoidance Maneuver","Tracking","Stayed in original travel lane","SUV",1,0,1,0,2,2,0,0,2
340195,6,17,12,"Motor Vehicle In-Transport","Angle",1,2014,"HONDA","ACCORD",998,"Disabling Damage",0,0,1,"Full Driver License","Valid","No",45,"Dry","Going Straight","From opposite direction  over left lane line","Unknown/Not Reported","Precrash stability unknown","Stayed on roadway, not known if left original travel lane","2 DR",0,0,0,0,0,0,1,1,0