"SERIAL_CRASH","MONTH","HOUR","HARM_EV","HARM_EVNAME","TYPE_OF_COLLIOSION","NUM_OF_PEOPLE","MOD_YEAR","VPICMAKENAME","VPICMODELNAME","TRAV_SP","DEFORMEDNAME","DEATHS","DR_DRINK","IS_DRIVER_PRESENT","L_TYPENAME","L_STATUSNAME","SPEEDRELNAME","VSPD_LIM","VSURCONDNAME","P_CRASH1NAME","P_CRASH2NAME","P_CRASH3NAME","PCRASH4NAME","PCRASH5NAME","BODY_STYLE","BLIND_SPOT_DETECTION","ARS","FRNT_COLLISION_WARNING","LANE_DEPARTURE_WARNING","CRASH_IMMINENT_BRAKE","DYNAMIC_BRAKE_SUPPORT","NHTSA_ESC","SAFETY_COUNT","notification_count"
360917,9,10,12,"Motor Vehicle In-Transport","Front-to-Rear",1,2016,"KIA","SOUL",999,"Damage Reported, Extent Unknown",0,0,1,"Full Driver License","Valid","No",55,"Dry","Decelerating in Road","Traveling in same direction with higher speed","No Avoidance Maneuver","Tracking","Stayed in original travel lane","SUV",0,1,1,0,0,0,0,1,1
360920,10,18,42,"Tree (Standing Only)","The First Harmful Event was Not a Collision with a Motor Vehicle in Transport",1,2018,"HONDA","ACCORD",999,"Damage Reported, Extent Unknown",1,0,1,"Full Driver License","Valid","No",35,"Dry","Negotiating a Curve","Off the edge of the road on the left side","Unknown/Not Reported","Skidding laterally counterclockwise rotation","Departed roadway","4 DR",0,1,1,1,1,1,0,5,2
360922,10,19,12,"Motor Vehicle In-Transport","Angle",2,2023,"NISSAN","MURANO",999,"Damage Reported, Extent Unknown",0,0,1,"Full Driver License","Valid","No",40,"Dry","Turning Left","Turning Left","Unknown/Not Reported","Tracking","Stayed in original travel lane","SUV",1,0,1,1,1,1,0,5,3
360925,11,10,12,"Motor Vehicle In-Transport","Front-to-Front",2,2017,"JEEP","PATRIOT",999,"Damage Reported, Extent Unknown",0,0,1,"Full Driver License","Valid","No",45,"Dry","Passing or Overtaking Another Vehicle","Over the lane line on left side of travel lane","Steering left","Tracking","Stayed on roadway, but left original travel lane","SUV",0,0,0,0,0,0,0,0,0
360925,11,10,12,"Motor Vehicle In-Transport","Front-to-Front",1,2018,"HONDA","CR-V",999,"Damage Reported, Extent Unknown",1,0,1,"Full Driver License","Valid","No",45,"Dry","Negotiating a Curve","From opposite direction  over left lane line","Steering right","Tracking","Stayed in original travel lane","SUV",0,1,0,1,2,2,0,1,1
360927,12,16,8,"Pedestrian","The First Harmful Event was Not a Collision with a Motor Vehicle in Transport",1,2012,"CHEVROLET","AVALANCHE",999,"Damage Reported, Extent Unknown",0,0,1,"Full Driver License","Valid","No",45,"Dry","Going Straight","Pedestrian in road","Unknown/Not Reported","Tracking","Stayed in original travel lane","SUV",0,0,0,0,0,0,1,2,0
360931,12,20,8,"Pedestrian","The First Harmful Event was Not a Collision with a Motor Vehicle in Transport",1,2022,"FORD","ECOSPORT",60,"Damage Reported, Extent Unknown",0,0,1,"Full Driver License","Valid","No",55,"Dry","Going Straight","Pedestrian in road","No Avoidance Maneuver","Tracking","Stayed in original travel lane","SUV",1,0,0,0,0,0,0,2,1
360933,12,21,12,"Motor Vehicle In-Transport","Angle",1,2011,"HONDA","CIVIC",999,"Damage Reported, Extent Unknown",1,0,1,"Full Driver License","Valid","No",55,"Dry","Turning Left","Turning Left","No Avoidance Maneuver","Tracking","Stayed in original travel lane","4 DR",0,1,0,0,0,0,1,2,0
360933,12,21,12,"Motor Vehicle In-Transport","Angle",2,2022,"NISSAN","SENTRA",999,"Damage Reported, Extent Unknown",0,0,1,"Full Driver License","Valid","No",55,"Dry","Going Straight","From opposite direction  over left lane line","Unknown/Not Reported","Tracking","Stayed in original travel lane","4",1,0,1,1,1,1,0,5,3
360935,12,17,8,"Pedestrian","The First Harmful Event was Not a Collision with a Motor Vehicle in Transport",4,2023,"VOLKSWAGEN","JETTA",999,"Damage Reported, Extent Unknown",0,0,1,"Full Driver License","Valid","No",30,"Dry","Going Straight","Pedestrian in road","Unknown/Not Reported","Tracking","Stayed in original travel lane","4 DR",1,0,1,0,1,1,0,4,2
360939,12,18,8,"Pedestrian","The First Harmful Event was Not a Collision with a Motor Vehicle in Transport",2,2012,"JEEP","GRAND CHEROKEE",998,"Damage Reported, Extent Unknown",0,0,1,"Full Driver License","Valid","No",30,"Dry","Turning Left","Pedestrian in road","Unknown/Not Reported","Tracking","Stayed in original travel lane","SUV",1,1,1,0,0,0,1,2,2
360943,12,4,8,"Pedestrian","The First Harmful Event was Not a Collision with a Motor Vehicle in Transport",1,2023,"TESLA","MODEL 3",999,"Damage Reported, Extent Unknown",0,0,1,"Full Driver License","Valid","No",25,"Dry","Going Straight","Pedestrian in road","Unknown/Not Reported","Tracking","Stayed in original travel lane","4 DR",1,1,1,1,1,1,0,6,3
360952,11,23,8,"Pedestrian","The First Harmful Event was Not a Collision with a Motor Vehicle in Transport",1,2018,"CHEVROLET","CRUZE",999,"Damage Reported, Extent Unknown",0,0,1,"Full Driver License","Valid","No",45,"Dry","Going Straight","Pedestrian in road","Unknown/Not Reported","Tracking","Stayed in original travel lane","5 HB",0,1,1,0,0,0,0,2,1
360953,12,18,8,"Pedestrian","The First Harmful Event was Not a Collision with a Motor Vehicle in Transport",1,2020,"KIA","SPORTAGE",28,"Damage Reported, Extent Unknown",0,0,1,"Full Driver License","Valid","No",30,"Dry","Going Straight","Pedestrian in road","Unknown/Not Reported","Tracking","Stayed in original travel lane","SUV",1,2,1,1,1,1,0,5,3
360957,12,8,12,"Motor Vehicle In-Transport","Front-to-Front",3,2017,"TOYOTA","RAV4",999,"Damage Reported, Extent Unknown",2,0,1,"Full Driver License","Valid","No",40,"Dry","Going Straight","From opposite direction  over left lane line","Unknown/Not Reported","Tracking","Stayed in original travel lane","SUV",1,1,0,0,2,2,0,1,1
360960,6,13,12,"Motor Vehicle In-Transport","Front-to-Front",1,2020,"NISSAN","ALTIMA",999,"Damage Reported, Extent Unknown",0,0,1,"Full Driver License","Valid","No",40,"Dry","Negotiating a Curve","From opposite direction  over left lane line","Unknown/Not Reported","Tracking","Stayed in original travel lane","4 DR",0,1,1,0,1,1,0,4,1
360967,12,23,2,"Fire/Explosion","The First Harmful Event was Not a Collision with a Motor Vehicle in Transport",4,2020,"TOYOTA","HIGHLANDER",0,"Damage Reported, Extent Unknown",0,0,1,"Full Driver License","Valid","No",30,"Dry","Stopped in Roadway","From opposite direction  over left lane line","No Avoidance Maneuver","Tracking","Stayed in original travel lane","SUV",1,1,1,1,1,1,0,6,3
360972,7,9,12,"Motor Vehicle In-Transport","Angle",1,2015,"HONDA","ODYSSEY",999,"Damage Reported, Extent Unknown",0,0,1,"Full Driver License","Valid","No",25,"Dry","Going Straight","From crossing street, across path","Unknown/Not Reported","Tracking","Stayed in original travel lane","VAN",1,1,0,1,0,0,0,1,2
360974,10,20,12,"Motor Vehicle In-Transport","Front-to-Rear",3,2012,"FORD","ESCAPE",999,"Disabling Damage",1,0,1,"Full Driver License","Valid","No",55,"Dry","Going Straight","Traveling in same direction with higher speed","Unknown/Not Reported","Tracking","Stayed in original travel lane","SUV",0,0,0,0,0,0,1,1,0
360976,4,14,12,"Motor Vehicle In-Transport","Angle",1,2022,"VOLKSWAGEN","TIGUAN",998,"Damage Reported, Extent Unknown",1,0,1,"Full Driver License","Valid","No",99,"Dry","Turning Left","Turning Left","Unknown/Not Reported","Tracking","Stayed in original travel lane","SUV",1,1,1,1,1,1,0,6,3
360980,12,18,24,"Guardrail Face","The First Harmful Event was Not a Collision with a Motor Vehicle in Transport",2,2017,"SUBARU","LEGACY",999,"Damage Reported, Extent Unknown",0,0,1,"Full Driver License","Valid","No",55,"Dry","Going Straight","From opposite direction  over left lane line","Steering right","Tracking","Stayed in original travel lane","4 DR",0,0,0,0,2,2,0,0,0
360981,12,17,12,"Motor Vehicle In-Transport","Front-to-Rear",1,2017,"CHRYSLER","PACIFICA",999,"Damage Reported, Extent Unknown",1,0,1,"Full Driver License","Valid","No",55,"Dry","Going Straight","Other vehicle stopped","Unknown/Not Reported","Tracking","Stayed in original travel lane","VAN",1,0,0,0,2,2,0,0,1
360981,12,17,12,"Motor Vehicle In-Transport","Front-to-Rear",2,2015,"HONDA","CR-V",0,"Damage Reported, Extent Unknown",0,0,1,"Full Driver License","Valid","No",55,"Dry","Stopped in Roadway","Traveling in same direction with higher speed","No Avoidance Maneuver","Tracking","Stayed in original travel lane","SUV",0,1,0,0,2,2,0,1,0
360986,12,8,12,"Motor Vehicle In-Transport","Front-to-Front",3,2019,"NISSAN","PATHFINDER",999,"Damage Reported, Extent Unknown",1,0,1,"Full Driver License","Valid","No",40,"Dry","Going Straight","Over the lane line on left side of travel lane","Unknown/Not Reported","Skidding longitudinally  rotation less than 30 degrees","Stayed on roadway, but left original travel lane","SUV",0,1,1,0,1,1,0,4,1
360987,11,19,8,"Pedestrian","The First Harmful Event was Not a Collision with a Motor Vehicle in Transport",1,2022,"NISSAN","MURANO",998,"Damage Reported, Extent Unknown",0,0,1,"Full Driver License","Valid","No",55,"Dry","Going Straight","Pedestrian in road","Unknown/Not Reported","Tracking","Stayed in original travel lane","SUV",1,0,1,1,1,1,0,5,3
360988,11,13,12,"Motor Vehicle In-Transport","Front-to-Front",1,2012,"TOYOTA","CAMRY",999,"Not Reported",1,0,1,"Full Driver License","Valid","No",40,"Dry","Going Straight","From opposite direction  over left lane line","Unknown/Not Reported","Tracking","Stayed in original travel lane","4 DR",1,1,0,0,0,0,1,2,1
360989,11,16,9,"Pedalcyclist","The First Harmful Event was Not a Collision with a Motor Vehicle in Transport",1,2015,"MAZDA","MAZDA3",998,"Damage Reported, Extent Unknown",0,0,1,"Full Driver License","Valid","No",50,"Dry","Going Straight","Pedalcyclist or other non-motorist in road","Unknown/Not Reported","Tracking","Stayed in original travel lane","5 HB",0,1,0,0,2,0,0,1,0
360990,11,13,12,"Motor Vehicle In-Transport","Front-to-Rear",2,2018,"HONDA","PILOT",999,"Damage Reported, Extent Unknown",0,0,1,"Full Driver License","Valid","No",55,"Dry","Starting in Road","Traveling in same direction with higher speed","No Avoidance Maneuver","Tracking","Stayed in original travel lane","SUV",1,1,0,1,2,2,0,1,2
360990,11,13,12,"Motor Vehicle In-Transport","Front-to-Rear",1,2022,"NISSAN","MAXIMA",999,"Damage Reported, Extent Unknown",1,0,1,"Full Driver License","Valid","No",55,"Dry","Starting in Road","Traveling in same direction with higher speed","No Avoidance Maneuver","Tracking","Stayed in original travel lane","4",1,0,1,1,1,1,0,6,3
360990,11,13,12,"Motor Vehicle In-Transport","Front-to-Rear",1,2021,"CHEVROLET","MALIBU",999,"Damage Reported, Extent Unknown",0,0,1,"Full Driver License","Valid","No",55,"Dry","Going Straight","Traveling in same direction with lower steady speed","Unknown/Not Reported","Tracking","Stayed in original travel lane","4 DR",1,2,1,0,2,2,0,1,2
360992,10,22,8,"Pedestrian","The First Harmful Event was Not a Collision with a Motor Vehicle in Transport",1,2018,"FORD","EXPLORER",28,"Damage Reported, Extent Unknown",0,0,1,"Full Driver License","Valid","No",40,"Dry","Negotiating a Curve","Pedestrian in road","Unknown/Not Reported","Tracking","Stayed in original travel lane","SUV",0,0,0,1,0,0,0,0,1
360993,11,5,8,"Pedestrian","The First Harmful Event was Not a Collision with a Motor Vehicle in Transport",1,2015,"NISSAN","ALTIMA",999,"Damage Reported, Extent Unknown",0,0,1,"Full Driver License","Valid","No",45,"Dry","Going Straight","Pedestrian in road","Unknown/Not Reported","Tracking","Stayed in original travel lane","4 DR",1,0,0,1,0,0,0,0,2
360994,12,13,34,"Ditch","The First Harmful Event was Not a Collision with a Motor Vehicle in Transport",1,2018,"NISSAN","ROGUE",999,"Disabling Damage",1,0,1,"Full Driver License","Valid","No",55,"Dry","Going Straight","Off the edge of the road on the right side","Unknown/Not Reported","Skidding laterally clockwise rotation","Departed roadway","SUV",1,1,1,0,2,2,0,3,2
360996,12,17,8,"Pedestrian","The First Harmful Event was Not a Collision with a Motor Vehicle in Transport",1,2023,"HONDA","RIDGELINE",45,"Damage Reported, Extent Unknown",0,0,1,"Full Driver License","Valid","No",40,"Dry","Going Straight","Pedestrian in road","Unknown/Not Reported","Tracking","Stayed in original travel lane","PU/CC",0,1,1,1,1,1,0,6,2
361005,12,12,12,"Motor Vehicle In-Transport","Front-to-Rear",1,2016,"CADILLAC","CT6",999,"Damage Reported, Extent Unknown",0,0,1,"Full Driver License","Valid","No",55,"Dry","Going Straight","From opposite direction  over left lane line","Unknown/Not Reported","Tracking","Stayed in original travel lane","4 DR",1,1,0,1,1,1,0,4,2
361012,12,1,8,"Pedestrian","The First Harmful Event was Not a Collision with a Motor Vehicle in Transport",1,2012,"HONDA","CIVIC",999,"Damage Reported, Extent Unknown",0,0,1,"Full Driver License","Valid","No",30,"Dry","Going Straight","Pedestrian in road","Unknown/Not Reported","Tracking","Unknown","2 DR",0,0,0,0,0,0,1,1,0
361014,10,19,12,"Motor Vehicle In-Transport","Front-to-Front",1,2012,"SUBARU","OUTBACK",999,"Damage Reported, Extent Unknown",0,0,1,"Full Driver License","Valid","No",55,"Dry","Negotiating a Curve","Off the edge of the road on the right side","Steering left","Skidding laterally counterclockwise rotation","Stayed on roadway, but left original travel lane","SUV",0,0,0,0,0,0,1,1,0
361016,2,23,12,"Motor Vehicle In-Transport","Front-to-Front",2,2020,"FORD","EXPLORER",999,"Damage Reported, Extent Unknown",2,0,1,"Full Driver License","Valid","No",40,"Dry","Going Straight","From opposite direction  over left lane line","Unknown/Not Reported","Tracking","Stayed in original travel lane","SUV",1,0,1,1,1,1,0,6,3
361017,11,23,12,"Motor Vehicle In-Transport","Front-to-Front",1,2023,"TOYOTA","RAV4",998,"Damage Reported, Extent Unknown",0,0,1,"Full Driver License","Valid","No",25,"Dry","Going Straight","Traveling in opposite direction","Unknown/Not Reported","Tracking","Stayed in original travel lane","SUV",0,1,1,1,1,1,0,5,2
361019,6,8,12,"Motor Vehicle In-Transport","Angle",1,2016,"HONDA","ACCORD",998,"Damage Reported, Extent Unknown",0,0,1,"Full Driver License","Valid","No",98,"Dry","Going Straight","From driveway, turning into opposite direction","Unknown/Not Reported","Tracking","Stayed in original travel lane","4 DR",0,1,0,1,2,2,0,2,1
361023,9,3,42,"Tree (Standing Only)","The First Harmful Event was Not a Collision with a Motor Vehicle in Transport",1,2018,"CHEVROLET","EQUINOX",999,"Damage Reported, Extent Unknown",1,0,1,"Full Driver License","Valid","No",55,"Dry","Going Straight","Off the edge of the road on the right side","No Avoidance Maneuver","Precrash stability unknown","Departed roadway","SUV",0,1,0,1,2,2,0,2,1
361024,12,19,12,"Motor Vehicle In-Transport","Front-to-Rear",2,2014,"SUBARU","FORESTER",999,"Damage Reported, Extent Unknown",0,0,1,"Full Driver License","Valid","No",50,"Dry","Negotiating a Curve","From Parking Lane/Shoulder, Median/Crossover, Roadside","Unknown/Not Reported","Tracking","Stayed in original travel lane","SUV",0,0,1,1,2,2,1,1,2
361025,11,19,8,"Pedestrian","The First Harmful Event was Not a Collision with a Motor Vehicle in Transport",1,2016,"FORD","FUSION",999,"Damage Reported, Extent Unknown",0,0,1,"Full Driver License","Valid","No",55,"Dry","Negotiating a Curve","Pedestrian in road","Unknown/Not Reported","Tracking","Stayed in original travel lane","4 DR",1,1,0,1,0,0,0,1,2
361025,11,19,8,"Pedestrian","The First Harmful Event was Not a Collision with a Motor Vehicle in Transport",1,2020,"HONDA","FIT",999,"Damage Reported, Extent Unknown",0,0,1,"Full Driver License","Valid","No",55,"Dry","Negotiating a Curve","Pedestrian in road","Unknown/Not Reported","Tracking","Stayed in original travel lane","5 HB",0,1,1,0,2,2,0,1,1
361031,1,14,8,"Pedestrian","The First Harmful Event was Not a Collision with a Motor Vehicle in Transport",2,2012,"HONDA","PILOT",998,"Damage Reported, Extent Unknown",0,0,1,"Full Driver License","Valid","No",98,"Dry","Going Straight","Pedestrian in road","Steering left","Skidding longitudinally  rotation less than 30 degrees","Stayed in original travel lane","SUV",0,0,0,0,0,0,1,1,0
361037,11,18,8,"Pedestrian","The First Harmful Event was Not a Collision with a Motor Vehicle in Transport",1,2013,"RAM","1500",55,"Disabling Damage",0,0,1,"Full Driver License","Valid","No",55,"Dry","Going Straight","Pedestrian in road","Unknown/Not Reported","Tracking","Stayed in original travel lane","PU/RC",0,1,0,0,0,0,1,2,0
361040,9,19,12,"Motor Vehicle In-Transport","Front-to-Front",3,2019,"CHEVROLET","IMPALA",999,"Damage Reported, Extent Unknown",0,0,1,"Full Driver License","Valid","No",40,"Dry","Going Straight","From opposite direction  over left lane line","Unknown/Not Reported","Tracking","Stayed in original travel lane","4 DR",1,1,0,0,2,0,0,2,1
361041,11,13,12,"Motor Vehicle In-Transport","Angle",1,2019,"NISSAN","ROGUE",13,"Damage Reported, Extent Unknown",0,0,1,"Full Driver License","Valid","No",40,"Dry","Turning Left","Turning Left","Unknown/Not Reported","Tracking","Stayed in original travel lane","SUV",1,1,1,1,1,1,0,6,3
361041,11,13,12,"Motor Vehicle In-Transport","Angle",1,2022,"CHEVROLET","EQUINOX",26,"Damage Reported, Extent Unknown",1,0,1,"Full Driver License","Valid","No",40,"Dry","Going Straight","From opposite direction  over left lane line","Unknown/Not Reported","Tracking","Stayed in original travel lane","SUV",0,1,1,1,1,1,0,6,2
361043,12,13,8,"Pedestrian","The First Harmful Event was Not a Collision with a Motor Vehicle in Transport",1,2023,"TOYOTA","COROLLA",998,"Damage Reported, Extent Unknown",0,0,1,"Full Driver License","Valid","No",30,"Dry","Going Straight","Pedestrian in road","Unknown/Not Reported","Tracking","Stayed in original travel lane","4 DR",1,1,1,1,1,1,0,5,3
361044,11,17,8,"Pedestrian","The First Harmful Event was Not a Collision with a Motor Vehicle in Transport",1,2020,"TOYOTA","PRIUS",998,"Damage Reported, Extent Unknown",0,0,1,"Full Driver License","Valid","No",30,"Dry","Going Straight","Pedestrian in road","Unknown/Not Reported","Tracking","Stayed in original travel lane","5 HB",1,1,1,1,1,1,0,5,3
361044,11,17,8,"Pedestrian","The First Harmful Event was Not a Collision with a Motor Vehicle in Transport",1,2019,"SUBARU","IMPREZA",998,"Damage Reported, Extent Unknown",0,0,1,"Full Driver License","Valid","No",30,"Dry","Going Straight","Pedestrian in road","No Avoidance Maneuver","Tracking","Stayed in original travel lane","SW",1,0,1,1,2,2,0,0,3
361056,12,18,8,"Pedestrian","The First Harmful Event was Not a Collision with a Motor Vehicle in Transport",1,2017,"TOYOTA","CAMRY",999,"Damage Reported, Extent Unknown",0,0,1,"Full Driver License","Valid","No",35,"Dry","Going Straight","Pedestrian in road","Unknown/Not Reported","Tracking","Stayed in original travel lane","4 DR",1,1,1,1,2,2,0,1,3
361061,9,23,8,"Pedestrian","The First Harmful Event was Not a Collision with a Motor Vehicle in Transport",1,2019,"NISSAN","ALTIMA",998,"Damage Reported, Extent Unknown",0,0,1,"Full Driver License","Valid","No",99,"Dry","Going Straight","Pedestrian in road","Unknown/Not Reported","Tracking","Stayed in original travel lane","4 DR",0,1,0,1,1,1,0,3,1
370002,1,1,12,"Motor Vehicle In-Transport","Front-to-Front",1,2018,"NISSAN","ALTIMA",65,"Disabling Damage",1,0,1,"Full Driver License","Valid","No",65,"Dry","Going Straight","Traveling in opposite direction","Unknown/Not Reported","Tracking","Stayed in original travel lane","4 DR",1,1,1,0,1,1,0,4,2
370002,1,1,12,"Motor Vehicle In-Transport","Front-to-Front",2,2018,"KIA","OPTIMA",65,"Disabling Damage",2,0,1,"Full Driver License","Valid","No",65,"Dry","Going Straight","Traveling in opposite direction","Unknown/Not Reported","Tracking","Stayed in original travel lane","4 DR",1,2,0,1,2,2,0,0,2
370003,1,18,12,"Motor Vehicle In-Transport","Front-to-Front",5,2021,"KIA","K5",55,"Disabling Damage",0,0,1,"Full Driver License","Valid","No",55,"Dry","Going Straight","Other critical precrash event (specify:)","Unknown/Not Reported","Tracking","Stayed in original travel lane","4 DR",1,2,1,1,1,1,0,6,3
370004,1,6,12,"Motor Vehicle In-Transport","Front-to-Front",1,2017,"FORD","FOCUS",45,"Disabling Damage",1,0,1,"Full Driver License","Valid","No",45,"Dry","Going Straight","Over the lane line on left side of travel lane","Unknown/Not Reported","Tracking","Stayed on roadway, but left original travel lane","4 DR",0,0,0,1,0,0,0,0,1
370005,1,9,42,"Tree (Standing Only)","The First Harmful Event was Not a Collision with a Motor Vehicle in Transport",2,2013,"FORD","FOCUS",55,"Disabling Damage",2,0,1,"Full Driver License","Valid","No",55,"Dry","Negotiating a Curve","Traveling Too Fast for Conditions or Road Configuration","Unknown/Not Reported","Tracking","Departed roadway","5 HB",0,1,0,0,0,0,1,2,0
370011,1,1,8,"Pedestrian","The First Harmful Event was Not a Collision with a Motor Vehicle in Transport",2,2014,"RAM","2500",70,"Damage Reported, Extent Unknown",0,0,1,"Full Driver License","Valid","No",70,"Dry","Going Straight","Pedestrian in road","Steering right","Tracking","Stayed in original travel lane","PU/EC",0,1,0,0,0,0,1,2,0
370012,1,22,12,"Motor Vehicle In-Transport","Angle",1,2021,"BMW","M4",55,"Disabling Damage",1,0,1,"Full Driver License","Valid","No",45,"Dry","Negotiating a Curve","Over the lane line on left side of travel lane","Unknown/Not Reported","Skidding longitudinally  rotation less than 30 degrees","Stayed on roadway, but left original travel lane","2 DR",1,1,1,0,1,1,0,5,2
370012,1,22,12,"Motor Vehicle In-Transport","Angle",1,2023,"ACURA","MDX",40,"Disabling Damage",0,0,1,"Full Driver License","Valid","No",45,"Dry","Negotiating a Curve","From opposite direction  over left lane line","Steering right","Tracking","Stayed in original travel lane","SUV",1,1,1,1,1,1,0,7,3
370015,1,17,12,"Motor Vehicle In-Transport","Angle",1,2016,"KIA","OPTIMA",45,"Disabling Damage",0,0,1,"Full Driver License","Valid","No",45,"Dry","Going Straight","From crossing street, turning into opposite direction","Unknown/Not Reported","Tracking","Stayed in original travel lane","4 DR",0,1,1,0,2,2,0,1,1
370016,1,5,8,"Pedestrian","The First Harmful Event was Not a Collision with a Motor Vehicle in Transport",1,2017,"FORD","EXPLORER",35,"Disabling Damage",0,0,1,"Full Driver License","Valid","No",35,"Dry","Going Straight","Pedestrian in road","Unknown/Not Reported","Tracking","Stayed in original travel lane","SUV",0,0,0,0,0,0,0,0,0
370021,1,20,8,"Pedestrian","The First Harmful Event was Not a Collision with a Motor Vehicle in Transport",1,2013,"GMC","TERRAIN",44,"Disabling Damage",0,0,1,"Full Driver License","Valid","No",45,"Dry","Going Straight","Crossing Over (Passing Through) Junction","Unknown/Not Reported","Tracking","Stayed in original travel lane","SUV",0,1,0,1,0,0,1,3,1
370023,1,14,12,"Motor Vehicle In-Transport","Front-to-Front",1,2020,"FORD","ECOSPORT",55,"Disabling Damage",0,0,1,"Full Driver License","Valid","No",55,"Dry","Going Straight","Over the lane line on left side of travel lane","Unknown/Not Reported","Tracking","Stayed on roadway, but left original travel lane","SUV",1,0,0,0,0,0,0,1,1
370029,1,5,12,"Motor Vehicle In-Transport","Front-to-Front",1,2012,"HONDA","CIVIC",55,"Disabling Damage",1,0,1,"Full Driver License","Valid","No",55,"Dry","Going Straight","Over the lane line on left side of travel lane","Unknown/Not Reported","Tracking","Stayed on roadway, but left original travel lane","2 DR",0,0,0,0,0,0,1,1,0
370030,1,19,57,"Cable Barrier","The First Harmful Event was Not a Collision with a Motor Vehicle in Transport",1,2012,"CHEVROLET","COLORADO",75,"Disabling Damage",0,0,1,"Full Driver License","Valid","No",70,"Dry","Going Straight","From Parking Lane/Shoulder, Median/Crossover, Roadside","Unknown/Not Reported","Tracking","Stayed in original travel lane","PU/EC",0,0,0,0,0,0,1,2,0
370038,1,1,40,"Fire Hydrant","The First Harmful Event was Not a Collision with a Motor Vehicle in Transport",1,2021,"ACURA","RDX",15,"Disabling Damage",1,0,1,"Full Driver License","Valid","No",35,"Dry","Going Straight","Off the edge of the road on the right side","Unknown/Not Reported","Tracking","Departed roadway","SUV",1,1,1,1,1,1,0,6,3
370044,1,15,24,"Guardrail Face","The First Harmful Event was Not a Collision with a Motor Vehicle in Transport",1,2021,"GMC","YUKON XL",60,"Disabling Damage",0,0,1,"Full Driver License","Valid","No",60,"Dry","Going Straight","From adjacent lane (same direction) over right lane line","Steering left","Skidding laterally clockwise rotation","Departed roadway","SUV",0,1,1,1,1,1,0,5,2
370045,1,5,12,"Motor Vehicle In-Transport","Front-to-Rear",5,2017,"FORD","TRANSIT",0,"Damage Reported, Extent Unknown",1,0,1,"Full Driver License","Valid","No",55,"Dry","Stopped in Roadway","Traveling in same direction with higher speed","No Avoidance Maneuver","Tracking","Stayed in original travel lane","VAN",0,0,0,1,0,0,0,0,1
370048,1,9,12,"Motor Vehicle In-Transport","Front-to-Rear",1,2012,"GMC","CANYON",55,"Disabling Damage",1,0,1,"Full Driver License","Valid","No",60,"Dry","Going Straight","Other vehicle stopped","Unknown/Not Reported","Tracking","Stayed in original travel lane","PU/RC",0,0,0,0,0,0,1,2,0
370052,1,17,9,"Pedalcyclist","The First Harmful Event was Not a Collision with a Motor Vehicle in Transport",1,2013,"HONDA","INSIGHT",40,"Damage Reported, Extent Unknown",0,0,1,"Full Driver License","Valid","No",30,"Dry","Going Straight","Pedalcyclist or other non-motorist in road","Braking","Precrash stability unknown","Stayed in original travel lane","5 HB",0,0,0,0,0,0,1,1,0
370055,1,7,12,"Motor Vehicle In-Transport","Angle",1,2015,"MERCEDES-BENZ","CLA-CLASS",35,"Disabling Damage",0,0,1,"Full Driver License","Valid","No",55,"Dry","Turning Left","From opposite direction  over right lane line","Unknown/Not Reported","Tracking","Stayed in original travel lane","4 DR",0,0,1,0,0,0,0,0,1
370063,1,18,8,"Pedestrian","The First Harmful Event was Not a Collision with a Motor Vehicle in Transport",2,2016,"MAZDA","MAZDA6",70,"Damage Reported, Extent Unknown",0,0,1,"Full Driver License","Valid","No",70,"Dry","Going Straight","Pedestrian in road","Unknown/Not Reported","Tracking","Stayed in original travel lane","4 DR",1,1,0,1,2,2,0,1,2
370065,1,11,12,"Motor Vehicle In-Transport","Front-to-Front",1,2013,"NISSAN","FRONTIER",55,"Disabling Damage",1,0,1,"Full Driver License","Valid","No",65,"Dry","Going Straight","Traveling in opposite direction","Steering right","Tracking","Departed roadway","PU/EC",0,2,0,0,0,0,1,1,0
370065,1,11,12,"Motor Vehicle In-Transport","Front-to-Front",1,2020,"TOYOTA","TACOMA",65,"Disabling Damage",0,0,1,"Intermediate Driver License","Valid","No",65,"Dry","Going Straight","Traveling in opposite direction","Steering left","Tracking","Departed roadway","PU/EC",1,2,1,1,1,1,0,5,3
370068,1,7,12,"Motor Vehicle In-Transport","Front-to-Front",1,2019,"KIA","SPORTAGE",45,"Disabling Damage",1,0,1,"Full Driver License","Valid","No",45,"Dry","Going Straight","Over the lane line on left side of travel lane","Unknown/Not Reported","Tracking","Stayed on roadway, but left original travel lane","SUV",0,2,1,0,2,2,0,0,1
370073,1,18,12,"Motor Vehicle In-Transport","Sideswipe - Opposite Direction",5,2020,"HYUNDAI","KONA",0,"Disabling Damage",0,0,1,"Full Driver License","Valid","No",55,"Dry","Stopped in Roadway","From adjacent lane (same direction) over left lane line","No Avoidance Maneuver","Tracking","Stayed in original travel lane","SUV",1,2,1,1,1,1,0,4,3
370080,1,13,12,"Motor Vehicle In-Transport","Sideswipe - Opposite Direction",1,2020,"CADILLAC","ESCALADE",55,"Disabling Damage",1,0,1,"Full Driver License","Valid","No",55,"Dry","Going Straight","From opposite direction  over left lane line","Unknown/Not Reported","Tracking","Stayed in original travel lane","SUV",0,0,1,1,2,1,0,2,2