"SERIAL_CRASH","MONTH","HOUR","HARM_EV","HARM_EVNAME","TYPE_OF_COLLIOSION","NUM_OF_PEOPLE","MOD_YEAR","VPICMAKENAME","VPICMODELNAME","TRAV_SP","DEFORMEDNAME","DEATHS","DR_DRINK","IS_DRIVER_PRESENT","L_TYPENAME","L_STATUSNAME","SPEEDRELNAME","VSPD_LIM","VSURCONDNAME","P_CRASH1NAME","P_CRASH2NAME","P_CRASH3NAME","PCRASH4NAME","PCRASH5NAME","BODY_STYLE","BLIND_SPOT_DETECTION","ARS","FRNT_COLLISION_WARNING","LANE_DEPARTURE_WARNING","CRASH_IMMINENT_BRAKE","DYNAMIC_BRAKE_SUPPORT","NHTSA_ESC","SAFETY_COUNT","notification_count"
370081,1,15,12,"Motor Vehicle In-Transport","Front-to-Front",4,2017,"TOYOTA","SIENNA",55,"Disabling Damage",0,0,1,"Full Driver License","Valid","No",55,"Dry","Going Straight","From opposite direction  over left lane line","Unknown/Not Reported","Tracking","Stayed in original travel lane","VAN",0,1,1,0,2,2,0,1,1
370081,1,15,12,"Motor Vehicle In-Transport","Front-to-Front",4,2011,"HONDA","CR-V",55,"Disabling Damage",0,0,1,"Full Driver License","Valid","No",55,"Dry","Going Straight","From opposite direction  over left lane line","Steering left","Precrash stability unknown","Stayed in original travel lane","SUV",0,1,0,0,0,0,1,2,0
370086,1,2,8,"Pedestrian","The First Harmful Event was Not a Collision with a Motor Vehicle in Transport",1,2012,"FORD","FUSION",55,"Disabling Damage",0,0,1,"Full Driver License","Valid","No",55,"Dry","Negotiating a Curve","Pedestrian in road","Unknown/Not Reported","Tracking","Stayed in original travel lane","4 DR",0,0,0,0,0,0,1,1,0
370094,2,14,12,"Motor Vehicle In-Transport","Front-to-Front",1,2013,"KIA","SOUL",45,"Disabling Damage",0,0,1,"Intermediate Driver License","Valid","No",55,"Dry","Turning Left","Turning Left","Unknown/Not Reported","Tracking","Stayed in original travel lane","SUV",0,1,0,0,0,0,1,2,0
370095,2,18,12,"Motor Vehicle In-Transport","Front-to-Front",1,2021,"RAM","1500",55,"Disabling Damage",0,0,1,"Full Driver License","Valid","No",55,"Dry","Going Straight","Traveling in opposite direction","Unknown/Not Reported","Tracking","Stayed in original travel lane","PU/EC",0,0,0,1,2,2,0,0,1
370101,1,16,12,"Motor Vehicle In-Transport","Angle",1,2017,"HONDA","ACCORD",45,"Disabling Damage",0,0,1,"Full Driver License","Valid","No",45,"Dry","Going Straight","From opposite direction  over left lane line","Unknown/Not Reported","Tracking","Stayed in original travel lane","4 DR",0,1,0,0,2,2,0,1,0
370106,2,0,12,"Motor Vehicle In-Transport","Front-to-Rear",1,2016,"FORD","ESCAPE",68,"Disabling Damage",1,0,1,"Full Driver License","Valid","No",60,"Dry","Going Straight","Over the lane line on left side of travel lane","Unknown/Not Reported","Tracking","Stayed on roadway, but left original travel lane","SUV",0,0,0,0,0,0,0,0,0
370108,2,18,8,"Pedestrian","The First Harmful Event was Not a Collision with a Motor Vehicle in Transport",1,2016,"MAZDA","MX-5",55,"Minor Damage",0,0,1,"Full Driver License","Valid","No",55,"Dry","Going Straight","Pedestrian approaching road","Unknown/Not Reported","Tracking","Stayed in original travel lane","C",0,0,1,0,0,0,0,0,1
370112,2,18,12,"Motor Vehicle In-Transport","Angle",2,2018,"RAM","2500",15,"Disabling Damage",0,0,1,"Full Driver License","Valid","No",45,"Dry","Turning Left","Turning Left","Unknown/Not Reported","Tracking","Stayed in original travel lane","PU/EC",0,0,0,0,0,0,0,0,0
370117,2,13,12,"Motor Vehicle In-Transport","Angle",1,2018,"MINI","COUNTRYMAN",10,"Disabling Damage",0,0,1,"Full Driver License","Valid","No",35,"Dry","Turning Left","Turning Left","Unknown/Not Reported","Tracking","Stayed in original travel lane","5 HB",0,1,0,0,0,0,0,1,0
370119,2,19,12,"Motor Vehicle In-Transport","Angle",1,2012,"VOLVO","XC90",10,"Disabling Damage",0,0,1,"Intermediate Driver License","Valid","No",35,"Dry","Turning Left","Turning Left","Unknown/Not Reported","Tracking","Stayed in original travel lane","SUV",0,1,0,0,0,0,1,2,0
370120,2,15,12,"Motor Vehicle In-Transport","Front-to-Rear",1,2019,"TOYOTA","RAV4",55,"Disabling Damage",1,0,1,"Full Driver License","Valid","No",55,"Dry","Going Straight","Other vehicle stopped","Unknown/Not Reported","Tracking","Stayed in original travel lane","SUV",1,1,1,1,1,1,0,6,3
370122,2,21,12,"Motor Vehicle In-Transport","Sideswipe - Opposite Direction",2,2015,"DODGE","GRAND CARAVAN",38,"Disabling Damage",0,0,1,"Full Driver License","Valid","No",35,"Dry","Going Straight","From opposite direction  over left lane line","Unknown/Not Reported","Tracking","Stayed in original travel lane","VAN",0,0,0,0,0,0,0,0,0
370124,2,20,12,"Motor Vehicle In-Transport","Angle",3,2011,"CHEVROLET","EQUINOX",13,"Disabling Damage",1,0,1,"Full Driver License","Valid","No",35,"Dry","Turning Left","Turning Left","Unknown/Not Reported","Tracking","Stayed in original travel lane","SUV",0,0,0,0,0,0,1,2,0
370132,2,12,24,"Guardrail Face","The First Harmful Event was Not a Collision with a Motor Vehicle in Transport",1,2014,"HYUNDAI","TUCSON",45,"Disabling Damage",1,0,1,"Full Driver License","Valid","No",65,"Dry","Going Straight","Over the lane line on right side of travel lane","Unknown/Not Reported","Tracking","Departed roadway","SUV",0,1,0,0,0,0,1,2,0
370134,2,21,12,"Motor Vehicle In-Transport","Angle",2,2015,"NISSAN","PATHFINDER",998,"Disabling Damage",0,0,1,"Full Driver License","Valid","No",45,"Dry","Going Straight","From opposite direction  over left lane line","Unknown/Not Reported","Tracking","Stayed in original travel lane","SUV",0,0,0,0,0,0,0,0,0
370138,2,22,12,"Motor Vehicle In-Transport","Front-to-Rear",1,2021,"MERCEDES-BENZ","C-CLASS",65,"Disabling Damage",0,0,1,"Full Driver License","Valid","No",70,"Dry","Going Straight","Other vehicle stopped","Unknown/Not Reported","Tracking","Stayed in original travel lane","2 DR",1,1,1,0,1,1,0,6,2
370142,2,7,12,"Motor Vehicle In-Transport","Front-to-Front",1,2022,"NISSAN","SENTRA",55,"Disabling Damage",1,0,1,"Full Driver License","Valid","No",55,"Dry","Going Straight","From opposite direction  over left lane line","Steering right","Tracking","Departed roadway","4",1,0,1,1,1,1,0,5,3
370149,2,20,8,"Pedestrian","The First Harmful Event was Not a Collision with a Motor Vehicle in Transport",1,2011,"TOYOTA","TACOMA",45,"Disabling Damage",0,0,1,"Full Driver License","Valid","No",45,"Dry","Going Straight","Pedestrian in road","Unknown/Not Reported","Tracking","Stayed in original travel lane","PU/RC",0,0,0,0,0,0,1,1,0
370153,2,11,12,"Motor Vehicle In-Transport","Angle",1,2018,"FORD","ESCAPE",30,"Disabling Damage",1,0,1,"Full Driver License","Valid","No",35,"Dry","Going Straight","Crossing Over (Passing Through) Junction","Unknown/Not Reported","Tracking","Stayed in original travel lane","SUV",0,0,0,1,0,0,0,1,1
370155,2,17,12,"Motor Vehicle In-Transport","Angle",1,2022,"HONDA","ACCORD",10,"Disabling Damage",0,0,1,"Full Driver License","Valid","No",45,"Dry","Turning Left","Turning Left","Unknown/Not Reported","Tracking","Stayed in original travel lane","4 DR",0,1,1,1,1,1,0,6,2
370157,2,20,12,"Motor Vehicle In-Transport","Front-to-Front",1,2020,"NISSAN","PATHFINDER",35,"Disabling Damage",0,0,1,"Full Driver License","Valid","No",35,"Dry","Going Straight","Traveling in opposite direction","Unknown/Not Reported","Tracking","Stayed in original travel lane","SUV",0,2,1,0,1,1,0,3,1
370166,2,0,12,"Motor Vehicle In-Transport","Front-to-Front",1,2013,"KIA","SPORTAGE",70,"Disabling Damage",1,0,1,"Full Driver License","Valid","No",70,"Dry","Going Straight","Traveling in opposite direction","Unknown/Not Reported","Tracking","Stayed in original travel lane","SUV",0,1,0,0,0,0,1,2,0
370168,2,7,12,"Motor Vehicle In-Transport","Angle",1,2018,"HYUNDAI","ELANTRA",5,"Disabling Damage",1,0,1,"Full Driver License","Valid","No",45,"Dry","Turning Left","Turning Left","Unknown/Not Reported","Tracking","Stayed in original travel lane","4 DR",1,2,0,1,2,2,0,0,2
370174,2,16,12,"Motor Vehicle In-Transport","Angle",1,2022,"CHEVROLET","SUBURBAN",5,"Disabling Damage",0,0,1,"Full Driver License","Valid","No",40,"Dry","Turning Left","Turning Left","Unknown/Not Reported","Tracking","Stayed in original travel lane","SUV",0,1,0,0,0,0,0,2,0
370177,2,17,12,"Motor Vehicle In-Transport","Front-to-Rear",2,2015,"CHEVROLET","MALIBU",80,"Disabling Damage",1,0,1,"Full Driver License","Valid","No",70,"Dry","Going Straight","Other vehicle stopped","Unknown/Not Reported","Tracking","Stayed in original travel lane","4 DR",1,0,1,1,0,0,0,1,3
370180,2,19,8,"Pedestrian","The First Harmful Event was Not a Collision with a Motor Vehicle in Transport",99,2011,"CHEVROLET","IMPALA",55,"Minor Damage",0,0,1,"Full Driver License","Valid","No",55,"Dry","Going Straight","Pedestrian in road","Unknown/Not Reported","Tracking","Stayed on roadway, but left original travel lane","4 DR",0,0,0,0,0,0,1,2,0
370189,2,2,19,"Building","The First Harmful Event was Not a Collision with a Motor Vehicle in Transport",4,2022,"DODGE","CHARGER",45,"Disabling Damage",1,0,1,"Full Driver License","Valid","No",35,"Dry","Going Straight","Off the edge of the road on the right side","Unknown/Not Reported","Precrash stability unknown","Departed roadway","4 DR",0,0,0,1,2,2,0,1,1
370192,2,10,12,"Motor Vehicle In-Transport","Front-to-Front",1,2017,"RAM","1500",55,"Disabling Damage",0,0,1,"Full Driver License","Valid","No",55,"Dry","Going Straight","Traveling in opposite direction","No Avoidance Maneuver","Precrash stability unknown","Stayed in original travel lane","PU/EC",0,0,0,0,0,0,0,0,0
370198,3,20,12,"Motor Vehicle In-Transport","Sideswipe - Opposite Direction",1,2020,"TOYOTA","TACOMA",45,"Disabling Damage",0,0,1,"Full Driver License","Valid","No",45,"Dry","Going Straight","Over the lane line on left side of travel lane","Unknown/Not Reported","Tracking","Stayed on roadway, but left original travel lane","PU/EC",1,2,1,1,1,1,0,5,3
370198,3,20,12,"Motor Vehicle In-Transport","Sideswipe - Opposite Direction",1,2018,"HONDA","CR-V",45,"Disabling Damage",0,0,1,"Full Driver License","Valid","No",45,"Dry","Going Straight","Traveling in opposite direction","Unknown/Not Reported","Tracking","Stayed in original travel lane","SUV",0,1,1,0,2,2,0,1,1
370198,3,20,12,"Motor Vehicle In-Transport","Sideswipe - Opposite Direction",1,2016,"SUBARU","CROSSTREK",35,"Disabling Damage",0,0,1,"Full Driver License","Valid","No",35,"Dry","Going Straight","Traveling in opposite direction","Unknown/Not Reported","Tracking","Stayed in original travel lane","SUV",0,0,1,0,2,2,0,0,1
370203,3,13,12,"Motor Vehicle In-Transport","Front-to-Rear",2,2018,"DODGE","DURANGO",0,"Minor Damage",0,0,1,"Full Driver License","Valid","No",55,"Dry","Stopped in Roadway","Traveling in same direction with higher speed","No Avoidance Maneuver","Tracking","Stayed in original travel lane","SUV",0,0,1,0,2,2,0,0,1
370209,3,15,12,"Motor Vehicle In-Transport","Sideswipe - Opposite Direction",1,2016,"FORD","TAURUS",55,"Disabling Damage",0,0,1,"Full Driver License","Valid","No",55,"Dry","Going Straight","From opposite direction  over left lane line","Unknown/Not Reported","Tracking","Stayed in original travel lane","4 DR",0,0,0,1,0,0,0,0,1
370213,3,19,8,"Pedestrian","The First Harmful Event was Not a Collision with a Motor Vehicle in Transport",1,2017,"CHEVROLET","IMPALA",55,"Minor Damage",0,0,1,"Full Driver License","Valid","No",55,"Dry","Going Straight","Pedestrian approaching road","Unknown/Not Reported","Tracking","Stayed in original travel lane","4 DR",0,1,1,0,2,0,0,2,1
370217,3,23,12,"Motor Vehicle In-Transport","Front-to-Front",1,2018,"NISSAN","ALTIMA",65,"Disabling Damage",0,0,1,"Full Driver License","Valid","No",65,"Dry","Going Straight","Traveling in opposite direction","Unknown/Not Reported","Tracking","Stayed in original travel lane","4 DR",1,1,1,0,1,1,0,4,2
370223,3,23,12,"Motor Vehicle In-Transport","Front-to-Front",1,2018,"VOLKSWAGEN","TIGUAN",70,"Disabling Damage",0,0,1,"Full Driver License","Valid","No",70,"Dry","Going Straight","Traveling in opposite direction","Unknown/Not Reported","Tracking","Stayed in original travel lane","SUV",0,0,0,0,2,2,0,0,0
370228,3,4,42,"Tree (Standing Only)","The First Harmful Event was Not a Collision with a Motor Vehicle in Transport",1,2012,"FORD","FOCUS",65,"Disabling Damage",1,0,1,"Full Driver License","Valid","No",65,"Dry","Negotiating a Curve","Off the edge of the road on the left side","No Avoidance Maneuver","Precrash stability unknown","Departed roadway","5 HB",0,1,0,0,0,0,1,2,0
370233,3,10,8,"Pedestrian","The First Harmful Event was Not a Collision with a Motor Vehicle in Transport",1,2020,"DODGE","JOURNEY",45,"Minor Damage",0,0,1,"Full Driver License","Valid","No",45,"Dry","Going Straight","Pedestrian in road","Unknown/Not Reported","Tracking","Stayed in original travel lane","SUV",0,2,0,0,0,0,0,0,0
370235,3,2,12,"Motor Vehicle In-Transport","Front-to-Rear",1,2015,"TOYOTA","HIGHLANDER",45,"Disabling Damage",1,0,1,"Full Driver License","Valid","No",70,"Dry","Going Straight","Traveling in same direction with higher speed","Unknown/Not Reported","Tracking","Stayed in original travel lane","SUV",0,1,1,0,2,2,0,1,1
370237,3,14,12,"Motor Vehicle In-Transport","Angle",2,2015,"RAM","1500",15,"Disabling Damage",2,0,1,"Full Driver License","Valid","No",45,"Dry","Going Straight","From crossing street, across path","Unknown/Not Reported","Tracking","Stayed in original travel lane","PU/EC",0,0,0,0,0,0,0,0,0
370245,3,21,12,"Motor Vehicle In-Transport","Angle",1,2014,"KIA","SOUL",10,"Disabling Damage",0,0,1,"Full Driver License","Valid","No",55,"Dry","Turning Left","Turning Left","Unknown/Not Reported","Tracking","Stayed in original travel lane","SUV",0,0,0,0,0,0,1,1,0
370251,3,22,8,"Pedestrian","The First Harmful Event was Not a Collision with a Motor Vehicle in Transport",1,2016,"HYUNDAI","SONATA",46,"Disabling Damage",0,0,1,"Full Driver License","Valid","No",35,"Dry","Going Straight","Pedestrian approaching road","Unknown/Not Reported","Tracking","Stayed in original travel lane","4 DR",0,1,0,0,2,2,0,2,0
370252,3,19,12,"Motor Vehicle In-Transport","Front-to-Rear",2,2012,"HYUNDAI","GENESIS",998,"Disabling Damage",1,0,1,"Full Driver License","Valid","No",35,"Dry","Negotiating a Curve","Traveling in same direction with higher speed","Unknown/Not Reported","Tracking","Stayed in original travel lane","2 DR",0,1,0,0,0,0,1,2,0
370253,3,8,12,"Motor Vehicle In-Transport","Front-to-Rear",1,2013,"FORD","TRANSIT CONNECT",55,"Disabling Damage",1,0,1,"Full Driver License","Valid","No",55,"Dry","Going Straight","Other vehicle stopped","Unknown/Not Reported","Tracking","Stayed in original travel lane","VAN",0,0,0,0,0,0,1,1,0
370256,3,0,42,"Tree (Standing Only)","The First Harmful Event was Not a Collision with a Motor Vehicle in Transport",1,2015,"GMC","ACADIA",998,"Disabling Damage",0,0,1,"Full Driver License","Valid","No",45,"Dry","Negotiating a Curve","From Parking Lane/Shoulder, Median/Crossover, Roadside","Unknown/Not Reported","Tracking","Stayed in original travel lane","SUV",0,1,0,0,0,0,0,2,0
370260,3,7,9,"Pedalcyclist","The First Harmful Event was Not a Collision with a Motor Vehicle in Transport",99,2020,"TOYOTA","CAMRY",45,"Minor Damage",0,0,1,"Full Driver License","Valid","No",45,"Dry","Going Straight","Pedalcyclist or other non-motorist in road","Unknown/Not Reported","Tracking","Stayed in original travel lane","4 DR",0,1,1,1,1,1,0,6,2
370263,3,22,12,"Motor Vehicle In-Transport","Front-to-Front",2,2019,"CHEVROLET","COLORADO",35,"Disabling Damage",0,0,1,"Full Driver License","Valid","No",35,"Dry","Going Straight","From opposite direction  over left lane line","Unknown/Not Reported","Tracking","Stayed in original travel lane","PU/CC",0,1,1,1,0,0,0,1,2
370267,3,11,12,"Motor Vehicle In-Transport","Angle",2,2021,"TOYOTA","HIGHLANDER",20,"Disabling Damage",1,0,1,"Full Driver License","Valid","No",55,"Dry","Turning Left","Turning Left","Unknown/Not Reported","Tracking","Stayed in original travel lane","SUV",0,1,1,1,1,1,0,6,2
370279,3,7,12,"Motor Vehicle In-Transport","Front-to-Front",1,2022,"MAZDA","CX-9",55,"Disabling Damage",1,0,1,"Full Driver License","Valid","No",55,"Dry","Going Straight","Over the lane line on left side of travel lane","Unknown/Not Reported","Tracking","Stayed on roadway, but left original travel lane","SUV",1,1,1,1,1,1,0,7,3
370280,3,17,55,"Motor Vehicle in Motion Outside the Trafficway","Angle",1,2019,"RAM","1500",0,"Disabling Damage",0,0,1,"Full Driver License","Valid","No",35,"Dry","Other(specify:)","Other critical precrash event (specify:)","No Avoidance Maneuver","Tracking","Remained off roadway","PU/EC",1,1,1,1,2,2,0,1,3
370283,3,18,12,"Motor Vehicle In-Transport","Angle",2,2014,"HYUNDAI","SONATA",45,"Disabling Damage",1,0,1,"Full Driver License","Valid","No",45,"Dry","Going Straight","From opposite direction  over left lane line","Unknown/Not Reported","Tracking","Stayed in original travel lane","4 DR",0,1,0,0,0,0,1,2,0
370285,3,14,12,"Motor Vehicle In-Transport","Angle",1,2017,"HYUNDAI","ELANTRA",10,"Disabling Damage",1,0,1,"Full Driver License","Valid","No",45,"Dry","Turning Left","Turning Left","Unknown/Not Reported","Tracking","Stayed in original travel lane","4 DR",1,1,1,0,2,2,0,1,2
370285,3,14,12,"Motor Vehicle In-Transport","Angle",1,2016,"RAM","1500",45,"Disabling Damage",0,0,1,"Full Driver License","Valid","No",45,"Dry","Negotiating a Curve","From crossing street, turning into opposite direction","Unknown/Not Reported","Tracking","Stayed in original travel lane","PU/RC",0,0,0,0,0,0,0,0,0
370286,3,15,12,"Motor Vehicle In-Transport","Angle",3,2019,"TOYOTA","COROLLA",998,"Disabling Damage",1,0,1,"Full Driver License","Valid","No",45,"Dry","Going Straight","From crossing street, turning into same direction","Unknown/Not Reported","Tracking","Stayed in original travel lane","4 DR",0,1,1,1,1,1,0,5,2
370297,3,9,8,"Pedestrian","The First Harmful Event was Not a Collision with a Motor Vehicle in Transport",1,2021,"HONDA","CR-V",55,"Disabling Damage",0,0,1,"Full Driver License","Valid","No",55,"Dry","Going Straight","Pedestrian in road","Unknown/Not Reported","Tracking","Stayed in original travel lane","SUV",0,1,1,1,1,1,0,6,2
370302,1,6,8,"Pedestrian","The First Harmful Event was Not a Collision with a Motor Vehicle in Transport",1,2017,"NISSAN","ALTIMA",45,"Disabling Damage",0,0,1,"Full Driver License","Valid","No",45,"Dry","Going Straight","Pedestrian approaching road","Steering left","Tracking","Stayed in original travel lane","4 DR",0,0,1,0,2,2,0,0,1
370306,3,14,12,"Motor Vehicle In-Transport","Front-to-Front",2,2017,"TOYOTA","AVALON",55,"Disabling Damage",0,0,1,"Full Driver License","Valid","No",55,"Dry","Going Straight","From opposite direction  over left lane line","Unknown/Not Reported","Tracking","Stayed in original travel lane","4 DR",1,1,0,1,2,2,0,1,2
370307,3,21,12,"Motor Vehicle In-Transport","Angle",4,2015,"CHEVROLET","TRAVERSE",55,"Disabling Damage",0,0,1,"Full Driver License","Valid","No",55,"Dry","Going Straight","From opposite direction  over left lane line","Unknown/Not Reported","Tracking","Stayed in original travel lane","SUV",0,1,1,0,0,0,0,2,1
370309,3,17,12,"Motor Vehicle In-Transport","Sideswipe - Same Direction",1,2016,"HYUNDAI","ELANTRA",70,"Minor Damage",0,0,1,"Full Driver License","Valid","No",70,"Dry","Merging","Traveling in same direction with lower steady speed","Unknown/Not Reported","Tracking","Stayed on roadway, but left original travel lane","4 DR",0,1,0,0,0,0,0,1,0
370309,3,17,12,"Motor Vehicle In-Transport","Sideswipe - Same Direction",2,2022,"CHRYSLER","PACIFICA",35,"Disabling Damage",0,0,1,"Full Driver License","Valid","No",70,"Dry","Going Straight","From adjacent lane (same direction) over right lane line","Unknown/Not Reported","Tracking","Stayed in original travel lane","MV",1,1,1,1,1,1,0,7,3
370310,3,15,12,"Motor Vehicle In-Transport","Front-to-Front",1,2011,"HONDA","ACCORD",55,"Disabling Damage",1,0,1,"Full Driver License","Valid","No",55,"Dry","Going Straight","Over the lane line on left side of travel lane","Unknown/Not Reported","Tracking","Stayed on roadway, but left original travel lane","2 DR",0,1,0,0,0,0,1,2,0
370319,4,16,12,"Motor Vehicle In-Transport","Front-to-Rear",1,2020,"FORD","RANGER",55,"Disabling Damage",0,0,1,"Full Driver License","Valid","No",45,"Dry","Going Straight","Other vehicle stopped","Unknown/Not Reported","Tracking","Stayed in original travel lane","PU/EC",1,0,1,1,1,1,0,6,3
370319,4,16,12,"Motor Vehicle In-Transport","Front-to-Rear",4,2022,"KIA","CARNIVAL",0,"Disabling Damage",1,0,1,"Full Driver License","Valid","No",45,"Dry","Stopped in Roadway","Traveling in same direction with higher speed","No Avoidance Maneuver","Tracking","Stayed in original travel lane","MV",1,2,1,1,1,1,0,5,3
370327,4,22,12,"Motor Vehicle In-Transport","Angle",1,2012,"NISSAN","JUKE",45,"Disabling Damage",1,0,1,"Full Driver License","Valid","No",45,"Dry","Going Straight","From crossing street, across path","Unknown/Not Reported","Tracking","Stayed in original travel lane","SUV",0,0,0,0,0,0,1,1,0
370331,4,11,12,"Motor Vehicle In-Transport","Angle",1,2019,"MITSUBISHI","ECLIPSE CROSS",8,"Disabling Damage",0,0,1,"Full Driver License","Valid","No",35,"Dry","Turning Left","Turning Left","Unknown/Not Reported","Tracking","Stayed in original travel lane","SUV",1,0,0,1,2,2,0,0,2
370339,4,20,32,"Culvert","The First Harmful Event was Not a Collision with a Motor Vehicle in Transport",2,2022,"HONDA","ACCORD",65,"Disabling Damage",2,0,1,"Full Driver License","Valid","No",55,"Dry","Going Straight","Off the edge of the road on the right side","Unknown/Not Reported","Tracking","Departed roadway","4 DR",1,1,1,1,1,1,0,6,3
370342,4,16,54,"Motor Vehicle In-Transport Strikes or is Struck by Cargo, Persons or Objects Set-in-Motion from/by Another Motor Vehicle In Transport","Other",2,2017,"CHEVROLET","EQUINOX",60,"Disabling Damage",1,0,1,"Full Driver License","Valid","No",60,"Dry","Going Straight","Other critical precrash event (specify:)","Unknown/Not Reported","Tracking","Stayed in original travel lane","SUV",0,0,1,1,0,0,0,1,2
370351,4,19,24,"Guardrail Face","The First Harmful Event was Not a Collision with a Motor Vehicle in Transport",3,2022,"KIA","CARNIVAL",70,"Disabling Damage",1,0,1,"Full Driver License","Valid","No",70,"Dry","Going Straight","Off the edge of the road on the left side","Unknown/Not Reported","Tracking","Departed roadway","MV",1,2,1,1,1,1,0,5,3
370352,4,14,12,"Motor Vehicle In-Transport","Angle",1,2014,"VOLKSWAGEN","JETTA",15,"Disabling Damage",0,0,1,"Full Driver License","Valid","No",50,"Dry","Turning Left","Turning Left","Unknown/Not Reported","Tracking","Stayed in original travel lane","4 DR",0,1,0,0,0,0,1,2,0
370352,4,14,12,"Motor Vehicle In-Transport","Angle",1,2013,"VOLKSWAGEN","PASSAT",45,"Disabling Damage",1,0,1,"Full Driver License","Valid","No",50,"Dry","Going Straight","From crossing street, turning into opposite direction","Unknown/Not Reported","Tracking","Stayed in original travel lane","4 DR",0,1,0,0,0,0,1,2,0
370371,4,19,12,"Motor Vehicle In-Transport","Angle",3,2013,"TOYOTA","CAMRY",55,"Disabling Damage",1,0,1,"Learner's Permit","Valid","No",55,"Dry","Going Straight","Crossing Over (Passing Through) Junction","Unknown/Not Reported","Tracking","Stayed in original travel lane","4 DR",0,1,0,0,0,0,1,2,0
370379,4,21,8,"Pedestrian","The First Harmful Event was Not a Collision with a Motor Vehicle in Transport",1,2015,"CHEVROLET","COLORADO",50,"No Damage",0,0,1,"Full Driver License","Valid","No",50,"Dry","Going Straight","Crossing Over (Passing Through) Junction","No Avoidance Maneuver","Precrash stability unknown","Stayed in original travel lane","PU/EC",0,1,1,1,0,0,0,1,2
370383,4,17,34,"Ditch","The First Harmful Event was Not a Collision with a Motor Vehicle in Transport",1,2019,"SUBARU","CROSSTREK",30,"Disabling Damage",1,0,1,"Full Driver License","Valid","No",45,"Dry","Going Straight","From crossing street, across path","Unknown/Not Reported","Tracking","Stayed in original travel lane","SW",0,0,1,0,2,2,0,0,1
370387,4,19,8,"Pedestrian","The First Harmful Event was Not a Collision with a Motor Vehicle in Transport",1,2014,"FORD","ESCAPE",35,"Disabling Damage",0,0,1,"Full Driver License","Valid","No",35,"Dry","Negotiating a Curve","Pedestrian in road","No Avoidance Maneuver","Precrash stability unknown","Stayed in original travel lane","SUV",0,0,0,0,0,0,1,1,0
370400,4,13,12,"Motor Vehicle In-Transport","Angle",1,2018,"FORD","FUSION",55,"Disabling Damage",1,0,1,"Full Driver License","Valid","No",55,"Dry","Turning Left","Turning Left","Unknown/Not Reported","Tracking","Stayed in original travel lane","4 DR",0,1,1,0,2,2,0,2,1
370400,4,13,12,"Motor Vehicle In-Transport","Angle",1,2015,"DODGE","CHARGER",55,"Minor Damage",0,0,1,"Full Driver License","Valid","No",55,"Dry","Going Straight","From crossing street, turning into same direction","Unknown/Not Reported","Tracking","Stayed in original travel lane","4 DR",0,1,1,0,0,0,0,1,1
370401,3,18,12,"Motor Vehicle In-Transport","Angle",1,2021,"RAM","1500",5,"Minor Damage",0,0,1,"Full Driver License","Valid","No",45,"Dry","Turning Left","Turning Left","Unknown/Not Reported","Tracking","Stayed in original travel lane","PU/EC",0,0,0,0,2,2,0,0,0
370404,5,11,12,"Motor Vehicle In-Transport","Angle",1,2018,"HONDA","CR-V",20,"Disabling Damage",0,0,1,"Full Driver License","Valid","No",35,"Dry","Turning Left","Turning Left","Unknown/Not Reported","Tracking","Stayed in original travel lane","SUV",0,1,0,0,2,2,0,1,0
370406,5,18,34,"Ditch","The First Harmful Event was Not a Collision with a Motor Vehicle in Transport",1,2015,"TOYOTA","PRIUS V",55,"Disabling Damage",1,0,1,"Full Driver License","Valid","No",55,"Dry","Going Straight","From Parking Lane/Shoulder, Median/Crossover, Roadside","Unknown/Not Reported","Tracking","Stayed in original travel lane","SW",0,1,1,0,2,2,0,1,1
370410,5,21,9,"Pedalcyclist","The First Harmful Event was Not a Collision with a Motor Vehicle in Transport",3,2013,"HYUNDAI","ELANTRA",55,"Disabling Damage",0,0,1,"Full Driver License","Valid","No",55,"Dry","Going Straight","Pedalcyclist or other non-motorist unknown location","Unknown/Not Reported","Tracking","Stayed in original travel lane","2 DR",0,1,0,0,0,0,1,2,0
370412,5,18,12,"Motor Vehicle In-Transport","Front-to-Front",2,2021,"KIA","SORENTO",55,"Disabling Damage",0,0,1,"Full Driver License","Valid","No",55,"Dry","Going Straight","From opposite direction  over left lane line","Unknown/Not Reported","Tracking","Stayed in original travel lane","SUV",1,2,1,1,1,1,0,4,3
370413,1,2,8,"Pedestrian","The First Harmful Event was Not a Collision with a Motor Vehicle in Transport",99,2016,"MAZDA","MAZDA6",60,"Not Reported",0,0,1,"Full Driver License","Valid","No",60,"Dry","Going Straight","Pedestrian approaching road","Unknown/Not Reported","Precrash stability unknown","Departed roadway","4 DR",0,1,1,1,2,2,0,1,2
370414,4,14,12,"Motor Vehicle In-Transport","Angle",2,2016,"KIA","SEDONA",45,"Disabling Damage",0,0,1,"Full Driver License","Valid","No",35,"Dry","Going Straight","From crossing street, turning into opposite direction","Unknown/Not Reported","Tracking","Stayed in original travel lane","VAN",1,2,1,0,0,0,0,0,2
370415,4,6,12,"Motor Vehicle In-Transport","Angle",1,2022,"JEEP","GLADIATOR",15,"Disabling Damage",0,0,1,"Full Driver License","Valid","No",45,"Dry","Turning Left","Turning Left","Unknown/Not Reported","Tracking","Stayed in original travel lane","PU/CC",0,0,0,0,2,2,0,1,0