"SERIAL_CRASH","MONTH","HOUR","HARM_EV","HARM_EVNAME","TYPE_OF_COLLIOSION","NUM_OF_PEOPLE","MOD_YEAR","VPICMAKENAME","VPICMODELNAME","TRAV_SP","DEFORMEDNAME","DEATHS","DR_DRINK","IS_DRIVER_PRESENT","L_TYPENAME","L_STATUSNAME","SPEEDRELNAME","VSPD_LIM","VSURCONDNAME","P_CRASH1NAME","P_CRASH2NAME","P_CRASH3NAME","PCRASH4NAME","PCRASH5NAME","BODY_STYLE","BLIND_SPOT_DETECTION","ARS","FRNT_COLLISION_WARNING","LANE_DEPARTURE_WARNING","CRASH_IMMINENT_BRAKE","DYNAMIC_BRAKE_SUPPORT","NHTSA_ESC","SAFETY_COUNT","notification_count"
370688,7,3,12,"Motor Vehicle In-Transport","Front-to-Front",1,2023,"KIA","K5",55,"Disabling Damage",1,0,1,"Full Driver License","Valid","No",55,"Dry","Going Straight","From opposite direction  over left lane line","Unknown/Not Reported","Tracking","Stayed in original travel lane","4 DR",1,0,1,1,1,1,0,5,3
370689,7,13,12,"Motor Vehicle In-Transport","Front-to-Front",4,2022,"JEEP","GRAND CHEROKEE",55,"Disabling Damage",0,0,1,"Full Driver License","Valid","No",55,"Dry","Going Straight","From opposite direction  over left lane line","Unknown/Not Reported","Tracking","Stayed in original travel lane","SUV",1,1,1,1,1,1,0,7,3
370696,7,17,12,"Motor Vehicle In-Transport","Front-to-Front",2,2013,"CHEVROLET","TAHOE",70,"Disabling Damage",1,0,1,"Full Driver License","Valid","No",65,"Dry","Going Straight","Traveling in opposite direction","Unknown/Not Reported","Tracking","Stayed in original travel lane","SUV",0,1,0,0,0,0,1,3,0
370696,7,17,12,"Motor Vehicle In-Transport","Front-to-Front",2,2017,"JEEP","WRANGLER",70,"Damage Reported, Extent Unknown",0,0,1,"Full Driver License","Valid","No",65,"Dry","Going Straight","Object in road","Unknown/Not Reported","Tracking","Stayed in original travel lane","SUV",0,0,0,0,0,0,0,0,0
370705,7,21,8,"Pedestrian","The First Harmful Event was Not a Collision with a Motor Vehicle in Transport",2,2017,"NISSAN","SENTRA",55,"Disabling Damage",0,0,1,"Full Driver License","Valid","No",55,"Dry","Going Straight","Crossing Over (Passing Through) Junction","Unknown/Not Reported","Tracking","Stayed in original travel lane","4 DR",0,0,0,0,2,2,0,0,0
370715,7,0,8,"Pedestrian","The First Harmful Event was Not a Collision with a Motor Vehicle in Transport",4,2013,"TOYOTA","RAV4",70,"Disabling Damage",0,0,1,"Full Driver License","Valid","No",65,"Dry","Going Straight","Pedestrian in road","Unknown/Not Reported","Tracking","Stayed in original travel lane","SUV",0,0,0,1,0,0,1,1,1
370721,7,17,12,"Motor Vehicle In-Transport","Front-to-Rear",1,2017,"JEEP","WRANGLER",0,"Minor Damage",0,0,1,"Full Driver License","Valid","No",35,"Dry","Stopped in Roadway","Turning Right","No Avoidance Maneuver","Tracking","Stayed in original travel lane","SUV",0,0,0,0,0,0,0,0,0
370723,7,17,12,"Motor Vehicle In-Transport","Sideswipe - Same Direction",2,2023,"TOYOTA","CAMRY",60,"Disabling Damage",0,0,1,"Full Driver License","Valid","No",60,"Dry","Going Straight","From adjacent lane (same direction) over left lane line","Unknown/Not Reported","Tracking","Stayed in original travel lane","4 DR",0,1,1,1,1,1,0,5,2
370723,7,17,12,"Motor Vehicle In-Transport","Sideswipe - Same Direction",3,2012,"NISSAN","XTERRA",60,"Disabling Damage",0,0,1,"Full Driver License","Valid","No",60,"Dry","Going Straight","From adjacent lane (same direction) over left lane line","Unknown/Not Reported","Tracking","Stayed in original travel lane","SUV",0,0,0,0,0,0,1,1,0
370725,7,17,12,"Motor Vehicle In-Transport","Front-to-Rear",1,2013,"HYUNDAI","TUCSON",5,"Disabling Damage",0,0,1,"Full Driver License","Valid","No",45,"Dry","Decelerating in Road","Traveling in same direction with higher speed","Unknown/Not Reported","Tracking","Stayed in original travel lane","SUV",0,1,0,0,0,0,1,2,0
370725,7,17,12,"Motor Vehicle In-Transport","Front-to-Rear",1,2017,"NISSAN","MURANO",0,"Disabling Damage",0,0,1,"Full Driver License","Valid","No",45,"Dry","Stopped in Roadway","Traveling in same direction with lower steady speed","No Avoidance Maneuver","Tracking","Stayed in original travel lane","SUV",0,0,0,0,2,2,0,0,0
370725,7,17,12,"Motor Vehicle In-Transport","Front-to-Rear",3,2011,"HONDA","ACCORD",0,"Disabling Damage",0,0,1,"Full Driver License","Valid","No",45,"Dry","Stopped in Roadway","Traveling in same direction with higher speed","No Avoidance Maneuver","Tracking","Stayed in original travel lane","2 DR",0,1,0,0,0,0,1,2,0
370725,7,17,12,"Motor Vehicle In-Transport","Front-to-Rear",1,2017,"NISSAN","ROGUE",0,"Damage Reported, Extent Unknown",0,0,1,"Full Driver License","Valid","No",45,"Dry","Stopped in Roadway","Traveling in same direction with higher speed","No Avoidance Maneuver","Tracking","Stayed in original travel lane","SUV",1,0,1,0,2,2,0,0,2
370729,7,18,12,"Motor Vehicle In-Transport","Angle",1,2013,"HYUNDAI","ACCENT",20,"Disabling Damage",1,0,1,"Full Driver License","Valid","No",55,"Dry","Turning Left","Turning Left","Unknown/Not Reported","Tracking","Stayed in original travel lane","4 DR",0,1,0,0,0,0,1,2,0
370729,7,18,12,"Motor Vehicle In-Transport","Angle",1,2015,"JEEP","PATRIOT",55,"Disabling Damage",0,0,1,"Full Driver License","Valid","No",55,"Dry","Going Straight","From crossing street, turning into opposite direction","Unknown/Not Reported","Tracking","Stayed in original travel lane","SUV",0,0,0,0,0,0,0,0,0
370733,7,13,9,"Pedalcyclist","The First Harmful Event was Not a Collision with a Motor Vehicle in Transport",2,2017,"BUICK","LACROSSE",45,"Damage Reported, Extent Unknown",0,0,1,"Full Driver License","Valid","No",45,"Dry","Going Straight","Pedalcyclist or other non-motorist in road","Unknown/Not Reported","Tracking","Stayed in original travel lane","4 DR",1,1,0,0,2,2,0,2,1
370735,7,18,12,"Motor Vehicle In-Transport","Angle",1,2013,"HONDA","CIVIC",10,"Disabling Damage",1,0,1,"Full Driver License","Valid","No",45,"Dry","Turning Left","Turning Left","Unknown/Not Reported","Tracking","Stayed in original travel lane","4 DR",0,0,0,0,0,0,1,1,0
370743,7,10,12,"Motor Vehicle In-Transport","Angle",4,2022,"BUICK","ENCORE GX",50,"Disabling Damage",0,0,1,"Full Driver License","Valid","No",50,"Dry","Negotiating a Curve","From opposite direction  over left lane line","Steering left","Tracking","Stayed on roadway, but left original travel lane","SUV",0,1,1,1,1,1,0,6,2
370743,7,10,12,"Motor Vehicle In-Transport","Angle",2,2017,"JEEP","CHEROKEE",50,"Disabling Damage",2,0,1,"Full Driver License","Valid","No",50,"Dry","Negotiating a Curve","From opposite direction  over left lane line","Steering left","Tracking","Stayed on roadway, but left original travel lane","SUV",1,0,1,0,2,2,0,0,2
370748,7,10,12,"Motor Vehicle In-Transport","Front-to-Rear",1,2018,"FORD","TRANSIT CONNECT",998,"Disabling Damage",0,0,1,"Full Driver License","Valid","No",45,"Dry","Going Straight","From opposite direction  over left lane line","Unknown/Not Reported","Tracking","Stayed in original travel lane","VAN",0,0,0,0,0,0,0,0,0
370750,7,5,42,"Tree (Standing Only)","The First Harmful Event was Not a Collision with a Motor Vehicle in Transport",1,2013,"KIA","SORENTO",70,"Disabling Damage",1,0,1,"Full Driver License","Valid","No",70,"Dry","Going Straight","Off the edge of the road on the left side","Unknown/Not Reported","Tracking","Departed roadway","SUV",0,1,0,0,0,0,1,2,0
370758,7,16,18,"Other Object (not fixed)","The First Harmful Event was Not a Collision with a Motor Vehicle in Transport",1,2012,"CHRYSLER","200",55,"Disabling Damage",1,0,1,"Full Driver License","Valid","No",55,"Dry","Going Straight","Object in road","Unknown/Not Reported","Tracking","Stayed in original travel lane","4 DR",0,1,0,0,0,0,1,2,0
370763,7,9,12,"Motor Vehicle In-Transport","Front-to-Front",1,2020,"CHEVROLET","EQUINOX",55,"Disabling Damage",1,0,1,"Full Driver License","Valid","No",55,"Dry","Negotiating a Curve","Over the lane line on left side of travel lane","Unknown/Not Reported","Tracking","Stayed on roadway, but left original travel lane","SUV",0,0,1,1,1,1,0,5,2
370766,7,15,12,"Motor Vehicle In-Transport","Front-to-Rear",1,2023,"KIA","RIO",5,"Disabling Damage",0,0,1,"Full Driver License","Valid","No",45,"Dry","Turning Left","Turning Left","Unknown/Not Reported","Tracking","Stayed in original travel lane","5 HB",0,2,1,1,2,2,0,0,2
370766,7,15,12,"Motor Vehicle In-Transport","Front-to-Rear",2,2017,"HYUNDAI","ELANTRA",40,"Disabling Damage",1,0,1,"Full Driver License","Valid","No",45,"Dry","Going Straight","From opposite direction  over left lane line","Steering right","Tracking","Departed roadway","4 DR",1,1,1,1,2,2,0,1,3
370768,7,13,12,"Motor Vehicle In-Transport","Front-to-Front",2,2013,"HYUNDAI","ELANTRA",10,"Disabling Damage",0,0,1,"Full Driver License","Valid","No",45,"Dry","Going Straight","Crossing Over (Passing Through) Junction","Unknown/Not Reported","Tracking","Stayed in original travel lane","2 DR",0,1,0,0,0,0,1,2,0
370769,7,6,34,"Ditch","The First Harmful Event was Not a Collision with a Motor Vehicle in Transport",1,2014,"HONDA","ACCORD",55,"Disabling Damage",1,0,1,"Full Driver License","Valid","No",55,"Dry","Going Straight","Off the edge of the road on the right side","Unknown/Not Reported","Tracking","Departed roadway","2 DR",0,0,1,0,0,0,1,1,1
370779,7,20,8,"Pedestrian","The First Harmful Event was Not a Collision with a Motor Vehicle in Transport",1,2015,"NISSAN","VERSA NOTE",55,"Disabling Damage",0,0,1,"Full Driver License","Valid","No",55,"Dry","Going Straight","Pedestrian in road","Unknown/Not Reported","Tracking","Stayed in original travel lane","5 HB",0,0,0,0,0,0,0,0,0
370782,7,15,12,"Motor Vehicle In-Transport","Angle",2,2014,"TOYOTA","AVALON",10,"Disabling Damage",1,0,1,"Full Driver License","Valid","No",45,"Dry","Turning Right","Turning Right","Unknown/Not Reported","Tracking","Stayed in original travel lane","4 DR",0,0,0,0,2,2,1,1,0
370795,7,8,12,"Motor Vehicle In-Transport","Front-to-Rear",2,2020,"DODGE","CHARGER",45,"Minor Damage",0,0,1,"Full Driver License","Valid","No",55,"Dry","Going Straight","Crossing Over (Passing Through) Junction","Unknown/Not Reported","Tracking","Stayed in original travel lane","4 DR",1,0,0,0,2,2,0,0,1
370800,7,14,12,"Motor Vehicle In-Transport","Angle",2,2018,"CHEVROLET","IMPALA",10,"Disabling Damage",1,0,1,"Full Driver License","Valid","No",55,"Dry","Going Straight","Crossing Over (Passing Through) Junction","Unknown/Not Reported","Tracking","Departed roadway","4 DR",1,1,1,0,2,2,0,2,2
370801,7,21,8,"Pedestrian","The First Harmful Event was Not a Collision with a Motor Vehicle in Transport",1,2019,"DODGE","CHARGER",35,"Disabling Damage",0,0,1,"Full Driver License","Valid","No",35,"Dry","Going Straight","Pedestrian in road","Unknown/Not Reported","Tracking","Stayed in original travel lane","4 DR",1,0,1,1,2,2,0,0,3
370803,8,23,12,"Motor Vehicle In-Transport","Front-to-Front",1,2023,"HYUNDAI","TUCSON",55,"Disabling Damage",0,0,1,"Full Driver License","Valid","No",55,"Dry","Negotiating a Curve","Traveling in opposite direction","Unknown/Not Reported","Tracking","Stayed in original travel lane","SUV",1,2,1,1,1,1,0,5,3
370804,3,19,12,"Motor Vehicle In-Transport","Front-to-Rear",1,2019,"NISSAN","ROGUE SPORT",45,"Disabling Damage",0,0,1,"Full Driver License","Valid","No",45,"Dry","Going Straight","Traveling in same direction with higher speed","Unknown/Not Reported","Tracking","Stayed in original travel lane","SUV",1,0,1,0,1,1,0,4,2
370804,3,19,12,"Motor Vehicle In-Transport","Front-to-Rear",1,2013,"CHRYSLER","300",45,"Disabling Damage",0,0,1,"Full Driver License","Valid","No",45,"Dry","Going Straight","Other critical precrash event (specify:)","Unknown/Not Reported","Tracking","Stayed in original travel lane","4 DR",1,1,1,0,0,0,1,2,2
370806,6,6,12,"Motor Vehicle In-Transport","Front-to-Front",1,2011,"KIA","SORENTO",40,"Disabling Damage",1,0,1,"Full Driver License","Valid","No",35,"Dry","Negotiating a Curve","In crossover","No Avoidance Maneuver","Precrash stability unknown","Stayed in original travel lane","SUV",0,2,0,0,0,0,1,1,0
370807,7,15,12,"Motor Vehicle In-Transport","Front-to-Rear",1,2019,"RAM","1500",0,"Disabling Damage",0,0,1,"Full Driver License","Valid","No",45,"Dry","Stopped in Roadway","Traveling in same direction with higher speed","No Avoidance Maneuver","Tracking","Stayed in original travel lane","PU/EC",0,1,0,0,2,2,0,1,0
370812,7,16,12,"Motor Vehicle In-Transport","Angle",1,2017,"HYUNDAI","ELANTRA",15,"Disabling Damage",0,0,1,"Full Driver License","Valid","No",70,"Dry","Turning Left","Turning Left","Unknown/Not Reported","Tracking","Stayed in original travel lane","4 DR",0,1,1,0,2,2,0,1,1
370812,7,16,12,"Motor Vehicle In-Transport","Angle",1,2014,"KIA","SOUL",55,"Disabling Damage",1,0,1,"Full Driver License","Valid","No",55,"Dry","Going Straight","Crossing Over (Passing Through) Junction","Unknown/Not Reported","Tracking","Stayed in original travel lane","SUV",0,0,0,0,0,0,1,1,0
370815,7,22,8,"Pedestrian","The First Harmful Event was Not a Collision with a Motor Vehicle in Transport",1,2015,"HONDA","ACCORD",45,"Damage Reported, Extent Unknown",0,0,1,"Full Driver License","Valid","No",55,"Dry","Negotiating a Curve","Pedestrian approaching road","Unknown/Not Reported","Tracking","Stayed in original travel lane","4 DR",0,1,1,0,0,0,0,2,1
370819,7,14,1,"Rollover/Overturn","The First Harmful Event was Not a Collision with a Motor Vehicle in Transport",1,2017,"NISSAN","ROGUE",40,"Disabling Damage",0,0,1,"Full Driver License","Valid","No",45,"Dry","Negotiating a Curve","From opposite direction  over left lane line","Unknown/Not Reported","Tracking","Stayed in original travel lane","SUV",1,0,0,0,2,2,0,0,1
370825,8,9,12,"Motor Vehicle In-Transport","Angle",1,2018,"TOYOTA","C-HR",5,"Disabling Damage",1,0,1,"Full Driver License","Valid","No",55,"Dry","Turning Left","Crossing Over (Passing Through) Junction","Unknown/Not Reported","Tracking","Stayed on roadway, but left original travel lane","5 HB",0,1,1,1,1,1,0,5,2
370827,8,14,31,"Post, Pole or Other Supports","The First Harmful Event was Not a Collision with a Motor Vehicle in Transport",2,2022,"HONDA","CR-V",55,"Disabling Damage",2,0,1,"Full Driver License","Valid","No",55,"Dry","Going Straight","Crossing Over (Passing Through) Junction","Unknown/Not Reported","Tracking","Stayed in original travel lane","SUV",0,1,1,1,1,1,0,6,2
370833,8,19,12,"Motor Vehicle In-Transport","Angle",2,2016,"NISSAN","FRONTIER",35,"Minor Damage",0,0,1,"Full Driver License","Valid","No",35,"Dry","Negotiating a Curve","Crossing Over (Passing Through) Junction","Unknown/Not Reported","Tracking","Stayed in original travel lane","PU/CC",0,0,0,0,0,0,0,0,0
370833,8,19,12,"Motor Vehicle In-Transport","Angle",1,2019,"NISSAN","ROGUE",35,"Disabling Damage",0,0,1,"Full Driver License","Valid","No",35,"Dry","Negotiating a Curve","Crossing Over (Passing Through) Junction","Unknown/Not Reported","Tracking","Stayed in original travel lane","SUV",1,1,1,1,1,1,0,6,3
370836,8,6,12,"Motor Vehicle In-Transport","Front-to-Front",1,2015,"FORD","MUSTANG",60,"Disabling Damage",1,0,1,"Full Driver License","Valid","No",55,"Dry","Going Straight","Over the lane line on left side of travel lane","Unknown/Not Reported","Tracking","Stayed on roadway, but left original travel lane","2 DR",0,1,1,0,0,0,0,1,1
370838,8,4,12,"Motor Vehicle In-Transport","Front-to-Rear",1,2014,"KIA","SOUL",5,"Disabling Damage",1,0,1,"Full Driver License","Valid","No",65,"Dry","Decelerating in Road","Traveling in same direction with higher speed","Unknown/Not Reported","Tracking","Stayed in original travel lane","SUV",0,0,0,0,0,0,1,1,0
370838,8,4,12,"Motor Vehicle In-Transport","Front-to-Rear",3,2021,"TESLA","MODEL 3",5,"Disabling Damage",0,0,1,"Full Driver License","Valid","No",65,"Dry","Decelerating in Road","Traveling in same direction while decelerating","Unknown/Not Reported","Tracking","Stayed in original travel lane","4 DR",1,1,1,1,1,1,0,6,3
370855,8,21,8,"Pedestrian","The First Harmful Event was Not a Collision with a Motor Vehicle in Transport",2,2021,"HONDA","ACCORD",50,"Functional Damage",0,0,1,"Full Driver License","Valid","No",50,"Dry","Going Straight","Pedestrian in road","Unknown/Not Reported","Precrash stability unknown","Stayed in original travel lane","4 DR",1,1,1,1,1,1,0,6,3
370858,8,18,12,"Motor Vehicle In-Transport","Front-to-Front",2,2012,"FORD","FOCUS",55,"Disabling Damage",2,0,1,"Full Driver License","Valid","No",55,"Dry","Negotiating a Curve","From opposite direction  over right lane line","Unknown/Not Reported","Precrash stability unknown","Stayed in original travel lane","5 HB",0,1,0,0,0,0,1,2,0
370859,8,9,8,"Pedestrian","The First Harmful Event was Not a Collision with a Motor Vehicle in Transport",1,2020,"KIA","SOUL",20,"Minor Damage",0,0,1,"Full Driver License","Valid","No",35,"Dry","Going Straight","Crossing Over (Passing Through) Junction","Unknown/Not Reported","Tracking","Stayed in original travel lane","SUV",1,2,0,1,2,2,0,0,2
370863,8,15,12,"Motor Vehicle In-Transport","Front-to-Front",2,2014,"FORD","EXPLORER",45,"Disabling Damage",0,0,1,"Full Driver License","Valid","No",45,"Dry","Negotiating a Curve","Crossing Over (Passing Through) Junction","Unknown/Not Reported","Tracking","Stayed in original travel lane","SUV",1,0,1,0,0,0,1,1,2
370864,8,20,25,"Concrete Traffic Barrier","The First Harmful Event was Not a Collision with a Motor Vehicle in Transport",2,2016,"TOYOTA","SCION IA",0,"Disabling Damage",1,0,1,"Full Driver License","Valid","No",65,"Dry","Stopped in Roadway","Crossing Over (Passing Through) Junction","No Avoidance Maneuver","Tracking","Stayed on roadway, but left original travel lane","4 DR",0,1,0,0,0,0,0,2,0
370864,8,20,25,"Concrete Traffic Barrier","The First Harmful Event was Not a Collision with a Motor Vehicle in Transport",2,2014,"FORD","ESCAPE",65,"Disabling Damage",0,0,1,"Full Driver License","Valid","No",65,"Dry","Going Straight","Crossing Over (Passing Through) Junction","Unknown/Not Reported","Tracking","Stayed on roadway, but left original travel lane","SUV",1,0,0,0,0,0,1,1,1
370869,8,17,12,"Motor Vehicle In-Transport","Front-to-Front",1,2023,"DODGE","CHARGER",55,"Disabling Damage",1,0,1,"Full Driver License","Valid","No",55,"Dry","Going Straight","Crossing Over (Passing Through) Junction","Unknown/Not Reported","Tracking","Stayed in original travel lane","4 DR",0,0,1,0,2,0,0,0,1
370889,8,5,12,"Motor Vehicle In-Transport","Front-to-Rear",1,2016,"RAM","2500",55,"Damage Reported, Extent Unknown",0,0,1,"Full Driver License","Valid","No",55,"Dry","Going Straight","Traveling in same direction with lower steady speed","Unknown/Not Reported","Tracking","Stayed in original travel lane","PU/CC",0,0,0,0,0,0,0,0,0
370893,8,6,8,"Pedestrian","The First Harmful Event was Not a Collision with a Motor Vehicle in Transport",1,2013,"RAM","1500",55,"Damage Reported, Extent Unknown",0,0,1,"Full Driver License","Valid","No",55,"Dry","Going Straight","Pedestrian in road","Unknown/Not Reported","Tracking","Stayed in original travel lane","PU/RC",0,1,0,0,0,0,1,2,0
370901,8,21,12,"Motor Vehicle In-Transport","Angle",2,2012,"HONDA","PILOT",45,"Disabling Damage",0,0,1,"Full Driver License","Valid","No",45,"Dry","Going Straight","From opposite direction  over left lane line","Unknown/Not Reported","Tracking","Stayed in original travel lane","SUV",0,0,0,0,0,0,1,1,0
370907,8,18,12,"Motor Vehicle In-Transport","Sideswipe - Same Direction",1,2011,"GMC","YUKON",65,"Minor Damage",0,0,1,"Full Driver License","Valid","No",65,"Dry","Going Straight","From adjacent lane (same direction) over left lane line","Unknown/Not Reported","Tracking","Stayed on roadway, but left original travel lane","SUV",0,0,0,0,0,0,1,2,0
370914,8,22,8,"Pedestrian","The First Harmful Event was Not a Collision with a Motor Vehicle in Transport",1,2016,"FORD","EXPLORER",45,"Damage Reported, Extent Unknown",0,0,1,"Full Driver License","Valid","No",45,"Dry","Going Straight","Pedestrian approaching road","Unknown/Not Reported","Tracking","Stayed in original travel lane","SUV",1,1,0,0,0,0,0,1,1
370918,8,17,12,"Motor Vehicle In-Transport","Front-to-Front",1,2016,"CADILLAC","CT6",55,"Disabling Damage",1,0,1,"Full Driver License","Valid","No",55,"Dry","Going Straight","From opposite direction  over left lane line","Unknown/Not Reported","Tracking","Stayed in original travel lane","4 DR",0,1,0,1,1,1,0,4,1
370920,8,20,8,"Pedestrian","The First Harmful Event was Not a Collision with a Motor Vehicle in Transport",1,2011,"MERCEDES-BENZ","GL-CLASS",40,"Damage Reported, Extent Unknown",0,0,1,"Full Driver License","Valid","No",45,"Dry","Going Straight","Pedestrian in road","Unknown/Not Reported","Tracking","Stayed in original travel lane","SUV",0,1,0,0,0,0,1,3,0
370924,8,14,34,"Ditch","The First Harmful Event was Not a Collision with a Motor Vehicle in Transport",1,2020,"NISSAN","ROGUE",45,"Disabling Damage",1,0,1,"Full Driver License","Valid","No",45,"Dry","Going Straight","Off the edge of the road on the right side","Unknown/Not Reported","Tracking","Departed roadway","SUV",1,1,1,1,1,1,0,6,3
370926,8,15,12,"Motor Vehicle In-Transport","Angle",2,2021,"NISSAN","MURANO",10,"Disabling Damage",0,0,1,"Full Driver License","Valid","No",55,"Dry","Going Straight","Crossing Over (Passing Through) Junction","Unknown/Not Reported","Tracking","Stayed in original travel lane","SUV",1,0,1,1,1,1,0,5,3
370927,8,18,12,"Motor Vehicle In-Transport","Angle",1,2020,"HONDA","CIVIC",30,"Disabling Damage",1,0,1,"Full Driver License","Valid","No",45,"Dry","Going Straight","Crossing Over (Passing Through) Junction","Unknown/Not Reported","Tracking","Stayed in original travel lane","4 DR",0,1,1,1,1,1,0,5,2
370929,8,21,12,"Motor Vehicle In-Transport","Front-to-Front",1,2016,"KIA","OPTIMA",35,"Disabling Damage",0,0,1,"Full Driver License","Valid","No",35,"Dry","Going Straight","From opposite direction  over left lane line","Unknown/Not Reported","Tracking","Stayed in original travel lane","4 DR",0,1,0,0,2,2,0,1,0
370932,7,8,12,"Motor Vehicle In-Transport","Angle",2,2020,"KIA","SOUL",47,"Disabling Damage",0,0,1,"Full Driver License","Valid","No",45,"Dry","Going Straight","Crossing Over (Passing Through) Junction","Unknown/Not Reported","Tracking","Stayed on roadway, but left original travel lane","SUV",0,2,0,1,2,2,0,0,1
370934,8,20,12,"Motor Vehicle In-Transport","Angle",1,2020,"TOYOTA","RAV4",15,"Disabling Damage",0,0,1,"Full Driver License","Valid","No",45,"Dry","Turning Left","Turning Left","Unknown/Not Reported","Tracking","Stayed in original travel lane","SUV",0,1,1,1,1,1,0,6,2
370935,8,10,41,"Shrubbery","The First Harmful Event was Not a Collision with a Motor Vehicle in Transport",1,2017,"VOLKSWAGEN","JETTA",55,"Disabling Damage",1,0,1,"Full Driver License","Valid","No",55,"Dry","Negotiating a Curve","Off the edge of the road on the left side","Braking","Skidding longitudinally  rotation less than 30 degrees","Departed roadway","4 DR",0,1,0,0,2,2,0,1,0
370937,8,1,8,"Pedestrian","The First Harmful Event was Not a Collision with a Motor Vehicle in Transport",1,2014,"MITSUBISHI","LANCER EVOLUTION",55,"Disabling Damage",0,0,1,"Full Driver License","Valid","No",55,"Dry","Going Straight","Over the lane line on left side of travel lane","Steering left","Tracking","Stayed on roadway, but left original travel lane","4 DR",0,0,0,0,0,0,1,1,0
370941,8,11,1,"Rollover/Overturn","The First Harmful Event was Not a Collision with a Motor Vehicle in Transport",3,2023,"MAZDA","CX-5",55,"Disabling Damage",0,0,1,"Full Driver License","Valid","No",55,"Dry","Going Straight","From Parking Lane/Shoulder, Median/Crossover, Roadside","Unknown/Not Reported","Tracking","Stayed in original travel lane","SUV",1,1,1,1,1,1,0,6,3
370941,8,11,1,"Rollover/Overturn","The First Harmful Event was Not a Collision with a Motor Vehicle in Transport",2,2021,"HONDA","PASSPORT",55,"Disabling Damage",1,0,1,"Full Driver License","Valid","No",55,"Dry","Going Straight","From Parking Lane/Shoulder, Median/Crossover, Roadside","Unknown/Not Reported","Tracking","Stayed in original travel lane","SUV",0,1,1,1,1,1,0,6,2
370954,9,23,12,"Motor Vehicle In-Transport","Angle",2,2011,"HONDA","ODYSSEY",10,"Disabling Damage",2,0,1,"Full Driver License","Valid","No",45,"Dry","Going Straight","Crossing Over (Passing Through) Junction","Unknown/Not Reported","Tracking","Stayed on roadway, but left original travel lane","VAN",0,1,0,0,0,0,1,2,0
370959,9,6,12,"Motor Vehicle In-Transport","Front-to-Rear",1,2023,"TOYOTA","CAMRY",55,"Disabling Damage",1,0,1,"Full Driver License","Valid","No",45,"Dry","Going Straight","Other vehicle stopped","Unknown/Not Reported","Tracking","Stayed in original travel lane","4 DR",0,1,1,1,1,1,0,5,2
370966,9,5,12,"Motor Vehicle In-Transport","Front-to-Front",1,2019,"DODGE","CHARGER",55,"Disabling Damage",1,0,1,"Full Driver License","Valid","No",55,"Dry","Negotiating a Curve","From opposite direction  over left lane line","Steering left","Tracking","Stayed on roadway, but left original travel lane","4 DR",1,0,0,0,2,2,0,0,1
370969,7,13,12,"Motor Vehicle In-Transport","Sideswipe - Same Direction",1,2015,"BUICK","ENCLAVE",55,"Damage Reported, Extent Unknown",0,0,1,"Full Driver License","Valid","No",55,"Dry","Going Straight","From adjacent lane (same direction) over right lane line","Unknown/Not Reported","Tracking","Stayed in original travel lane","SUV",1,1,1,1,0,0,0,2,3
370971,9,17,12,"Motor Vehicle In-Transport","Angle",1,2023,"TOYOTA","TACOMA",5,"Damage Reported, Extent Unknown",0,0,1,"Full Driver License","Valid","No",50,"Dry","Turning Left","Turning Left","Unknown/Not Reported","Tracking","Stayed in original travel lane","PU/EC",1,2,1,1,1,1,0,4,3
370975,9,4,12,"Motor Vehicle In-Transport","Front-to-Rear",2,2016,"FORD","FOCUS",70,"Disabling Damage",1,0,1,"Full Driver License","Valid","No",70,"Dry","Going Straight","Traveling in same direction with higher speed","Unknown/Not Reported","Tracking","Stayed in original travel lane","5 HB",0,0,0,1,0,0,0,0,1
370976,9,7,12,"Motor Vehicle In-Transport","Front-to-Rear",1,2017,"HONDA","PILOT",998,"Damage Reported, Extent Unknown",0,0,1,"Full Driver License","Valid","No",60,"Dry","Going Straight","Traveling in same direction with higher speed","Unknown/Not Reported","Tracking","Stayed in original travel lane","SUV",1,1,0,0,2,2,0,1,1
370977,9,16,12,"Motor Vehicle In-Transport","Sideswipe - Same Direction",1,2021,"ACURA","RDX",60,"Damage Reported, Extent Unknown",0,0,1,"Full Driver License","Valid","No",60,"Dry","Going Straight","From adjacent lane (same direction) over right lane line","Unknown/Not Reported","Tracking","Stayed in original travel lane","SUV",1,1,1,1,1,1,0,6,3
370986,9,7,12,"Motor Vehicle In-Transport","Angle",1,2019,"TOYOTA","RAV4",55,"Disabling Damage",0,0,1,"Full Driver License","Valid","No",55,"Dry","Going Straight","Crossing Over (Passing Through) Junction","Unknown/Not Reported","Tracking","Stayed in original travel lane","SUV",0,1,1,1,1,1,0,6,2
370987,9,6,8,"Pedestrian","The First Harmful Event was Not a Collision with a Motor Vehicle in Transport",1,2019,"NISSAN","SENTRA",45,"Disabling Damage",0,0,1,"Full Driver License","Valid","No",45,"Dry","Going Straight","Crossing Over (Passing Through) Junction","Unknown/Not Reported","Tracking","Stayed in original travel lane","4 DR",1,1,0,0,2,2,0,1,1
370987,9,6,8,"Pedestrian","The First Harmful Event was Not a Collision with a Motor Vehicle in Transport",1,2021,"CHEVROLET","BLAZER",0,"Minor Damage",0,0,1,"Full Driver License","Valid","No",45,"Dry","Stopped in Roadway","Crossing Over (Passing Through) Junction","No Avoidance Maneuver","Tracking","Stayed in original travel lane","SUV",0,1,1,1,2,2,0,2,2