"SERIAL_CRASH","MONTH","HOUR","HARM_EV","HARM_EVNAME","TYPE_OF_COLLIOSION","NUM_OF_PEOPLE","MOD_YEAR","VPICMAKENAME","VPICMODELNAME","TRAV_SP","DEFORMEDNAME","DEATHS","DR_DRINK","IS_DRIVER_PRESENT","L_TYPENAME","L_STATUSNAME","SPEEDRELNAME","VSPD_LIM","VSURCONDNAME","P_CRASH1NAME","P_CRASH2NAME","P_CRASH3NAME","PCRASH4NAME","PCRASH5NAME","BODY_STYLE","BLIND_SPOT_DETECTION","ARS","FRNT_COLLISION_WARNING","LANE_DEPARTURE_WARNING","CRASH_IMMINENT_BRAKE","DYNAMIC_BRAKE_SUPPORT","NHTSA_ESC","SAFETY_COUNT","notification_count"
371261,11,0,8,"Pedestrian","The First Harmful Event was Not a Collision with a Motor Vehicle in Transport",1,2021,"HYUNDAI","KONA",998,"Minor Damage",0,0,1,"Full Driver License","Valid","No",35,"Dry","Going Straight","Crossing Over (Passing Through) Junction","Unknown/Not Reported","Tracking","Stayed in original travel lane","SUV",0,2,1,1,1,1,0,4,2
371262,11,9,11,"Live Animal","The First Harmful Event was Not a Collision with a Motor Vehicle in Transport",1,2017,"HONDA","ACCORD",55,"Minor Damage",1,0,1,"Full Driver License","Valid","No",55,"Dry","Going Straight","Crossing Over (Passing Through) Junction","Unknown/Not Reported","Tracking","Stayed in original travel lane","4 DR",0,1,1,1,2,2,0,1,2
371264,11,15,12,"Motor Vehicle In-Transport","Front-to-Front",2,2011,"CHEVROLET","CRUZE",55,"Disabling Damage",2,0,1,"Full Driver License","Valid","No",55,"Dry","Going Straight","Over the lane line on left side of travel lane","Unknown/Not Reported","Tracking","Stayed on roadway, but left original travel lane","4 DR",0,0,0,0,0,0,1,2,0
371264,11,15,12,"Motor Vehicle In-Transport","Front-to-Front",1,2019,"RAM","1500",55,"Disabling Damage",0,0,1,"Full Driver License","Valid","No",55,"Dry","Going Straight","Crossing Over (Passing Through) Junction","Unknown/Not Reported","Tracking","Stayed in original travel lane","PU/EC",0,1,1,1,2,2,0,1,2
371265,11,10,9,"Pedalcyclist","The First Harmful Event was Not a Collision with a Motor Vehicle in Transport",1,2015,"CADILLAC","SRX",10,"Minor Damage",0,0,1,"Full Driver License","Valid","No",50,"Dry","Going Straight","Crossing Over (Passing Through) Junction","Unknown/Not Reported","Tracking","Stayed in original travel lane","SUV",0,1,0,1,2,2,0,2,1
371267,9,22,8,"Pedestrian","The First Harmful Event was Not a Collision with a Motor Vehicle in Transport",1,2022,"HONDA","CIVIC",35,"Disabling Damage",0,0,1,"Full Driver License","Valid","No",35,"Dry","Going Straight","Crossing Over (Passing Through) Junction","Unknown/Not Reported","Tracking","Stayed in original travel lane","4 DR",0,1,1,1,1,1,0,5,2
371278,11,15,32,"Culvert","The First Harmful Event was Not a Collision with a Motor Vehicle in Transport",1,2019,"NISSAN","SENTRA",50,"Disabling Damage",1,0,1,"Full Driver License","Valid","No",50,"Dry","Going Straight","Crossing Over (Passing Through) Junction","Braking","Tracking","Departed roadway","4 DR",0,1,1,0,2,2,0,1,1
371282,11,14,12,"Motor Vehicle In-Transport","Front-to-Front",1,2011,"BMW","328I",55,"Disabling Damage",0,0,1,"Full Driver License","Valid","No",55,"Dry","Going Straight","Crossing Over (Passing Through) Junction","No Avoidance Maneuver","Tracking","Stayed in original travel lane","2 DR",0,1,0,0,0,0,1,2,0
371282,11,14,12,"Motor Vehicle In-Transport","Front-to-Front",1,2021,"NISSAN","SENTRA",55,"Disabling Damage",0,0,1,"Full Driver License","Valid","No",55,"Dry","Going Straight","Crossing Over (Passing Through) Junction","Braking","Tracking","Stayed on roadway, but left original travel lane","4 DR",1,0,1,1,1,1,0,5,3
371294,11,10,1,"Rollover/Overturn","The First Harmful Event was Not a Collision with a Motor Vehicle in Transport",1,2016,"VOLKSWAGEN","JETTA",30,"Disabling Damage",1,0,1,"Full Driver License","Valid","No",35,"Dry","Negotiating a Curve","Off the edge of the road on the right side","Braking and steering left","Skidding longitudinally  rotation less than 30 degrees","Departed roadway","4 DR",0,1,1,0,2,0,0,1,1
371296,11,16,12,"Motor Vehicle In-Transport","Angle",3,2017,"DODGE","DURANGO",15,"Disabling Damage",0,0,1,"Full Driver License","Valid","No",35,"Dry","Going Straight","From crossing street, across path","No Avoidance Maneuver","Tracking","Stayed on roadway, but left original travel lane","SUV",0,0,1,1,2,2,0,0,2
371297,11,22,9,"Pedalcyclist","The First Harmful Event was Not a Collision with a Motor Vehicle in Transport",1,2015,"KIA","OPTIMA",40,"Disabling Damage",0,0,1,"Full Driver License","Valid","No",45,"Dry","Going Straight","Crossing Over (Passing Through) Junction","Unknown/Not Reported","Tracking","Stayed in original travel lane","4 DR",1,1,0,0,0,0,0,1,1
371298,11,20,12,"Motor Vehicle In-Transport","Angle",1,2012,"FORD","FUSION",5,"Disabling Damage",1,0,1,"Full Driver License","Valid","No",55,"Dry","Turning Left","Turning Left","No Avoidance Maneuver","Tracking","Stayed on roadway, but left original travel lane","4 DR",0,0,0,0,0,0,1,1,0
371299,11,17,59,"Traffic Sign Support","The First Harmful Event was Not a Collision with a Motor Vehicle in Transport",1,2017,"NISSAN","ALTIMA",58,"Disabling Damage",1,0,1,"Intermediate Driver License","Valid","No",55,"Dry","Going Straight","Off the edge of the road on the right side","Braking","Tracking","Departed roadway","4 DR",1,0,0,0,2,2,0,0,1
371307,11,14,12,"Motor Vehicle In-Transport","Angle",5,2012,"CHEVROLET","TRAVERSE",47,"Disabling Damage",0,0,1,"Full Driver License","Valid","No",45,"Dry","Going Straight","Crossing Over (Passing Through) Junction","Unknown/Not Reported","Tracking","Stayed in original travel lane","SUV",0,1,0,0,0,0,1,3,0
371310,11,1,12,"Motor Vehicle In-Transport","Front-to-Rear",1,2017,"CHRYSLER","300",65,"Disabling Damage",0,0,1,"Full Driver License","Valid","No",65,"Dry","Going Straight","Crossing Over (Passing Through) Junction","No Avoidance Maneuver","Tracking","Stayed in original travel lane","4 DR",0,0,1,0,2,2,0,0,1
371311,11,2,12,"Motor Vehicle In-Transport","Front-to-Rear",2,2014,"FORD","FOCUS",55,"Disabling Damage",1,0,1,"Full Driver License","Valid","No",55,"Dry","Going Straight","Traveling in same direction with higher speed","No Avoidance Maneuver","Tracking","Stayed in original travel lane","5 HB",0,1,0,0,0,0,1,2,0
371312,11,14,14,"Parked Motor Vehicle","The First Harmful Event was Not a Collision with a Motor Vehicle in Transport",1,2016,"TOYOTA","HIGHLANDER",34,"Disabling Damage",1,0,1,"Full Driver License","Valid","No",35,"Dry","Going Straight","Over the lane line on right side of travel lane","No Avoidance Maneuver","Tracking","Departed roadway","SUV",0,1,0,1,2,2,0,1,1
371314,11,2,57,"Cable Barrier","The First Harmful Event was Not a Collision with a Motor Vehicle in Transport",1,2023,"MAZDA","MAZDA3",70,"Disabling Damage",1,0,1,"Full Driver License","Valid","No",70,"Dry","Going Straight","Off the edge of the road on the left side","Unknown/Not Reported","Tracking","Departed roadway","5 HB",1,1,1,1,1,1,0,5,3
371319,11,13,12,"Motor Vehicle In-Transport","Angle",2,2011,"DODGE","CHALLENGER",55,"Disabling Damage",0,0,1,"Intermediate Driver License","Valid","No",55,"Dry","Going Straight","Crossing Over (Passing Through) Junction","Unknown/Not Reported","Tracking","Stayed on roadway, but left original travel lane","2 DR",0,1,0,0,0,0,1,2,0
371319,11,13,12,"Motor Vehicle In-Transport","Angle",2,2015,"NISSAN","ALTIMA",55,"Disabling Damage",1,0,1,"Full Driver License","Valid","No",55,"Dry","Going Straight","In crossover","No Avoidance Maneuver","Tracking","Stayed on roadway, but left original travel lane","4 DR",1,0,0,0,0,0,0,0,1
371330,12,7,12,"Motor Vehicle In-Transport","Front-to-Front",1,2015,"HONDA","ACCORD",15,"Damage Reported, Extent Unknown",0,0,1,"Full Driver License","Valid","No",45,"Dry","Turning Left","Turning Left","Unknown/Not Reported","Tracking","Stayed in original travel lane","4 DR",0,1,0,0,0,0,0,2,0
371332,12,8,24,"Guardrail Face","The First Harmful Event was Not a Collision with a Motor Vehicle in Transport",1,2016,"JEEP","CHEROKEE",65,"Disabling Damage",1,0,1,"Full Driver License","Valid","No",45,"Dry","Negotiating a Curve","Other cause of control loss (specify:)","Unknown/Not Reported","Precrash stability unknown","Departed roadway","SUV",0,1,1,1,2,2,0,1,2
371335,12,9,12,"Motor Vehicle In-Transport","Front-to-Rear",1,2014,"JEEP","CHEROKEE",55,"Disabling Damage",1,0,1,"Full Driver License","Valid","No",35,"Dry","Going Straight","Traveling in same direction with lower steady speed","Steering left","Tracking","Stayed on roadway, but left original travel lane","SUV",1,1,0,0,0,0,1,2,1
371339,12,17,12,"Motor Vehicle In-Transport","Angle",1,2012,"JEEP","LIBERTY",40,"Disabling Damage",1,0,1,"Full Driver License","Valid","No",35,"Dry","Negotiating a Curve","Over the lane line on right side of travel lane","Unknown/Not Reported","Tracking","Stayed on roadway, but left original travel lane","SUV",0,1,0,0,0,0,1,2,0
371350,12,16,12,"Motor Vehicle In-Transport","Angle",1,2017,"RAM","PROMASTER CITY",5,"Disabling Damage",0,0,1,"Full Driver License","Valid","No",35,"Dry","Going Straight","Crossing Over (Passing Through) Junction","Unknown/Not Reported","Tracking","Stayed in original travel lane","VAN",0,0,0,0,0,0,0,0,0
371355,12,15,12,"Motor Vehicle In-Transport","Angle",4,2015,"CADILLAC","ESCALADE",45,"Disabling Damage",0,0,1,"Full Driver License","Valid","No",45,"Dry","Negotiating a Curve","From opposite direction  over left lane line","Unknown/Not Reported","Tracking","Stayed in original travel lane","SUV",1,1,0,0,2,0,0,2,1
371355,12,15,12,"Motor Vehicle In-Transport","Angle",1,2011,"HYUNDAI","SONATA",45,"Disabling Damage",0,0,1,"Full Driver License","Valid","No",45,"Dry","Negotiating a Curve","From opposite direction  over left lane line","Unknown/Not Reported","Tracking","Stayed in original travel lane","4 DR",0,2,0,0,0,0,1,1,0
371356,12,18,9,"Pedalcyclist","The First Harmful Event was Not a Collision with a Motor Vehicle in Transport",99,2013,"HONDA","ACCORD",45,"Damage Reported, Extent Unknown",0,0,1,"Full Driver License","Valid","No",45,"Dry","Negotiating a Curve","Pedalcyclist or other non-motorist in road","Unknown/Not Reported","Tracking","Stayed in original travel lane","2 DR",0,0,1,1,0,0,1,1,2
371358,12,2,8,"Pedestrian","The First Harmful Event was Not a Collision with a Motor Vehicle in Transport",99,2018,"NISSAN","ROGUE",35,"Damage Reported, Extent Unknown",0,0,1,"Full Driver License","Valid","No",35,"Dry","Going Straight","Pedestrian in road","Unknown/Not Reported","Tracking","Stayed in original travel lane","SUV",1,1,1,1,2,2,0,3,3
371359,12,7,8,"Pedestrian","The First Harmful Event was Not a Collision with a Motor Vehicle in Transport",1,2018,"FORD","ESCAPE",35,"Damage Reported, Extent Unknown",0,0,1,"Full Driver License","Valid","No",35,"Dry","Going Straight","Pedestrian in road","Unknown/Not Reported","Tracking","Stayed in original travel lane","SUV",1,0,1,1,0,0,0,1,3
371363,12,15,12,"Motor Vehicle In-Transport","Angle",2,2021,"SUBARU","ASCENT",55,"Disabling Damage",0,0,1,"Full Driver License","Valid","No",55,"Dry","Going Straight","From opposite direction  over left lane line","Unknown/Not Reported","Tracking","Stayed in original travel lane","SUV",1,0,1,1,1,1,0,4,3
371365,12,7,52,"Guardrail End","The First Harmful Event was Not a Collision with a Motor Vehicle in Transport",1,2019,"FORD","FIESTA",75,"Disabling Damage",1,0,1,"Full Driver License","Valid","No",60,"Dry","Going Straight","Off the edge of the road on the left side","Unknown/Not Reported","Tracking","Departed roadway","4 DR",0,0,0,0,0,0,0,0,0
371366,12,5,12,"Motor Vehicle In-Transport","Front-to-Rear",1,2022,"KIA","FORTE",70,"Disabling Damage",1,0,1,"Full Driver License","Valid","No",65,"Dry","Going Straight","Traveling in same direction with lower steady speed","Unknown/Not Reported","Tracking","Stayed in original travel lane","4 DR",1,2,1,1,1,1,0,4,3
371367,12,2,12,"Motor Vehicle In-Transport","Front-to-Front",1,2018,"HONDA","CIVIC",65,"Disabling Damage",1,0,1,"Full Driver License","Valid","No",65,"Dry","Going Straight","Traveling in opposite direction","Unknown/Not Reported","Tracking","Stayed on roadway, but left original travel lane","5 HB",0,1,0,0,2,2,0,1,0
371367,12,2,12,"Motor Vehicle In-Transport","Front-to-Front",1,2018,"TOYOTA","RAV4",65,"Disabling Damage",0,0,1,"Full Driver License","Valid","No",65,"Dry","Going Straight","Traveling in opposite direction","Unknown/Not Reported","Tracking","Stayed in original travel lane","SUV",0,1,1,1,1,1,0,5,2
371373,12,21,12,"Motor Vehicle In-Transport","Angle",1,2022,"MAZDA","CX-5",998,"Disabling Damage",0,0,1,"Full Driver License","Valid","No",40,"Dry","Going Straight","From opposite direction  over left lane line","Unknown/Not Reported","Tracking","Stayed in original travel lane","SUV",1,1,1,1,1,1,0,7,3
371375,12,17,8,"Pedestrian","The First Harmful Event was Not a Collision with a Motor Vehicle in Transport",1,2016,"KIA","RIO",44,"Damage Reported, Extent Unknown",0,0,1,"Full Driver License","Valid","No",35,"Dry","Going Straight","Pedestrian in road","Unknown/Not Reported","Tracking","Stayed in original travel lane","5 HB",0,1,0,0,0,0,0,1,0
371386,12,14,12,"Motor Vehicle In-Transport","Angle",2,2015,"GMC","YUKON",14,"Disabling Damage",0,0,1,"Full Driver License","Valid","No",45,"Dry","Turning Left","Turning Left","Unknown/Not Reported","Tracking","Stayed in original travel lane","SUV",1,1,1,0,2,0,0,2,2
371402,12,9,12,"Motor Vehicle In-Transport","Angle",1,2015,"RAM","1500",45,"Disabling Damage",0,0,1,"Full Driver License","Valid","No",45,"Dry","Going Straight","From opposite direction  over left lane line","Unknown/Not Reported","Tracking","Stayed in original travel lane","PU/EC",0,0,0,0,0,0,0,0,0
371407,2,0,9,"Pedalcyclist","The First Harmful Event was Not a Collision with a Motor Vehicle in Transport",1,2017,"FORD","FOCUS",55,"Disabling Damage",0,0,1,"Full Driver License","Valid","No",55,"Dry","Going Straight","Pedalcyclist or other non-motorist in road","Unknown/Not Reported","Tracking","Stayed in original travel lane","4 DR",0,0,0,0,0,0,0,0,0
371411,7,23,12,"Motor Vehicle In-Transport","Sideswipe - Same Direction",1,2019,"TOYOTA","CAMRY",75,"Disabling Damage",0,0,1,"Full Driver License","Valid","No",70,"Dry","Going Straight","Over the lane line on right side of travel lane","Unknown/Not Reported","Tracking","Stayed on roadway, but left original travel lane","4 DR",0,1,1,1,1,1,0,5,2
371411,7,23,12,"Motor Vehicle In-Transport","Sideswipe - Same Direction",4,2014,"HONDA","CR-V",70,"Disabling Damage",1,0,1,"Full Driver License","Valid","No",70,"Dry","Going Straight","From adjacent lane (same direction) over right lane line","Unknown/Not Reported","Tracking","Departed roadway","SUV",0,0,0,0,0,0,1,1,0
371412,7,8,12,"Motor Vehicle In-Transport","Front-to-Rear",1,2020,"NISSAN","ROGUE",40,"Disabling Damage",1,0,1,"Full Driver License","Valid","No",35,"Dry","Going Straight","Other vehicle stopped","Unknown/Not Reported","Tracking","Stayed on roadway, but left original travel lane","SUV",1,1,1,1,1,1,0,6,3
371412,7,8,12,"Motor Vehicle In-Transport","Front-to-Rear",1,2017,"TOYOTA","TUNDRA",0,"Disabling Damage",0,0,1,"Full Driver License","Valid","No",35,"Dry","Stopped in Roadway","Crossing Over (Passing Through) Junction","No Avoidance Maneuver","Tracking","Stayed in original travel lane","PU/RC",0,0,0,0,0,0,0,0,0
371412,7,8,12,"Motor Vehicle In-Transport","Front-to-Rear",1,2011,"NISSAN","MURANO",0,"Minor Damage",0,0,1,"Full Driver License","Valid","No",35,"Dry","Stopped in Roadway","Other vehicle stopped","No Avoidance Maneuver","Tracking","Stayed in original travel lane","SUV",0,1,0,0,0,0,1,2,0
371412,7,8,12,"Motor Vehicle In-Transport","Front-to-Rear",1,2021,"JEEP","WRANGLER",0,"Minor Damage",0,0,1,"Full Driver License","Valid","No",35,"Dry","Stopped in Roadway","Crossing Over (Passing Through) Junction","No Avoidance Maneuver","Tracking","Stayed in original travel lane","SUV",1,0,0,0,2,2,0,0,1
371415,10,9,12,"Motor Vehicle In-Transport","Angle",1,2022,"TOYOTA","COROLLA",15,"Minor Damage",0,0,1,"Full Driver License","Valid","No",55,"Dry","Turning Left","Turning Left","Unknown/Not Reported","Tracking","Stayed in original travel lane","4 DR",0,1,1,1,1,1,0,6,2
371417,10,14,9,"Pedalcyclist","The First Harmful Event was Not a Collision with a Motor Vehicle in Transport",1,2022,"JEEP","GLADIATOR",10,"Damage Reported, Extent Unknown",0,0,1,"Full Driver License","Valid","No",10,"Dry","Turning Right","Pedalcyclist or other non-motorist in road","Unknown/Not Reported","Tracking","Stayed in original travel lane","PU/CC",1,0,1,0,2,2,0,1,2
371418,11,15,12,"Motor Vehicle In-Transport","Sideswipe - Opposite Direction",2,2015,"HONDA","ODYSSEY",50,"Minor Damage",0,0,1,"Full Driver License","Valid","No",50,"Dry","Going Straight","From opposite direction  over left lane line","Unknown/Not Reported","Tracking","Stayed on roadway, but left original travel lane","VAN",0,1,0,0,0,0,0,1,0
371418,11,15,12,"Motor Vehicle In-Transport","Sideswipe - Opposite Direction",2,2015,"CHRYSLER","200",50,"Disabling Damage",0,0,1,"Full Driver License","Valid","No",50,"Dry","Going Straight","Traveling in opposite direction","Unknown/Not Reported","Tracking","Stayed on roadway, but left original travel lane","4 DR",0,0,1,0,0,0,0,0,1
371423,12,17,12,"Motor Vehicle In-Transport","Angle",1,2012,"FORD","FOCUS",55,"Disabling Damage",1,0,1,"Full Driver License","Valid","No",55,"Dry","Going Straight","Crossing Over (Passing Through) Junction","No Avoidance Maneuver","Tracking","Stayed on roadway, but left original travel lane","5 HB",0,1,0,0,0,0,1,2,0
371423,12,17,12,"Motor Vehicle In-Transport","Angle",1,2021,"HONDA","PILOT",50,"Disabling Damage",0,0,1,"Full Driver License","Valid","No",50,"Dry","Going Straight","In crossover","No Avoidance Maneuver","Tracking","Stayed on roadway, but left original travel lane","SUV",0,1,1,1,1,1,0,5,2
371425,12,15,12,"Motor Vehicle In-Transport","Front-to-Front",1,2017,"TOYOTA","TACOMA",55,"Minor Damage",0,0,1,"Full Driver License","Valid","No",55,"Dry","Going Straight","This vehicle decelerating","Unknown/Not Reported","Tracking","Stayed in original travel lane","PU/CC",1,1,0,0,0,0,0,1,1
371425,12,15,12,"Motor Vehicle In-Transport","Front-to-Front",1,2015,"HONDA","CIVIC",55,"Minor Damage",0,0,1,"Full Driver License","Valid","No",55,"Dry","Going Straight","Crossing Over (Passing Through) Junction","Unknown/Not Reported","Tracking","Stayed in original travel lane","4 DR",0,1,0,0,0,0,0,1,0
371427,12,20,12,"Motor Vehicle In-Transport","Front-to-Rear",1,2022,"FORD","EXPLORER",999,"Disabling Damage",0,0,1,"Full Driver License","Valid","No",55,"Dry","Stopped in Roadway","Traveling in same direction with higher speed","No Avoidance Maneuver","Tracking","Stayed in original travel lane","SUV",1,0,1,1,1,1,0,6,3
371431,12,0,12,"Motor Vehicle In-Transport","Front-to-Front",1,2013,"TOYOTA","COROLLA",60,"Disabling Damage",0,0,1,"Full Driver License","Valid","No",55,"Dry","Going Straight","From opposite direction  over left lane line","Unknown/Not Reported","Tracking","Stayed in original travel lane","4 DR",0,0,0,0,0,0,1,1,0
371440,12,19,12,"Motor Vehicle In-Transport","Angle",2,2015,"FORD","MUSTANG",10,"Disabling Damage",1,0,1,"Intermediate Driver License","Valid","No",45,"Dry","Turning Left","Turning Left","Unknown/Not Reported","Tracking","Stayed in original travel lane","2 DR",0,1,1,0,0,0,0,1,1
371450,12,16,12,"Motor Vehicle In-Transport","Angle",1,2017,"NISSAN","ROGUE",35,"Disabling Damage",0,0,1,"Full Driver License","Valid","No",45,"Dry","Going Straight","From crossing street, across path","Unknown/Not Reported","Tracking","Stayed in original travel lane","SUV",1,0,1,1,2,2,0,0,3
371454,12,22,12,"Motor Vehicle In-Transport","Front-to-Front",1,2015,"HONDA","ACCORD",55,"Disabling Damage",1,0,1,"Full Driver License","Valid","No",55,"Dry","Going Straight","Traveling in opposite direction","Unknown/Not Reported","Tracking","Stayed in original travel lane","4 DR",0,1,1,0,0,0,0,2,1
371458,12,18,12,"Motor Vehicle In-Transport","Front-to-Front",2,2011,"TOYOTA","TUNDRA",55,"Disabling Damage",0,0,1,"Full Driver License","Valid","No",55,"Dry","Going Straight","From opposite direction  over left lane line","Unknown/Not Reported","Tracking","Stayed in original travel lane","PU/RC",0,0,0,0,0,0,1,1,0
371460,12,16,12,"Motor Vehicle In-Transport","Angle",1,2014,"HONDA","CR-V",55,"Disabling Damage",1,0,1,"Full Driver License","Valid","No",55,"Dry","Going Straight","From crossing street, across path","Unknown/Not Reported","Tracking","Stayed on roadway, not known if left original travel lane","SUV",0,0,0,0,0,0,1,1,0
371465,8,13,12,"Motor Vehicle In-Transport","Front-to-Front",5,2018,"CHRYSLER","PACIFICA",55,"Minor Damage",0,0,1,"Full Driver License","Valid","No",55,"Dry","Going Straight","Traveling in opposite direction","Braking and steering right","Tracking","Departed roadway","VAN",0,0,1,0,2,2,0,0,1
371465,8,13,12,"Motor Vehicle In-Transport","Front-to-Front",1,2015,"CHEVROLET","CAMARO",55,"Minor Damage",0,0,1,"Full Driver License","Valid","No",55,"Dry","Going Straight","Object approaching road","Unknown/Not Reported","Tracking","Stayed in original travel lane","C",0,1,0,0,0,0,0,2,0
371471,11,23,8,"Pedestrian","The First Harmful Event was Not a Collision with a Motor Vehicle in Transport",1,2014,"KIA","SORENTO",55,"Disabling Damage",0,0,1,"Full Driver License","Valid","No",55,"Dry","Going Straight","Pedestrian in road","Unknown/Not Reported","Tracking","Stayed in original travel lane","SUV",0,0,0,0,0,0,1,1,0
371477,10,13,12,"Motor Vehicle In-Transport","Front-to-Front",1,2022,"GMC","ACADIA",55,"Disabling Damage",1,0,1,"Full Driver License","Valid","No",55,"Dry","Going Straight","Over the lane line on left side of travel lane","Unknown/Not Reported","Tracking","Stayed on roadway, but left original travel lane","SUV",1,1,1,1,1,1,0,7,3
380001,1,5,8,"Pedestrian","The First Harmful Event was Not a Collision with a Motor Vehicle in Transport",2,2014,"CHEVROLET","MALIBU",75,"Functional Damage",0,0,1,"Full Driver License","Valid","No",75,"Dry","Going Straight","Pedestrian in road","Braking and steering left","Tracking","Stayed on roadway, but left original travel lane","4 DR",1,0,0,0,0,0,1,2,1
380021,5,20,10,"Railway Vehicle","The First Harmful Event was Not a Collision with a Motor Vehicle in Transport",1,2022,"KIA","SPORTAGE",998,"Disabling Damage",1,0,1,"Full Driver License","Valid","No",55,"Dry","Going Straight","Object in road","No Avoidance Maneuver","Precrash stability unknown","Stayed in original travel lane","SUV",0,2,1,1,1,1,0,4,2
380022,5,11,12,"Motor Vehicle In-Transport","Angle",3,2020,"TOYOTA","HIGHLANDER",70,"Disabling Damage",0,0,1,"Full Driver License","Valid","No",70,"Dry","Going Straight","In crossover","No Avoidance Maneuver","Tracking","Stayed in original travel lane","SUV",0,1,1,1,1,1,0,6,2
380025,5,13,12,"Motor Vehicle In-Transport","Angle",1,2013,"SUBARU","XV CROSSTREK",998,"Disabling Damage",0,0,1,"Full Driver License","Valid","No",40,"Dry","Going Straight","Crossing Over (Passing Through) Junction","No Avoidance Maneuver","Tracking","Stayed in original travel lane","SW",0,1,0,0,0,0,1,2,0
380026,5,8,54,"Motor Vehicle In-Transport Strikes or is Struck by Cargo, Persons or Objects Set-in-Motion from/by Another Motor Vehicle In Transport","Other",2,2019,"RAM","1500",998,"Disabling Damage",1,0,1,"Full Driver License","Valid","No",65,"Dry","Going Straight","Other critical precrash event (specify:)","Braking","Tracking","Stayed in original travel lane","PU/EC",1,1,1,0,2,2,0,1,2
380029,4,8,12,"Motor Vehicle In-Transport","Angle",2,2019,"BUICK","ENCORE",998,"Disabling Damage",0,0,1,"Full Driver License","Valid","No",30,"Dry","Going Straight","Crossing Over (Passing Through) Junction","No Avoidance Maneuver","Tracking","Stayed in original travel lane","SUV",0,1,1,0,0,0,0,2,1
380042,7,18,12,"Motor Vehicle In-Transport","Angle",2,2021,"TOYOTA","RAV4",998,"Functional Damage",1,0,1,"Full Driver License","Valid","No",40,"Dry","Going Straight","From opposite direction  over left lane line","Braking","Tracking","Stayed in original travel lane","SUV",0,1,1,1,1,1,0,6,2
380057,8,15,12,"Motor Vehicle In-Transport","Angle",2,2017,"TOYOTA","YARIS IA",998,"Disabling Damage",1,0,1,"Full Driver License","Valid","No",65,"Dry","Going Straight","Crossing Over (Passing Through) Junction","No Avoidance Maneuver","Tracking","Stayed in original travel lane","4 DR",0,1,0,0,1,0,0,3,0
380059,9,15,12,"Motor Vehicle In-Transport","Angle",1,2023,"GMC","ACADIA",998,"Disabling Damage",0,0,1,"Full Driver License","Valid","No",65,"Dry","Going Straight","In crossover","No Avoidance Maneuver","Tracking","Stayed in original travel lane","SUV",1,0,1,1,1,1,0,5,3
380064,9,15,12,"Motor Vehicle In-Transport","Angle",1,2018,"RAM","1500",998,"Disabling Damage",1,0,1,"Full Driver License","Valid","No",65,"Dry","Going Straight","Crossing Over (Passing Through) Junction","No Avoidance Maneuver","Tracking","Stayed in original travel lane","PU/RC",0,0,0,0,0,0,0,0,0
380083,11,7,12,"Motor Vehicle In-Transport","Angle",1,2015,"CADILLAC","SRX",998,"Disabling Damage",1,0,1,"Full Driver License","Valid","No",50,"Dry","Turning Left","Turning Left","No Avoidance Maneuver","Tracking","Stayed in original travel lane","SUV",0,1,1,0,2,2,0,2,1
380093,12,18,12,"Motor Vehicle In-Transport","Front-to-Rear",1,2014,"DODGE","DURANGO",80,"Disabling Damage",0,0,1,"Full Driver License","Valid","No",75,"Dry","Going Straight","Traveling in same direction with lower steady speed","No Avoidance Maneuver","Tracking","Stayed in original travel lane","SUV",1,1,1,0,2,2,1,2,2
380093,12,18,12,"Motor Vehicle In-Transport","Front-to-Rear",1,2012,"GMC","ACADIA",11,"Disabling Damage",1,0,1,"Full Driver License","Valid","No",75,"Dry","Going Straight","Traveling in same direction with higher speed","No Avoidance Maneuver","Tracking","Stayed in original travel lane","SUV",0,1,0,0,0,0,1,3,0
390006,1,20,12,"Motor Vehicle In-Transport","Angle",2,2013,"TOYOTA","VENZA",999,"Disabling Damage",1,0,1,"Full Driver License","Valid","No",50,"Dry","Turning Left","Turning Left","Unknown/Not Reported","Tracking","Stayed in original travel lane","SUV",0,1,0,0,0,0,1,2,0
390014,1,3,12,"Motor Vehicle In-Transport","Front-to-Front",2,2018,"HONDA","ACCORD",999,"Disabling Damage",1,0,1,"Full Driver License","Valid","No",65,"Dry","Going Straight","Traveling in opposite direction","Unknown/Not Reported","Tracking","Stayed in original travel lane","4 DR",0,1,1,1,1,1,0,5,2
390025,1,11,12,"Motor Vehicle In-Transport","Angle",3,2015,"DODGE","DURANGO",999,"Disabling Damage",2,0,1,"Full Driver License","Valid","No",55,"Dry","Going Straight","From crossing street, across path","Unknown/Not Reported","Tracking","Stayed in original travel lane","SUV",0,1,0,0,2,2,0,1,0
390026,1,21,8,"Pedestrian","The First Harmful Event was Not a Collision with a Motor Vehicle in Transport",1,2016,"DODGE","JOURNEY",65,"Disabling Damage",0,0,1,"Full Driver License","Valid","No",65,"Dry","Going Straight","Pedestrian in road","Unknown/Not Reported","Tracking","Stayed in original travel lane","SUV",0,0,0,0,0,0,0,0,0
390040,1,17,12,"Motor Vehicle In-Transport","Angle",1,2013,"FORD","EDGE",998,"Disabling Damage",0,0,1,"Full Driver License","Valid","No",50,"Dry","Going Straight","Crossing Over (Passing Through) Junction","Unknown/Not Reported","Tracking","Stayed in original travel lane","SUV",1,0,1,0,0,0,1,1,2
390040,1,17,12,"Motor Vehicle In-Transport","Angle",2,2013,"KIA","RIO",998,"Disabling Damage",2,0,1,"Full Driver License","Valid","No",50,"Dry","Going Straight","From crossing street, across path","Unknown/Not Reported","Tracking","Stayed in original travel lane","5 HB",0,1,0,0,0,0,1,2,0