"SERIAL_CRASH","MONTH","HOUR","HARM_EV","HARM_EVNAME","TYPE_OF_COLLIOSION","NUM_OF_PEOPLE","MOD_YEAR","VPICMAKENAME","VPICMODELNAME","TRAV_SP","DEFORMEDNAME","DEATHS","DR_DRINK","IS_DRIVER_PRESENT","L_TYPENAME","L_STATUSNAME","SPEEDRELNAME","VSPD_LIM","VSURCONDNAME","P_CRASH1NAME","P_CRASH2NAME","P_CRASH3NAME","PCRASH4NAME","PCRASH5NAME","BODY_STYLE","BLIND_SPOT_DETECTION","ARS","FRNT_COLLISION_WARNING","LANE_DEPARTURE_WARNING","CRASH_IMMINENT_BRAKE","DYNAMIC_BRAKE_SUPPORT","NHTSA_ESC","SAFETY_COUNT","notification_count"
390953,9,9,12,"Motor Vehicle In-Transport","Front-to-Rear",1,2019,"NISSAN","ROGUE SPORT",0,"Disabling Damage",0,0,1,"Full Driver License","Valid","No",45,"Dry","Stopped in Roadway","Traveling in same direction with higher speed","No Avoidance Maneuver","Tracking","Stayed in original travel lane","SUV",1,0,1,0,1,1,0,4,2
390953,9,9,12,"Motor Vehicle In-Transport","Front-to-Rear",1,2018,"CHEVROLET","SONIC",45,"Disabling Damage",1,0,1,"Full Driver License","Valid","No",45,"Dry","Going Straight","Other vehicle stopped","No Avoidance Maneuver","Tracking","Stayed in original travel lane","4 DR",0,1,0,0,0,0,0,2,0
390968,10,12,12,"Motor Vehicle In-Transport","Angle",2,2017,"HONDA","CIVIC",60,"Disabling Damage",1,0,1,"Full Driver License","Valid","No",60,"Dry","Going Straight","From crossing street, across path","Braking","Tracking","Stayed in original travel lane","2 DR",0,1,0,0,2,2,0,1,0
390976,10,14,12,"Motor Vehicle In-Transport","Angle",2,2014,"BUICK","ENCLAVE",35,"Functional Damage",0,0,1,"Full Driver License","Valid","No",35,"Dry","Going Straight","From crossing street, across path","Unknown/Not Reported","Tracking","Stayed in original travel lane","SUV",0,1,0,1,0,0,1,3,1
390980,9,21,5,"Fell/Jumped from Vehicle","The First Harmful Event was Not a Collision with a Motor Vehicle in Transport",2,2013,"TOYOTA","TUNDRA",35,"Reported as Unknown",1,0,1,"Full Driver License","Valid","No",35,"Dry","Going Straight","Pedestrian unknown location","No Avoidance Maneuver","Tracking","Stayed in original travel lane","PU/CC",0,1,0,0,0,0,1,2,0
390989,9,14,42,"Tree (Standing Only)","The First Harmful Event was Not a Collision with a Motor Vehicle in Transport",1,2018,"FORD","FIESTA",65,"Disabling Damage",1,0,1,"Full Driver License","Valid","No",60,"Dry","Negotiating a Curve","Off the edge of the road on the right side","No Avoidance Maneuver","Tracking","Departed roadway","4 DR",0,0,0,0,0,0,0,0,0
390996,11,14,12,"Motor Vehicle In-Transport","Angle",1,2014,"DODGE","GRAND CARAVAN",10,"Disabling Damage",0,0,1,"Full Driver License","Valid","No",45,"Dry","Starting in Road","Crossing Over (Passing Through) Junction","No Avoidance Maneuver","Tracking","Stayed in original travel lane","VAN",0,1,0,0,0,0,1,2,0
390996,11,14,12,"Motor Vehicle In-Transport","Angle",2,2018,"NISSAN","VERSA NOTE",50,"Disabling Damage",1,0,1,"Full Driver License","Valid","No",45,"Dry","Going Straight","From crossing street, across path","No Avoidance Maneuver","Tracking","Stayed in original travel lane","5 HB",0,0,0,0,0,0,0,0,0
391001,11,10,42,"Tree (Standing Only)","The First Harmful Event was Not a Collision with a Motor Vehicle in Transport",1,2017,"HONDA","CR-V",998,"Disabling Damage",1,0,1,"Full Driver License","Valid","No",25,"Dry","Going Straight","Off the edge of the road on the left side","Unknown/Not Reported","Tracking","Departed roadway","SUV",1,1,1,0,2,2,0,1,2
391002,11,14,12,"Motor Vehicle In-Transport","Front-to-Front",2,2011,"TOYOTA","CAMRY",999,"Disabling Damage",1,0,1,"Full Driver License","Valid","No",55,"Dry","Negotiating a Curve","From opposite direction  over left lane line","No Avoidance Maneuver","Tracking","Stayed in original travel lane","4 DR",0,1,0,0,0,0,1,2,0
391004,11,20,8,"Pedestrian","The First Harmful Event was Not a Collision with a Motor Vehicle in Transport",1,2017,"CHEVROLET","IMPALA",68,"Disabling Damage",0,0,1,"Full Driver License","Valid","No",65,"Dry","Going Straight","Pedestrian in road","Braking","Tracking","Stayed in original travel lane","4 DR",1,1,1,1,2,0,0,2,3
391005,9,16,12,"Motor Vehicle In-Transport","Front-to-Front",1,2021,"MAZDA","CX-30",10,"Disabling Damage",0,0,1,"Full Driver License","Valid","No",35,"Dry","Turning Left","Turning Left","No Avoidance Maneuver","Tracking","Stayed in original travel lane","SUV",1,1,1,1,1,1,0,7,3
391016,11,15,12,"Motor Vehicle In-Transport","Angle",1,2015,"CHRYSLER","200",55,"Disabling Damage",0,0,1,"Full Driver License","Valid","No",55,"Dry","Going Straight","From crossing street, across path","Unknown/Not Reported","Tracking","Stayed in original travel lane","4 DR",0,0,1,0,0,0,0,0,1
391021,11,16,12,"Motor Vehicle In-Transport","Front-to-Front",2,2019,"CHEVROLET","TRAVERSE",55,"Disabling Damage",0,0,1,"Full Driver License","Valid","No",55,"Dry","Going Straight","From opposite direction  over left lane line","No Avoidance Maneuver","Tracking","Stayed in original travel lane","SUV",1,1,1,0,2,2,0,2,2
391023,11,14,12,"Motor Vehicle In-Transport","Front-to-Front",1,2012,"VOLKSWAGEN","TOUAREG",40,"Disabling Damage",0,0,1,"Full Driver License","Valid","No",55,"Dry","Negotiating a Curve","From opposite direction  over left lane line","Unknown/Not Reported","Tracking","Stayed in original travel lane","SUV",0,1,0,0,0,0,1,2,0
391025,11,8,11,"Live Animal","The First Harmful Event was Not a Collision with a Motor Vehicle in Transport",1,2018,"HONDA","ACCORD",87,"Disabling Damage",1,0,1,"Full Driver License","Valid","No",55,"Dry","Going Straight","Animal in road","Unknown/Not Reported","Tracking","Stayed in original travel lane","4 DR",0,1,1,1,1,1,0,5,2
391031,11,19,12,"Motor Vehicle In-Transport","Angle",1,2017,"DODGE","JOURNEY",35,"Disabling Damage",0,0,1,"Full Driver License","Valid","No",40,"Dry","Going Straight","Unknown","Unknown/Not Reported","Tracking","Stayed in original travel lane","SUV",0,0,0,0,0,0,0,0,0
391034,8,5,12,"Motor Vehicle In-Transport","Front-to-Rear",1,2022,"HONDA","ACCORD",45,"Disabling Damage",0,0,1,"Full Driver License","Valid","No",55,"Dry","Going Straight","Other vehicle stopped","No Avoidance Maneuver","Tracking","Stayed in original travel lane","4 DR",0,1,1,1,1,1,0,6,2
391040,11,13,12,"Motor Vehicle In-Transport","Front-to-Front",1,2014,"NISSAN","ROGUE",55,"Disabling Damage",0,0,1,"Full Driver License","Valid","No",55,"Dry","Going Straight","Over the lane line on left side of travel lane","Unknown/Not Reported","Tracking","Stayed on roadway, but left original travel lane","SUV",0,1,1,0,0,0,1,2,1
391043,11,21,9,"Pedalcyclist","The First Harmful Event was Not a Collision with a Motor Vehicle in Transport",4,2017,"TOYOTA","CAMRY",35,"Minor Damage",0,0,1,"Full Driver License","Valid","No",35,"Dry","Going Straight","Pedalcyclist or other non-motorist in road","Unknown/Not Reported","Tracking","Stayed in original travel lane","4 DR",0,1,0,0,2,2,0,1,0
391045,11,20,8,"Pedestrian","The First Harmful Event was Not a Collision with a Motor Vehicle in Transport",1,2018,"RAM","2500",50,"Functional Damage",0,0,1,"Full Driver License","Valid","No",50,"Dry","Going Straight","Pedestrian in road","Braking","Tracking","Stayed in original travel lane","PU/EC",0,0,0,0,0,0,0,0,0
391062,11,18,12,"Motor Vehicle In-Transport","Front-to-Front",1,2013,"TOYOTA","COROLLA",50,"Disabling Damage",0,0,1,"Full Driver License","Valid","No",55,"Dry","Negotiating a Curve","From opposite direction  over left lane line","Unknown/Not Reported","Tracking","Stayed in original travel lane","4 DR",0,0,0,0,0,0,1,1,0
391064,11,1,24,"Guardrail Face","The First Harmful Event was Not a Collision with a Motor Vehicle in Transport",1,2015,"KIA","OPTIMA",998,"Disabling Damage",1,0,1,"Full Driver License","Valid","No",55,"Dry","Negotiating a Curve","Off the edge of the road on the right side","No Avoidance Maneuver","Tracking","Departed roadway","4 DR",1,1,0,0,0,0,0,1,1
391065,11,10,12,"Motor Vehicle In-Transport","Angle",1,2023,"HYUNDAI","SONATA",5,"Functional Damage",0,0,1,"Full Driver License","Valid","No",40,"Dry","Turning Right","From crossing street, across path","Unknown/Not Reported","Tracking","Stayed on roadway, not known if left original travel lane","4 DR",1,0,1,1,1,1,0,5,3
391066,11,21,12,"Motor Vehicle In-Transport","Angle",3,2019,"FORD","RANGER",45,"Disabling Damage",0,0,1,"Full Driver License","Valid","No",45,"Dry","Going Straight","From opposite direction  over left lane line","Unknown/Not Reported","Tracking","Stayed in original travel lane","PU/CC",1,0,0,1,1,1,0,3,2
391068,11,17,8,"Pedestrian","The First Harmful Event was Not a Collision with a Motor Vehicle in Transport",1,2016,"KIA","FORTE",45,"Disabling Damage",0,0,1,"Full Driver License","Valid","No",55,"Dry","Going Straight","Pedestrian in road","No Avoidance Maneuver","Tracking","Stayed in original travel lane","4 DR",0,1,0,0,0,0,0,1,0
391077,11,7,11,"Live Animal","The First Harmful Event was Not a Collision with a Motor Vehicle in Transport",1,2018,"HONDA","CIVIC",999,"Disabling Damage",0,0,1,"Full Driver License","Valid","No",55,"Dry","Going Straight","Animal approaching road","Steering left","Tracking","Stayed on roadway, but left original travel lane","5 HB",0,1,1,1,2,2,0,1,2
391077,11,7,11,"Live Animal","The First Harmful Event was Not a Collision with a Motor Vehicle in Transport",1,2021,"NISSAN","MURANO",55,"Disabling Damage",1,0,1,"Full Driver License","Valid","No",55,"Dry","Going Straight","From opposite direction  over left lane line","Unknown/Not Reported","Tracking","Stayed in original travel lane","SUV",1,0,1,1,1,1,0,5,3
391082,11,19,12,"Motor Vehicle In-Transport","Front-to-Rear",2,2020,"GMC","ACADIA",61,"Disabling Damage",1,0,1,"Full Driver License","Valid","No",55,"Dry","Going Straight","Traveling in same direction with higher speed","No Avoidance Maneuver","Tracking","Stayed in original travel lane","SUV",1,1,1,1,2,2,0,2,3
391084,11,22,12,"Motor Vehicle In-Transport","Front-to-Front",1,2011,"FORD","FIESTA",999,"Disabling Damage",1,0,1,"Full Driver License","Valid","No",55,"Dry","Going Straight","From opposite direction  over left lane line","Unknown/Not Reported","Tracking","Stayed in original travel lane","5 HB",0,0,0,0,0,0,1,1,0
391094,11,7,10,"Railway Vehicle","The First Harmful Event was Not a Collision with a Motor Vehicle in Transport",1,2017,"HONDA","CIVIC",999,"Disabling Damage",1,0,1,"Full Driver License","Valid","No",25,"Dry","Going Straight","Other critical precrash event (specify:)","Unknown/Not Reported","Tracking","Stayed on roadway, but left original travel lane","2 DR",0,1,0,0,2,2,0,1,0
391108,12,18,12,"Motor Vehicle In-Transport","Front-to-Rear",2,2016,"FORD","FUSION",999,"Disabling Damage",2,0,1,"Full Driver License","Valid","No",55,"Dry","Going Straight","Traveling in same direction with higher speed","Unknown/Not Reported","Tracking","Stayed in original travel lane","4 DR",0,1,0,1,0,0,0,1,1
391108,12,18,12,"Motor Vehicle In-Transport","Front-to-Rear",3,2019,"DODGE","JOURNEY",55,"Disabling Damage",0,0,1,"Full Driver License","Valid","No",55,"Dry","Going Straight","From opposite direction  over left lane line","Unknown/Not Reported","Tracking","Stayed in original travel lane","SUV",0,0,0,0,0,0,0,0,0
391110,11,12,12,"Motor Vehicle In-Transport","Angle",1,2016,"BUICK","VERANO",5,"Disabling Damage",1,0,1,"Full Driver License","Valid","No",35,"Dry","Turning Left","Turning Left","No Avoidance Maneuver","Tracking","Stayed in original travel lane","4 DR",1,1,0,0,0,0,0,2,1
391113,12,7,12,"Motor Vehicle In-Transport","Front-to-Front",2,2019,"HYUNDAI","KONA",60,"Disabling Damage",1,0,1,"Full Driver License","Valid","No",55,"Dry","Negotiating a Curve","From opposite direction  over left lane line","Unknown/Not Reported","Tracking","Stayed in original travel lane","SUV",1,2,1,1,1,1,0,6,3
391119,12,8,12,"Motor Vehicle In-Transport","Front-to-Front",1,2022,"CHEVROLET","MALIBU",999,"Disabling Damage",1,0,1,"Full Driver License","Valid","No",45,"Dry","Going Straight","Over the lane line on left side of travel lane","Unknown/Not Reported","Tracking","Stayed on roadway, but left original travel lane","4 DR",1,2,0,1,2,2,0,1,2
391124,12,19,12,"Motor Vehicle In-Transport","Angle",1,2012,"DODGE","DURANGO",20,"Disabling Damage",0,0,1,"Full Driver License","Valid","No",55,"Dry","Turning Left","Turning Left","No Avoidance Maneuver","Tracking","Entered roadway","SUV",0,1,1,0,0,0,1,2,1
391131,12,8,12,"Motor Vehicle In-Transport","Angle",2,2013,"KIA","FORTE",30,"Disabling Damage",1,0,1,"Full Driver License","Valid","No",45,"Dry","Turning Left","Turning Left","No Avoidance Maneuver","Tracking","Stayed in original travel lane","4 DR",0,1,0,0,0,0,1,2,0
391134,9,11,12,"Motor Vehicle In-Transport","Front-to-Rear",1,2011,"NISSAN","ROGUE",0,"Minor Damage",0,0,1,"Full Driver License","Valid","No",45,"Dry","Stopped in Roadway","Traveling in same direction with higher speed","No Avoidance Maneuver","Tracking","Stayed in original travel lane","SUV",0,2,0,0,0,0,1,1,0
391151,12,20,8,"Pedestrian","The First Harmful Event was Not a Collision with a Motor Vehicle in Transport",1,2011,"CHRYSLER","200",45,"Minor Damage",0,0,1,"Full Driver License","Valid","No",40,"Dry","Going Straight","Pedestrian in road","Braking","Tracking","Stayed in original travel lane","CONVERTIBLE",0,1,0,0,0,0,1,2,0
391154,12,22,12,"Motor Vehicle In-Transport","Sideswipe - Opposite Direction",2,2016,"VOLKSWAGEN","PASSAT",45,"Disabling Damage",0,0,1,"Full Driver License","Valid","No",45,"Dry","Going Straight","From opposite direction  over left lane line","Unknown/Not Reported","Tracking","Stayed in original travel lane","4 DR",0,1,0,1,0,0,0,2,1
391159,12,3,12,"Motor Vehicle In-Transport","Sideswipe - Same Direction",1,2016,"FORD","ESCAPE",0,"Disabling Damage",1,0,1,"Full Driver License","Valid","No",65,"Dry","Stopped in Roadway","Traveling in same direction with higher speed","No Avoidance Maneuver","Tracking","Stayed in original travel lane","SUV",1,0,0,0,0,0,0,0,1
391162,12,17,49,"Ridden Animal or Animal Drawn Conveyance","The First Harmful Event was Not a Collision with a Motor Vehicle in Transport",1,2016,"CHEVROLET","CRUZE LIMITED",998,"Disabling Damage",0,0,1,"Full Driver License","Valid","No",55,"Dry","Passing or Overtaking Another Vehicle","Over the lane line on left side of travel lane","Unknown/Not Reported","Tracking","Stayed on roadway, but left original travel lane","4 DR",0,1,0,0,0,0,0,2,0
391166,12,12,12,"Motor Vehicle In-Transport","Front-to-Front",3,2020,"RAM","2500",30,"Disabling Damage",0,0,1,"Full Driver License","Valid","No",55,"Dry","Negotiating a Curve","From opposite direction  over left lane line","No Avoidance Maneuver","Tracking","Stayed in original travel lane","PU/RC",1,0,1,0,2,2,0,0,2
391166,12,12,12,"Motor Vehicle In-Transport","Front-to-Front",1,2018,"FORD","FIESTA",999,"Disabling Damage",1,0,1,"Full Driver License","Valid","No",55,"Dry","Negotiating a Curve","Over the lane line on left side of travel lane","No Avoidance Maneuver","Tracking","Stayed on roadway, but left original travel lane","4 DR",0,0,0,0,0,0,0,0,0
391170,4,18,8,"Pedestrian","The First Harmful Event was Not a Collision with a Motor Vehicle in Transport",1,2011,"JEEP","COMPASS",25,"Functional Damage",0,0,1,"Full Driver License","Valid","No",35,"Dry","Going Straight","Pedestrian in road","No Avoidance Maneuver","Tracking","Stayed in original travel lane","SUV",0,1,0,0,0,0,1,2,0
391174,11,23,8,"Pedestrian","The First Harmful Event was Not a Collision with a Motor Vehicle in Transport",2,2020,"GMC","TERRAIN",35,"Disabling Damage",0,0,1,"Full Driver License","Valid","No",35,"Dry","Changing Lanes","Pedestrian in road","No Avoidance Maneuver","Tracking","Stayed on roadway, but left original travel lane","SUV",0,0,1,1,1,1,0,5,2
391178,12,17,12,"Motor Vehicle In-Transport","Reported as Unknown",1,2019,"CHEVROLET","BLAZER",55,"Disabling Damage",0,0,1,"Full Driver License","Valid","No",55,"Dry","Going Straight","From Parking Lane/Shoulder, Median/Crossover, Roadside","Unknown/Not Reported","Tracking","Stayed in original travel lane","SUV",0,1,0,0,2,2,0,2,0
391178,12,17,12,"Motor Vehicle In-Transport","Reported as Unknown",2,2020,"HONDA","CIVIC",55,"Disabling Damage",0,0,1,"Full Driver License","Valid","No",55,"Dry","Going Straight","Encroachment by other vehicle - details unknown","Unknown/Not Reported","Tracking","Unknown","4 DR",0,1,1,1,1,1,0,5,2
391178,12,17,12,"Motor Vehicle In-Transport","Reported as Unknown",1,2011,"NISSAN","VERSA",55,"Minor Damage",0,0,1,"Full Driver License","Valid","No",55,"Dry","Going Straight","From Parking Lane/Shoulder, Median/Crossover, Roadside","Braking","Skidding longitudinally  rotation less than 30 degrees","Stayed in original travel lane","4 DR",0,1,0,0,0,0,2,1,0
391188,1,18,53,"Mail Box","The First Harmful Event was Not a Collision with a Motor Vehicle in Transport",1,2015,"FORD","ESCAPE",999,"Disabling Damage",1,0,1,"Full Driver License","Valid","No",25,"Dry","Going Straight","Off the edge of the road on the right side","Unknown/Not Reported","Tracking","Departed roadway","SUV",0,1,0,0,0,0,0,1,0
391188,1,18,53,"Mail Box","The First Harmful Event was Not a Collision with a Motor Vehicle in Transport",2,2017,"TOYOTA","CAMRY",25,"Minor Damage",0,0,1,"Full Driver License","Valid","No",25,"Dry","Going Straight","From adjacent lane (same direction) over right lane line","No Avoidance Maneuver","Tracking","Stayed in original travel lane","4 DR",1,1,0,0,2,2,0,1,1
391188,1,18,53,"Mail Box","The First Harmful Event was Not a Collision with a Motor Vehicle in Transport",1,2018,"TOYOTA","SIENNA",999,"Disabling Damage",0,0,1,"Full Driver License","Valid","No",25,"Dry","Going Straight","Traveling in same direction with higher speed","Unknown/Not Reported","Tracking","Stayed on roadway, not known if left original travel lane","VAN",0,1,1,1,1,1,0,5,2
391188,1,18,53,"Mail Box","The First Harmful Event was Not a Collision with a Motor Vehicle in Transport",3,2018,"FORD","EXPLORER",999,"Disabling Damage",0,0,1,"Full Driver License","Valid","No",25,"Dry","Going Straight","Traveling in same direction with higher speed","Unknown/Not Reported","Tracking","Stayed on roadway, not known if left original travel lane","SUV",1,0,1,1,0,0,0,0,3
391188,1,18,53,"Mail Box","The First Harmful Event was Not a Collision with a Motor Vehicle in Transport",2,2017,"CHEVROLET","CRUZE",999,"Disabling Damage",0,0,1,"Full Driver License","Valid","No",25,"Dry","Going Straight","Traveling in same direction with higher speed","No Avoidance Maneuver","Tracking","Stayed on roadway, not known if left original travel lane","4 DR",1,1,1,0,0,0,0,2,2
391190,12,18,12,"Motor Vehicle In-Transport","Angle",1,2018,"BUICK","ENCORE",15,"Disabling Damage",0,0,1,"Full Driver License","Valid","No",55,"Dry","Turning Left","Turning Left","No Avoidance Maneuver","Tracking","Stayed in original travel lane","SUV",1,1,1,0,0,0,0,2,2
391190,12,18,12,"Motor Vehicle In-Transport","Angle",2,2017,"TOYOTA","SIENNA",45,"Disabling Damage",1,0,1,"Full Driver License","Valid","No",55,"Dry","Going Straight","From opposite direction  over left lane line","Unknown/Not Reported","Tracking","Stayed on roadway, not known if left original travel lane","VAN",1,1,0,0,2,2,0,1,1
391192,11,16,12,"Motor Vehicle In-Transport","Angle",2,2023,"NISSAN","ROGUE",60,"Disabling Damage",2,0,1,"Full Driver License","Valid","No",55,"Dry","Going Straight","From crossing street, across path","Unknown/Not Reported","Tracking","Stayed in original travel lane","SUV",1,0,1,1,1,1,0,5,3
391195,12,11,30,"Utility Pole/Light Support","The First Harmful Event was Not a Collision with a Motor Vehicle in Transport",1,2012,"FORD","ESCAPE",999,"Disabling Damage",1,0,1,"Full Driver License","Valid","No",50,"Dry","Going Straight","Unknown cause of control loss","No Avoidance Maneuver","Precrash stability unknown","Departed roadway","SUV",0,0,0,0,0,0,1,1,0
391198,12,15,12,"Motor Vehicle In-Transport","Angle",1,2021,"CHEVROLET","TRAX",999,"Disabling Damage",1,0,1,"Full Driver License","Valid","No",55,"Dry","Going Straight","Crossing Over (Passing Through) Junction","No Avoidance Maneuver","Tracking","Stayed in original travel lane","SUV",0,1,0,0,0,0,0,2,0
391199,12,19,12,"Motor Vehicle In-Transport","Angle",1,2018,"DODGE","CHARGER",998,"Disabling Damage",1,0,1,"Full Driver License","Valid","No",55,"Dry","Going Straight","Crossing Over (Passing Through) Junction","No Avoidance Maneuver","Tracking","Stayed in original travel lane","4 DR",1,0,1,1,2,2,0,0,3
391200,12,17,12,"Motor Vehicle In-Transport","Angle",1,2017,"CHEVROLET","CRUZE",999,"Disabling Damage",1,0,1,"Full Driver License","Valid","No",55,"Dry","Going Straight","From crossing street, across path","Unknown/Not Reported","Tracking","Stayed in original travel lane","4 DR",0,1,0,1,0,0,0,2,1
391201,12,15,12,"Motor Vehicle In-Transport","Front-to-Front",1,2016,"KIA","SORENTO",49,"Disabling Damage",1,0,1,"Full Driver License","Valid","No",55,"Dry","Going Straight","From opposite direction  over left lane line","Unknown/Not Reported","Tracking","Stayed in original travel lane","SUV",1,1,0,0,0,0,0,1,1
391201,12,15,12,"Motor Vehicle In-Transport","Front-to-Front",2,2020,"FORD","EXPLORER",54,"Disabling Damage",1,0,1,"Full Driver License","Valid","No",55,"Dry","Going Straight","Over the lane line on left side of travel lane","Unknown/Not Reported","Tracking","Stayed on roadway, but left original travel lane","SUV",1,0,1,1,1,1,0,6,3
391203,11,9,12,"Motor Vehicle In-Transport","Front-to-Rear",2,2021,"FORD","BRONCO SPORT",0,"Disabling Damage",1,0,1,"Full Driver License","Valid","No",60,"Dry","Stopped in Roadway","Animal approaching road","No Avoidance Maneuver","Tracking","Stayed in original travel lane","SUV",1,0,1,1,1,1,0,6,3
391211,10,16,15,"Non-Motorist on Personal Conveyance","The First Harmful Event was Not a Collision with a Motor Vehicle in Transport",1,2015,"TOYOTA","CAMRY",10,"No Damage",0,0,1,"Full Driver License","Valid","No",30,"Dry","Turning Left","Turning Left","Unknown/Not Reported","Tracking","Stayed in original travel lane","4 DR",0,1,1,0,2,2,0,1,1
400006,1,2,21,"Bridge Pier or Support","The First Harmful Event was Not a Collision with a Motor Vehicle in Transport",2,2016,"CHEVROLET","TRAX",998,"Disabling Damage",1,0,1,"Full Driver License","Valid","No",75,"Dry","Going Straight","Off the edge of the road on the right side","Unknown/Not Reported","Tracking","Departed roadway","SUV",0,1,0,0,0,0,0,2,0
400007,1,18,12,"Motor Vehicle In-Transport","Front-to-Front",1,2022,"KIA","K5",998,"Disabling Damage",0,0,1,"Full Driver License","Valid","No",65,"Dry","Going Straight","Traveling in opposite direction","Unknown/Not Reported","Tracking","Stayed in original travel lane","4 DR",0,2,1,1,1,1,0,4,2
400009,1,0,12,"Motor Vehicle In-Transport","Rear-to-Side",1,2013,"NISSAN","FRONTIER",0,"Disabling Damage",1,0,1,"Full Driver License","Valid","No",80,"Dry","Stopped in Roadway","Traveling in same direction with higher speed","No Avoidance Maneuver","Tracking","Stayed in original travel lane","PU/EC",0,2,0,0,0,0,1,1,0
400012,1,17,12,"Motor Vehicle In-Transport","Angle",1,2014,"RAM","1500",998,"Disabling Damage",0,0,1,"Full Driver License","Valid","No",55,"Dry","Turning Left","Turning Left","Unknown/Not Reported","Tracking","Stayed in original travel lane","PU/RC",0,1,0,0,0,0,1,2,0
400016,1,16,12,"Motor Vehicle In-Transport","Front-to-Rear",1,2021,"VOLKSWAGEN","ATLAS",998,"Disabling Damage",0,0,1,"Full Driver License","Valid","No",70,"Dry","Going Straight","Traveling in same direction with higher speed","Unknown/Not Reported","Tracking","Stayed in original travel lane","SUV",1,1,1,1,1,1,0,6,3
400023,1,5,14,"Parked Motor Vehicle","The First Harmful Event was Not a Collision with a Motor Vehicle in Transport",2,2015,"FORD","EXPLORER",998,"Functional Damage",0,0,1,"Full Driver License","Valid","No",98,"Dry","Going Straight","Over the lane line on left side of travel lane","Unknown/Not Reported","Tracking","Departed roadway","SUV",1,1,0,0,0,0,0,1,1
400026,1,20,8,"Pedestrian","The First Harmful Event was Not a Collision with a Motor Vehicle in Transport",1,2018,"INFINITI","QX80",998,"Functional Damage",0,0,1,"Full Driver License","Valid","No",65,"Dry","Going Straight","Pedestrian in road","No Avoidance Maneuver","Tracking","Stayed in original travel lane","SUV",0,0,0,1,2,2,0,1,1
400030,1,22,12,"Motor Vehicle In-Transport","Angle",1,2014,"JEEP","COMPASS",998,"Disabling Damage",0,0,1,"Full Driver License","Valid","No",40,"Dry","Turning Left","Turning Left","Unknown/Not Reported","Tracking","Stayed in original travel lane","SUV",0,1,0,0,0,0,1,2,0
400039,2,15,12,"Motor Vehicle In-Transport","Angle",1,2014,"NISSAN","VERSA NOTE",998,"Disabling Damage",1,0,1,"Full Driver License","Valid","No",65,"Dry","Going Straight","Over the lane line on left side of travel lane","No Avoidance Maneuver","Tracking","Stayed on roadway, but left original travel lane","5 HB",0,0,0,0,0,0,1,1,0
400047,2,2,12,"Motor Vehicle In-Transport","Front-to-Front",1,2019,"FORD","FIESTA",998,"Minor Damage",0,0,1,"Full Driver License","Valid","No",60,"Dry","Going Straight","Other critical precrash event (specify:)","Unknown/Not Reported","Tracking","Stayed in original travel lane","4 DR",0,0,0,0,0,0,0,0,0
400051,2,2,12,"Motor Vehicle In-Transport","Front-to-Front",1,2022,"HYUNDAI","VENUE",998,"Disabling Damage",1,0,1,"Full Driver License","Valid","No",60,"Dry","Going Straight","Other vehicle stopped","No Avoidance Maneuver","Tracking","Stayed in original travel lane","5 HB",1,2,1,1,1,1,0,4,3
400052,2,7,33,"Curb","The First Harmful Event was Not a Collision with a Motor Vehicle in Transport",1,2018,"BUICK","REGAL",998,"Disabling Damage",1,0,1,"Full Driver License","Valid","No",45,"Dry","Going Straight","Off the edge of the road on the right side","Unknown/Not Reported","Tracking","Departed roadway","5 HB",0,1,1,1,2,2,0,2,2
400053,2,18,12,"Motor Vehicle In-Transport","Angle",2,2018,"NISSAN","SENTRA",998,"Disabling Damage",0,0,1,"Full Driver License","Valid","No",35,"Dry","Turning Left","Turning Left","Unknown/Not Reported","Tracking","Stayed in original travel lane","4 DR",1,1,0,0,2,2,0,1,1
400055,2,15,12,"Motor Vehicle In-Transport","Front-to-Front",3,2015,"TOYOTA","AVALON",12,"Disabling Damage",2,0,1,"Full Driver License","Valid","No",40,"Dry","Accelerating in Road","From opposite direction  over left lane line","Unknown/Not Reported","Tracking","Stayed in original travel lane","4 DR",0,1,0,0,2,2,0,1,0
400056,2,11,12,"Motor Vehicle In-Transport","Front-to-Rear",1,2016,"RAM","2500",0,"Disabling Damage",0,0,1,"Full Driver License","Valid","No",70,"Dry","Stopped in Roadway","Traveling in same direction with higher speed","No Avoidance Maneuver","Tracking","Stayed in original travel lane","PU/CC",0,0,0,0,0,0,0,0,0
400056,2,11,12,"Motor Vehicle In-Transport","Front-to-Rear",2,2012,"DODGE","JOURNEY",998,"Disabling Damage",1,0,1,"Full Driver License","Valid","No",70,"Dry","Going Straight","Other vehicle stopped","Unknown/Not Reported","Tracking","Stayed in original travel lane","SUV",1,1,0,0,0,0,1,2,1
400059,2,7,12,"Motor Vehicle In-Transport","Angle",2,2016,"CHEVROLET","TRAX",998,"Disabling Damage",1,0,1,"Learner's Permit","Valid","No",45,"Dry","Going Straight","Crossing Over (Passing Through) Junction","Unknown/Not Reported","Tracking","Stayed in original travel lane","SUV",0,1,0,0,0,0,0,2,0
400059,2,7,12,"Motor Vehicle In-Transport","Angle",2,2013,"HONDA","PILOT",998,"Disabling Damage",0,0,1,"Full Driver License","Valid","No",65,"Dry","Going Straight","From crossing street, across path","Unknown/Not Reported","Tracking","Stayed in original travel lane","SUV",0,0,0,0,0,0,1,1,0