"SERIAL_CRASH","MONTH","HOUR","HARM_EV","HARM_EVNAME","TYPE_OF_COLLIOSION","NUM_OF_PEOPLE","MOD_YEAR","VPICMAKENAME","VPICMODELNAME","TRAV_SP","DEFORMEDNAME","DEATHS","DR_DRINK","IS_DRIVER_PRESENT","L_TYPENAME","L_STATUSNAME","SPEEDRELNAME","VSPD_LIM","VSURCONDNAME","P_CRASH1NAME","P_CRASH2NAME","P_CRASH3NAME","PCRASH4NAME","PCRASH5NAME","BODY_STYLE","BLIND_SPOT_DETECTION","ARS","FRNT_COLLISION_WARNING","LANE_DEPARTURE_WARNING","CRASH_IMMINENT_BRAKE","DYNAMIC_BRAKE_SUPPORT","NHTSA_ESC","SAFETY_COUNT","notification_count"
400060,2,10,12,"Motor Vehicle In-Transport","Front-to-Front",4,2018,"FORD","ESCAPE",998,"Disabling Damage",1,0,1,"Full Driver License","Valid","No",55,"Dry","Going Straight","Over the lane line on left side of travel lane","Unknown/Not Reported","Tracking","Stayed on roadway, but left original travel lane","SUV",1,0,1,1,0,0,0,1,3
400062,2,18,12,"Motor Vehicle In-Transport","Front-to-Front",1,2016,"CHEVROLET","EQUINOX",998,"Disabling Damage",0,0,1,"Full Driver License","Valid","No",65,"Dry","Going Straight","From opposite direction  over left lane line","Unknown/Not Reported","Tracking","Stayed in original travel lane","SUV",0,0,0,1,0,0,0,1,1
400064,2,16,12,"Motor Vehicle In-Transport","Angle",2,2020,"FORD","RANGER",998,"Disabling Damage",0,0,1,"Full Driver License","Valid","No",65,"Dry","Going Straight","From crossing street, across path","Unknown/Not Reported","Tracking","Stayed in original travel lane","PU/EC",1,0,1,1,1,1,0,6,3
400075,3,15,12,"Motor Vehicle In-Transport","Angle",2,2011,"SUBARU","OUTBACK",998,"Disabling Damage",1,0,1,"Full Driver License","Valid","No",70,"Dry","Turning Left","Turning Left","Unknown/Not Reported","Tracking","Stayed in original travel lane","SUV",0,2,0,0,0,0,1,1,0
400077,3,8,12,"Motor Vehicle In-Transport","Angle",1,2018,"GMC","CANYON",998,"Disabling Damage",1,0,1,"Full Driver License","Valid","No",65,"Dry","Going Straight","Over the lane line on left side of travel lane","Unknown/Not Reported","Tracking","Stayed on roadway, but left original travel lane","PU/EC",0,1,1,0,0,0,0,1,1
400080,3,12,9,"Pedalcyclist","The First Harmful Event was Not a Collision with a Motor Vehicle in Transport",1,2018,"CHEVROLET","MALIBU",998,"Disabling Damage",0,0,1,"Full Driver License","Valid","No",65,"Dry","Going Straight","Pedalcyclist or other non-motorist in road","Steering left","Tracking","Stayed in original travel lane","4 DR",0,1,1,1,2,2,0,2,2
400081,3,7,12,"Motor Vehicle In-Transport","Front-to-Front",1,2018,"KIA","SOUL",998,"Disabling Damage",1,0,1,"Full Driver License","Valid","No",65,"Dry","Going Straight","Over the lane line on left side of travel lane","No Avoidance Maneuver","Tracking","Stayed on roadway, but left original travel lane","SUV",1,2,1,0,2,2,0,0,2
400081,3,7,12,"Motor Vehicle In-Transport","Front-to-Front",1,2020,"NISSAN","VERSA",998,"Disabling Damage",1,0,1,"Full Driver License","Valid","No",65,"Dry","Going Straight","From opposite direction  over left lane line","No Avoidance Maneuver","Tracking","Stayed in original travel lane","4 DR",0,0,1,1,1,1,0,4,2
400087,3,16,12,"Motor Vehicle In-Transport","Front-to-Rear",3,2020,"NISSAN","VERSA",998,"Minor Damage",0,0,1,"Learner's Permit","Valid","No",40,"Dry","Going Straight","Traveling in same direction with higher speed","No Avoidance Maneuver","Tracking","Stayed in original travel lane","4 DR",0,0,1,1,1,1,0,4,2
400088,3,11,12,"Motor Vehicle In-Transport","Front-to-Rear",2,2022,"NISSAN","ROGUE",998,"Functional Damage",0,0,1,"Full Driver License","Valid","No",55,"Dry","Decelerating in Road","Traveling in same direction with higher speed","Unknown/Not Reported","Tracking","Stayed in original travel lane","SUV",1,0,1,1,1,1,0,5,3
400094,3,2,8,"Pedestrian","The First Harmful Event was Not a Collision with a Motor Vehicle in Transport",1,2011,"GMC","ACADIA",998,"Disabling Damage",0,0,1,"Full Driver License","Valid","No",75,"Dry","Going Straight","Pedestrian in road","No Avoidance Maneuver","Tracking","Stayed in original travel lane","SUV",0,1,0,0,0,0,1,3,0
400099,3,17,12,"Motor Vehicle In-Transport","Angle",1,2016,"TOYOTA","COROLLA",998,"Disabling Damage",0,0,1,"Full Driver License","Valid","No",25,"Dry","Going Straight","Crossing Over (Passing Through) Junction","Unknown/Not Reported","Tracking","Stayed in original travel lane","4 DR",0,1,0,0,0,0,0,1,0
400103,3,18,24,"Guardrail Face","The First Harmful Event was Not a Collision with a Motor Vehicle in Transport",1,2014,"FORD","EXPLORER",998,"Disabling Damage",1,0,1,"Full Driver License","Valid","No",55,"Dry","Going Straight","From Parking Lane/Shoulder, Median/Crossover, Roadside","Unknown/Not Reported","Tracking","Stayed in original travel lane","SUV",0,0,0,0,0,0,1,1,0
400106,3,19,12,"Motor Vehicle In-Transport","Angle",1,2023,"BUICK","ENCLAVE",20,"Disabling Damage",0,0,1,"Full Driver License","Valid","No",40,"Dry","Going Straight","From crossing street, across path","Unknown/Not Reported","Tracking","Stayed in original travel lane","SUV",1,0,1,1,1,1,0,5,3
400107,3,10,12,"Motor Vehicle In-Transport","Front-to-Front",2,2019,"KIA","OPTIMA",998,"Minor Damage",0,0,1,"Full Driver License","Valid","No",65,"Dry","Going Straight","Other critical precrash event (specify:)","Unknown/Not Reported","Tracking","Stayed in original travel lane","4 DR",1,1,1,1,1,1,0,6,3
400110,3,12,12,"Motor Vehicle In-Transport","Front-to-Front",1,2011,"TOYOTA","CAMRY",998,"Disabling Damage",1,0,1,"Full Driver License","Valid","No",60,"Dry","Going Straight","Over the lane line on left side of travel lane","Unknown/Not Reported","Tracking","Stayed on roadway, but left original travel lane","4 DR",0,1,0,0,0,0,1,2,0
400125,4,17,12,"Motor Vehicle In-Transport","Front-to-Rear",2,2013,"CHEVROLET","MALIBU",0,"Disabling Damage",1,0,1,"Full Driver License","Valid","No",65,"Dry","Stopped in Roadway","Traveling in same direction with higher speed","No Avoidance Maneuver","Tracking","Stayed in original travel lane","4 DR",0,1,0,0,0,0,1,3,0
400125,4,17,12,"Motor Vehicle In-Transport","Front-to-Rear",1,2015,"JEEP","CHEROKEE",998,"Disabling Damage",0,0,1,"Full Driver License","Valid","No",65,"Dry","Going Straight","From adjacent lane (same direction) over right lane line","No Avoidance Maneuver","Tracking","Stayed in original travel lane","SUV",0,0,1,0,0,0,0,0,1
400137,4,14,12,"Motor Vehicle In-Transport","Front-to-Front",1,2019,"NISSAN","ALTIMA",998,"Disabling Damage",1,0,1,"Full Driver License","Valid","No",55,"Dry","Negotiating a Curve","From opposite direction  over left lane line","Unknown/Not Reported","Tracking","Stayed in original travel lane","4 DR",1,1,0,0,1,1,0,3,1
400139,4,5,8,"Pedestrian","The First Harmful Event was Not a Collision with a Motor Vehicle in Transport",1,2015,"SUBARU","LEGACY",998,"Minor Damage",0,0,1,"Full Driver License","Valid","No",75,"Dry","Going Straight","Pedestrian in road","Unknown/Not Reported","Tracking","Stayed in original travel lane","4 DR",0,0,1,0,2,2,0,0,1
400140,4,16,21,"Bridge Pier or Support","The First Harmful Event was Not a Collision with a Motor Vehicle in Transport",1,2021,"KIA","FORTE",998,"Disabling Damage",1,0,1,"Full Driver License","Valid","No",70,"Dry","Negotiating a Curve","Over the lane line on left side of travel lane","Unknown/Not Reported","Tracking","Departed roadway","4 DR",0,2,1,1,1,1,0,4,2
400144,4,12,12,"Motor Vehicle In-Transport","Front-to-Rear",2,2016,"HONDA","ACCORD",0,"Disabling Damage",2,0,1,"Full Driver License","Valid","No",75,"Dry","Stopped in Roadway","Traveling in same direction with higher speed","No Avoidance Maneuver","Tracking","Stayed in original travel lane","4 DR",0,1,0,0,2,2,0,2,0
400147,4,1,42,"Tree (Standing Only)","The First Harmful Event was Not a Collision with a Motor Vehicle in Transport",3,2015,"FORD","FUSION",998,"Disabling Damage",1,0,1,"Full Driver License","Valid","No",45,"Dry","Going Straight","End departure","Unknown/Not Reported","Precrash stability unknown","Departed roadway","4 DR",0,1,0,0,0,0,0,1,0
400156,4,20,12,"Motor Vehicle In-Transport","Angle",2,2014,"FORD","ESCAPE",998,"Disabling Damage",1,0,1,"Full Driver License","Valid","No",65,"Dry","Going Straight","Other vehicle stopped","Unknown/Not Reported","Tracking","Stayed in original travel lane","SUV",0,0,0,0,0,0,1,1,0
400165,4,15,12,"Motor Vehicle In-Transport","Angle",2,2014,"TOYOTA","SIENNA",998,"Disabling Damage",1,0,1,"Full Driver License","Valid","No",70,"Dry","Going Straight","From crossing street, across path","Steering right","Tracking","Stayed on roadway, not known if left original travel lane","VAN",1,1,0,0,2,2,1,2,1
400166,4,20,12,"Motor Vehicle In-Transport","Front-to-Front",1,2013,"CHEVROLET","SPARK",998,"Disabling Damage",1,0,1,"Full Driver License","Valid","No",65,"Dry","Going Straight","From opposite direction  over left lane line","Unknown/Not Reported","Tracking","Stayed in original travel lane","5 HB",0,1,0,0,0,0,1,3,0
400168,4,18,12,"Motor Vehicle In-Transport","Angle",2,2015,"CHEVROLET","MALIBU",0,"Functional Damage",0,0,1,"Full Driver License","Valid","No",35,"Dry","Stopped in Roadway","From crossing street, intended path not known","No Avoidance Maneuver","Tracking","Stayed in original travel lane","4 DR",1,0,1,1,0,0,0,1,3
400168,4,18,12,"Motor Vehicle In-Transport","Angle",2,2012,"MAZDA","CX-9",0,"Minor Damage",0,0,1,"Full Driver License","Valid","No",35,"Dry","Stopped in Roadway","From crossing street, intended path not known","No Avoidance Maneuver","Tracking","Stayed in original travel lane","SUV",1,1,0,0,0,0,1,2,1
400176,5,10,34,"Ditch","The First Harmful Event was Not a Collision with a Motor Vehicle in Transport",1,2020,"DODGE","JOURNEY",998,"Disabling Damage",1,0,1,"Full Driver License","Valid","No",45,"Dry","Going Straight","Off the edge of the road on the left side","Unknown/Not Reported","Precrash stability unknown","Departed roadway","SUV",0,2,0,0,0,0,0,0,0
400183,4,13,12,"Motor Vehicle In-Transport","Angle",2,2016,"CHEVROLET","MALIBU",998,"Disabling Damage",0,0,1,"Full Driver License","Valid","No",35,"Dry","Turning Right","Turning Right","Unknown/Not Reported","Tracking","Stayed in original travel lane","4 DR",1,1,0,0,2,2,0,2,1
400191,5,1,57,"Cable Barrier","The First Harmful Event was Not a Collision with a Motor Vehicle in Transport",1,2020,"BMW","X3",998,"Disabling Damage",0,0,1,"Full Driver License","Valid","No",70,"Dry","Going Straight","Other vehicle stopped","Unknown/Not Reported","Tracking","Stayed in original travel lane","SUV",0,1,1,0,1,1,0,5,1
400197,5,14,12,"Motor Vehicle In-Transport","Angle",2,2018,"SUBARU","CROSSTREK",0,"Functional Damage",0,0,1,"Full Driver License","Valid","No",40,"Dry","Stopped in Roadway","From driveway, turning into same direction","No Avoidance Maneuver","Tracking","Stayed in original travel lane","SW",0,0,0,1,2,2,0,0,1
400208,5,12,12,"Motor Vehicle In-Transport","Angle",1,2021,"BUICK","ENCORE GX",998,"Disabling Damage",1,0,1,"Full Driver License","Valid","No",35,"Dry","Turning Left","Turning Left","Unknown/Not Reported","Tracking","Stayed on roadway, but left original travel lane","SUV",1,1,1,1,1,1,0,6,3
400208,5,12,12,"Motor Vehicle In-Transport","Angle",1,2019,"JEEP","GRAND CHEROKEE",998,"Disabling Damage",0,0,1,"Full Driver License","Valid","No",35,"Dry","Going Straight","From opposite direction  over left lane line","Unknown/Not Reported","Tracking","Stayed in original travel lane","SUV",0,0,0,1,2,2,0,0,1
400225,6,8,12,"Motor Vehicle In-Transport","Angle",1,2023,"SUBARU","CROSSTREK",998,"Disabling Damage",0,0,1,"Full Driver License","Valid","No",65,"Dry","Going Straight","From crossing street, across path","Braking and steering left","Tracking","Stayed in original travel lane","SW",0,1,0,0,2,2,0,1,0
400226,6,20,11,"Live Animal","The First Harmful Event was Not a Collision with a Motor Vehicle in Transport",1,2020,"FORD","EXPLORER",998,"Disabling Damage",1,0,1,"Full Driver License","Valid","No",65,"Dry","Going Straight","Animal in road","Unknown/Not Reported","Tracking","Stayed in original travel lane","SUV",1,0,1,1,1,1,0,6,3
400229,6,13,12,"Motor Vehicle In-Transport","Angle",2,2018,"SUBARU","WRX",998,"Disabling Damage",1,0,1,"Full Driver License","Valid","No",40,"Dry","Turning Left","Turning Left","Unknown/Not Reported","Tracking","Stayed in original travel lane","4 DR",1,0,0,1,2,2,0,0,2
400229,6,13,12,"Motor Vehicle In-Transport","Angle",1,2018,"JEEP","WRANGLER",998,"Minor Damage",0,0,1,"Full Driver License","Valid","No",40,"Dry","Going Straight","Traveling in same direction with higher speed","No Avoidance Maneuver","Tracking","Stayed in original travel lane","SUV",0,0,0,0,0,0,0,0,0
400231,6,8,12,"Motor Vehicle In-Transport","Front-to-Front",2,2017,"RAM","2500",998,"Disabling Damage",0,0,1,"Full Driver License","Valid","No",65,"Dry","Going Straight","From opposite direction  over left lane line","Steering right","Tracking","Stayed in original travel lane","PU/RC",0,0,0,0,0,0,0,0,0
400232,6,12,12,"Motor Vehicle In-Transport","Angle",4,2020,"CHEVROLET","EQUINOX",998,"Disabling Damage",0,0,1,"Full Driver License","Valid","No",70,"Dry","Going Straight","From adjacent lane (same direction) over right lane line","Unknown/Not Reported","Tracking","Stayed in original travel lane","SUV",0,0,1,1,1,1,0,5,2
400232,6,12,12,"Motor Vehicle In-Transport","Angle",1,2018,"CHEVROLET","CRUZE",998,"Disabling Damage",1,0,1,"Full Driver License","Valid","No",70,"Dry","Making a U-turn","Making a U-Turn","Unknown/Not Reported","Tracking","Stayed on roadway, but left original travel lane","5 HB",1,1,0,0,0,0,0,2,1
400235,6,13,10,"Railway Vehicle","The First Harmful Event was Not a Collision with a Motor Vehicle in Transport",1,2021,"JEEP","WRANGLER",998,"Disabling Damage",1,0,1,"Full Driver License","Valid","No",45,"Dry","Going Straight","Object in road","Unknown/Not Reported","Tracking","Stayed in original travel lane","SUV",0,0,1,0,2,2,0,0,1
400236,6,19,12,"Motor Vehicle In-Transport","Sideswipe - Opposite Direction",1,2021,"CHEVROLET","TRAX",998,"Disabling Damage",0,0,1,"Full Driver License","Valid","No",45,"Dry","Turning Left","Turning Left","Unknown/Not Reported","Tracking","Stayed in original travel lane","SUV",0,1,0,0,0,0,0,2,0
400240,6,10,12,"Motor Vehicle In-Transport","Front-to-Rear",1,2020,"TOYOTA","TUNDRA",998,"Minor Damage",0,0,1,"Full Driver License","Valid","No",65,"Dry","Going Straight","Other critical precrash event (specify:)","Unknown/Not Reported","Tracking","Stayed in original travel lane","PU/EC",0,2,1,1,1,1,0,5,2
400243,6,20,12,"Motor Vehicle In-Transport","Angle",2,2018,"TOYOTA","COROLLA",998,"Disabling Damage",1,0,1,"Full Driver License","Valid","No",65,"Dry","Going Straight","From crossing street, across path","Unknown/Not Reported","Tracking","Stayed in original travel lane","4 DR",0,1,1,1,1,1,0,5,2
400253,7,20,1,"Rollover/Overturn","The First Harmful Event was Not a Collision with a Motor Vehicle in Transport",1,2012,"TOYOTA","RAV4",998,"Disabling Damage",1,0,1,"Full Driver License","Valid","No",45,"Dry","Going Straight","Unknown cause of control loss","Unknown/Not Reported","Precrash stability unknown","Departed roadway","SUV",0,1,0,0,0,0,1,2,0
400257,7,22,12,"Motor Vehicle In-Transport","Front-to-Front",1,2012,"CHEVROLET","EQUINOX",998,"Disabling Damage",1,0,1,"Full Driver License","Valid","No",60,"Dry","Negotiating a Curve","Traveling in opposite direction","Unknown/Not Reported","Tracking","Stayed on roadway, not known if left original travel lane","SUV",0,0,0,1,0,0,1,2,1
400261,7,23,8,"Pedestrian","The First Harmful Event was Not a Collision with a Motor Vehicle in Transport",1,2013,"NISSAN","ALTIMA",998,"Minor Damage",0,0,1,"Full Driver License","Valid","No",40,"Dry","Going Straight","Pedestrian in road","No Avoidance Maneuver","Tracking","Stayed in original travel lane","2 DR",0,1,0,0,0,0,1,2,0
400269,6,1,8,"Pedestrian","The First Harmful Event was Not a Collision with a Motor Vehicle in Transport",1,2017,"FORD","MUSTANG",46,"Disabling Damage",0,0,1,"Full Driver License","Valid","No",45,"Dry","Going Straight","Pedestrian in road","No Avoidance Maneuver","Tracking","Stayed in original travel lane","C",0,0,1,0,0,0,0,1,1
400272,6,22,12,"Motor Vehicle In-Transport","Angle",3,2014,"CADILLAC","XTS",998,"Functional Damage",0,0,1,"Full Driver License","Valid","No",65,"Dry","Going Straight","Other critical precrash event (specify:)","Unknown/Not Reported","Tracking","Stayed in original travel lane","4 DR",0,1,0,0,2,2,1,3,0
400276,7,4,8,"Pedestrian","The First Harmful Event was Not a Collision with a Motor Vehicle in Transport",2,2018,"GMC","YUKON",998,"Disabling Damage",0,0,1,"Full Driver License","Valid","No",55,"Dry","Going Straight","Pedestrian in road","Unknown/Not Reported","Tracking","Stayed in original travel lane","SUV",0,1,0,1,2,2,0,2,1
400282,7,17,12,"Motor Vehicle In-Transport","Angle",2,2019,"LINCOLN","NAUTILUS",998,"Disabling Damage",1,0,1,"Full Driver License","Valid","No",40,"Dry","Going Straight","From driveway, turning into opposite direction","Unknown/Not Reported","Tracking","Stayed in original travel lane","SUV",1,1,1,1,1,1,0,6,3
400284,7,12,12,"Motor Vehicle In-Transport","Angle",1,2021,"FORD","ESCAPE",998,"Disabling Damage",1,0,1,"Full Driver License","Valid","No",45,"Dry","Going Straight","Crossing Over (Passing Through) Junction","Unknown/Not Reported","Tracking","Stayed in original travel lane","SUV",0,0,1,1,2,1,0,4,2
400284,7,12,12,"Motor Vehicle In-Transport","Angle",2,2022,"JEEP","WRANGLER",998,"Functional Damage",0,0,1,"Full Driver License","Valid","No",45,"Dry","Going Straight","From crossing street, across path","Unknown/Not Reported","Tracking","Stayed in original travel lane","SUV",1,0,1,0,2,2,0,1,2
400286,7,15,1,"Rollover/Overturn","The First Harmful Event was Not a Collision with a Motor Vehicle in Transport",1,2018,"LAND ROVER","DISCOVERY",998,"Minor Damage",0,0,1,"Full Driver License","Valid","No",25,"Dry","Turning Left","Turning Left","Unknown/Not Reported","Tracking","Stayed in original travel lane","SUV",0,1,1,1,1,1,0,4,2
400287,7,7,12,"Motor Vehicle In-Transport","Sideswipe - Opposite Direction",2,2015,"TOYOTA","RAV4",998,"Disabling Damage",0,0,1,"Full Driver License","Valid","No",40,"Dry","Going Straight","From opposite direction  over left lane line","Unknown/Not Reported","Tracking","Stayed in original travel lane","SUV",0,1,0,0,0,0,0,1,0
400287,7,7,12,"Motor Vehicle In-Transport","Sideswipe - Opposite Direction",4,2021,"BUICK","ENCORE",998,"Disabling Damage",1,0,1,"Full Driver License","Valid","No",40,"Dry","Going Straight","From opposite direction  over left lane line","Unknown/Not Reported","Tracking","Stayed in original travel lane","SUV",0,1,1,0,0,0,0,2,1
400288,7,21,12,"Motor Vehicle In-Transport","Front-to-Front",1,2014,"NISSAN","VERSA",998,"Disabling Damage",1,0,1,"Full Driver License","Valid","No",65,"Dry","Going Straight","From opposite direction  over left lane line","Unknown/Not Reported","Tracking","Stayed in original travel lane","4 DR",0,0,0,0,0,0,1,1,0
400291,5,22,12,"Motor Vehicle In-Transport","Front-to-Rear",1,2018,"FORD","ESCAPE",0,"Disabling Damage",0,0,1,"Full Driver License","Valid","No",40,"Dry","Stopped in Roadway","Traveling in same direction with higher speed","No Avoidance Maneuver","Tracking","Stayed in original travel lane","SUV",1,0,0,1,0,0,0,1,2
400294,7,12,12,"Motor Vehicle In-Transport","Angle",2,2012,"DODGE","GRAND CARAVAN",998,"Disabling Damage",1,0,1,"Full Driver License","Valid","No",65,"Dry","Going Straight","Over the lane line on left side of travel lane","Unknown/Not Reported","Tracking","Stayed on roadway, but left original travel lane","VAN",0,1,0,0,0,0,1,2,0
400301,8,6,57,"Cable Barrier","The First Harmful Event was Not a Collision with a Motor Vehicle in Transport",2,2021,"TOYOTA","COROLLA",998,"Disabling Damage",1,0,1,"Full Driver License","Valid","No",70,"Dry","Negotiating a Curve","Off the edge of the road on the right side","Unknown/Not Reported","Tracking","Departed roadway","4 DR",0,1,1,1,1,1,0,6,2
400309,7,16,12,"Motor Vehicle In-Transport","Front-to-Rear",1,2019,"INFINITI","QX50",998,"Disabling Damage",0,0,1,"Full Driver License","Valid","No",65,"Dry","Going Straight","Other vehicle stopped","Unknown/Not Reported","Tracking","Stayed in original travel lane","SUV",1,1,1,0,1,1,0,4,2
400309,7,16,12,"Motor Vehicle In-Transport","Front-to-Rear",1,2017,"DODGE","GRAND CARAVAN",0,"Minor Damage",0,0,1,"Full Driver License","Valid","No",65,"Dry","Stopped in Roadway","Traveling in same direction with higher speed","No Avoidance Maneuver","Tracking","Stayed in original travel lane","VAN",0,0,0,0,0,0,0,0,0
400318,8,18,12,"Motor Vehicle In-Transport","Front-to-Front",2,2012,"FORD","FOCUS",998,"Disabling Damage",1,0,1,"Full Driver License","Valid","No",65,"Dry","Going Straight","From opposite direction  over left lane line","Unknown/Not Reported","Tracking","Stayed on roadway, not known if left original travel lane","5 HB",0,1,0,0,0,0,1,2,0
400319,8,20,12,"Motor Vehicle In-Transport","Angle",1,2017,"CHEVROLET","TAHOE",998,"Disabling Damage",0,0,1,"Full Driver License","Valid","No",70,"Dry","Going Straight","From crossing street, across path","Unknown/Not Reported","Tracking","Stayed in original travel lane","SUV",1,1,0,0,2,0,0,2,1
400324,8,5,8,"Pedestrian","The First Harmful Event was Not a Collision with a Motor Vehicle in Transport",1,2012,"NISSAN","ROGUE",998,"No Damage",0,0,1,"Full Driver License","Valid","No",55,"Dry","Going Straight","Pedestrian in road","No Avoidance Maneuver","Tracking","Stayed in original travel lane","SUV",0,0,0,0,0,0,1,1,0
400327,8,7,21,"Bridge Pier or Support","The First Harmful Event was Not a Collision with a Motor Vehicle in Transport",1,2022,"GMC","YUKON",998,"Disabling Damage",1,0,1,"Full Driver License","Valid","No",70,"Dry","Going Straight","Off the edge of the road on the left side","No Avoidance Maneuver","Tracking","Departed roadway","SUV",1,1,0,0,0,0,0,2,1
400330,8,15,12,"Motor Vehicle In-Transport","Front-to-Rear",1,2016,"HONDA","CIVIC",0,"Disabling Damage",0,0,1,"Full Driver License","Valid","No",55,"Dry","Stopped in Roadway","Traveling in same direction with higher speed","No Avoidance Maneuver","Tracking","Stayed in original travel lane","4 DR",0,1,1,1,2,2,0,1,2
400330,8,15,12,"Motor Vehicle In-Transport","Front-to-Rear",1,2011,"MERCEDES-BENZ","C-CLASS",0,"Disabling Damage",0,0,1,"Full Driver License","Valid","No",55,"Dry","Stopped in Roadway","Traveling in same direction with higher speed","No Avoidance Maneuver","Tracking","Stayed in original travel lane","4 DR",0,1,0,0,0,0,1,3,0
400336,8,13,12,"Motor Vehicle In-Transport","Sideswipe - Opposite Direction",1,2017,"BUICK","ENCORE",998,"Functional Damage",0,0,1,"Full Driver License","Valid","No",25,"Dry","Going Straight","From opposite direction  over left lane line","Unknown/Not Reported","Tracking","Stayed in original travel lane","SUV",1,1,0,1,0,0,0,2,2
400340,8,7,8,"Pedestrian","The First Harmful Event was Not a Collision with a Motor Vehicle in Transport",1,2018,"CADILLAC","XT5",998,"Minor Damage",0,0,1,"Full Driver License","Valid","No",45,"Dry","Going Straight","Pedestrian in road","Braking","Tracking","Stayed in original travel lane","SUV",1,1,0,1,2,2,0,2,2
400342,8,18,12,"Motor Vehicle In-Transport","Angle",3,2020,"DODGE","JOURNEY",998,"Disabling Damage",1,0,1,"Full Driver License","Valid","No",45,"Dry","Going Straight","Crossing Over (Passing Through) Junction","No Avoidance Maneuver","Tracking","Stayed in original travel lane","SUV",0,2,0,0,0,0,0,0,0
400351,8,23,50,"Bridge Overhead Structure","The First Harmful Event was Not a Collision with a Motor Vehicle in Transport",3,2018,"TOYOTA","YARIS IA",998,"Disabling Damage",1,0,1,"Full Driver License","Valid","No",75,"Dry","Going Straight","Off the edge of the road on the right side","Unknown/Not Reported","Tracking","Departed roadway","4 DR",0,1,0,0,1,0,0,3,0
400352,8,15,1,"Rollover/Overturn","The First Harmful Event was Not a Collision with a Motor Vehicle in Transport",2,2016,"GMC","CANYON",998,"Disabling Damage",2,0,1,"Full Driver License","Valid","No",75,"Dry","Going Straight","From Parking Lane/Shoulder, Median/Crossover, Roadside","Unknown/Not Reported","Tracking","Stayed in original travel lane","PU/EC",0,1,1,1,0,0,0,1,2
400352,8,15,1,"Rollover/Overturn","The First Harmful Event was Not a Collision with a Motor Vehicle in Transport",1,2016,"JEEP","WRANGLER",998,"Disabling Damage",0,0,1,"Full Driver License","Valid","No",75,"Dry","Going Straight","From Parking Lane/Shoulder, Median/Crossover, Roadside","Unknown/Not Reported","Tracking","Stayed in original travel lane","4 DR",0,0,0,0,0,0,0,0,0
400352,8,15,1,"Rollover/Overturn","The First Harmful Event was Not a Collision with a Motor Vehicle in Transport",1,2018,"HONDA","ACCORD",998,"Disabling Damage",0,0,1,"Full Driver License","Valid","No",75,"Dry","Going Straight","From Parking Lane/Shoulder, Median/Crossover, Roadside","Unknown/Not Reported","Tracking","Stayed in original travel lane","4 DR",0,1,1,1,1,1,0,5,2
400352,8,15,1,"Rollover/Overturn","The First Harmful Event was Not a Collision with a Motor Vehicle in Transport",2,2019,"BUICK","ENCORE",998,"Disabling Damage",0,0,1,"Full Driver License","Valid","No",75,"Dry","Going Straight","From Parking Lane/Shoulder, Median/Crossover, Roadside","Unknown/Not Reported","Tracking","Stayed in original travel lane","SUV",1,1,0,1,0,0,0,2,2
400360,8,8,12,"Motor Vehicle In-Transport","Rear-to-Side",1,2012,"HYUNDAI","SONATA",998,"Disabling Damage",1,0,1,"Full Driver License","Valid","No",40,"Dry","Going Straight","Traveling in same direction with lower steady speed","Braking and steering right","Tracking","Stayed on roadway, not known if left original travel lane","4 DR",0,1,0,0,0,0,1,3,0
400363,8,6,12,"Motor Vehicle In-Transport","Front-to-Front",1,2012,"HYUNDAI","ELANTRA",998,"Disabling Damage",1,0,1,"Full Driver License","Valid","No",45,"Dry","Going Straight","Over the lane line on left side of travel lane","No Avoidance Maneuver","Tracking","Stayed on roadway, but left original travel lane","4 DR",0,0,0,0,0,0,1,1,0
400363,8,6,12,"Motor Vehicle In-Transport","Front-to-Front",1,2018,"CHEVROLET","COLORADO",998,"Disabling Damage",0,0,1,"Full Driver License","Valid","No",45,"Dry","Going Straight","From opposite direction  over left lane line","No Avoidance Maneuver","Tracking","Stayed in original travel lane","PU/EC",0,1,0,1,0,0,0,1,1
400364,8,8,9,"Pedalcyclist","The First Harmful Event was Not a Collision with a Motor Vehicle in Transport",1,2018,"CHEVROLET","EQUINOX",998,"Functional Damage",0,0,1,"Intermediate Driver License","Valid","No",45,"Dry","Going Straight","Unknown","Unknown/Not Reported","Tracking","Unknown","SUV",0,1,1,1,2,2,0,2,2
400365,8,20,12,"Motor Vehicle In-Transport","Front-to-Front",1,2021,"TESLA","MODEL 3",998,"Minor Damage",0,0,1,"Full Driver License","Valid","No",60,"Dry","Going Straight","Other critical precrash event (specify:)","Unknown/Not Reported","Tracking","Stayed in original travel lane","4 DR",1,1,1,1,1,1,0,6,3
400366,9,19,9,"Pedalcyclist","The First Harmful Event was Not a Collision with a Motor Vehicle in Transport",3,2015,"DODGE","JOURNEY",998,"Functional Damage",0,0,1,"Full Driver License","Valid","No",30,"Dry","Going Straight","Pedalcyclist or other non-motorist in road","No Avoidance Maneuver","Tracking","Stayed in original travel lane","SUV",0,0,0,0,0,0,0,0,0