"SERIAL_CRASH","MONTH","HOUR","HARM_EV","HARM_EVNAME","TYPE_OF_COLLIOSION","NUM_OF_PEOPLE","MOD_YEAR","VPICMAKENAME","VPICMODELNAME","TRAV_SP","DEFORMEDNAME","DEATHS","DR_DRINK","IS_DRIVER_PRESENT","L_TYPENAME","L_STATUSNAME","SPEEDRELNAME","VSPD_LIM","VSURCONDNAME","P_CRASH1NAME","P_CRASH2NAME","P_CRASH3NAME","PCRASH4NAME","PCRASH5NAME","BODY_STYLE","BLIND_SPOT_DETECTION","ARS","FRNT_COLLISION_WARNING","LANE_DEPARTURE_WARNING","CRASH_IMMINENT_BRAKE","DYNAMIC_BRAKE_SUPPORT","NHTSA_ESC","SAFETY_COUNT","notification_count"
410356,8,15,12,"Motor Vehicle In-Transport","Angle",3,2018,"HONDA","CR-V",5,"Damage Reported, Extent Unknown",0,0,1,"Full Driver License","Valid","No",55,"Dry","Turning Left","Turning Left","Accelerating","Tracking","Stayed in original travel lane","SUV",0,1,1,0,2,2,0,1,1
410361,8,17,12,"Motor Vehicle In-Transport","Front-to-Front",1,2011,"SUBARU","OUTBACK",998,"Disabling Damage",0,0,1,"Full Driver License","Valid","No",55,"Dry","Negotiating a Curve","Over the lane line on left side of travel lane","Unknown/Not Reported","Tracking","Stayed on roadway, but left original travel lane","SUV",0,2,0,0,0,0,1,1,0
410361,8,17,12,"Motor Vehicle In-Transport","Front-to-Front",1,2016,"HYUNDAI","VELOSTER",998,"Disabling Damage",1,0,1,"Full Driver License","Valid","No",55,"Dry","Negotiating a Curve","From opposite direction  over left lane line","Unknown/Not Reported","Tracking","Stayed in original travel lane","3C",0,1,0,0,0,0,0,1,0
410361,8,17,12,"Motor Vehicle In-Transport","Front-to-Front",1,2022,"CHRYSLER","PACIFICA",998,"Damage Reported, Extent Unknown",0,0,1,"Full Driver License","Valid","No",55,"Dry","Negotiating a Curve","From opposite direction  over left lane line","Unknown/Not Reported","Tracking","Stayed in original travel lane","MV",1,1,1,1,1,1,0,7,3
410368,9,17,12,"Motor Vehicle In-Transport","Sideswipe - Same Direction",2,2013,"FORD","ESCAPE",998,"Damage Reported, Extent Unknown",0,0,1,"Full Driver License","Valid","No",30,"Dry","Passing or Overtaking Another Vehicle","Over the lane line on right side of travel lane","No Avoidance Maneuver","Tracking","Stayed on roadway, but left original travel lane","SUV",0,0,0,0,0,0,1,1,0
410369,9,13,12,"Motor Vehicle In-Transport","Front-to-Front",1,2012,"NISSAN","FRONTIER",999,"Disabling Damage",1,0,1,"Full Driver License","Valid","No",55,"Dry","Negotiating a Curve","From opposite direction  over left lane line","Unknown/Not Reported","Tracking","Stayed in original travel lane","PU/EC",0,0,0,0,0,0,1,1,0
410370,9,17,12,"Motor Vehicle In-Transport","Front-to-Front",1,2019,"TOYOTA","TACOMA",55,"Disabling Damage",0,0,1,"Full Driver License","Valid","No",55,"Dry","Negotiating a Curve","From opposite direction  over left lane line","Braking and steering left","Tracking","Stayed in original travel lane","PU/EC",1,1,1,1,1,1,0,5,3
410371,9,7,12,"Motor Vehicle In-Transport","Angle",1,2019,"TOYOTA","HIGHLANDER",45,"Damage Reported, Extent Unknown",0,0,1,"Full Driver License","Valid","No",45,"Dry","Going Straight","From opposite direction  over left lane line","Unknown/Not Reported","Tracking","Stayed in original travel lane","SUV",1,1,1,1,1,1,0,5,3
410373,9,14,12,"Motor Vehicle In-Transport","Angle",1,2016,"RAM","1500",999,"Damage Reported, Extent Unknown",0,0,1,"Full Driver License","Valid","No",55,"Dry","Turning Left","Turning Left","Unknown/Not Reported","Tracking","Stayed in original travel lane","PU/RC",0,0,0,0,0,0,0,0,0
410374,8,12,12,"Motor Vehicle In-Transport","Angle",1,2012,"KIA","FORTE",55,"Disabling Damage",1,0,1,"Full Driver License","Valid","No",55,"Dry","Going Straight","From crossing street, across path","Unknown/Not Reported","Tracking","Stayed in original travel lane","4 DR",0,0,0,0,0,0,1,1,0
410377,9,17,12,"Motor Vehicle In-Transport","Front-to-Rear",1,2013,"CHEVROLET","SPARK",998,"Disabling Damage",1,0,1,"Full Driver License","Valid","No",50,"Dry","Changing Lanes","Over the lane line on right side of travel lane","Unknown/Not Reported","Tracking","Stayed on roadway, but left original travel lane","5 HB",0,1,0,0,0,0,1,3,0
410377,9,17,12,"Motor Vehicle In-Transport","Front-to-Rear",2,2019,"JEEP","GRAND CHEROKEE",50,"Damage Reported, Extent Unknown",0,0,1,"Full Driver License","Valid","No",50,"Dry","Going Straight","From opposite direction  over left lane line","Unknown/Not Reported","Tracking","Stayed in original travel lane","SUV",0,0,0,1,2,2,0,0,1
410389,9,5,9,"Pedalcyclist","The First Harmful Event was Not a Collision with a Motor Vehicle in Transport",1,2012,"MAZDA","CX-7",998,"Damage Reported, Extent Unknown",0,0,1,"Full Driver License","Valid","No",98,"Dry","Going Straight","Pedalcyclist or other non-motorist in road","No Avoidance Maneuver","Tracking","Stayed in original travel lane","SUV",0,1,0,0,0,0,1,2,0
410392,9,16,12,"Motor Vehicle In-Transport","Front-to-Front",1,2020,"NISSAN","VERSA",999,"Disabling Damage",1,0,1,"Full Driver License","Valid","No",50,"Dry","Going Straight","From opposite direction  over left lane line","Unknown/Not Reported","Tracking","Stayed in original travel lane","4 DR",0,0,1,1,1,1,0,4,2
410396,9,9,12,"Motor Vehicle In-Transport","Angle",2,2020,"TESLA","MODEL Y",40,"Damage Reported, Extent Unknown",0,0,1,"Full Driver License","Valid","No",40,"Dry","Going Straight","From crossing street, across path","Braking","Tracking","Stayed in original travel lane","SUV",1,1,1,1,1,1,0,6,3
410397,9,17,12,"Motor Vehicle In-Transport","Front-to-Rear",1,2019,"SUBARU","FORESTER",0,"Damage Reported, Extent Unknown",0,0,1,"Full Driver License","Valid","No",65,"Dry","Stopped in Roadway","Traveling in same direction with higher speed","No Avoidance Maneuver","Tracking","Stayed in original travel lane","SUV",1,0,1,1,1,1,0,4,3
410409,10,14,15,"Non-Motorist on Personal Conveyance","The First Harmful Event was Not a Collision with a Motor Vehicle in Transport",2,2017,"RAM","1500",5,"Damage Reported, Extent Unknown",0,0,1,"Full Driver License","Valid","No",25,"Dry","Going Straight","Pedalcyclist or other non-motorist in road","No Avoidance Maneuver","Tracking","Stayed in original travel lane","PU/EC",0,0,0,0,0,0,0,0,0
410410,10,7,12,"Motor Vehicle In-Transport","Front-to-Front",2,2016,"HONDA","PILOT",998,"Disabling Damage",1,0,1,"Full Driver License","Valid","No",45,"Dry","Going Straight","From crossing street, intended path not known","Unknown/Not Reported","Tracking","Stayed in original travel lane","SUV",1,1,1,0,2,2,0,1,2
410416,10,12,12,"Motor Vehicle In-Transport","Angle",1,2018,"TOYOTA","C-HR",10,"Damage Reported, Extent Unknown",0,0,1,"Full Driver License","Valid","No",55,"Dry","Turning Left","Turning Left","Unknown/Not Reported","Tracking","Stayed in original travel lane","5 HB",0,1,1,1,1,1,0,5,2
410417,8,13,12,"Motor Vehicle In-Transport","Front-to-Rear",1,2016,"CHEVROLET","CAMARO",0,"Damage Reported, Extent Unknown",0,0,1,"Full Driver License","Valid","No",25,"Dry","Stopped in Roadway","Traveling in same direction with higher speed","No Avoidance Maneuver","Tracking","Stayed in original travel lane","C",0,1,0,0,0,0,0,2,0
410418,8,20,12,"Motor Vehicle In-Transport","Front-to-Front",2,2018,"TOYOTA","PRIUS PRIME",998,"Disabling Damage",1,0,1,"Full Driver License","Valid","No",50,"Dry","Negotiating a Curve","From opposite direction  over left lane line","Unknown/Not Reported","Tracking","Stayed in original travel lane","5 HB",0,1,1,1,1,1,0,5,2
410419,10,22,8,"Pedestrian","The First Harmful Event was Not a Collision with a Motor Vehicle in Transport",2,2013,"CHEVROLET","CRUZE",38,"Damage Reported, Extent Unknown",0,0,1,"Full Driver License","Valid","No",35,"Dry","Going Straight","Pedestrian in road","Unknown/Not Reported","Tracking","Stayed in original travel lane","4 DR",0,2,0,0,0,0,1,2,0
410427,10,19,12,"Motor Vehicle In-Transport","Sideswipe - Opposite Direction",4,2014,"TOYOTA","RAV4",999,"Disabling Damage",4,0,1,"Full Driver License","Valid","No",55,"Dry","Negotiating a Curve","From opposite direction  over left lane line","Unknown/Not Reported","Tracking","Stayed in original travel lane","SUV",1,0,0,0,0,0,1,1,1
410434,10,14,12,"Motor Vehicle In-Transport","Front-to-Front",1,2022,"GENESIS","GV80",998,"Damage Reported, Extent Unknown",0,0,1,"Full Driver License","Valid","No",98,"Dry","Negotiating a Curve","Over the lane line on left side of travel lane","Unknown/Not Reported","Tracking","Stayed on roadway, but left original travel lane","SUV",1,1,1,1,1,1,0,7,3
410434,10,14,12,"Motor Vehicle In-Transport","Front-to-Front",1,2011,"KIA","SOUL",998,"Disabling Damage",1,0,1,"Full Driver License","Valid","No",98,"Dry","Negotiating a Curve","From opposite direction  over left lane line","Unknown/Not Reported","Tracking","Stayed in original travel lane","SUV",0,0,0,0,0,0,1,1,0
410442,10,12,8,"Pedestrian","The First Harmful Event was Not a Collision with a Motor Vehicle in Transport",2,2012,"HONDA","CR-V",65,"Damage Reported, Extent Unknown",0,0,1,"Full Driver License","Valid","No",65,"Dry","Going Straight","Pedestrian in road","Unknown/Not Reported","Tracking","Stayed in original travel lane","SUV",0,0,0,0,0,0,1,1,0
410444,10,14,1,"Rollover/Overturn","The First Harmful Event was Not a Collision with a Motor Vehicle in Transport",2,2014,"CHEVROLET","EQUINOX",55,"Disabling Damage",1,0,1,"Full Driver License","Valid","No",55,"Dry","Going Straight","Off the edge of the road on the left side","Unknown/Not Reported","Tracking","Departed roadway","SUV",0,1,1,1,0,0,1,3,2
410448,9,16,9,"Pedalcyclist","The First Harmful Event was Not a Collision with a Motor Vehicle in Transport",1,2015,"HONDA","FIT",10,"Damage Reported, Extent Unknown",0,0,1,"Full Driver License","Valid","No",25,"Dry","Going Straight","Pedalcyclist or other non-motorist in road","Unknown/Not Reported","Tracking","Stayed in original travel lane","5 HB",0,1,0,0,0,0,0,1,0
410450,10,15,12,"Motor Vehicle In-Transport","Front-to-Rear",2,2013,"VOLKSWAGEN","GOLF",998,"Damage Reported, Extent Unknown",0,0,1,"Full Driver License","Valid","No",50,"Dry","Going Straight","Traveling in same direction with higher speed","Unknown/Not Reported","Tracking","Stayed in original travel lane","4 DR",0,0,0,0,0,0,1,1,0
410450,10,15,12,"Motor Vehicle In-Transport","Front-to-Rear",1,2017,"HONDA","CIVIC",998,"Damage Reported, Extent Unknown",0,0,1,"Full Driver License","Valid","No",50,"Dry","Going Straight","Traveling in same direction with higher speed","Unknown/Not Reported","Tracking","Stayed in original travel lane","2 DR",0,1,0,1,2,2,0,1,1
410453,10,17,12,"Motor Vehicle In-Transport","Angle",2,2019,"HONDA","PILOT",22,"Disabling Damage",2,0,1,"Full Driver License","Valid","No",45,"Dry","Turning Left","Turning Left","Unknown/Not Reported","Tracking","Stayed in original travel lane","SUV",1,1,1,1,1,1,0,5,3
410454,10,16,12,"Motor Vehicle In-Transport","Angle",1,2018,"SUBARU","FORESTER",998,"Damage Reported, Extent Unknown",0,0,1,"Full Driver License","Valid","No",98,"Dry","Going Straight","From crossing street, across path","Unknown/Not Reported","Tracking","Stayed in original travel lane","SUV",1,0,0,0,2,2,0,0,1
410455,9,21,8,"Pedestrian","The First Harmful Event was Not a Collision with a Motor Vehicle in Transport",1,2018,"FORD","FUSION",998,"Damage Reported, Extent Unknown",0,0,1,"Full Driver License","Valid","No",98,"Dry","Going Straight","Pedestrian in road","Braking and Unknown Steering Direction","Tracking","Stayed in original travel lane","4 DR",1,1,0,0,2,2,0,2,1
410456,10,14,12,"Motor Vehicle In-Transport","Front-to-Rear",1,2015,"FORD","TRANSIT",999,"Damage Reported, Extent Unknown",1,0,1,"Full Driver License","Valid","No",60,"Dry","Going Straight","Traveling in same direction while decelerating","Unknown/Not Reported","Tracking","Stayed in original travel lane","VAN",0,1,0,0,0,0,0,1,0
410457,10,14,12,"Motor Vehicle In-Transport","Angle",2,2016,"HYUNDAI","SANTA FE",999,"Damage Reported, Extent Unknown",1,0,1,"Full Driver License","Valid","No",55,"Dry","Turning Left","Turning Left","Unknown/Not Reported","Tracking","Stayed in original travel lane","SUV",0,1,0,0,0,0,0,2,0
410458,10,19,12,"Motor Vehicle In-Transport","Front-to-Front",1,2018,"MERCEDES-BENZ","C-CLASS",999,"Damage Reported, Extent Unknown",1,0,1,"Full Driver License","Valid","No",50,"Dry","Going Straight","Other vehicle stopped","Unknown/Not Reported","Tracking","Stayed in original travel lane","2 DR",1,1,1,0,1,1,0,4,2
410465,11,17,12,"Motor Vehicle In-Transport","Front-to-Front",3,2014,"TOYOTA","CAMRY",998,"Disabling Damage",1,0,1,"Full Driver License","Valid","No",55,"Dry","Passing or Overtaking Another Vehicle","Over the lane line on left side of travel lane","Unknown/Not Reported","Tracking","Stayed on roadway, but left original travel lane","4 DR",0,0,0,0,0,0,1,1,0
410465,11,17,12,"Motor Vehicle In-Transport","Front-to-Front",1,2011,"FORD","EXPLORER",55,"Disabling Damage",0,0,1,"Full Driver License","Valid","No",55,"Dry","Going Straight","From opposite direction  over left lane line","Braking and Unknown Steering Direction","Tracking","Stayed in original travel lane","SUV",0,1,1,0,0,0,1,2,1
410468,11,6,8,"Pedestrian","The First Harmful Event was Not a Collision with a Motor Vehicle in Transport",1,2018,"TOYOTA","TACOMA",998,"Damage Reported, Extent Unknown",0,0,1,"Full Driver License","Valid","No",98,"Dry","Going Straight","Pedestrian in road","Unknown/Not Reported","Tracking","Stayed in original travel lane","PU/CC",1,1,1,1,1,1,0,5,3
410471,6,12,12,"Motor Vehicle In-Transport","Front-to-Front",1,2018,"CHRYSLER","300",35,"Damage Reported, Extent Unknown",0,0,1,"Full Driver License","Valid","No",98,"Dry","Negotiating a Curve","From opposite direction  over left lane line","Steering right","Tracking","Stayed in original travel lane","4 DR",1,0,0,1,2,2,0,0,2
410476,8,23,8,"Pedestrian","The First Harmful Event was Not a Collision with a Motor Vehicle in Transport",1,2015,"KIA","OPTIMA",998,"Damage Reported, Extent Unknown",0,0,1,"Full Driver License","Valid","No",55,"Dry","Going Straight","Pedestrian in road","No Avoidance Maneuver","Tracking","Stayed in original travel lane","4 DR",1,1,0,0,0,0,0,1,1
410480,9,17,34,"Ditch","The First Harmful Event was Not a Collision with a Motor Vehicle in Transport",2,2012,"SUBARU","OUTBACK",40,"Disabling Damage",1,0,1,"Full Driver License","Valid","No",45,"Dry","Negotiating a Curve","Animal in road","Other actions (specify:)","Tracking","Departed roadway","SUV",0,0,0,0,0,0,1,1,0
410484,11,17,12,"Motor Vehicle In-Transport","Angle",1,2023,"SUBARU","OUTBACK",5,"Disabling Damage",0,0,1,"Full Driver License","Valid","No",35,"Dry","Turning Left","Turning Left","Unknown/Not Reported","Tracking","Stayed in original travel lane","SW",0,1,1,1,1,1,0,5,2
410488,11,11,9,"Pedalcyclist","The First Harmful Event was Not a Collision with a Motor Vehicle in Transport",2,2013,"MAZDA","MAZDA5",35,"Damage Reported, Extent Unknown",0,0,1,"Full Driver License","Valid","No",55,"Dry","Going Straight","Pedalcyclist or other non-motorist in road","Braking","Tracking","Stayed in original travel lane","SW",0,1,0,0,0,0,1,2,0
410489,11,18,12,"Motor Vehicle In-Transport","Angle",1,2014,"FORD","TRANSIT CONNECT",19,"Damage Reported, Extent Unknown",0,0,1,"Full Driver License","Valid","No",35,"Dry","Turning Left","Turning Left","Unknown/Not Reported","Tracking","Stayed in original travel lane","VAN",0,0,0,0,0,0,1,1,0
410491,11,14,12,"Motor Vehicle In-Transport","Angle",1,2019,"HYUNDAI","ELANTRA",999,"Damage Reported, Extent Unknown",0,0,1,"Full Driver License","Valid","No",50,"Dry","Turning Left","Turning Left","Unknown/Not Reported","Tracking","Stayed in original travel lane","4 DR",0,2,1,0,2,2,0,0,1
410497,11,5,12,"Motor Vehicle In-Transport","Front-to-Rear",4,2023,"KIA","SORENTO",998,"Disabling Damage",1,0,1,"Full Driver License","Valid","No",70,"Dry","Going Straight","Traveling in same direction with higher speed","Unknown/Not Reported","Tracking","Stayed in original travel lane","SUV",1,0,1,1,1,1,0,5,3
410498,11,8,12,"Motor Vehicle In-Transport","Angle",2,2023,"KIA","NIRO",999,"Disabling Damage",1,0,1,"Full Driver License","Valid","No",55,"Dry","Turning Left","Turning Left","No Avoidance Maneuver","Tracking","Stayed in original travel lane","SUV",1,0,1,1,1,1,0,5,3
410498,11,8,12,"Motor Vehicle In-Transport","Angle",1,2014,"SUBARU","OUTBACK",60,"Disabling Damage",0,0,1,"Full Driver License","Valid","No",55,"Dry","Going Straight","From crossing street, turning into opposite direction","Braking","Tracking","Stayed in original travel lane","SUV",0,1,1,1,2,2,1,2,2
410498,11,8,12,"Motor Vehicle In-Transport","Angle",1,2017,"SUBARU","OUTBACK",60,"Damage Reported, Extent Unknown",0,0,1,"Full Driver License","Valid","No",55,"Dry","Going Straight","From crossing street, turning into same direction","Unknown/Not Reported","Tracking","Stayed in original travel lane","SW",0,0,1,1,2,2,0,0,2
410501,11,20,8,"Pedestrian","The First Harmful Event was Not a Collision with a Motor Vehicle in Transport",1,2020,"VOLKSWAGEN","TIGUAN",35,"Damage Reported, Extent Unknown",0,0,1,"Full Driver License","Valid","No",45,"Dry","Going Straight","Pedestrian in road","Unknown/Not Reported","Tracking","Stayed in original travel lane","SUV",1,1,1,0,1,1,0,5,2
410509,11,19,8,"Pedestrian","The First Harmful Event was Not a Collision with a Motor Vehicle in Transport",1,2011,"HYUNDAI","ELANTRA",40,"Damage Reported, Extent Unknown",0,0,1,"Full Driver License","Valid","No",40,"Dry","Going Straight","Pedestrian in road","Unknown/Not Reported","Tracking","Stayed in original travel lane","4 DR",0,2,0,0,0,0,1,1,0
410513,11,16,8,"Pedestrian","The First Harmful Event was Not a Collision with a Motor Vehicle in Transport",1,2011,"FORD","EXPLORER",45,"Damage Reported, Extent Unknown",0,0,1,"Full Driver License","Valid","No",55,"Dry","Going Straight","Pedestrian in road","No Avoidance Maneuver","Tracking","Stayed in original travel lane","SUV",0,1,1,0,0,0,1,2,1
410515,11,16,8,"Pedestrian","The First Harmful Event was Not a Collision with a Motor Vehicle in Transport",1,2016,"RAM","1500",35,"Damage Reported, Extent Unknown",0,0,1,"Full Driver License","Valid","No",35,"Dry","Changing Lanes","Pedestrian in road","No Avoidance Maneuver","Tracking","Stayed on roadway, but left original travel lane","PU/RC",0,0,0,0,0,0,0,0,0
410526,12,9,59,"Traffic Sign Support","The First Harmful Event was Not a Collision with a Motor Vehicle in Transport",1,2018,"JEEP","CHEROKEE",998,"Disabling Damage",1,0,1,"Full Driver License","Valid","No",55,"Dry","Going Straight","Off the edge of the road on the right side","Unknown/Not Reported","Tracking","Departed roadway","SUV",1,0,0,1,2,2,0,0,2
410529,12,19,12,"Motor Vehicle In-Transport","Front-to-Front",2,2012,"JEEP","GRAND CHEROKEE",68,"Disabling Damage",1,0,1,"Full Driver License","Valid","No",65,"Dry","Going Straight","From opposite direction  over left lane line","Unknown/Not Reported","Tracking","Stayed in original travel lane","SUV",0,1,0,0,0,0,1,2,0
410533,5,14,9,"Pedalcyclist","The First Harmful Event was Not a Collision with a Motor Vehicle in Transport",1,2023,"KIA","SOUL",30,"Damage Reported, Extent Unknown",0,0,1,"Full Driver License","Valid","No",35,"Dry","Going Straight","Pedalcyclist or other non-motorist in road","Unknown/Not Reported","Tracking","Stayed in original travel lane","SUV",1,2,1,1,1,1,0,4,3
410537,11,8,16,"Thrown or Falling Object","The First Harmful Event was Not a Collision with a Motor Vehicle in Transport",2,2019,"FORD","ESCAPE",998,"Disabling Damage",1,0,1,"Full Driver License","Valid","No",98,"Dry","Going Straight","Other critical precrash event (specify:)","No Avoidance Maneuver","Tracking","Stayed in original travel lane","SUV",1,0,1,1,0,2,0,1,3
410546,12,17,8,"Pedestrian","The First Harmful Event was Not a Collision with a Motor Vehicle in Transport",1,2021,"TOYOTA","RAV4",998,"Damage Reported, Extent Unknown",0,0,1,"Full Driver License","Valid","No",98,"Dry","Going Straight","Pedestrian in road","Unknown/Not Reported","Tracking","Stayed in original travel lane","SUV",1,1,1,1,1,1,0,6,3
410549,12,19,12,"Motor Vehicle In-Transport","Angle",2,2019,"TOYOTA","PRIUS",45,"Disabling Damage",0,0,1,"Full Driver License","Valid","No",50,"Dry","Going Straight","From crossing street, across path","Unknown/Not Reported","Tracking","Stayed in original travel lane","5 HB",0,1,1,1,1,1,0,5,2
410558,12,16,12,"Motor Vehicle In-Transport","Angle",1,2020,"BMW","X2",35,"Damage Reported, Extent Unknown",0,0,1,"Full Driver License","Valid","No",35,"Dry","Going Straight","From crossing street, across path","Unknown/Not Reported","Tracking","Stayed in original travel lane","SUV",0,1,1,1,1,1,0,6,2
410565,9,20,8,"Pedestrian","The First Harmful Event was Not a Collision with a Motor Vehicle in Transport",1,2015,"CHEVROLET","EQUINOX",36,"Damage Reported, Extent Unknown",0,0,1,"Full Driver License","Valid","No",35,"Dry","Going Straight","Pedestrian in road","Braking","Tracking","Stayed in original travel lane","SUV",0,1,0,0,0,0,0,2,0
410573,12,20,8,"Pedestrian","The First Harmful Event was Not a Collision with a Motor Vehicle in Transport",1,2015,"DODGE","DART",998,"Damage Reported, Extent Unknown",0,0,1,"Full Driver License","Valid","No",45,"Dry","Going Straight","Traveling in same direction while decelerating","Unknown/Not Reported","Tracking","Stayed in original travel lane","4 DR",0,0,0,0,0,0,0,0,0
420003,1,13,12,"Motor Vehicle In-Transport","Angle",1,2020,"TOYOTA","COROLLA",10,"Disabling Damage",0,0,1,"Full Driver License","Valid","No",98,"Dry","Turning Right","From crossing street, across path","Unknown/Not Reported","Precrash stability unknown","Unknown","5 HB",1,1,1,1,1,1,0,6,3
420012,1,18,14,"Parked Motor Vehicle","The First Harmful Event was Not a Collision with a Motor Vehicle in Transport",2,2012,"CHEVROLET","CRUZE",25,"Disabling Damage",1,0,1,"Full Driver License","Valid","No",25,"Dry","Going Straight","Over the lane line on right side of travel lane","Unknown/Not Reported","Tracking","Departed roadway","4 DR",0,0,0,0,0,0,1,2,0
420013,1,16,12,"Motor Vehicle In-Transport","Angle",1,2019,"FORD","FUSION",999,"Disabling Damage",0,0,1,"Full Driver License","Valid","No",98,"Dry","Turning Left","From crossing street, across path","Unknown/Not Reported","Tracking","Stayed in original travel lane","4 DR",0,1,1,1,1,1,0,6,2
420015,1,14,12,"Motor Vehicle In-Transport","Angle",2,2012,"CHRYSLER","TOWN AND COUNTRY",999,"Disabling Damage",0,0,1,"Full Driver License","Valid","No",35,"Dry","Going Straight","From crossing street, across path","Unknown/Not Reported","Tracking","Stayed in original travel lane","VAN",1,1,0,0,0,0,1,2,1
420021,1,13,12,"Motor Vehicle In-Transport","Front-to-Rear",1,2016,"CHEVROLET","IMPALA",10,"Disabling Damage",0,0,1,"Full Driver License","Valid","No",55,"Dry","Decelerating in Road","Traveling in same direction with higher speed","Unknown/Not Reported","Tracking","Stayed in original travel lane","4 DR",0,1,0,1,2,0,0,2,1
420027,1,16,12,"Motor Vehicle In-Transport","Front-to-Rear",1,2019,"FORD","ECOSPORT",999,"Disabling Damage",0,0,1,"Full Driver License","Valid","No",55,"Dry","Turning Left","Turning Left","Unknown/Not Reported","Tracking","Stayed in original travel lane","SUV",0,0,0,0,0,0,0,0,0
420033,1,5,8,"Pedestrian","The First Harmful Event was Not a Collision with a Motor Vehicle in Transport",1,2015,"FORD","MUSTANG",40,"Minor Damage",0,0,1,"Full Driver License","Valid","No",20,"Dry","Merging","Pedestrian in road","Unknown/Not Reported","Tracking","Stayed in original travel lane","2 DR",1,1,0,0,0,0,0,1,1
420034,1,17,8,"Pedestrian","The First Harmful Event was Not a Collision with a Motor Vehicle in Transport",1,2017,"HONDA","PILOT",55,"Disabling Damage",0,0,1,"Full Driver License","Valid","No",55,"Dry","Going Straight","Pedestrian in road","No Avoidance Maneuver","Tracking","Stayed in original travel lane","SUV",1,1,1,0,2,2,0,1,2
420037,1,17,12,"Motor Vehicle In-Transport","Front-to-Rear",1,2019,"BMW","X7",10,"Disabling Damage",0,0,1,"Full Driver License","Valid","No",45,"Dry","Starting in Road","Traveling in same direction with higher speed","Unknown/Not Reported","Tracking","Stayed in original travel lane","SUV",1,1,1,1,1,1,0,7,3
420039,1,16,12,"Motor Vehicle In-Transport","Front-to-Front",1,2020,"HONDA","CIVIC",999,"Disabling Damage",1,0,1,"Full Driver License","Valid","No",35,"Dry","Negotiating a Curve","Over the lane line on left side of travel lane","Unknown/Not Reported","Tracking","Stayed on roadway, but left original travel lane","4 DR",0,1,1,1,1,1,0,5,2
420039,1,16,12,"Motor Vehicle In-Transport","Front-to-Front",3,2014,"MAZDA","CX-5",999,"Minor Damage",0,0,1,"Full Driver License","Valid","No",35,"Dry","Negotiating a Curve","From opposite direction  over left lane line","Unknown/Not Reported","Tracking","Stayed in original travel lane","SUV",0,1,0,0,2,0,1,2,0
420041,1,16,12,"Motor Vehicle In-Transport","Front-to-Front",1,2011,"LINCOLN","MKX",50,"Disabling Damage",0,0,1,"Full Driver License","Valid","No",55,"Dry","Going Straight","From opposite direction  over left lane line","Braking and steering right","Tracking","Departed roadway","SUV",0,1,1,0,0,0,1,3,1
420044,1,14,12,"Motor Vehicle In-Transport","Front-to-Rear",1,2016,"HYUNDAI","SANTA FE",15,"Disabling Damage",1,0,1,"Full Driver License","Valid","No",25,"Dry","Decelerating in Road","Traveling in same direction with higher speed","Unknown/Not Reported","Tracking","Stayed in original travel lane","SUV",1,1,0,0,0,0,0,2,1
420047,1,6,12,"Motor Vehicle In-Transport","Front-to-Front",1,2020,"GMC","TERRAIN",40,"Disabling Damage",1,0,1,"Full Driver License","Valid","No",40,"Dry","Going Straight","Traveling in opposite direction","Unknown/Not Reported","Precrash stability unknown","Unknown","SUV",0,0,1,1,1,1,0,5,2
420047,1,6,12,"Motor Vehicle In-Transport","Front-to-Front",1,2015,"LINCOLN","MKC",40,"Functional Damage",0,0,1,"Full Driver License","Valid","No",40,"Dry","Going Straight","Traveling in opposite direction","Unknown/Not Reported","Precrash stability unknown","Unknown","SUV",0,1,1,0,0,0,0,2,1
420048,2,16,12,"Motor Vehicle In-Transport","Angle",1,2018,"CHEVROLET","TRAVERSE",0,"Functional Damage",0,0,1,"Full Driver License","Valid","No",35,"Dry","Stopped in Roadway","From crossing street, turning into opposite direction","No Avoidance Maneuver","Tracking","Stayed in original travel lane","SUV",0,1,0,1,2,2,0,2,1
420056,1,20,8,"Pedestrian","The First Harmful Event was Not a Collision with a Motor Vehicle in Transport",2,2015,"HYUNDAI","SONATA",35,"Functional Damage",0,0,1,"Full Driver License","Valid","No",35,"Dry","Going Straight","Pedestrian in road","Unknown/Not Reported","Tracking","Stayed in original travel lane","4 DR",0,1,1,0,0,0,0,1,1
420057,1,21,12,"Motor Vehicle In-Transport","Angle",1,2022,"MITSUBISHI","OUTLANDER",10,"Disabling Damage",1,0,1,"Full Driver License","Valid","No",55,"Dry","Going Straight","Crossing Over (Passing Through) Junction","Unknown/Not Reported","Tracking","Stayed in original travel lane","SUV",1,0,1,1,1,1,0,5,3
420063,1,14,1,"Rollover/Overturn","The First Harmful Event was Not a Collision with a Motor Vehicle in Transport",2,2014,"NISSAN","ROGUE SELECT",999,"Disabling Damage",1,0,1,"Full Driver License","Valid","No",40,"Dry","Turning Right","Traveling Too Fast for Conditions or Road Configuration","Braking","Skidding longitudinally  rotation less than 30 degrees","Departed roadway","SUV",0,1,0,0,0,0,1,2,0
420077,2,21,12,"Motor Vehicle In-Transport","Sideswipe - Opposite Direction",3,2013,"TOYOTA","RAV4",999,"Disabling Damage",0,0,1,"Full Driver License","Valid","No",55,"Dry","Negotiating a Curve","From opposite direction  over left lane line","Steering right","Tracking","Stayed in original travel lane","SUV",0,0,0,0,0,0,1,1,0