"SERIAL_CRASH","MONTH","HOUR","HARM_EV","HARM_EVNAME","TYPE_OF_COLLIOSION","NUM_OF_PEOPLE","MOD_YEAR","VPICMAKENAME","VPICMODELNAME","TRAV_SP","DEFORMEDNAME","DEATHS","DR_DRINK","IS_DRIVER_PRESENT","L_TYPENAME","L_STATUSNAME","SPEEDRELNAME","VSPD_LIM","VSURCONDNAME","P_CRASH1NAME","P_CRASH2NAME","P_CRASH3NAME","PCRASH4NAME","PCRASH5NAME","BODY_STYLE","BLIND_SPOT_DETECTION","ARS","FRNT_COLLISION_WARNING","LANE_DEPARTURE_WARNING","CRASH_IMMINENT_BRAKE","DYNAMIC_BRAKE_SUPPORT","NHTSA_ESC","SAFETY_COUNT","notification_count"
420077,2,21,12,"Motor Vehicle In-Transport","Sideswipe - Opposite Direction",2,2019,"SUBARU","FORESTER",999,"Disabling Damage",1,0,1,"Full Driver License","Valid","No",55,"Dry","Negotiating a Curve","From opposite direction  over left lane line","Unknown/Not Reported","Tracking","Stayed on roadway, but left original travel lane","SUV",0,0,1,1,1,1,0,4,2
420084,1,18,8,"Pedestrian","The First Harmful Event was Not a Collision with a Motor Vehicle in Transport",1,2018,"HONDA","HR-V",999,"Functional Damage",0,0,1,"Full Driver License","Valid","No",50,"Dry","Going Straight","Pedestrian in road","Unknown/Not Reported","Tracking","Stayed in original travel lane","SUV",0,1,0,0,0,0,0,1,0
420085,1,3,12,"Motor Vehicle In-Transport","Front-to-Front",1,2022,"MITSUBISHI","MIRAGE",999,"Disabling Damage",1,0,1,"Full Driver License","Valid","No",55,"Dry","Going Straight","Traveling in opposite direction","Unknown/Not Reported","Tracking","Stayed in original travel lane","5 HB",0,0,1,0,1,1,0,3,1
420086,1,16,12,"Motor Vehicle In-Transport","Angle",3,2021,"HONDA","CIVIC",999,"Disabling Damage",2,0,1,"Full Driver License","Valid","No",55,"Dry","Going Straight","Crossing Over (Passing Through) Junction","No Avoidance Maneuver","Tracking","Stayed in original travel lane","4 DR",0,1,1,1,1,1,0,5,2
420090,3,2,8,"Pedestrian","The First Harmful Event was Not a Collision with a Motor Vehicle in Transport",1,2020,"NISSAN","ALTIMA",40,"Functional Damage",0,0,1,"Full Driver License","Valid","No",30,"Dry","Going Straight","Pedestrian in road","Unknown/Not Reported","Tracking","Stayed in original travel lane","4 DR",0,1,1,1,1,1,0,4,2
420093,1,17,9,"Pedalcyclist","The First Harmful Event was Not a Collision with a Motor Vehicle in Transport",1,2019,"JEEP","COMPASS",999,"Minor Damage",0,0,1,"Full Driver License","Valid","No",25,"Dry","Going Straight","Pedalcyclist or other non-motorist in road","Unknown/Not Reported","Tracking","Stayed in original travel lane","SUV",1,0,1,0,2,2,0,0,2
420097,2,10,33,"Curb","The First Harmful Event was Not a Collision with a Motor Vehicle in Transport",1,2016,"BUICK","ENCORE",45,"Disabling Damage",1,0,1,"Full Driver License","Valid","No",25,"Dry","Going Straight","Other cause of control loss (specify:)","Unknown/Not Reported","Precrash stability unknown","Departed roadway","SUV",0,1,0,1,0,0,0,2,1
420107,2,8,24,"Guardrail Face","The First Harmful Event was Not a Collision with a Motor Vehicle in Transport",2,2018,"CHEVROLET","TRAX",999,"Disabling Damage",1,0,1,"Full Driver License","Valid","No",35,"Dry","Going Straight","Off the edge of the road on the right side","Unknown/Not Reported","Tracking","Departed roadway","SUV",1,1,1,0,0,0,0,2,2
420108,2,14,12,"Motor Vehicle In-Transport","Front-to-Front",2,2015,"FORD","TRANSIT",999,"Disabling Damage",1,0,1,"Full Driver License","Valid","No",55,"Dry","Going Straight","Other cause of control loss (specify:)","No Avoidance Maneuver","Tracking","Stayed on roadway, but left original travel lane","VAN",0,1,0,0,0,0,0,1,0
420108,2,14,12,"Motor Vehicle In-Transport","Front-to-Front",1,2019,"HYUNDAI","ACCENT",999,"Disabling Damage",1,0,1,"Full Driver License","Valid","No",55,"Dry","Going Straight","From opposite direction  over left lane line","Unknown/Not Reported","Tracking","Stayed in original travel lane","4 DR",0,1,0,0,2,2,0,1,0
420111,4,9,12,"Motor Vehicle In-Transport","Angle",2,2020,"FORD","EDGE",5,"Disabling Damage",0,0,1,"Full Driver License","Valid","No",35,"Dry","Turning Left","Turning Left","No Avoidance Maneuver","Tracking","Stayed in original travel lane","SUV",1,0,1,1,1,1,0,6,3
420111,4,9,12,"Motor Vehicle In-Transport","Angle",2,2019,"CADILLAC","ESCALADE",35,"Functional Damage",0,0,1,"Full Driver License","Valid","No",35,"Dry","Going Straight","From opposite direction  over left lane line","Unknown/Not Reported","Tracking","Stayed in original travel lane","SUV",0,1,0,0,2,2,0,2,0
420116,2,15,12,"Motor Vehicle In-Transport","Angle",1,2018,"FORD","TRANSIT CONNECT",5,"Functional Damage",0,0,1,"Full Driver License","Valid","No",35,"Dry","Turning Left","Turning Left","Unknown/Not Reported","Tracking","Stayed in original travel lane","VAN",0,0,0,0,0,0,0,0,0
420118,2,15,8,"Pedestrian","The First Harmful Event was Not a Collision with a Motor Vehicle in Transport",1,2014,"JEEP","GRAND CHEROKEE",999,"Minor Damage",0,0,1,"Full Driver License","Valid","No",25,"Dry","Turning Left","Pedestrian in road","Unknown/Not Reported","Precrash stability unknown","Unknown","SUV",1,1,0,0,2,2,1,2,1
420123,4,16,12,"Motor Vehicle In-Transport","Front-to-Front",3,2021,"KIA","RIO",45,"Disabling Damage",0,0,1,"Full Driver License","Valid","No",45,"Dry","Going Straight","From opposite direction  over left lane line","Unknown/Not Reported","Precrash stability unknown","Stayed in original travel lane","4 DR",0,2,1,1,2,2,0,0,2
420126,2,15,32,"Culvert","The First Harmful Event was Not a Collision with a Motor Vehicle in Transport",1,2020,"HYUNDAI","TUCSON",55,"Disabling Damage",1,0,1,"Full Driver License","Valid","No",55,"Dry","Going Straight","Off the edge of the road on the left side","No Avoidance Maneuver","Tracking","Departed roadway","SUV",0,2,1,1,1,1,0,4,2
420135,2,5,33,"Curb","The First Harmful Event was Not a Collision with a Motor Vehicle in Transport",1,2018,"SUBARU","CROSSTREK",0,"Disabling Damage",1,0,1,"Full Driver License","Valid","No",25,"Dry","Stopped in Roadway","From crossing street, across path","No Avoidance Maneuver","Tracking","Stayed in original travel lane","SW",0,0,1,0,2,2,0,0,1
420138,2,10,24,"Guardrail Face","The First Harmful Event was Not a Collision with a Motor Vehicle in Transport",1,2020,"DODGE","DURANGO",999,"Functional Damage",0,0,1,"Full Driver License","Valid","No",45,"Dry","Going Straight","Off the edge of the road on the right side","Unknown/Not Reported","Tracking","Departed roadway","SUV",1,0,1,0,2,2,0,0,2
420142,2,21,12,"Motor Vehicle In-Transport","Angle",1,2016,"CHEVROLET","IMPALA LIMITED",25,"Disabling Damage",0,0,1,"Full Driver License","Valid","No",45,"Dry","Turning Left","Turning Left","No Avoidance Maneuver","Tracking","Stayed in original travel lane","4 DR",0,0,0,0,0,0,0,1,0
420144,2,15,12,"Motor Vehicle In-Transport","Angle",2,2011,"JEEP","GRAND CHEROKEE",999,"Disabling Damage",1,0,1,"Full Driver License","Valid","No",55,"Dry","Passing or Overtaking Another Vehicle","From adjacent lane (same direction) over left lane line","Unknown/Not Reported","Tracking","Stayed in original travel lane","SUV",0,1,0,0,0,0,1,2,0
420144,2,15,12,"Motor Vehicle In-Transport","Angle",1,2011,"CHEVROLET","IMPALA",999,"Minor Damage",0,0,1,"Full Driver License","Valid","No",55,"Dry","Turning Left","Turning Left","Unknown/Not Reported","Tracking","Stayed in original travel lane","4 DR",0,0,0,0,0,0,1,2,0
420146,2,0,59,"Traffic Sign Support","The First Harmful Event was Not a Collision with a Motor Vehicle in Transport",1,2013,"BMW","328I",999,"Minor Damage",0,0,1,"Full Driver License","Valid","No",40,"Dry","Negotiating a Curve","Traveling in opposite direction","Steering right","Tracking","Stayed in original travel lane","C",0,1,0,0,0,0,1,2,0
420149,2,18,12,"Motor Vehicle In-Transport","Angle",1,2014,"MERCEDES-BENZ","CLA-CLASS",999,"Disabling Damage",1,0,1,"Full Driver License","Valid","No",40,"Dry","Making a U-turn","Making a U-Turn","Unknown/Not Reported","Tracking","Stayed in original travel lane","4 DR",1,0,1,0,2,2,1,2,2
420150,2,20,42,"Tree (Standing Only)","The First Harmful Event was Not a Collision with a Motor Vehicle in Transport",1,2021,"MERCEDES-BENZ","C-CLASS",999,"Disabling Damage",1,0,1,"Full Driver License","Valid","No",45,"Dry","Going Straight","Off the edge of the road on the right side","Unknown/Not Reported","Tracking","Departed roadway","2 DR",1,1,1,0,1,1,0,6,2
420151,2,18,12,"Motor Vehicle In-Transport","Angle",2,2018,"FORD","EXPLORER",999,"Disabling Damage",0,0,1,"Full Driver License","Valid","No",55,"Dry","Negotiating a Curve","From opposite direction  over left lane line","Braking and steering right","Tracking","Stayed in original travel lane","SUV",0,0,0,1,0,0,0,0,1
420155,2,15,12,"Motor Vehicle In-Transport","Front-to-Front",1,2016,"SUBARU","LEGACY",35,"Disabling Damage",0,0,1,"Full Driver License","Valid","No",35,"Dry","Going Straight","Over the lane line on left side of travel lane","Steering right","Tracking","Stayed on roadway, but left original travel lane","4 DR",1,0,1,1,2,2,0,0,3
420155,2,15,12,"Motor Vehicle In-Transport","Front-to-Front",2,2018,"CHEVROLET","TRAX",35,"Disabling Damage",1,0,1,"Full Driver License","Valid","No",35,"Dry","Going Straight","From opposite direction  over left lane line","Unknown/Not Reported","Tracking","Stayed in original travel lane","SUV",0,1,0,1,0,0,0,2,1
420158,3,13,5,"Fell/Jumped from Vehicle","The First Harmful Event was Not a Collision with a Motor Vehicle in Transport",1,2012,"HYUNDAI","SANTA FE",0,"Functional Damage",0,0,1,"Full Driver License","Valid","No",35,"Dry","Stopped in Roadway","Traveling in same direction with higher speed","No Avoidance Maneuver","Tracking","Stayed in original travel lane","SUV",0,1,0,0,0,0,1,2,0
420162,3,11,12,"Motor Vehicle In-Transport","Angle",1,2015,"CHEVROLET","EQUINOX",60,"Disabling Damage",1,0,1,"Full Driver License","Valid","No",55,"Dry","Going Straight","From crossing street, turning into opposite direction","Steering left","Tracking","Stayed on roadway, but left original travel lane","SUV",0,1,1,0,0,0,0,2,1
420163,3,6,12,"Motor Vehicle In-Transport","Front-to-Front",1,2017,"CHEVROLET","COLORADO",999,"Disabling Damage",0,0,1,"Full Driver License","Valid","No",40,"Dry","Going Straight","Over the lane line on left side of travel lane","Unknown/Not Reported","Tracking","Stayed on roadway, but left original travel lane","PU/EC",0,1,1,0,0,0,0,1,1
420163,3,6,12,"Motor Vehicle In-Transport","Front-to-Front",1,2015,"FORD","FIESTA",999,"Disabling Damage",1,0,1,"Full Driver License","Valid","No",40,"Dry","Going Straight","From opposite direction  over left lane line","Unknown/Not Reported","Tracking","Stayed in original travel lane","4 DR",0,1,0,0,0,0,0,1,0
420165,3,19,8,"Pedestrian","The First Harmful Event was Not a Collision with a Motor Vehicle in Transport",1,2022,"CHEVROLET","TRAILBLAZER",50,"Disabling Damage",0,0,1,"Full Driver License","Valid","No",30,"Dry","Going Straight","Pedestrian in road","Unknown/Not Reported","Tracking","Stayed on roadway, not known if left original travel lane","SUV",0,1,1,1,1,1,0,6,2
420167,3,14,12,"Motor Vehicle In-Transport","Front-to-Front",1,2015,"NISSAN","ROGUE",45,"Disabling Damage",1,0,1,"Full Driver License","Valid","No",20,"Dry","Going Straight","Over the lane line on left side of travel lane","Unknown/Not Reported","Tracking","Stayed on roadway, but left original travel lane","SUV",1,0,1,1,0,0,0,0,3
420167,3,14,12,"Motor Vehicle In-Transport","Front-to-Front",2,2017,"DODGE","GRAND CARAVAN",40,"Disabling Damage",0,0,1,"Full Driver License","Valid","No",20,"Dry","Going Straight","From opposite direction  over left lane line","Braking","Tracking","Stayed in original travel lane","VAN",1,0,0,0,0,0,0,0,1
420168,3,15,12,"Motor Vehicle In-Transport","Angle",2,2019,"HONDA","ACCORD",999,"Disabling Damage",1,0,1,"Full Driver License","Valid","No",25,"Dry","Going Straight","Crossing Over (Passing Through) Junction","Unknown/Not Reported","Tracking","Stayed in original travel lane","4 DR",0,1,1,1,1,1,0,6,2
420173,3,22,12,"Motor Vehicle In-Transport","Angle",1,2013,"TOYOTA","COROLLA",60,"Disabling Damage",1,0,1,"Full Driver License","Valid","No",30,"Dry","Going Straight","Over the lane line on left side of travel lane","Unknown/Not Reported","Skidding laterally counterclockwise rotation","Stayed on roadway, but left original travel lane","4 DR",0,0,0,0,0,0,1,1,0
420174,2,5,12,"Motor Vehicle In-Transport","Front-to-Front",1,2020,"JEEP","CHEROKEE",35,"Disabling Damage",0,0,1,"Full Driver License","Valid","No",35,"Dry","Going Straight","From opposite direction  over left lane line","Unknown/Not Reported","Tracking","Stayed in original travel lane","SUV",1,2,0,0,2,2,0,0,1
420188,3,21,8,"Pedestrian","The First Harmful Event was Not a Collision with a Motor Vehicle in Transport",1,2016,"NISSAN","SENTRA",999,"Functional Damage",0,0,1,"Full Driver License","Valid","No",35,"Dry","Going Straight","Pedestrian in road","Braking and steering left","Precrash stability unknown","Stayed on roadway, not known if left original travel lane","4 DR",0,0,1,0,2,2,0,0,1
420194,3,21,8,"Pedestrian","The First Harmful Event was Not a Collision with a Motor Vehicle in Transport",1,2019,"MITSUBISHI","OUTLANDER SPORT",55,"Disabling Damage",0,0,1,"Full Driver License","Valid","No",55,"Dry","Going Straight","Pedestrian in road","Unknown/Not Reported","Tracking","Stayed in original travel lane","SUV",1,1,1,1,2,2,0,1,3
420196,3,17,12,"Motor Vehicle In-Transport","Angle",1,2019,"CHEVROLET","TRAX",999,"Disabling Damage",0,0,1,"Full Driver License","Valid","No",50,"Dry","Going Straight","From opposite direction  over left lane line","Braking","Tracking","Stayed in original travel lane","SUV",0,1,1,0,0,0,0,2,1
420197,3,4,12,"Motor Vehicle In-Transport","Front-to-Front",1,2019,"MITSUBISHI","MIRAGE",30,"Disabling Damage",0,0,1,"Full Driver License","Valid","No",30,"Dry","Negotiating a Curve","From opposite direction  over left lane line","Unknown/Not Reported","Tracking","Stayed on roadway, not known if left original travel lane","5 HB",0,1,0,0,0,0,0,1,0
420200,3,19,12,"Motor Vehicle In-Transport","Angle",2,2011,"CHEVROLET","TAHOE",5,"Minor Damage",0,0,1,"Full Driver License","Valid","No",55,"Dry","Turning Left","From opposite direction  over left lane line","Accelerating","Tracking","Stayed in original travel lane","SUV",0,0,0,0,0,0,1,2,0
420204,3,13,12,"Motor Vehicle In-Transport","Front-to-Rear",1,2014,"TOYOTA","COROLLA",0,"Minor Damage",0,0,1,"Full Driver License","Valid","No",35,"Dry","Stopped in Roadway","Traveling in same direction with higher speed","No Avoidance Maneuver","Tracking","Stayed in original travel lane","4 DR",0,0,0,0,0,0,1,1,0
420206,3,14,12,"Motor Vehicle In-Transport","Front-to-Front",1,2019,"NISSAN","KICKS",999,"Disabling Damage",1,0,1,"Full Driver License","Valid","No",25,"Dry","Going Straight","Over the lane line on left side of travel lane","No Avoidance Maneuver","Tracking","Stayed on roadway, but left original travel lane","SUV",1,1,1,0,1,1,0,4,2
420207,3,17,12,"Motor Vehicle In-Transport","Front-to-Front",2,2016,"VOLKSWAGEN","TIGUAN",999,"Disabling Damage",1,0,1,"Full Driver License","Valid","No",55,"Dry","Going Straight","From opposite direction  over left lane line","Unknown/Not Reported","Tracking","Stayed in original travel lane","SUV",0,1,0,0,0,0,0,1,0
420210,3,15,12,"Motor Vehicle In-Transport","Front-to-Front",1,2013,"VOLKSWAGEN","JETTA",999,"Disabling Damage",1,0,1,"Full Driver License","Valid","No",45,"Dry","Going Straight","Over the lane line on left side of travel lane","Unknown/Not Reported","Tracking","Stayed on roadway, but left original travel lane","4 DR",0,1,0,0,0,0,1,2,0
420210,3,15,12,"Motor Vehicle In-Transport","Front-to-Front",1,2019,"VOLKSWAGEN","JETTA",999,"Disabling Damage",0,0,1,"Full Driver License","Valid","No",45,"Dry","Going Straight","From opposite direction  over left lane line","Unknown/Not Reported","Tracking","Stayed in original travel lane","4 DR",1,1,1,1,2,2,0,1,3
420213,4,23,8,"Pedestrian","The First Harmful Event was Not a Collision with a Motor Vehicle in Transport",2,2022,"TESLA","MODEL 3",10,"No Damage",0,0,1,"Full Driver License","Valid","No",30,"Dry","Turning Left","Pedestrian in road","Unknown/Not Reported","Tracking","Stayed in original travel lane","4 DR",1,1,1,1,1,1,0,6,3
420215,4,22,12,"Motor Vehicle In-Transport","Front-to-Front",1,2012,"SUBARU","LEGACY",15,"Disabling Damage",0,0,1,"Full Driver License","Valid","No",40,"Dry","Turning Left","From opposite direction  over right lane line","No Avoidance Maneuver","Tracking","Stayed in original travel lane","4 DR",0,0,0,0,0,0,1,1,0
420223,4,12,12,"Motor Vehicle In-Transport","Front-to-Front",2,2015,"CHEVROLET","SONIC",45,"Disabling Damage",2,0,1,"Intermediate Driver License","Valid","No",45,"Dry","Going Straight","Over the lane line on left side of travel lane","Unknown/Not Reported","Tracking","Stayed on roadway, but left original travel lane","4 DR",0,1,1,0,0,0,0,2,1
420225,4,3,12,"Motor Vehicle In-Transport","Angle",1,2019,"HONDA","CR-V",20,"Disabling Damage",0,0,1,"Full Driver License","Valid","No",25,"Dry","Going Straight","From crossing street, across path","No Avoidance Maneuver","Tracking","Stayed in original travel lane","SUV",1,1,1,1,2,2,0,1,3
420232,4,20,12,"Motor Vehicle In-Transport","Angle",1,2019,"TOYOTA","TACOMA",15,"Disabling Damage",0,0,1,"Full Driver License","Valid","No",45,"Dry","Turning Left","From opposite direction  over right lane line","Unknown/Not Reported","Tracking","Stayed in original travel lane","PU/EC",1,1,1,1,1,1,0,5,3
420234,4,14,12,"Motor Vehicle In-Transport","Other",1,2019,"FORD","ESCAPE",45,"Minor Damage",0,0,1,"Full Driver License","Valid","No",45,"Dry","Negotiating a Curve","From driveway, turning into same direction","Braking","Tracking","Stayed in original travel lane","SUV",0,0,1,0,0,2,0,1,1
420240,4,12,12,"Motor Vehicle In-Transport","Front-to-Rear",1,2011,"SUBARU","OUTBACK",65,"Disabling Damage",0,0,1,"Full Driver License","Valid","No",65,"Dry","Going Straight","From adjacent lane (same direction) over left lane line","Unknown/Not Reported","Tracking","Stayed in original travel lane","SUV",0,2,0,0,0,0,1,1,0
420249,5,16,8,"Pedestrian","The First Harmful Event was Not a Collision with a Motor Vehicle in Transport",1,2017,"SUBARU","LEGACY",999,"Minor Damage",0,0,1,"Full Driver License","Valid","No",35,"Dry","Going Straight","Pedestrian in road","Unknown/Not Reported","Tracking","Stayed in original travel lane","4 DR",1,0,0,0,2,2,0,0,1
420250,4,11,12,"Motor Vehicle In-Transport","Front-to-Rear",1,2014,"RAM","2500",999,"Disabling Damage",1,0,1,"Full Driver License","Valid","No",70,"Dry","Going Straight","Traveling in same direction with lower steady speed","Unknown/Not Reported","Tracking","Stayed in original travel lane","PU/EC",0,1,0,0,0,0,1,2,0
420258,4,9,12,"Motor Vehicle In-Transport","Sideswipe - Opposite Direction",1,2015,"FORD","FUSION",35,"Disabling Damage",1,0,1,"Full Driver License","Valid","No",35,"Dry","Negotiating a Curve","From opposite direction  over left lane line","Unknown/Not Reported","Tracking","Stayed in original travel lane","4 DR",1,1,0,0,0,0,0,1,1
420264,5,11,12,"Motor Vehicle In-Transport","Angle",1,2013,"MERCEDES-BENZ","C-CLASS",40,"Disabling Damage",1,0,1,"Full Driver License","Valid","No",50,"Dry","Going Straight","Crossing Over (Passing Through) Junction","Unknown/Not Reported","Tracking","Stayed in original travel lane","2 DR",0,0,0,1,0,0,1,1,1
420264,5,11,12,"Motor Vehicle In-Transport","Angle",1,2017,"CHEVROLET","SPARK",0,"Disabling Damage",0,0,1,"Full Driver License","Valid","No",50,"Dry","Stopped in Roadway","Other critical precrash event (specify:)","No Avoidance Maneuver","Tracking","Stayed in original travel lane","5 HB",0,0,1,1,0,0,0,1,2
420264,5,11,12,"Motor Vehicle In-Transport","Angle",1,2021,"LINCOLN","CORSAIR",0,"Minor Damage",0,0,1,"Full Driver License","Valid","No",50,"Dry","Stopped in Roadway","Other critical precrash event (specify:)","No Avoidance Maneuver","Tracking","Stayed in original travel lane","SUV",1,1,1,1,1,1,0,7,3
420264,5,11,12,"Motor Vehicle In-Transport","Angle",1,2019,"MERCEDES-BENZ","C-CLASS",0,"Minor Damage",0,0,1,"Full Driver License","Valid","No",50,"Dry","Stopped in Roadway","Other critical precrash event (specify:)","No Avoidance Maneuver","Tracking","Stayed in original travel lane","2 DR",0,1,1,0,1,1,0,5,1
420276,5,10,12,"Motor Vehicle In-Transport","Front-to-Rear",1,2013,"TOYOTA","TUNDRA",0,"Minor Damage",0,0,1,"Full Driver License","Valid","No",50,"Dry","Stopped in Roadway","Traveling in same direction with higher speed","No Avoidance Maneuver","Tracking","Stayed in original travel lane","PU/CC",0,1,0,0,0,0,1,2,0
420278,5,20,15,"Non-Motorist on Personal Conveyance","The First Harmful Event was Not a Collision with a Motor Vehicle in Transport",1,2022,"JEEP","COMPASS",30,"Minor Damage",0,0,1,"Full Driver License","Valid","No",30,"Dry","Going Straight","Pedalcyclist or other non-motorist in road","Unknown/Not Reported","Tracking","Stayed in original travel lane","SUV",0,1,1,0,1,1,0,5,1
420283,6,18,12,"Motor Vehicle In-Transport","Front-to-Rear",2,2022,"CHEVROLET","TRAILBLAZER",0,"Disabling Damage",1,0,1,"Full Driver License","Valid","No",45,"Dry","Stopped in Roadway","Traveling in same direction with higher speed","No Avoidance Maneuver","Tracking","Stayed in original travel lane","SUV",0,1,1,1,1,1,0,6,2
420290,5,18,12,"Motor Vehicle In-Transport","Angle",1,2013,"FORD","TRANSIT CONNECT",999,"Disabling Damage",1,0,1,"Full Driver License","Valid","No",45,"Dry","Turning Left","Turning Left","Unknown/Not Reported","Tracking","Stayed in original travel lane","VAN",0,0,0,0,0,0,1,1,0
420291,5,10,12,"Motor Vehicle In-Transport","Front-to-Front",1,2013,"NISSAN","ROGUE",40,"Disabling Damage",1,0,1,"Full Driver License","Valid","No",45,"Dry","Negotiating a Curve","Over the lane line on left side of travel lane","No Avoidance Maneuver","Tracking","Stayed on roadway, but left original travel lane","SUV",0,1,0,0,0,0,1,2,0
420291,5,10,12,"Motor Vehicle In-Transport","Front-to-Front",1,2018,"FORD","ESCAPE",45,"Disabling Damage",0,0,1,"Full Driver License","Valid","No",45,"Dry","Negotiating a Curve","From opposite direction  over left lane line","No Avoidance Maneuver","Tracking","Stayed in original travel lane","SUV",1,0,1,1,0,0,0,1,3
420293,5,17,12,"Motor Vehicle In-Transport","Angle",1,2020,"RAM","2500",40,"Disabling Damage",0,0,1,"Full Driver License","Valid","No",40,"Dry","Passing or Overtaking Another Vehicle","From crossing street, turning into opposite direction","Unknown/Not Reported","Tracking","Stayed in original travel lane","PU/RC",1,0,0,0,2,2,0,0,1
420297,6,15,12,"Motor Vehicle In-Transport","Front-to-Front",1,2016,"TOYOTA","HIGHLANDER",999,"Disabling Damage",0,0,1,"Full Driver License","Valid","No",55,"Dry","Going Straight","From opposite direction  over left lane line","Unknown/Not Reported","Tracking","Stayed in original travel lane","SUV",1,1,0,0,2,2,0,1,1
420297,6,15,12,"Motor Vehicle In-Transport","Front-to-Front",2,2016,"DODGE","CHALLENGER",999,"Disabling Damage",0,0,1,"Full Driver License","Valid","No",55,"Dry","Going Straight","From adjacent lane (same direction) over left lane line","Unknown/Not Reported","Tracking","Stayed in original travel lane","2 DR",1,0,0,0,0,0,0,0,1
420297,6,15,12,"Motor Vehicle In-Transport","Front-to-Front",2,2020,"JEEP","GRAND CHEROKEE",999,"Minor Damage",0,0,1,"Full Driver License","Valid","No",55,"Dry","Going Straight","Other critical precrash event (specify:)","Unknown/Not Reported","Tracking","Stayed in original travel lane","SUV",1,1,0,0,2,2,0,2,1
420301,6,9,12,"Motor Vehicle In-Transport","Front-to-Front",1,2019,"CHEVROLET","EQUINOX",55,"Disabling Damage",0,0,1,"Full Driver License","Valid","No",55,"Dry","Going Straight","From opposite direction  over left lane line","Unknown/Not Reported","Tracking","Stayed in original travel lane","SUV",0,1,0,0,2,2,0,2,0
420311,6,20,12,"Motor Vehicle In-Transport","Angle",3,2012,"CHEVROLET","TRAVERSE",35,"Disabling Damage",0,0,1,"Full Driver License","Valid","No",35,"Dry","Going Straight","From crossing street, across path","Unknown/Not Reported","Tracking","Stayed in original travel lane","SUV",0,1,0,0,0,0,1,3,0
420314,6,17,1,"Rollover/Overturn","The First Harmful Event was Not a Collision with a Motor Vehicle in Transport",1,2023,"FORD","EXPLORER",999,"Disabling Damage",0,0,1,"Full Driver License","Valid","No",25,"Dry","Negotiating a Curve","From opposite direction  over left lane line","Braking and steering right","Skidding longitudinally  rotation less than 30 degrees","Departed roadway","SUV",1,1,1,1,1,1,0,6,3
420316,2,11,12,"Motor Vehicle In-Transport","Angle",2,2016,"CHRYSLER","300",5,"Disabling Damage",0,0,1,"Full Driver License","Valid","No",45,"Dry","Turning Left","Turning Left","Unknown/Not Reported","Tracking","Stayed in original travel lane","4 DR",0,0,0,0,2,2,0,0,0
420318,3,8,12,"Motor Vehicle In-Transport","Front-to-Rear",1,2017,"FORD","EXPLORER",0,"Disabling Damage",0,0,1,"Full Driver License","Valid","No",55,"Dry","Stopped in Roadway","Traveling in same direction with higher speed","No Avoidance Maneuver","Tracking","Stayed in original travel lane","SUV",1,0,0,1,0,0,0,0,2
420318,3,8,12,"Motor Vehicle In-Transport","Front-to-Rear",1,2022,"HONDA","HR-V",0,"Disabling Damage",0,0,1,"Full Driver License","Valid","No",55,"Dry","Stopped in Roadway","Traveling in same direction with higher speed","No Avoidance Maneuver","Tracking","Stayed in original travel lane","SUV",0,1,0,0,2,2,0,1,0
420322,6,22,12,"Motor Vehicle In-Transport","Sideswipe - Opposite Direction",3,2022,"HONDA","RIDGELINE",35,"Functional Damage",0,0,1,"Full Driver License","Valid","No",35,"Dry","Negotiating a Curve","From opposite direction  over left lane line","Steering left","Tracking","Stayed on roadway, but left original travel lane","PU/CC",0,1,1,1,1,1,0,6,2
420324,6,18,12,"Motor Vehicle In-Transport","Front-to-Front",2,2017,"TOYOTA","RAV4",45,"Disabling Damage",0,0,1,"Full Driver License","Valid","No",45,"Dry","Going Straight","From opposite direction  over left lane line","Steering left","Tracking","Stayed on roadway, but left original travel lane","SUV",1,1,0,0,2,2,0,1,1
420328,2,22,12,"Motor Vehicle In-Transport","Front-to-Front",1,2014,"JEEP","GRAND CHEROKEE",999,"Disabling Damage",0,0,1,"Full Driver License","Valid","No",55,"Dry","Passing or Overtaking Another Vehicle","Traveling in opposite direction","Unknown/Not Reported","Precrash stability unknown","Unknown","SUV",1,1,1,0,2,2,1,2,2
420328,2,22,12,"Motor Vehicle In-Transport","Front-to-Front",1,2013,"GMC","ACADIA",999,"Disabling Damage",1,0,1,"Full Driver License","Valid","No",55,"Dry","Going Straight","Traveling in opposite direction","Unknown/Not Reported","Precrash stability unknown","Unknown","SUV",0,1,0,0,0,0,1,3,0
420329,2,18,12,"Motor Vehicle In-Transport","Angle",1,2018,"KIA","SPORTAGE",999,"Disabling Damage",1,0,1,"Full Driver License","Valid","No",35,"Dry","Going Straight","From driveway, across path","Unknown/Not Reported","Tracking","Stayed in original travel lane","SUV",0,2,0,0,2,2,0,0,0
420337,5,20,12,"Motor Vehicle In-Transport","Front-to-Front",1,2018,"SUBARU","FORESTER",999,"Disabling Damage",0,0,1,"Full Driver License","Valid","No",45,"Dry","Negotiating a Curve","From opposite direction  over left lane line","Unknown/Not Reported","Tracking","Stayed in original travel lane","SUV",0,0,0,0,2,2,0,0,0
420339,3,17,12,"Motor Vehicle In-Transport","Angle",1,2012,"MERCEDES-BENZ","ML-CLASS",999,"Disabling Damage",0,0,1,"Full Driver License","Valid","No",35,"Dry","Going Straight","From crossing street, turning into opposite direction","Steering left","Tracking","Stayed on roadway, but left original travel lane","SUV",0,1,0,1,0,0,1,2,1