"SERIAL_CRASH","MONTH","HOUR","HARM_EV","HARM_EVNAME","TYPE_OF_COLLIOSION","NUM_OF_PEOPLE","MOD_YEAR","VPICMAKENAME","VPICMODELNAME","TRAV_SP","DEFORMEDNAME","DEATHS","DR_DRINK","IS_DRIVER_PRESENT","L_TYPENAME","L_STATUSNAME","SPEEDRELNAME","VSPD_LIM","VSURCONDNAME","P_CRASH1NAME","P_CRASH2NAME","P_CRASH3NAME","PCRASH4NAME","PCRASH5NAME","BODY_STYLE","BLIND_SPOT_DETECTION","ARS","FRNT_COLLISION_WARNING","LANE_DEPARTURE_WARNING","CRASH_IMMINENT_BRAKE","DYNAMIC_BRAKE_SUPPORT","NHTSA_ESC","SAFETY_COUNT","notification_count"
460077,8,9,12,"Motor Vehicle In-Transport","Front-to-Rear",1,2014,"FORD","ESCAPE",68,"Disabling Damage",1,0,1,"Full Driver License","Valid","No",65,"Dry","Going Straight","Traveling in same direction with lower steady speed","Unknown/Not Reported","Precrash stability unknown","Stayed in original travel lane","SUV",0,0,0,0,0,0,1,1,0
460079,8,10,12,"Motor Vehicle In-Transport","Angle",1,2022,"CHEVROLET","EQUINOX",52,"Disabling Damage",1,0,1,"Full Driver License","Valid","No",55,"Dry","Going Straight","From crossing street, across path","Unknown/Not Reported","Precrash stability unknown","Stayed in original travel lane","SUV",0,1,1,1,1,1,0,6,2
460084,9,1,12,"Motor Vehicle In-Transport","Front-to-Front",1,2017,"CHEVROLET","CRUZE",66,"Disabling Damage",1,0,1,"Full Driver License","Valid","No",65,"Dry","Going Straight","Over the lane line on left side of travel lane","Unknown/Not Reported","Precrash stability unknown","Stayed on roadway, but left original travel lane","4 DR",0,1,0,1,0,0,0,2,1
460087,9,0,12,"Motor Vehicle In-Transport","Angle",1,2021,"DODGE","DURANGO",5,"Disabling Damage",0,0,1,"Full Driver License","Valid","No",35,"Dry","Turning Left","Turning Left","Unknown/Not Reported","Tracking","Stayed in original travel lane","SUV",0,0,1,0,2,2,0,0,1
460088,9,10,12,"Motor Vehicle In-Transport","Angle",1,2017,"SUBARU","OUTBACK",999,"Functional Damage",0,0,1,"Full Driver License","Valid","No",45,"Dry","Turning Left","Turning Left","Unknown/Not Reported","Tracking","Stayed in original travel lane","SW",0,0,1,1,2,2,0,0,2
460100,6,11,12,"Motor Vehicle In-Transport","Angle",2,2022,"CHEVROLET","BLAZER",65,"Disabling Damage",1,0,1,"Full Driver License","Valid","No",65,"Dry","Going Straight","From crossing street, across path","Unknown/Not Reported","Tracking","Stayed in original travel lane","SUV",1,1,1,1,2,1,0,5,3
460102,10,18,12,"Motor Vehicle In-Transport","Front-to-Rear",1,2015,"NISSAN","ALTIMA",0,"Disabling Damage",1,0,1,"Full Driver License","Valid","No",75,"Dry","Stopped in Roadway","Traveling in same direction with higher speed","No Avoidance Maneuver","Tracking","Stayed in original travel lane","4 DR",1,0,0,0,0,0,0,0,1
460105,10,23,8,"Pedestrian","The First Harmful Event was Not a Collision with a Motor Vehicle in Transport",1,2012,"CHEVROLET","IMPALA",40,"Disabling Damage",0,0,1,"Full Driver License","Valid","No",45,"Dry","Going Straight","Pedestrian in road","No Avoidance Maneuver","Tracking","Stayed in original travel lane","4 DR",0,0,0,0,0,0,1,2,0
460112,11,16,12,"Motor Vehicle In-Transport","Front-to-Front",1,2021,"JEEP","WRANGLER",65,"Disabling Damage",1,0,1,"Full Driver License","Valid","No",65,"Dry","Negotiating a Curve","Over the lane line on left side of travel lane","Steering right","Precrash stability unknown","Stayed on roadway, but left original travel lane","SUV",1,0,1,0,2,2,0,0,2
460115,12,10,12,"Motor Vehicle In-Transport","Front-to-Front",1,2011,"CHRYSLER","200",45,"Disabling Damage",1,0,1,"Full Driver License","Valid","No",55,"Dry","Going Straight","From adjacent lane (same direction) over left lane line","Unknown/Not Reported","Tracking","Stayed in original travel lane","CONVERTIBLE",0,1,0,0,0,0,1,2,0
460120,12,17,12,"Motor Vehicle In-Transport","Angle",2,2014,"FORD","TAURUS",55,"Disabling Damage",1,0,1,"Full Driver License","Valid","No",55,"Dry","Going Straight","Crossing Over (Passing Through) Junction","Unknown/Not Reported","Tracking","Stayed in original travel lane","4 DR",1,0,1,0,0,0,1,1,2
470013,1,11,12,"Motor Vehicle In-Transport","Angle",1,2020,"KIA","FORTE",998,"Disabling Damage",0,0,1,"Full Driver License","Valid","No",65,"Dry","Going Straight","From opposite direction  over left lane line","Unknown/Not Reported","Tracking","Stayed in original travel lane","4 DR",0,2,1,1,1,1,0,5,2
470021,1,12,12,"Motor Vehicle In-Transport","Angle",2,2011,"BUICK","LUCERNE",998,"Disabling Damage",1,0,1,"Full Driver License","Valid","No",55,"Dry","Going Straight","Crossing Over (Passing Through) Junction","Unknown/Not Reported","Tracking","Stayed in original travel lane","4 DR",0,0,0,0,0,0,1,2,0
470022,1,4,12,"Motor Vehicle In-Transport","Front-to-Front",1,2020,"FORD","MUSTANG",998,"Disabling Damage",0,0,1,"Full Driver License","Valid","No",55,"Dry","Going Straight","From opposite direction  over left lane line","Unknown/Not Reported","Tracking","Stayed in original travel lane","C",1,0,0,0,2,2,0,2,1
470023,1,22,8,"Pedestrian","The First Harmful Event was Not a Collision with a Motor Vehicle in Transport",1,2016,"CHRYSLER","200",998,"Disabling Damage",0,0,1,"Full Driver License","Valid","No",70,"Dry","Going Straight","Pedestrian in road","Unknown/Not Reported","Tracking","Stayed in original travel lane","4 DR",0,0,1,0,2,2,0,0,1
470024,1,18,12,"Motor Vehicle In-Transport","Angle",2,2015,"BUICK","VERANO",998,"Disabling Damage",0,0,1,"Full Driver License","Valid","No",40,"Dry","Turning Left","Turning Left","Unknown/Not Reported","Tracking","Stayed in original travel lane","4 DR",0,1,1,0,0,0,0,2,1
470025,1,0,8,"Pedestrian","The First Harmful Event was Not a Collision with a Motor Vehicle in Transport",2,2021,"KIA","FORTE",998,"Functional Damage",0,0,1,"Full Driver License","Valid","No",45,"Dry","Going Straight","Pedestrian in road","Unknown/Not Reported","Tracking","Stayed in original travel lane","4 DR",1,2,1,1,1,1,0,4,3
470026,1,18,12,"Motor Vehicle In-Transport","Angle",1,2012,"CHEVROLET","EQUINOX",998,"Disabling Damage",0,0,1,"Full Driver License","Valid","No",65,"Dry","Going Straight","Crossing Over (Passing Through) Junction","Unknown/Not Reported","Tracking","Stayed in original travel lane","SUV",0,0,1,1,0,0,1,2,2
470029,1,7,24,"Guardrail Face","The First Harmful Event was Not a Collision with a Motor Vehicle in Transport",1,2018,"TOYOTA","CAMRY",998,"Disabling Damage",1,0,1,"Full Driver License","Valid","No",55,"Dry","Going Straight","Off the edge of the road on the left side","Unknown/Not Reported","Tracking","Departed roadway","4 DR",0,1,1,1,1,1,0,5,2
470035,1,5,12,"Motor Vehicle In-Transport","Angle",1,2017,"TOYOTA","CAMRY",998,"Disabling Damage",1,0,1,"Full Driver License","Valid","No",40,"Dry","Going Straight","From crossing street, across path","Unknown/Not Reported","Tracking","Stayed in original travel lane","4 DR",1,1,0,1,2,2,0,1,2
470036,1,20,12,"Motor Vehicle In-Transport","Front-to-Front",1,2019,"HONDA","CR-V",998,"Disabling Damage",1,0,1,"Full Driver License","Valid","No",45,"Dry","Going Straight","From opposite direction  over left lane line","Unknown/Not Reported","Tracking","Stayed in original travel lane","SUV",1,1,1,0,2,2,0,1,2
470036,1,20,12,"Motor Vehicle In-Transport","Front-to-Front",2,2016,"RAM","2500",998,"Disabling Damage",0,0,1,"Full Driver License","Valid","No",45,"Dry","Going Straight","Traveling in same direction with lower steady speed","Unknown/Not Reported","Tracking","Stayed in original travel lane","PU/CC",0,0,0,0,0,0,0,0,0
470043,1,22,12,"Motor Vehicle In-Transport","Angle",3,2018,"CHEVROLET","MALIBU",998,"Disabling Damage",0,0,1,"Full Driver License","Valid","No",45,"Dry","Going Straight","From crossing street, turning into opposite direction","Unknown/Not Reported","Tracking","Stayed in original travel lane","4 DR",1,1,1,0,2,2,0,2,2
470044,1,4,12,"Motor Vehicle In-Transport","Front-to-Front",1,2019,"FORD","FIESTA",0,"Disabling Damage",1,0,1,"Full Driver License","Valid","No",40,"Dry","Stopped in Roadway","Traveling in opposite direction","No Avoidance Maneuver","Tracking","Stayed in original travel lane","4 DR",0,0,0,0,0,0,0,0,0
470047,1,19,12,"Motor Vehicle In-Transport","Angle",1,2016,"RAM","1500",998,"Disabling Damage",0,0,1,"Full Driver License","Valid","No",65,"Dry","Going Straight","From crossing street, intended path not known","Steering left","Skidding longitudinally  rotation less than 30 degrees","Stayed on roadway, not known if left original travel lane","PU/RC",0,0,0,0,0,0,0,0,0
470049,1,5,12,"Motor Vehicle In-Transport","Front-to-Rear",2,2022,"NISSAN","ROGUE SPORT",998,"Disabling Damage",2,0,1,"Full Driver License","Valid","No",55,"Dry","Going Straight","From opposite direction  over left lane line","Unknown/Not Reported","Tracking","Stayed in original travel lane","SUV",1,0,1,1,1,1,0,6,3
470060,1,9,12,"Motor Vehicle In-Transport","Front-to-Front",1,2019,"JEEP","WRANGLER",998,"Disabling Damage",0,0,1,"Full Driver License","Valid","No",45,"Dry","Negotiating a Curve","Over the lane line on left side of travel lane","Unknown/Not Reported","Tracking","Stayed on roadway, but left original travel lane","SUV",0,0,0,0,0,0,0,0,0
470066,1,1,12,"Motor Vehicle In-Transport","Front-to-Front",1,2013,"MAZDA","CX-5",998,"Disabling Damage",1,0,1,"Full Driver License","Valid","No",70,"Dry","Going Straight","Traveling in opposite direction","Unknown/Not Reported","Tracking","Stayed in original travel lane","SUV",0,1,0,0,0,0,1,2,0
470075,1,14,12,"Motor Vehicle In-Transport","Angle",2,2017,"HONDA","CIVIC",998,"Disabling Damage",0,0,1,"Full Driver License","Valid","No",45,"Dry","Going Straight","Crossing Over (Passing Through) Junction","Unknown/Not Reported","Tracking","Stayed in original travel lane","2 DR",0,1,1,0,2,2,0,1,1
470081,1,18,8,"Pedestrian","The First Harmful Event was Not a Collision with a Motor Vehicle in Transport",2,2012,"FORD","E-250",998,"Minor Damage",0,0,1,"Full Driver License","Valid","No",55,"Dry","Going Straight","Pedestrian in road","No Avoidance Maneuver","Tracking","Stayed in original travel lane","VAN",0,0,0,0,0,0,1,1,0
470082,1,19,12,"Motor Vehicle In-Transport","Sideswipe - Same Direction",2,2014,"HONDA","ACCORD",0,"Disabling Damage",0,0,1,"Full Driver License","Valid","No",25,"Dry","Stopped in Roadway","Traveling in same direction with higher speed","No Avoidance Maneuver","Tracking","Stayed in original travel lane","2 DR",0,0,0,1,0,0,1,1,1
470085,2,18,12,"Motor Vehicle In-Transport","Sideswipe - Opposite Direction",3,2021,"SUBARU","FORESTER",998,"Disabling Damage",0,0,1,"Full Driver License","Valid","No",55,"Dry","Negotiating a Curve","From opposite direction  over left lane line","Unknown/Not Reported","Tracking","Stayed in original travel lane","SUV",1,0,1,1,1,1,0,4,3
470085,2,18,12,"Motor Vehicle In-Transport","Sideswipe - Opposite Direction",2,2019,"HONDA","CR-V",998,"Disabling Damage",1,0,1,"Full Driver License","Valid","No",55,"Dry","Negotiating a Curve","From opposite direction  over left lane line","Unknown/Not Reported","Tracking","Stayed in original travel lane","SUV",1,1,0,0,2,2,0,1,1
470085,2,18,12,"Motor Vehicle In-Transport","Sideswipe - Opposite Direction",1,2016,"SUBARU","FORESTER",998,"Functional Damage",0,0,1,"Full Driver License","Valid","No",55,"Dry","Negotiating a Curve","From opposite direction  over left lane line","Unknown/Not Reported","Tracking","Stayed in original travel lane","SUV",0,0,1,0,2,2,0,0,1
470086,2,12,12,"Motor Vehicle In-Transport","Angle",2,2018,"TOYOTA","TUNDRA",998,"Disabling Damage",0,0,1,"Full Driver License","Valid","No",70,"Dry","Going Straight","From opposite direction  over left lane line","Unknown/Not Reported","Tracking","Stayed in original travel lane","PU/CC",0,2,1,1,1,1,0,4,2
470090,2,12,12,"Motor Vehicle In-Transport","Angle",2,2023,"HYUNDAI","TUCSON",998,"Disabling Damage",0,0,1,"Full Driver License","Valid","No",55,"Dry","Negotiating a Curve","From opposite direction  over left lane line","Unknown/Not Reported","Tracking","Stayed in original travel lane","SUV",1,2,1,1,1,1,0,5,3
470094,2,19,8,"Pedestrian","The First Harmful Event was Not a Collision with a Motor Vehicle in Transport",1,2013,"HYUNDAI","ELANTRA",998,"Disabling Damage",0,0,1,"Full Driver License","Valid","No",65,"Dry","Going Straight","Pedestrian in road","Unknown/Not Reported","Tracking","Stayed in original travel lane","2 DR",0,1,0,0,0,0,1,2,0
470098,2,12,8,"Pedestrian","The First Harmful Event was Not a Collision with a Motor Vehicle in Transport",1,2017,"CHEVROLET","CRUZE",998,"Disabling Damage",0,0,1,"Full Driver License","Valid","No",55,"Dry","Going Straight","Pedestrian in road","Unknown/Not Reported","Tracking","Stayed in original travel lane","4 DR",0,1,0,1,0,0,0,2,1
470100,2,5,8,"Pedestrian","The First Harmful Event was Not a Collision with a Motor Vehicle in Transport",1,2015,"RAM","1500",998,"Functional Damage",0,0,1,"Full Driver License","Valid","No",55,"Dry","Negotiating a Curve","Pedestrian in road","Braking","Tracking","Stayed in original travel lane","PU/EC",0,0,0,0,0,0,0,0,0
470107,1,17,12,"Motor Vehicle In-Transport","Front-to-Front",1,2013,"FORD","F-350",998,"Disabling Damage",1,0,1,"Full Driver License","Valid","No",55,"Dry","Going Straight","From opposite direction  over left lane line","Unknown/Not Reported","Tracking","Stayed in original travel lane","PU/RC",0,0,0,0,0,0,1,1,0
470109,2,20,42,"Tree (Standing Only)","The First Harmful Event was Not a Collision with a Motor Vehicle in Transport",3,2019,"KIA","STINGER",998,"Disabling Damage",1,0,1,"Full Driver License","Valid","No",55,"Dry","Going Straight","Off the edge of the road on the left side","Unknown/Not Reported","Tracking","Departed roadway","4 DR",1,1,1,0,2,2,0,1,2
470111,2,15,12,"Motor Vehicle In-Transport","Angle",1,2022,"NISSAN","SENTRA",998,"Disabling Damage",1,0,1,"Full Driver License","Valid","No",30,"Dry","Going Straight","Crossing Over (Passing Through) Junction","Unknown/Not Reported","Tracking","Stayed in original travel lane","4",1,0,1,1,1,1,0,5,3
470121,2,16,12,"Motor Vehicle In-Transport","Sideswipe - Same Direction",1,2016,"INFINITI","QX50",998,"Disabling Damage",0,0,1,"Full Driver License","Valid","No",40,"Dry","Going Straight","Traveling in same direction with higher speed","Unknown/Not Reported","Tracking","Stayed in original travel lane","SW",1,0,1,0,2,0,0,0,2
470121,2,16,12,"Motor Vehicle In-Transport","Sideswipe - Same Direction",1,2013,"HYUNDAI","SANTA FE",998,"Disabling Damage",1,0,1,"Full Driver License","Valid","No",40,"Dry","Going Straight","From opposite direction  over left lane line","Unknown/Not Reported","Tracking","Stayed in original travel lane","SUV",0,1,0,0,0,0,1,2,0
470123,2,0,12,"Motor Vehicle In-Transport","Front-to-Rear",1,2017,"DODGE","JOURNEY",998,"Disabling Damage",0,0,1,"Full Driver License","Valid","No",55,"Dry","Going Straight","Traveling in same direction with higher speed","Unknown/Not Reported","Tracking","Stayed in original travel lane","SUV",0,0,0,0,0,0,0,0,0
470124,2,6,12,"Motor Vehicle In-Transport","Angle",1,2019,"MAZDA","CX-5",998,"Functional Damage",0,0,1,"Full Driver License","Valid","No",40,"Dry","Turning Left","Turning Left","Unknown/Not Reported","Tracking","Stayed in original travel lane","SUV",1,1,1,0,1,1,0,6,2
470125,2,20,12,"Motor Vehicle In-Transport","Front-to-Front",2,2020,"DODGE","DURANGO",998,"Disabling Damage",0,0,1,"Full Driver License","Valid","No",35,"Dry","Decelerating in Road","From opposite direction  over left lane line","Unknown/Not Reported","Tracking","Stayed in original travel lane","SUV",1,0,1,1,2,2,0,0,3
470127,2,1,12,"Motor Vehicle In-Transport","Front-to-Front",1,2017,"NISSAN","ROGUE",998,"Disabling Damage",1,0,1,"Full Driver License","Valid","No",40,"Dry","Negotiating a Curve","Over the lane line on left side of travel lane","Unknown/Not Reported","Tracking","Stayed on roadway, but left original travel lane","SUV",0,0,0,0,2,2,0,0,0
470129,2,14,25,"Concrete Traffic Barrier","The First Harmful Event was Not a Collision with a Motor Vehicle in Transport",1,2014,"GMC","TERRAIN",998,"Disabling Damage",1,0,1,"Full Driver License","Valid","No",55,"Dry","Negotiating a Curve","Traveling Too Fast for Conditions or Road Configuration","Braking and Unknown Steering Direction","Skidding longitudinally  rotation less than 30 degrees","Departed roadway","SUV",0,1,0,1,0,0,1,3,1
470132,2,11,12,"Motor Vehicle In-Transport","Front-to-Rear",1,2011,"NISSAN","VERSA",998,"Functional Damage",0,0,1,"Full Driver License","Valid","No",45,"Dry","Going Straight","Traveling in same direction with higher speed","Unknown/Not Reported","Tracking","Stayed in original travel lane","4 DR",0,1,0,0,0,0,2,1,0
470138,2,11,35,"Embankment","The First Harmful Event was Not a Collision with a Motor Vehicle in Transport",1,2014,"RAM","1500",998,"Disabling Damage",1,0,1,"Full Driver License","Valid","No",45,"Dry","Negotiating a Curve","Unknown cause of control loss","Unknown/Not Reported","Tracking","Departed roadway","PU/RC",0,1,0,0,0,0,1,2,0
470143,2,12,8,"Pedestrian","The First Harmful Event was Not a Collision with a Motor Vehicle in Transport",1,2015,"NISSAN","370Z",998,"Disabling Damage",0,0,1,"Full Driver License","Valid","No",40,"Dry","Going Straight","Pedestrian in road","Unknown/Not Reported","Tracking","Stayed in original travel lane","2 DR",0,0,0,0,0,0,0,0,0
470147,2,19,12,"Motor Vehicle In-Transport","Front-to-Front",1,2016,"FORD","FUSION",998,"Disabling Damage",0,0,1,"Full Driver License","Valid","No",55,"Dry","Going Straight","From opposite direction  over left lane line","Unknown/Not Reported","Tracking","Stayed in original travel lane","4 DR",0,1,0,0,0,0,0,1,0
470147,2,19,12,"Motor Vehicle In-Transport","Front-to-Front",1,2016,"FORD","FUSION",998,"Disabling Damage",1,0,1,"Full Driver License","Valid","No",55,"Dry","Going Straight","From opposite direction  over left lane line","Unknown/Not Reported","Tracking","Stayed in original travel lane","4 DR",1,1,1,1,0,0,0,1,3
470150,2,7,8,"Pedestrian","The First Harmful Event was Not a Collision with a Motor Vehicle in Transport",1,2011,"FORD","ESCAPE",998,"Functional Damage",0,0,1,"Full Driver License","Valid","No",40,"Dry","Going Straight","Pedestrian in road","Unknown/Not Reported","Tracking","Stayed in original travel lane","SUV",0,0,0,0,0,0,1,1,0
470152,2,6,8,"Pedestrian","The First Harmful Event was Not a Collision with a Motor Vehicle in Transport",1,2013,"ACURA","ILX",998,"Minor Damage",0,0,1,"Full Driver License","Valid","No",45,"Dry","Going Straight","Pedestrian in road","No Avoidance Maneuver","Tracking","Stayed in original travel lane","4 DR",0,0,0,0,0,0,1,1,0
470153,2,18,8,"Pedestrian","The First Harmful Event was Not a Collision with a Motor Vehicle in Transport",1,2013,"KIA","FORTE",998,"Functional Damage",0,0,1,"Intermediate Driver License","Valid","No",40,"Dry","Going Straight","Pedestrian in road","Unknown/Not Reported","Tracking","Stayed in original travel lane","4 DR",0,1,0,0,0,0,1,2,0
470167,2,10,12,"Motor Vehicle In-Transport","Angle",1,2019,"TOYOTA","TACOMA",998,"Disabling Damage",1,0,1,"Full Driver License","Valid","No",35,"Dry","Turning Left","Turning Left","Unknown/Not Reported","Tracking","Stayed in original travel lane","PU/EC",1,1,1,1,1,1,0,5,3
470171,3,4,8,"Pedestrian","The First Harmful Event was Not a Collision with a Motor Vehicle in Transport",1,2016,"KIA","SOUL",998,"Disabling Damage",0,0,1,"Full Driver License","Valid","No",40,"Dry","Negotiating a Curve","Pedestrian in road","Unknown/Not Reported","Tracking","Stayed in original travel lane","SUV",0,1,1,1,0,0,0,1,2
470172,3,17,12,"Motor Vehicle In-Transport","Angle",3,2018,"NISSAN","ROGUE SPORT",998,"Disabling Damage",2,0,1,"Full Driver License","Valid","No",25,"Dry","Turning Left","From crossing street, across path","Unknown/Not Reported","Tracking","Stayed in original travel lane","SUV",1,0,1,1,2,2,0,0,3
470176,3,18,12,"Motor Vehicle In-Transport","Front-to-Rear",1,2012,"CHEVROLET","MALIBU",998,"Disabling Damage",0,0,1,"Full Driver License","Valid","No",65,"Dry","Decelerating in Road","Traveling in same direction with higher speed","No Avoidance Maneuver","Tracking","Stayed in original travel lane","4 DR",0,0,0,0,0,0,1,2,0
470177,3,16,12,"Motor Vehicle In-Transport","Angle",1,2022,"HONDA","INSIGHT",998,"Disabling Damage",1,0,1,"Full Driver License","Valid","No",45,"Dry","Going Straight","From opposite direction  over left lane line","Unknown/Not Reported","Tracking","Stayed in original travel lane","4 DR",1,1,1,1,1,1,0,7,3
470180,3,18,8,"Pedestrian","The First Harmful Event was Not a Collision with a Motor Vehicle in Transport",1,2017,"TOYOTA","HIGHLANDER",998,"Disabling Damage",0,0,1,"Full Driver License","Valid","No",40,"Dry","Going Straight","Pedestrian in road","Unknown/Not Reported","Tracking","Stayed in original travel lane","SUV",0,1,1,1,2,2,0,2,2
470182,3,12,12,"Motor Vehicle In-Transport","Front-to-Front",1,2014,"FORD","ESCAPE",998,"Disabling Damage",1,0,1,"Full Driver License","Valid","No",55,"Dry","Going Straight","Over the lane line on left side of travel lane","Unknown/Not Reported","Tracking","Stayed on roadway, but left original travel lane","SUV",0,0,0,0,0,0,1,1,0
470185,2,20,32,"Culvert","The First Harmful Event was Not a Collision with a Motor Vehicle in Transport",1,2020,"NISSAN","SENTRA",998,"Disabling Damage",1,0,1,"Full Driver License","Valid","No",30,"Dry","Going Straight","Off the edge of the road on the right side","Unknown/Not Reported","Tracking","Departed roadway","4 DR",1,1,1,1,1,1,0,6,3
470191,3,14,38,"Fence","The First Harmful Event was Not a Collision with a Motor Vehicle in Transport",1,2021,"CHEVROLET","TRAX",998,"Disabling Damage",1,0,1,"Full Driver License","Valid","No",40,"Dry","Going Straight","Off the edge of the road on the right side","Unknown/Not Reported","Tracking","Departed roadway","SUV",1,1,0,0,0,0,0,2,1
470200,3,8,30,"Utility Pole/Light Support","The First Harmful Event was Not a Collision with a Motor Vehicle in Transport",1,2018,"GMC","TERRAIN",998,"Disabling Damage",1,0,1,"Full Driver License","Valid","No",99,"Dry","Going Straight","Off the edge of the road on the left side","Unknown/Not Reported","Tracking","Departed roadway","SUV",1,1,0,1,2,0,0,2,2
470201,3,4,8,"Pedestrian","The First Harmful Event was Not a Collision with a Motor Vehicle in Transport",1,2013,"TOYOTA","RAV4",998,"Disabling Damage",0,0,1,"Full Driver License","Valid","No",40,"Dry","Going Straight","Pedestrian in road","Unknown/Not Reported","Tracking","Stayed in original travel lane","SUV",0,0,0,0,0,0,1,1,0
470204,3,6,12,"Motor Vehicle In-Transport","Front-to-Front",1,2014,"ACURA","TL",998,"Disabling Damage",1,0,1,"Full Driver License","Valid","No",45,"Dry","Negotiating a Curve","Traveling in opposite direction","Unknown/Not Reported","Tracking","Stayed on roadway, but left original travel lane","4 DR",0,0,0,0,0,0,1,1,0
470205,3,10,12,"Motor Vehicle In-Transport","Sideswipe - Opposite Direction",1,2014,"NISSAN","FRONTIER",998,"Disabling Damage",0,0,1,"Full Driver License","Valid","No",55,"Dry","Going Straight","Over the lane line on left side of travel lane","Unknown/Not Reported","Tracking","Stayed on roadway, but left original travel lane","PU/EC",0,2,0,0,0,0,1,1,0
470211,3,4,12,"Motor Vehicle In-Transport","Front-to-Rear",1,2017,"FORD","TAURUS",998,"Disabling Damage",1,0,1,"Full Driver License","Valid","No",70,"Dry","Going Straight","Traveling in same direction while decelerating","Unknown/Not Reported","Tracking","Stayed in original travel lane","4 DR",0,0,0,0,0,0,0,0,0
470216,3,11,12,"Motor Vehicle In-Transport","Front-to-Front",1,2013,"DODGE","CHALLENGER",998,"Disabling Damage",0,0,1,"Full Driver License","Valid","No",45,"Dry","Going Straight","From opposite direction  over left lane line","Unknown/Not Reported","Tracking","Stayed in original travel lane","2 DR",0,1,0,0,0,0,1,2,0
470229,3,20,12,"Motor Vehicle In-Transport","Angle",1,2019,"HYUNDAI","TUCSON",998,"Disabling Damage",0,0,1,"Full Driver License","Valid","No",45,"Dry","Turning Left","Traveling in opposite direction","Unknown/Not Reported","Tracking","Stayed in original travel lane","SUV",0,2,1,1,1,1,0,4,2
470230,3,4,8,"Pedestrian","The First Harmful Event was Not a Collision with a Motor Vehicle in Transport",1,2014,"CHEVROLET","EQUINOX",998,"Disabling Damage",0,0,1,"Full Driver License","Valid","No",55,"Dry","Going Straight","Pedestrian in road","Unknown/Not Reported","Tracking","Stayed in original travel lane","SUV",0,1,1,1,0,0,1,3,2
470236,3,19,8,"Pedestrian","The First Harmful Event was Not a Collision with a Motor Vehicle in Transport",1,2015,"MERCEDES-BENZ","GLK-CLASS",998,"Disabling Damage",0,0,1,"Full Driver License","Valid","No",45,"Dry","Going Straight","Pedestrian in road","Unknown/Not Reported","Tracking","Stayed on roadway, but left original travel lane","4 DR",1,1,0,1,2,2,0,1,2
470245,3,21,8,"Pedestrian","The First Harmful Event was Not a Collision with a Motor Vehicle in Transport",1,2013,"CHEVROLET","TRAVERSE",998,"Disabling Damage",0,0,1,"Full Driver License","Valid","No",45,"Dry","Going Straight","Pedestrian in road","Unknown/Not Reported","Tracking","Stayed in original travel lane","SUV",0,1,0,0,0,0,1,3,0
470249,4,14,12,"Motor Vehicle In-Transport","Angle",4,2012,"KIA","SOUL",998,"Disabling Damage",2,0,1,"Full Driver License","Valid","No",55,"Dry","Going Straight","From crossing street, across path","Unknown/Not Reported","Tracking","Stayed in original travel lane","SUV",0,0,0,0,0,0,1,1,0
470257,3,16,12,"Motor Vehicle In-Transport","Front-to-Rear",4,2012,"GMC","ACADIA",998,"Disabling Damage",0,0,1,"Full Driver License","Valid","No",55,"Dry","Decelerating in Road","Traveling in same direction with higher speed","Unknown/Not Reported","Tracking","Stayed in original travel lane","SUV",0,1,0,0,0,0,1,3,0
470257,3,16,12,"Motor Vehicle In-Transport","Front-to-Rear",3,2016,"FORD","EXPLORER",998,"Disabling Damage",1,0,1,"Full Driver License","Valid","No",55,"Dry","Decelerating in Road","Traveling in same direction with higher speed","Unknown/Not Reported","Tracking","Stayed in original travel lane","SUV",0,1,0,1,0,0,0,1,1
470257,3,16,12,"Motor Vehicle In-Transport","Front-to-Rear",1,2015,"VOLKSWAGEN","JETTA",998,"Disabling Damage",0,0,1,"Full Driver License","Valid","No",55,"Dry","Decelerating in Road","Traveling in same direction with higher speed","Unknown/Not Reported","Tracking","Stayed in original travel lane","4 DR",1,1,0,0,0,0,0,1,1
470257,3,16,12,"Motor Vehicle In-Transport","Front-to-Rear",3,2020,"HONDA","PILOT",998,"Disabling Damage",0,0,1,"Full Driver License","Valid","No",55,"Dry","Decelerating in Road","Traveling in same direction with higher speed","Unknown/Not Reported","Tracking","Stayed in original travel lane","SUV",0,1,1,1,1,1,0,5,2
470257,3,16,12,"Motor Vehicle In-Transport","Front-to-Rear",2,2017,"INFINITI","QX60",998,"Functional Damage",0,0,1,"Full Driver License","Valid","No",55,"Dry","Decelerating in Road","Traveling in same direction with higher speed","Unknown/Not Reported","Tracking","Stayed in original travel lane","SUV",1,0,1,1,2,2,0,0,3
470258,4,20,3,"Immersion or Partial Immersion","The First Harmful Event was Not a Collision with a Motor Vehicle in Transport",1,2013,"HYUNDAI","ELANTRA",998,"Disabling Damage",1,0,1,"Full Driver License","Valid","No",45,"Dry","Going Straight","Off the edge of the road on the right side","Unknown/Not Reported","Tracking","Departed roadway","2 DR",0,1,0,0,0,0,1,2,0