"SERIAL_CRASH","MONTH","HOUR","HARM_EV","HARM_EVNAME","TYPE_OF_COLLIOSION","NUM_OF_PEOPLE","MOD_YEAR","VPICMAKENAME","VPICMODELNAME","TRAV_SP","DEFORMEDNAME","DEATHS","DR_DRINK","IS_DRIVER_PRESENT","L_TYPENAME","L_STATUSNAME","SPEEDRELNAME","VSPD_LIM","VSURCONDNAME","P_CRASH1NAME","P_CRASH2NAME","P_CRASH3NAME","PCRASH4NAME","PCRASH5NAME","BODY_STYLE","BLIND_SPOT_DETECTION","ARS","FRNT_COLLISION_WARNING","LANE_DEPARTURE_WARNING","CRASH_IMMINENT_BRAKE","DYNAMIC_BRAKE_SUPPORT","NHTSA_ESC","SAFETY_COUNT","notification_count"
470260,4,22,54,"Motor Vehicle In-Transport Strikes or is Struck by Cargo, Persons or Objects Set-in-Motion from/by Another Motor Vehicle In Transport","Other",1,2020,"NISSAN","VERSA",998,"Disabling Damage",1,0,1,"Full Driver License","Valid","No",55,"Dry","Going Straight","Other critical precrash event (specify:)","Unknown/Not Reported","Tracking","Stayed in original travel lane","4 DR",1,0,1,1,1,1,0,4,3
470265,3,11,12,"Motor Vehicle In-Transport","Front-to-Front",1,2019,"TOYOTA","CAMRY",998,"Disabling Damage",0,0,1,"Full Driver License","Valid","No",50,"Dry","Going Straight","Over the lane line on left side of travel lane","Unknown/Not Reported","Tracking","Stayed on roadway, but left original travel lane","4 DR",0,1,1,1,1,1,0,5,2
470278,4,21,8,"Pedestrian","The First Harmful Event was Not a Collision with a Motor Vehicle in Transport",1,2016,"CHRYSLER","200",998,"Functional Damage",0,0,1,"Full Driver License","Valid","No",55,"Dry","Going Straight","Pedestrian in road","Unknown/Not Reported","Tracking","Stayed in original travel lane","4 DR",1,0,0,1,2,2,0,0,2
470282,4,17,12,"Motor Vehicle In-Transport","Angle",1,2021,"HONDA","CR-V",998,"Disabling Damage",0,0,1,"Full Driver License","Valid","No",45,"Dry","Going Straight","From opposite direction  over left lane line","Unknown/Not Reported","Tracking","Stayed in original travel lane","SUV",0,1,1,1,1,1,0,6,2
470283,4,7,12,"Motor Vehicle In-Transport","Front-to-Front",1,2023,"KIA","K5",998,"Minor Damage",0,0,1,"Full Driver License","Valid","No",45,"Dry","Negotiating a Curve","Other critical precrash event (specify:)","Unknown/Not Reported","Tracking","Stayed in original travel lane","4 DR",1,0,1,1,1,1,0,5,3
470286,4,17,12,"Motor Vehicle In-Transport","Angle",2,2013,"VOLKSWAGEN","PASSAT",998,"Disabling Damage",1,0,1,"Full Driver License","Valid","No",55,"Dry","Turning Left","Traveling in opposite direction","Unknown/Not Reported","Tracking","Stayed in original travel lane","4 DR",0,1,0,0,0,0,1,2,0
470286,4,17,12,"Motor Vehicle In-Transport","Angle",1,2018,"BUICK","ENCORE",998,"Disabling Damage",0,0,1,"Full Driver License","Valid","No",55,"Dry","Going Straight","From opposite direction  over left lane line","Unknown/Not Reported","Tracking","Stayed in original travel lane","SUV",1,1,1,0,0,0,0,2,2
470296,4,0,8,"Pedestrian","The First Harmful Event was Not a Collision with a Motor Vehicle in Transport",2,2013,"NISSAN","FRONTIER",998,"Functional Damage",0,0,1,"Full Driver License","Valid","No",50,"Dry","Going Straight","Pedestrian in road","No Avoidance Maneuver","Tracking","Stayed in original travel lane","PU/EC",0,2,0,0,0,0,1,1,0
470303,4,22,12,"Motor Vehicle In-Transport","Angle",1,2018,"CHEVROLET","MALIBU",998,"Disabling Damage",0,0,1,"Full Driver License","Valid","No",50,"Dry","Starting in Road","From opposite direction  over left lane line","Unknown/Not Reported","Tracking","Stayed in original travel lane","4 DR",1,1,1,1,2,2,0,2,3
470307,4,14,42,"Tree (Standing Only)","The First Harmful Event was Not a Collision with a Motor Vehicle in Transport",2,2020,"HONDA","CR-V",998,"Disabling Damage",1,0,1,"Full Driver License","Valid","No",55,"Dry","Negotiating a Curve","Off the edge of the road on the right side","Unknown/Not Reported","Tracking","Departed roadway","SUV",0,1,1,1,1,1,0,6,2
470313,4,17,12,"Motor Vehicle In-Transport","Angle",2,2016,"DODGE","CHARGER",998,"Disabling Damage",0,0,1,"Intermediate Driver License","Valid","No",45,"Dry","Going Straight","From opposite direction  over left lane line","Unknown/Not Reported","Tracking","Stayed in original travel lane","4 DR",0,0,1,1,2,2,0,0,2
470315,4,8,12,"Motor Vehicle In-Transport","Angle",1,2019,"HYUNDAI","SANTA FE",998,"Disabling Damage",0,0,1,"Full Driver License","Valid","No",45,"Dry","Negotiating a Curve","From opposite direction  over left lane line","Unknown/Not Reported","Tracking","Stayed in original travel lane","SUV",0,2,1,1,1,1,0,4,2
470317,4,23,12,"Motor Vehicle In-Transport","Angle",2,2013,"NISSAN","ALTIMA",998,"Disabling Damage",1,0,1,"Full Driver License","Valid","No",55,"Dry","Negotiating a Curve","Traveling in opposite direction","Unknown/Not Reported","Tracking","Stayed in original travel lane","2 DR",0,1,0,0,0,0,1,2,0
470324,4,6,12,"Motor Vehicle In-Transport","Angle",1,2012,"HONDA","ACCORD",998,"Disabling Damage",0,0,1,"Full Driver License","Valid","No",35,"Dry","Going Straight","Traveling in same direction with lower steady speed","Braking","Tracking","Stayed on roadway, not known if left original travel lane","2 DR",0,0,0,0,0,0,1,1,0
470327,4,15,12,"Motor Vehicle In-Transport","Sideswipe - Same Direction",1,2014,"CHEVROLET","CAMARO",998,"Disabling Damage",1,0,1,"Full Driver License","Valid","No",55,"Dry","Passing or Overtaking Another Vehicle","Other critical precrash event (specify:)","Unknown/Not Reported","Tracking","Departed roadway","C",0,1,0,0,0,0,1,3,0
470327,4,15,12,"Motor Vehicle In-Transport","Sideswipe - Same Direction",1,2019,"GMC","YUKON",998,"Disabling Damage",0,0,1,"Full Driver License","Valid","No",55,"Dry","Passing or Overtaking Another Vehicle","Over the lane line on right side of travel lane","Unknown/Not Reported","Tracking","Departed roadway","SUV",1,1,0,1,2,2,0,2,2
470333,4,6,12,"Motor Vehicle In-Transport","Angle",2,2011,"HONDA","ACCORD",998,"Disabling Damage",0,0,1,"Full Driver License","Valid","No",40,"Dry","Turning Left","Turning Left","Unknown/Not Reported","Tracking","Stayed in original travel lane","2 DR",0,1,0,0,0,0,1,2,0
470336,4,17,12,"Motor Vehicle In-Transport","Angle",1,2018,"NISSAN","MAXIMA",998,"Minor Damage",0,0,1,"Full Driver License","Valid","No",35,"Dry","Decelerating in Road","From opposite direction  over left lane line","Unknown/Not Reported","Tracking","Stayed in original travel lane","4 DR",0,1,1,0,1,1,0,4,1
470339,4,15,12,"Motor Vehicle In-Transport","Angle",1,2021,"GMC","CANYON",998,"Disabling Damage",0,0,1,"Full Driver License","Valid","No",55,"Dry","Going Straight","Crossing Over (Passing Through) Junction","Unknown/Not Reported","Tracking","Stayed in original travel lane","PU/EC",0,1,1,1,0,0,0,1,2
470344,4,20,30,"Utility Pole/Light Support","The First Harmful Event was Not a Collision with a Motor Vehicle in Transport",1,2019,"TOYOTA","HIGHLANDER",998,"Disabling Damage",1,0,1,"Full Driver License","Valid","No",35,"Dry","Going Straight","Off the edge of the road on the right side","Unknown/Not Reported","Tracking","Departed roadway","SUV",0,1,1,1,1,1,0,5,2
470359,4,6,12,"Motor Vehicle In-Transport","Front-to-Front",1,2015,"SUBARU","XV CROSSTREK",998,"Disabling Damage",0,0,1,"Full Driver License","Valid","No",50,"Dry","Negotiating a Curve","Over the lane line on left side of travel lane","Unknown/Not Reported","Tracking","Stayed on roadway, but left original travel lane","SUV",0,0,0,1,2,2,0,0,1
470359,4,6,12,"Motor Vehicle In-Transport","Front-to-Front",1,2015,"FORD","TAURUS",998,"Disabling Damage",1,0,1,"Full Driver License","Valid","No",50,"Dry","Negotiating a Curve","From opposite direction  over left lane line","Steering right","Skidding longitudinally  rotation less than 30 degrees","Stayed in original travel lane","4 DR",0,1,1,0,0,0,0,1,1
470361,5,6,33,"Curb","The First Harmful Event was Not a Collision with a Motor Vehicle in Transport",1,2019,"KIA","SORENTO",998,"Disabling Damage",1,0,1,"Full Driver License","Valid","No",40,"Dry","Going Straight","Off the edge of the road on the left side","Unknown/Not Reported","Tracking","Departed roadway","SUV",1,2,0,1,2,2,0,0,2
470364,5,20,8,"Pedestrian","The First Harmful Event was Not a Collision with a Motor Vehicle in Transport",1,2015,"DODGE","CHARGER",998,"Minor Damage",0,0,1,"Full Driver License","Valid","No",40,"Dry","Going Straight","Pedestrian in road","Unknown/Not Reported","Tracking","Stayed in original travel lane","4 DR",1,1,1,0,0,0,0,1,2
470367,5,12,12,"Motor Vehicle In-Transport","Angle",1,2018,"RAM","1500",998,"Disabling Damage",0,0,1,"Full Driver License","Valid","No",35,"Dry","Negotiating a Curve","From adjacent lane (same direction) over right lane line","Unknown/Not Reported","Tracking","Stayed on roadway, not known if left original travel lane","PU/RC",0,0,0,0,0,0,0,0,0
470374,5,17,12,"Motor Vehicle In-Transport","Angle",1,2012,"DODGE","AVENGER",998,"Disabling Damage",1,0,1,"Full Driver License","Valid","No",55,"Dry","Going Straight","Crossing Over (Passing Through) Junction","Unknown/Not Reported","Tracking","Stayed in original travel lane","4 DR",0,1,0,0,0,0,1,2,0
470375,5,13,34,"Ditch","The First Harmful Event was Not a Collision with a Motor Vehicle in Transport",2,2017,"NISSAN","ROGUE",998,"Disabling Damage",1,0,1,"Full Driver License","Valid","No",30,"Dry","Negotiating a Curve","Off the edge of the road on the left side","Unknown/Not Reported","Tracking","Departed roadway","SUV",0,0,1,0,2,2,0,0,1
470381,4,12,12,"Motor Vehicle In-Transport","Angle",3,2015,"RAM","2500",998,"Disabling Damage",0,0,1,"Full Driver License","Valid","No",55,"Dry","Going Straight","From adjacent lane (same direction) over left lane line","Unknown/Not Reported","Tracking","Stayed on roadway, not known if left original travel lane","PU/CC",0,0,0,0,0,0,0,0,0
470386,5,7,12,"Motor Vehicle In-Transport","Front-to-Rear",1,2022,"KIA","FORTE",998,"Disabling Damage",1,0,1,"Full Driver License","Valid","No",45,"Dry","Going Straight","Traveling in same direction while decelerating","Unknown/Not Reported","Tracking","Stayed in original travel lane","4 DR",0,2,1,1,1,1,0,4,2
470389,4,11,12,"Motor Vehicle In-Transport","Front-to-Front",1,2018,"DODGE","CHARGER",998,"Disabling Damage",0,0,1,"Full Driver License","Valid","No",45,"Dry","Going Straight","From opposite direction  over left lane line","Unknown/Not Reported","Tracking","Stayed in original travel lane","4 DR",0,0,1,1,2,2,0,0,2
470389,4,11,12,"Motor Vehicle In-Transport","Front-to-Front",1,2019,"NISSAN","SENTRA",998,"Disabling Damage",1,0,1,"Full Driver License","Valid","No",45,"Dry","Turning Left","From opposite direction  over left lane line","Unknown/Not Reported","Tracking","Stayed in original travel lane","4 DR",1,1,1,0,2,2,0,1,2
470390,5,13,12,"Motor Vehicle In-Transport","Front-to-Rear",2,2014,"CHRYSLER","TOWN AND COUNTRY",998,"Disabling Damage",1,0,1,"Full Driver License","Valid","No",70,"Dry","Going Straight","Traveling in same direction while decelerating","Unknown/Not Reported","Tracking","Stayed in original travel lane","VAN",0,1,0,0,0,0,1,2,0
470393,5,22,1,"Rollover/Overturn","The First Harmful Event was Not a Collision with a Motor Vehicle in Transport",1,2012,"DODGE","CHALLENGER",998,"Disabling Damage",0,0,1,"Full Driver License","Valid","No",50,"Dry","Negotiating a Curve","Off the edge of the road on the left side","Unknown/Not Reported","Tracking","Departed roadway","2 DR",0,1,0,0,0,0,1,2,0
470396,4,18,12,"Motor Vehicle In-Transport","Front-to-Front",2,2017,"DODGE","GRAND CARAVAN",998,"Disabling Damage",2,0,1,"Full Driver License","Valid","No",55,"Dry","Negotiating a Curve","From opposite direction  over left lane line","Unknown/Not Reported","Tracking","Stayed in original travel lane","VAN",0,0,0,0,0,0,0,0,0
470398,5,9,1,"Rollover/Overturn","The First Harmful Event was Not a Collision with a Motor Vehicle in Transport",1,2018,"FORD","FUSION",998,"Disabling Damage",1,0,1,"Full Driver License","Valid","No",45,"Dry","Going Straight","Off the edge of the road on the right side","Unknown/Not Reported","Tracking","Departed roadway","4 DR",1,1,0,1,2,2,0,2,2
470401,5,20,12,"Motor Vehicle In-Transport","Angle",2,2018,"TOYOTA","SIENNA",998,"Disabling Damage",0,0,1,"Full Driver License","Valid","No",55,"Dry","Negotiating a Curve","From opposite direction  over left lane line","Unknown/Not Reported","Tracking","Stayed in original travel lane","VAN",0,1,1,1,1,1,0,5,2
470402,5,20,12,"Motor Vehicle In-Transport","Angle",2,2018,"MAZDA","CX-5",998,"Disabling Damage",1,0,1,"Full Driver License","Valid","No",45,"Dry","Turning Left","Turning Left","Unknown/Not Reported","Tracking","Stayed in original travel lane","SUV",1,1,1,0,1,2,0,5,2
470402,5,20,12,"Motor Vehicle In-Transport","Angle",1,2016,"CHRYSLER","300",998,"Disabling Damage",0,0,1,"Full Driver License","Valid","No",45,"Dry","Going Straight","From opposite direction  over left lane line","Unknown/Not Reported","Tracking","Stayed in original travel lane","4 DR",0,0,0,0,2,2,0,0,0
470410,5,19,12,"Motor Vehicle In-Transport","Front-to-Rear",1,2014,"CHEVROLET","SONIC",998,"Disabling Damage",1,0,1,"Full Driver License","Valid","No",60,"Dry","Going Straight","Traveling in same direction while decelerating","Steering right","Skidding longitudinally  rotation less than 30 degrees","Stayed in original travel lane","5 HB",0,2,0,1,0,0,1,2,1
470412,5,8,12,"Motor Vehicle In-Transport","Angle",1,2022,"NISSAN","ALTIMA",998,"Disabling Damage",0,0,1,"Full Driver License","Valid","No",40,"Dry","Going Straight","From crossing street, across path","Unknown/Not Reported","Tracking","Stayed on roadway, but left original travel lane","4 DR",1,0,1,1,1,1,0,4,3
470412,5,8,12,"Motor Vehicle In-Transport","Angle",3,2013,"HONDA","ODYSSEY",998,"Disabling Damage",1,0,1,"Temporary License","Valid","No",35,"Dry","Going Straight","From crossing street, across path","Unknown/Not Reported","Tracking","Stayed in original travel lane","VAN",0,0,0,0,0,0,1,1,0
470415,5,23,1,"Rollover/Overturn","The First Harmful Event was Not a Collision with a Motor Vehicle in Transport",4,2016,"BMW","X5",998,"Disabling Damage",0,0,1,"Full Driver License","Valid","No",70,"Dry","Going Straight","Other critical precrash event (specify:)","Unknown/Not Reported","Tracking","Stayed in original travel lane","SUV",0,1,1,1,2,2,0,2,2
470418,5,20,12,"Motor Vehicle In-Transport","Angle",2,2013,"FORD","TAURUS",998,"Disabling Damage",0,0,1,"Full Driver License","Valid","No",45,"Dry","Turning Left","From crossing street, across path","Unknown/Not Reported","Tracking","Stayed in original travel lane","4 DR",0,0,1,0,0,0,1,1,1
470418,5,20,12,"Motor Vehicle In-Transport","Angle",1,2013,"TOYOTA","CAMRY",998,"Disabling Damage",0,0,1,"Full Driver License","Valid","No",45,"Dry","Going Straight","Traveling in same direction with higher speed","Unknown/Not Reported","Tracking","Stayed in original travel lane","4 DR",0,1,0,0,0,0,1,2,0
470419,5,16,12,"Motor Vehicle In-Transport","Angle",1,2011,"TOYOTA","COROLLA",998,"Functional Damage",0,0,1,"Full Driver License","Valid","No",40,"Dry","Turning Left","Traveling in opposite direction","Unknown/Not Reported","Tracking","Stayed in original travel lane","4 DR",0,1,0,0,0,0,1,2,0
470423,5,16,12,"Motor Vehicle In-Transport","Angle",1,2021,"TOYOTA","TACOMA",998,"Disabling Damage",0,0,1,"Full Driver License","Valid","No",40,"Dry","Going Straight","From opposite direction  over left lane line","Unknown/Not Reported","Tracking","Stayed in original travel lane","PU/CC",1,2,1,1,1,1,0,5,3
470424,5,3,12,"Motor Vehicle In-Transport","Front-to-Rear",1,2016,"NISSAN","MAXIMA",998,"Disabling Damage",0,0,1,"Temporary License","Valid","No",55,"Dry","Going Straight","Traveling in same direction with lower steady speed","Unknown/Not Reported","Tracking","Stayed in original travel lane","4 DR",0,0,0,0,2,2,0,0,0
470427,5,12,12,"Motor Vehicle In-Transport","Angle",1,2019,"NISSAN","ROGUE",998,"Disabling Damage",0,0,1,"Full Driver License","Valid","No",55,"Dry","Turning Left","From crossing street, across path","Unknown/Not Reported","Tracking","Stayed in original travel lane","SUV",1,1,1,1,1,1,0,6,3
470436,5,17,12,"Motor Vehicle In-Transport","Front-to-Front",1,2016,"CHEVROLET","MALIBU",998,"Disabling Damage",1,0,1,"Full Driver License","Valid","No",45,"Dry","Going Straight","From opposite direction  over left lane line","Unknown/Not Reported","Tracking","Stayed in original travel lane","4 DR",0,1,1,0,2,2,0,2,1
470444,5,8,12,"Motor Vehicle In-Transport","Front-to-Front",1,2013,"MAZDA","MAZDA3",998,"Disabling Damage",0,0,1,"Full Driver License","Valid","No",55,"Dry","Negotiating a Curve","Over the lane line on left side of travel lane","Unknown/Not Reported","Tracking","Stayed on roadway, but left original travel lane","4 DR",0,1,0,0,0,0,1,2,0
470446,5,10,12,"Motor Vehicle In-Transport","Front-to-Front",1,2012,"DODGE","JOURNEY",998,"Disabling Damage",0,0,1,"Full Driver License","Valid","No",55,"Dry","Going Straight","From opposite direction  over left lane line","Unknown/Not Reported","Tracking","Stayed in original travel lane","SUV",0,1,0,0,0,0,1,2,0
470449,5,6,42,"Tree (Standing Only)","The First Harmful Event was Not a Collision with a Motor Vehicle in Transport",1,2018,"BMW","M3",998,"Disabling Damage",1,0,1,"Full Driver License","Valid","No",70,"Dry","Passing or Overtaking Another Vehicle","Off the edge of the road on the right side","Steering left","Skidding longitudinally  rotation less than 30 degrees","Departed roadway","4 DR",1,1,0,0,2,2,0,2,1
470454,5,13,35,"Embankment","The First Harmful Event was Not a Collision with a Motor Vehicle in Transport",1,2018,"HYUNDAI","KONA",998,"Disabling Damage",1,0,1,"Full Driver License","Valid","No",55,"Dry","Negotiating a Curve","Off the edge of the road on the right side","Unknown/Not Reported","Tracking","Departed roadway","SUV",1,1,1,1,2,2,0,2,3
470455,5,19,12,"Motor Vehicle In-Transport","Front-to-Rear",1,2020,"ACURA","TLX",998,"Disabling Damage",0,0,1,"Full Driver License","Valid","No",45,"Dry","Going Straight","Traveling in same direction with higher speed","No Avoidance Maneuver","Tracking","Stayed in original travel lane","4 DR",0,1,1,1,1,1,0,5,2
470456,5,14,12,"Motor Vehicle In-Transport","Angle",1,2020,"TOYOTA","HIGHLANDER",998,"Disabling Damage",0,0,1,"Full Driver License","Valid","No",45,"Dry","Turning Left","Traveling in opposite direction","Unknown/Not Reported","Tracking","Stayed in original travel lane","SUV",0,1,1,1,1,1,0,6,2
470457,5,99,12,"Motor Vehicle In-Transport","Angle",1,2016,"HYUNDAI","SONATA",998,"Disabling Damage",0,0,1,"Full Driver License","Valid","No",45,"Dry","Going Straight","From crossing street, turning into opposite direction","Unknown/Not Reported","Tracking","Stayed in original travel lane","4 DR",1,1,1,0,2,2,0,2,2
470461,5,22,12,"Motor Vehicle In-Transport","Angle",1,2017,"NISSAN","ROGUE",998,"Disabling Damage",0,0,1,"Full Driver License","Valid","No",45,"Dry","Turning Left","Turning Left","Unknown/Not Reported","Tracking","Stayed in original travel lane","SUV",0,0,1,1,2,2,0,0,2
470464,5,13,12,"Motor Vehicle In-Transport","Angle",2,2011,"JEEP","GRAND CHEROKEE",998,"Disabling Damage",0,0,1,"Full Driver License","Valid","No",45,"Dry","Turning Left","Turning Left","No Avoidance Maneuver","Tracking","Stayed in original travel lane","SUV",1,1,1,0,0,0,1,2,2
470466,5,20,30,"Utility Pole/Light Support","The First Harmful Event was Not a Collision with a Motor Vehicle in Transport",3,2020,"HYUNDAI","SANTA FE",998,"Disabling Damage",0,0,1,"Full Driver License","Valid","No",45,"Dry","Negotiating a Curve","Other critical precrash event (specify:)","Unknown/Not Reported","Tracking","Stayed in original travel lane","SUV",0,1,1,1,1,1,0,5,2
470468,5,1,12,"Motor Vehicle In-Transport","Front-to-Front",1,2016,"TOYOTA","COROLLA",998,"Disabling Damage",1,0,1,"Full Driver License","Valid","No",70,"Dry","Going Straight","Traveling in opposite direction","Unknown/Not Reported","Tracking","Stayed in original travel lane","4 DR",0,1,0,0,0,0,0,1,0
470471,5,22,8,"Pedestrian","The First Harmful Event was Not a Collision with a Motor Vehicle in Transport",5,2013,"GMC","TERRAIN",998,"Disabling Damage",0,0,1,"Full Driver License","Valid","No",70,"Dry","Going Straight","Pedestrian in road","Unknown/Not Reported","Tracking","Stayed in original travel lane","SUV",0,1,0,1,0,0,1,3,1
470478,6,10,12,"Motor Vehicle In-Transport","Front-to-Rear",2,2019,"RAM","1500",0,"Disabling Damage",0,0,1,"Full Driver License","Valid","No",55,"Dry","Stopped in Roadway","Traveling in same direction with higher speed","No Avoidance Maneuver","Tracking","Stayed in original travel lane","PU/EC",0,1,0,0,2,2,0,1,0
470479,6,21,12,"Motor Vehicle In-Transport","Angle",1,2016,"NISSAN","SENTRA",998,"Functional Damage",0,0,1,"Full Driver License","Valid","No",45,"Dry","Going Straight","Traveling in same direction with higher speed","Unknown/Not Reported","Tracking","Stayed in original travel lane","4 DR",1,0,1,0,2,2,0,0,2
470480,5,12,12,"Motor Vehicle In-Transport","Angle",2,2017,"CHEVROLET","SONIC",998,"Disabling Damage",1,0,1,"Full Driver License","Valid","No",65,"Dry","Turning Left","Turning Left","Unknown/Not Reported","Tracking","Stayed in original travel lane","5 HB",0,1,0,0,0,0,0,2,0
470495,6,7,12,"Motor Vehicle In-Transport","Front-to-Front",1,2014,"SUBARU","XV CROSSTREK",998,"Disabling Damage",0,0,1,"Full Driver License","Valid","No",50,"Dry","Going Straight","From opposite direction  over left lane line","Steering right","Skidding longitudinally  rotation less than 30 degrees","Stayed on roadway, not known if left original travel lane","SUV",0,0,0,0,0,0,1,1,0
470495,6,7,12,"Motor Vehicle In-Transport","Front-to-Front",1,2016,"HYUNDAI","ACCENT",998,"Disabling Damage",1,0,1,"Full Driver License","Valid","No",50,"Dry","Going Straight","From opposite direction  over left lane line","Unknown/Not Reported","Tracking","Stayed in original travel lane","4 DR",0,1,0,0,0,0,0,1,0
470496,5,11,12,"Motor Vehicle In-Transport","Angle",3,2019,"TOYOTA","CAMRY",998,"Disabling Damage",0,0,1,"Full Driver License","Valid","No",45,"Dry","Turning Left","Turning Left","Unknown/Not Reported","Tracking","Stayed in original travel lane","4 DR",0,1,1,1,1,1,0,5,2
470497,4,18,12,"Motor Vehicle In-Transport","Front-to-Rear",1,2017,"DODGE","JOURNEY",998,"Disabling Damage",0,0,1,"Full Driver License","Valid","No",55,"Dry","Going Straight","Other vehicle stopped","Unknown/Not Reported","Tracking","Stayed in original travel lane","SUV",0,0,0,0,0,0,0,0,0
470497,4,18,12,"Motor Vehicle In-Transport","Front-to-Rear",2,2020,"SUBARU","ASCENT",998,"Disabling Damage",0,0,1,"Full Driver License","Valid","No",55,"Dry","Going Straight","From opposite direction  over left lane line","Unknown/Not Reported","Tracking","Stayed in original travel lane","SUV",0,0,1,1,1,1,0,4,2
470499,5,14,34,"Ditch","The First Harmful Event was Not a Collision with a Motor Vehicle in Transport",1,2012,"HYUNDAI","ACCENT",998,"Disabling Damage",1,0,1,"Full Driver License","Valid","No",60,"Dry","Unknown","Off the edge of the road on the right side","Unknown/Not Reported","Tracking","Departed roadway","5 HB",0,0,0,0,0,0,1,1,0
470503,6,16,12,"Motor Vehicle In-Transport","Sideswipe - Opposite Direction",2,2021,"TOYOTA","RAV4",998,"Disabling Damage",1,0,1,"Full Driver License","Valid","No",45,"Dry","Negotiating a Curve","Over the lane line on left side of travel lane","Unknown/Not Reported","Tracking","Stayed on roadway, but left original travel lane","SUV",1,1,1,1,1,1,0,6,3
470506,6,15,12,"Motor Vehicle In-Transport","Angle",2,2018,"HONDA","CR-V",998,"Disabling Damage",1,0,1,"Full Driver License","Valid","No",45,"Dry","Going Straight","From driveway, across path","Unknown/Not Reported","Tracking","Stayed in original travel lane","SUV",0,1,1,1,2,2,0,1,2
470510,6,3,12,"Motor Vehicle In-Transport","Angle",4,2015,"HONDA","CR-V",998,"Disabling Damage",1,0,1,"Full Driver License","Valid","No",70,"Dry","Going Straight","Traveling in same direction with higher speed","Unknown/Not Reported","Tracking","Stayed in original travel lane","SUV",0,1,0,0,2,2,0,1,0
470512,6,16,1,"Rollover/Overturn","The First Harmful Event was Not a Collision with a Motor Vehicle in Transport",2,2013,"HYUNDAI","ELANTRA",0,"Functional Damage",0,0,1,"Full Driver License","Valid","No",40,"Dry","Stopped in Roadway","Other critical precrash event (specify:)","No Avoidance Maneuver","Tracking","Stayed in original travel lane","2 DR",0,1,0,0,0,0,1,2,0
470512,6,16,1,"Rollover/Overturn","The First Harmful Event was Not a Collision with a Motor Vehicle in Transport",4,2018,"DODGE","CHARGER",0,"Disabling Damage",0,0,1,"Full Driver License","Valid","No",40,"Dry","Stopped in Roadway","Other critical precrash event (specify:)","No Avoidance Maneuver","Tracking","Stayed in original travel lane","4 DR",0,0,0,0,2,2,0,0,0
470514,6,18,12,"Motor Vehicle In-Transport","Front-to-Front",1,2018,"TOYOTA","CAMRY",998,"Disabling Damage",0,0,1,"Full Driver License","Valid","No",40,"Dry","Going Straight","From opposite direction  over left lane line","Unknown/Not Reported","Tracking","Stayed in original travel lane","4 DR",0,1,1,1,1,1,0,5,2
470521,6,22,12,"Motor Vehicle In-Transport","Sideswipe - Same Direction",3,2014,"FORD","FUSION",71,"Disabling Damage",1,0,1,"Intermediate Driver License","Valid","No",70,"Dry","Going Straight","From adjacent lane (same direction) over right lane line","Unknown/Not Reported","Tracking","Stayed in original travel lane","4 DR",1,1,0,1,0,0,1,2,2
470525,6,17,12,"Motor Vehicle In-Transport","Front-to-Front",3,2011,"SUBARU","OUTBACK",998,"Disabling Damage",1,0,1,"Full Driver License","Valid","No",35,"Dry","Going Straight","From opposite direction  over left lane line","Unknown/Not Reported","Tracking","Stayed in original travel lane","SUV",0,2,0,0,0,0,1,1,0
470530,6,6,12,"Motor Vehicle In-Transport","Front-to-Rear",2,2020,"JEEP","RENEGADE",0,"Disabling Damage",1,0,1,"Full Driver License","Valid","No",65,"Dry","Stopped in Roadway","Traveling in same direction with higher speed","No Avoidance Maneuver","Tracking","Stayed in original travel lane","SUV",0,0,1,1,2,2,0,0,2
470531,6,16,12,"Motor Vehicle In-Transport","Front-to-Front",5,2023,"HYUNDAI","SANTA FE",998,"Disabling Damage",0,0,1,"Full Driver License","Valid","No",45,"Dry","Going Straight","From opposite direction  over left lane line","Unknown/Not Reported","Tracking","Stayed in original travel lane","SUV",1,0,1,1,1,1,0,5,3
470535,6,13,12,"Motor Vehicle In-Transport","Angle",1,2011,"SUBARU","LEGACY",998,"Disabling Damage",0,0,1,"Full Driver License","Valid","No",45,"Dry","Going Straight","Crossing Over (Passing Through) Junction","Unknown/Not Reported","Tracking","Stayed in original travel lane","4 DR",0,2,0,0,0,0,1,1,0
470538,6,10,12,"Motor Vehicle In-Transport","Angle",1,2017,"VOLKSWAGEN","TIGUAN",998,"Disabling Damage",1,0,1,"Full Driver License","Valid","No",40,"Dry","Going Straight","From crossing street, across path","Unknown/Not Reported","Tracking","Stayed in original travel lane","SUV",0,1,0,0,0,0,0,1,0
470544,6,19,12,"Motor Vehicle In-Transport","Angle",2,2011,"HONDA","ODYSSEY",998,"Disabling Damage",0,0,1,"Full Driver License","Valid","No",30,"Dry","Going Straight","From crossing street, across path","Steering left","Skidding longitudinally  rotation less than 30 degrees","Stayed on roadway, not known if left original travel lane","VAN",0,1,0,0,0,0,1,2,0
470548,6,15,12,"Motor Vehicle In-Transport","Sideswipe - Same Direction",1,2023,"CHEVROLET","EQUINOX",998,"Functional Damage",0,0,1,"Full Driver License","Valid","No",55,"Dry","Negotiating a Curve","Traveling in same direction with higher speed","Unknown/Not Reported","Tracking","Stayed in original travel lane","SUV",1,0,1,1,1,1,0,4,3