"SERIAL_CRASH","MONTH","HOUR","HARM_EV","HARM_EVNAME","TYPE_OF_COLLIOSION","NUM_OF_PEOPLE","MOD_YEAR","VPICMAKENAME","VPICMODELNAME","TRAV_SP","DEFORMEDNAME","DEATHS","DR_DRINK","IS_DRIVER_PRESENT","L_TYPENAME","L_STATUSNAME","SPEEDRELNAME","VSPD_LIM","VSURCONDNAME","P_CRASH1NAME","P_CRASH2NAME","P_CRASH3NAME","PCRASH4NAME","PCRASH5NAME","BODY_STYLE","BLIND_SPOT_DETECTION","ARS","FRNT_COLLISION_WARNING","LANE_DEPARTURE_WARNING","CRASH_IMMINENT_BRAKE","DYNAMIC_BRAKE_SUPPORT","NHTSA_ESC","SAFETY_COUNT","notification_count"
470549,6,20,12,"Motor Vehicle In-Transport","Angle",2,2016,"AUDI","Q5",998,"Disabling Damage",0,0,1,"Full Driver License","Valid","No",40,"Dry","Turning Left","Turning Left","No Avoidance Maneuver","Tracking","Stayed in original travel lane","SUV",0,1,0,1,2,2,0,1,1
470551,6,17,12,"Motor Vehicle In-Transport","Sideswipe - Same Direction",1,2020,"CHEVROLET","CAMARO",998,"Disabling Damage",1,0,1,"Full Driver License","Valid","No",45,"Dry","Going Straight","Over the lane line on left side of travel lane","Unknown/Not Reported","Tracking","Stayed on roadway, but left original travel lane","2 DR",1,1,0,0,0,0,0,2,1
470557,6,3,8,"Pedestrian","The First Harmful Event was Not a Collision with a Motor Vehicle in Transport",1,2012,"LINCOLN","MKZ",998,"Disabling Damage",0,0,1,"Full Driver License","Valid","No",45,"Dry","Going Straight","Pedestrian in road","Unknown/Not Reported","Tracking","Stayed in original travel lane","4 DR",1,0,0,0,0,0,1,2,1
470560,6,0,12,"Motor Vehicle In-Transport","Angle",1,2022,"MITSUBISHI","MIRAGE G4",998,"Disabling Damage",1,0,1,"Full Driver License","Valid","No",40,"Dry","Going Straight","From crossing street, across path","Unknown/Not Reported","Tracking","Stayed in original travel lane","4 DR",0,0,1,1,1,1,0,3,2
470561,6,4,12,"Motor Vehicle In-Transport","Front-to-Front",1,2018,"SUBARU","IMPREZA",998,"Disabling Damage",0,0,1,"Full Driver License","Valid","No",70,"Dry","Going Straight","Traveling in opposite direction","Unknown/Not Reported","Tracking","Stayed in original travel lane","SW",0,0,0,0,2,2,0,0,0
470564,6,13,12,"Motor Vehicle In-Transport","Front-to-Front",3,2018,"MERCEDES-BENZ","GLA-CLASS",998,"Disabling Damage",0,0,1,"Full Driver License","Valid","No",55,"Dry","Going Straight","From opposite direction  over left lane line","Steering right","Tracking","Stayed on roadway, but left original travel lane","4 DR",0,1,1,1,1,1,0,4,2
470566,6,23,8,"Pedestrian","The First Harmful Event was Not a Collision with a Motor Vehicle in Transport",2,2015,"TOYOTA","SIENNA",998,"Disabling Damage",0,0,1,"Full Driver License","Valid","No",65,"Dry","Going Straight","Pedestrian in road","Unknown/Not Reported","Tracking","Stayed in original travel lane","VAN",1,1,0,0,2,2,0,1,1
470568,6,22,12,"Motor Vehicle In-Transport","Angle",2,2021,"GMC","YUKON",998,"Disabling Damage",0,0,1,"Full Driver License","Valid","No",55,"Dry","Changing Lanes","Over the lane line on left side of travel lane","Unknown/Not Reported","Tracking","Entered roadway","SUV",0,1,1,1,1,1,0,5,2
470573,6,19,12,"Motor Vehicle In-Transport","Front-to-Front",3,2018,"TOYOTA","RAV4",998,"Disabling Damage",1,0,1,"Full Driver License","Valid","No",55,"Dry","Negotiating a Curve","From opposite direction  over left lane line","Unknown/Not Reported","Tracking","Stayed in original travel lane","SUV",1,1,1,1,1,1,0,5,3
470583,6,22,12,"Motor Vehicle In-Transport","Front-to-Front",1,2019,"VOLKSWAGEN","ATLAS",998,"Disabling Damage",0,0,1,"Full Driver License","Valid","No",65,"Dry","Going Straight","Traveling in opposite direction","Unknown/Not Reported","Tracking","Stayed in original travel lane","SUV",1,1,1,0,1,1,0,5,2
470584,7,22,12,"Motor Vehicle In-Transport","Angle",99,2011,"CHEVROLET","MALIBU",998,"Disabling Damage",0,0,1,"Full Driver License","Valid","No",55,"Dry","Going Straight","From crossing street, across path","Unknown/Not Reported","Tracking","Stayed in original travel lane","4 DR",0,1,0,0,0,0,1,3,0
470586,7,19,24,"Guardrail Face","The First Harmful Event was Not a Collision with a Motor Vehicle in Transport",1,2011,"CHEVROLET","TAHOE",998,"Disabling Damage",1,0,1,"Full Driver License","Valid","No",30,"Dry","Negotiating a Curve","Unknown cause of control loss","Unknown/Not Reported","Tracking","Departed roadway","SUV",0,0,0,0,0,0,1,2,0
470587,6,15,53,"Mail Box","The First Harmful Event was Not a Collision with a Motor Vehicle in Transport",1,2014,"CHEVROLET","CRUZE",998,"Disabling Damage",1,0,1,"Full Driver License","Valid","No",50,"Dry","Negotiating a Curve","Off the edge of the road on the right side","Unknown/Not Reported","Tracking","Departed roadway","4 DR",0,2,0,1,0,0,1,2,1
470588,6,17,12,"Motor Vehicle In-Transport","Angle",1,2014,"CHEVROLET","SPARK",998,"Disabling Damage",1,0,1,"Full Driver License","Valid","No",45,"Dry","Turning Left","Turning Left","Unknown/Not Reported","Tracking","Stayed in original travel lane","5 HB",0,0,0,0,0,0,1,2,0
470593,7,7,32,"Culvert","The First Harmful Event was Not a Collision with a Motor Vehicle in Transport",1,2020,"CHEVROLET","TRAVERSE",998,"Disabling Damage",1,0,1,"Full Driver License","Valid","No",55,"Dry","Going Straight","Off the edge of the road on the left side","Unknown/Not Reported","Tracking","Departed roadway","SUV",0,0,0,0,2,2,0,1,0
470597,7,14,12,"Motor Vehicle In-Transport","Front-to-Rear",1,2013,"LINCOLN","MKS",998,"Minor Damage",0,0,1,"Full Driver License","Valid","No",45,"Dry","Decelerating in Road","Other critical precrash event (specify:)","Unknown/Not Reported","Tracking","Stayed in original travel lane","4 DR",0,1,0,1,0,0,1,3,1
470598,7,13,12,"Motor Vehicle In-Transport","Angle",1,2020,"FORD","EDGE",998,"Disabling Damage",0,0,1,"Full Driver License","Valid","No",40,"Dry","Going Straight","From opposite direction  over left lane line","No Avoidance Maneuver","Tracking","Stayed in original travel lane","SUV",1,0,1,1,1,1,0,6,3
470609,7,6,35,"Embankment","The First Harmful Event was Not a Collision with a Motor Vehicle in Transport",4,2017,"HONDA","ACCORD",998,"Disabling Damage",1,0,1,"Full Driver License","Valid","No",70,"Dry","Negotiating a Curve","Off the edge of the road on the right side","Unknown/Not Reported","Tracking","Departed roadway","4 DR",0,1,1,1,2,2,0,1,2
470615,7,16,12,"Motor Vehicle In-Transport","Front-to-Front",1,2020,"CHEVROLET","BLAZER",998,"Disabling Damage",0,0,1,"Full Driver License","Valid","No",55,"Dry","Negotiating a Curve","Traveling in opposite direction","Steering left","Tracking","Stayed on roadway, but left original travel lane","SUV",1,1,0,1,2,2,0,2,2
470616,7,14,12,"Motor Vehicle In-Transport","Angle",1,2019,"CHEVROLET","TAHOE",998,"Disabling Damage",0,0,1,"Full Driver License","Valid","No",45,"Dry","Going Straight","From opposite direction  over left lane line","Unknown/Not Reported","Tracking","Stayed in original travel lane","SUV",0,2,0,1,2,2,0,1,1
470617,7,7,12,"Motor Vehicle In-Transport","Angle",1,2012,"HONDA","CIVIC",998,"Disabling Damage",0,0,1,"Full Driver License","Valid","No",45,"Dry","Turning Left","Turning Left","Unknown/Not Reported","Tracking","Stayed in original travel lane","2 DR",0,0,0,0,0,0,1,1,0
470619,7,8,12,"Motor Vehicle In-Transport","Front-to-Front",1,2015,"CHEVROLET","CRUZE",998,"Disabling Damage",1,0,1,"Full Driver License","Valid","No",55,"Dry","Going Straight","Over the lane line on left side of travel lane","Unknown/Not Reported","Tracking","Stayed on roadway, but left original travel lane","4 DR",1,1,1,0,0,0,0,2,2
470621,6,22,8,"Pedestrian","The First Harmful Event was Not a Collision with a Motor Vehicle in Transport",2,2018,"JEEP","COMPASS",37,"Functional Damage",0,0,1,"Full Driver License","Valid","No",45,"Dry","Going Straight","Pedestrian in road","Unknown/Not Reported","Tracking","Stayed in original travel lane","SUV",0,0,0,0,2,2,0,0,0
470628,7,7,12,"Motor Vehicle In-Transport","Sideswipe - Same Direction",1,2013,"CHRYSLER","300",998,"Disabling Damage",1,0,1,"Full Driver License","Valid","No",55,"Dry","Going Straight","From adjacent lane (same direction) over right lane line","Unknown/Not Reported","Tracking","Stayed in original travel lane","4 DR",0,1,1,0,0,0,1,2,1
470628,7,7,12,"Motor Vehicle In-Transport","Sideswipe - Same Direction",1,2022,"HYUNDAI","TUCSON",998,"Disabling Damage",0,0,1,"Full Driver License","Valid","No",55,"Dry","Going Straight","From opposite direction  over left lane line","Unknown/Not Reported","Tracking","Stayed in original travel lane","SUV",1,2,1,1,1,1,0,4,3
470631,7,18,12,"Motor Vehicle In-Transport","Front-to-Front",1,2013,"INFINITI","G37",998,"Disabling Damage",1,0,1,"Full Driver License","Valid","No",45,"Dry","Going Straight","From opposite direction  over left lane line","Unknown/Not Reported","Tracking","Stayed in original travel lane","2 DR",0,1,0,0,0,0,1,2,0
470633,7,5,12,"Motor Vehicle In-Transport","Front-to-Front",1,2012,"FORD","EXPLORER",998,"Disabling Damage",0,0,1,"Full Driver License","Valid","No",45,"Dry","Going Straight","From opposite direction  over left lane line","Unknown/Not Reported","Tracking","Stayed in original travel lane","SUV",0,0,0,0,0,0,1,1,0
470639,7,12,12,"Motor Vehicle In-Transport","Angle",99,2017,"HYUNDAI","ELANTRA",998,"Disabling Damage",2,0,1,"Full Driver License","Valid","No",45,"Dry","Going Straight","Crossing Over (Passing Through) Junction","Unknown/Not Reported","Tracking","Stayed in original travel lane","4 DR",0,1,1,0,2,2,0,1,1
470639,7,12,12,"Motor Vehicle In-Transport","Angle",1,2013,"CADILLAC","ATS",998,"Disabling Damage",0,0,1,"Full Driver License","Valid","No",45,"Dry","Going Straight","From crossing street, across path","Unknown/Not Reported","Tracking","Stayed in original travel lane","4 DR",0,1,0,0,2,2,1,3,0
470639,7,12,12,"Motor Vehicle In-Transport","Angle",2,2022,"KIA","TELLURIDE",998,"Disabling Damage",0,0,1,"Full Driver License","Valid","No",45,"Dry","Going Straight","Crossing Over (Passing Through) Junction","Unknown/Not Reported","Tracking","Stayed in original travel lane","SUV",1,2,1,1,1,1,0,6,3
470640,7,1,12,"Motor Vehicle In-Transport","Front-to-Front",1,2015,"TOYOTA","CAMRY",998,"Disabling Damage",1,0,1,"Full Driver License","Valid","No",55,"Dry","Going Straight","From opposite direction  over left lane line","Unknown/Not Reported","Tracking","Stayed in original travel lane","4 DR",0,1,0,1,2,2,0,1,1
470642,6,8,12,"Motor Vehicle In-Transport","Front-to-Front",1,2021,"KIA","K5",998,"Disabling Damage",1,0,1,"Full Driver License","Valid","No",45,"Dry","Going Straight","Over the lane line on left side of travel lane","Unknown/Not Reported","Tracking","Stayed on roadway, but left original travel lane","4 DR",1,2,1,1,1,1,0,6,3
470642,6,8,12,"Motor Vehicle In-Transport","Front-to-Front",1,2021,"FORD","EXPLORER",998,"Disabling Damage",0,0,1,"Full Driver License","Valid","No",45,"Dry","Decelerating in Road","From opposite direction  over left lane line","Braking","Tracking","Stayed in original travel lane","SUV",1,0,1,1,1,1,0,6,3
470643,7,10,52,"Guardrail End","The First Harmful Event was Not a Collision with a Motor Vehicle in Transport",2,2022,"JEEP","GRAND CHEROKEE",998,"Disabling Damage",1,0,1,"Full Driver License","Valid","No",70,"Dry","Going Straight","Off the edge of the road on the left side","Unknown/Not Reported","Tracking","Departed roadway","SUV",1,1,1,1,1,1,0,7,3
470646,7,1,12,"Motor Vehicle In-Transport","Front-to-Front",99,2015,"INFINITI","Q40",998,"Disabling Damage",0,0,1,"Full Driver License","Valid","No",55,"Dry","Going Straight","Traveling in opposite direction","Unknown/Not Reported","Tracking","Stayed in original travel lane","4 DR",0,0,0,0,0,0,0,0,0
470649,7,7,52,"Guardrail End","The First Harmful Event was Not a Collision with a Motor Vehicle in Transport",1,2021,"FORD","MUSTANG",998,"Disabling Damage",1,0,1,"Full Driver License","Valid","No",55,"Dry","Going Straight","Off the edge of the road on the right side","Unknown/Not Reported","Tracking","Departed roadway","2 DR",1,0,1,1,1,1,0,6,3
470653,7,20,12,"Motor Vehicle In-Transport","Angle",2,2015,"RAM","1500",998,"Disabling Damage",1,0,1,"Full Driver License","Valid","No",25,"Dry","Turning Left","Turning Left","Unknown/Not Reported","Tracking","Stayed in original travel lane","PU/EC",0,0,0,0,0,0,0,0,0
470653,7,20,12,"Motor Vehicle In-Transport","Angle",3,2015,"NISSAN","SENTRA",998,"Disabling Damage",0,0,1,"Full Driver License","Valid","No",35,"Dry","Going Straight","From crossing street, turning into opposite direction","Unknown/Not Reported","Tracking","Stayed in original travel lane","4 DR",0,1,0,0,0,0,0,1,0
470654,7,20,12,"Motor Vehicle In-Transport","Angle",2,2021,"HONDA","PILOT",998,"Disabling Damage",0,0,1,"Full Driver License","Valid","No",65,"Dry","Changing Lanes","Over the lane line on left side of travel lane","Unknown/Not Reported","Tracking","Stayed on roadway, but left original travel lane","SUV",1,1,1,1,1,1,0,5,3
470659,7,23,12,"Motor Vehicle In-Transport","Angle",2,2022,"HONDA","CIVIC",998,"Minor Damage",0,0,1,"Full Driver License","Valid","No",55,"Dry","Going Straight","From adjacent lane (same direction) over left lane line","Unknown/Not Reported","Tracking","Stayed in original travel lane","4 DR",0,1,1,1,1,1,0,5,2
470665,7,23,8,"Pedestrian","The First Harmful Event was Not a Collision with a Motor Vehicle in Transport",1,2016,"NISSAN","VERSA",998,"Disabling Damage",0,0,1,"Full Driver License","Valid","No",70,"Dry","Going Straight","Pedestrian in road","No Avoidance Maneuver","Tracking","Stayed in original travel lane","4 DR",0,0,0,0,0,0,0,0,0
470666,7,19,12,"Motor Vehicle In-Transport","Angle",1,2017,"NISSAN","FRONTIER",998,"Disabling Damage",0,0,1,"Intermediate Driver License","Valid","No",45,"Dry","Turning Left","Turning Left","No Avoidance Maneuver","Tracking","Stayed in original travel lane","PU/CC",0,0,0,0,0,0,0,0,0
470667,7,20,12,"Motor Vehicle In-Transport","Sideswipe - Same Direction",1,2016,"ACURA","TLX",998,"Disabling Damage",0,0,1,"Full Driver License","Valid","No",70,"Dry","Going Straight","From adjacent lane (same direction) over left lane line","Unknown/Not Reported","Tracking","Stayed in original travel lane","4 DR",1,1,1,0,2,2,0,2,2
470671,7,17,12,"Motor Vehicle In-Transport","Angle",1,2014,"JEEP","GRAND CHEROKEE",0,"Disabling Damage",0,0,1,"Full Driver License","Valid","No",45,"Dry","Stopped in Roadway","From opposite direction  over left lane line","No Avoidance Maneuver","Tracking","Stayed in original travel lane","SUV",1,1,0,0,2,2,1,2,1
470671,7,17,12,"Motor Vehicle In-Transport","Angle",1,2021,"TOYOTA","SEQUOIA",998,"Functional Damage",0,0,1,"Full Driver License","Valid","No",45,"Dry","Going Straight","Other vehicle stopped","Braking and Unknown Steering Direction","Skidding longitudinally  rotation less than 30 degrees","Stayed in original travel lane","SUV",1,1,1,1,1,1,0,7,3
470673,7,12,12,"Motor Vehicle In-Transport","Sideswipe - Opposite Direction",2,2017,"AUDI","Q7",998,"Disabling Damage",1,0,1,"Full Driver License","Valid","No",55,"Dry","Going Straight","From opposite direction  over left lane line","Unknown/Not Reported","Tracking","Stayed in original travel lane","SUV",0,1,1,1,1,2,0,3,2
470674,7,0,12,"Motor Vehicle In-Transport","Angle",1,2019,"CHEVROLET","SONIC",998,"Disabling Damage",1,0,1,"Full Driver License","Valid","No",40,"Dry","Going Straight","From crossing street, across path","Unknown/Not Reported","Tracking","Stayed in original travel lane","4 DR",0,1,0,0,0,0,0,2,0
470680,7,11,12,"Motor Vehicle In-Transport","Sideswipe - Opposite Direction",1,2016,"NISSAN","ALTIMA",998,"Disabling Damage",0,0,1,"Full Driver License","Valid","No",40,"Dry","Going Straight","Over the lane line on left side of travel lane","Unknown/Not Reported","Tracking","Stayed on roadway, but left original travel lane","4 DR",1,0,1,0,2,2,0,0,2
470690,7,21,12,"Motor Vehicle In-Transport","Angle",1,2013,"NISSAN","MAXIMA",998,"Disabling Damage",0,0,1,"Full Driver License","Valid","No",45,"Dry","Going Straight","From opposite direction  over left lane line","Unknown/Not Reported","Tracking","Stayed in original travel lane","4 DR",0,1,0,0,0,0,1,2,0
470692,7,16,12,"Motor Vehicle In-Transport","Sideswipe - Opposite Direction",2,2017,"FORD","FUSION",998,"Disabling Damage",0,0,1,"Full Driver License","Valid","No",40,"Dry","Going Straight","From opposite direction  over left lane line","Unknown/Not Reported","Tracking","Stayed in original travel lane","4 DR",1,1,1,0,2,2,0,2,2
470695,7,0,12,"Motor Vehicle In-Transport","Front-to-Front",1,2020,"DODGE","DURANGO",998,"Disabling Damage",1,0,1,"Full Driver License","Valid","No",55,"Dry","Negotiating a Curve","From opposite direction  over left lane line","Unknown/Not Reported","Tracking","Stayed in original travel lane","SUV",0,0,1,1,2,2,0,0,2
470700,7,21,12,"Motor Vehicle In-Transport","Front-to-Rear",99,2016,"NISSAN","ALTIMA",998,"Reported as Unknown",0,0,1,"Full Driver License","Valid","No",65,"Dry","Going Straight","Traveling in same direction with lower steady speed","Unknown/Not Reported","Tracking","Stayed in original travel lane","4 DR",1,0,0,0,2,2,0,0,1
470700,7,21,12,"Motor Vehicle In-Transport","Front-to-Rear",1,2011,"FORD","FOCUS",998,"Disabling Damage",1,0,1,"Full Driver License","Valid","No",65,"Dry","Going Straight","Traveling in same direction with higher speed","Unknown/Not Reported","Tracking","Stayed in original travel lane","2 DR",0,2,0,0,0,0,1,1,0
470700,7,21,12,"Motor Vehicle In-Transport","Front-to-Rear",1,2018,"TOYOTA","CAMRY",998,"Disabling Damage",0,0,1,"Full Driver License","Valid","No",65,"Dry","Going Straight","Traveling in same direction with lower steady speed","Unknown/Not Reported","Tracking","Stayed in original travel lane","4 DR",0,1,1,1,1,1,0,5,2
470704,7,21,8,"Pedestrian","The First Harmful Event was Not a Collision with a Motor Vehicle in Transport",2,2012,"AUDI","Q5",998,"Functional Damage",0,0,1,"Full Driver License","Valid","No",40,"Dry","Going Straight","Pedestrian in road","No Avoidance Maneuver","Tracking","Stayed in original travel lane","SUV",1,1,0,0,0,0,1,2,1
470705,7,5,12,"Motor Vehicle In-Transport","Front-to-Front",1,2013,"MAZDA","MAZDA3",998,"Disabling Damage",1,0,1,"Full Driver License","Valid","No",55,"Dry","Negotiating a Curve","Over the lane line on left side of travel lane","Unknown/Not Reported","Tracking","Stayed on roadway, but left original travel lane","4 DR",0,1,0,0,0,0,1,2,0
470714,7,22,12,"Motor Vehicle In-Transport","Front-to-Front",2,2023,"CHEVROLET","MALIBU",998,"Disabling Damage",1,0,1,"Full Driver License","Valid","No",35,"Dry","Going Straight","From opposite direction  over left lane line","Unknown/Not Reported","Tracking","Stayed in original travel lane","4 DR",0,2,1,1,1,1,0,4,2
470714,7,22,12,"Motor Vehicle In-Transport","Front-to-Front",5,2018,"AUDI","Q7",998,"Functional Damage",0,0,1,"Full Driver License","Valid","No",35,"Dry","Going Straight","From adjacent lane (same direction) over left lane line","Steering left","Tracking","Departed roadway","SUV",0,1,1,1,1,1,0,4,2
470715,7,17,12,"Motor Vehicle In-Transport","Angle",1,2015,"RAM","1500",14,"Disabling Damage",0,0,1,"Full Driver License","Valid","No",30,"Dry","Turning Left","Turning Left","No Avoidance Maneuver","Tracking","Stayed in original travel lane","PU/EC",0,0,0,0,0,0,0,0,0
470716,7,15,12,"Motor Vehicle In-Transport","Front-to-Front",2,2020,"MITSUBISHI","OUTLANDER SPORT",998,"Disabling Damage",1,0,1,"Full Driver License","Valid","No",45,"Dry","Going Straight","Off the edge of the road on the right side","Steering right","Skidding longitudinally  rotation less than 30 degrees","Departed roadway","SUV",1,0,0,1,2,2,0,0,2
470725,5,15,42,"Tree (Standing Only)","The First Harmful Event was Not a Collision with a Motor Vehicle in Transport",1,2014,"MERCEDES-BENZ","E-CLASS",998,"Disabling Damage",1,0,1,"Full Driver License","Valid","No",25,"Dry","Backing Up (other than for Parking Position)","Backing","No Avoidance Maneuver","Tracking","Departed roadway","2 DR",1,1,1,1,2,1,1,4,3
470728,6,21,12,"Motor Vehicle In-Transport","Sideswipe - Same Direction",2,2012,"CHEVROLET","IMPALA",998,"Disabling Damage",0,0,1,"Full Driver License","Valid","No",45,"Dry","Going Straight","Other vehicle stopped","No Avoidance Maneuver","Tracking","Stayed in original travel lane","4 DR",0,0,0,0,0,0,1,2,0
470736,7,14,12,"Motor Vehicle In-Transport","Sideswipe - Opposite Direction",2,2019,"HONDA","CIVIC",0,"Disabling Damage",0,0,1,"Full Driver License","Valid","No",50,"Dry","Stopped in Roadway","From opposite direction  over right lane line","No Avoidance Maneuver","Tracking","Stayed in original travel lane","2 DR",0,1,1,1,1,1,0,5,2
470739,8,20,12,"Motor Vehicle In-Transport","Front-to-Front",1,2013,"JEEP","WRANGLER",998,"Disabling Damage",0,0,1,"Full Driver License","Valid","No",45,"Dry","Going Straight","From opposite direction  over left lane line","Unknown/Not Reported","Tracking","Stayed in original travel lane","SUV",0,1,0,0,0,0,1,2,0
470748,8,21,12,"Motor Vehicle In-Transport","Angle",1,2011,"HONDA","ELEMENT",998,"Functional Damage",0,0,1,"Full Driver License","Valid","No",35,"Dry","Turning Left","Turning Left","No Avoidance Maneuver","Tracking","Stayed in original travel lane","SUV",0,1,0,0,0,0,1,2,0
470750,7,16,12,"Motor Vehicle In-Transport","Front-to-Front",1,2019,"RAM","1500",998,"Disabling Damage",0,0,1,"Full Driver License","Valid","No",55,"Dry","Going Straight","From opposite direction  over left lane line","Unknown/Not Reported","Tracking","Stayed in original travel lane","PU/EC",1,1,0,0,2,2,0,1,1
470754,8,7,12,"Motor Vehicle In-Transport","Front-to-Rear",1,2019,"NISSAN","ROGUE",998,"Disabling Damage",0,0,1,"Full Driver License","Valid","No",70,"Dry","Going Straight","Traveling in same direction with higher speed","Unknown/Not Reported","Tracking","Stayed in original travel lane","SUV",1,1,1,1,1,1,0,6,3
470757,6,7,12,"Motor Vehicle In-Transport","Sideswipe - Same Direction",1,2013,"NISSAN","ALTIMA",998,"Disabling Damage",0,0,1,"Full Driver License","Valid","No",45,"Dry","Negotiating a Curve","From opposite direction  over right lane line","Unknown/Not Reported","Tracking","Stayed in original travel lane","2 DR",0,1,0,0,0,0,1,2,0
470758,8,8,12,"Motor Vehicle In-Transport","Angle",1,2019,"FORD","FIESTA",998,"Disabling Damage",0,0,1,"Full Driver License","Valid","No",55,"Dry","Turning Left","Turning Left","Unknown/Not Reported","Tracking","Stayed in original travel lane","4 DR",0,0,0,0,0,0,0,0,0
470763,8,11,12,"Motor Vehicle In-Transport","Front-to-Front",1,2014,"FORD","FOCUS",998,"Disabling Damage",1,0,1,"Intermediate Driver License","Valid","No",55,"Dry","Going Straight","Over the lane line on left side of travel lane","Unknown/Not Reported","Tracking","Stayed on roadway, but left original travel lane","5 HB",0,1,0,0,0,0,1,2,0
470763,8,11,12,"Motor Vehicle In-Transport","Front-to-Front",3,2015,"TOYOTA","SIENNA",998,"Disabling Damage",0,0,1,"Full Driver License","Valid","No",55,"Dry","Going Straight","From opposite direction  over left lane line","Unknown/Not Reported","Tracking","Stayed in original travel lane","VAN",0,1,1,0,2,2,0,1,1
470768,8,14,12,"Motor Vehicle In-Transport","Angle",1,2022,"HONDA","CR-V",998,"Disabling Damage",1,0,1,"Full Driver License","Valid","No",45,"Dry","Turning Left","Turning Left","No Avoidance Maneuver","Tracking","Stayed in original travel lane","SUV",0,1,1,1,1,1,0,6,2
470771,8,1,8,"Pedestrian","The First Harmful Event was Not a Collision with a Motor Vehicle in Transport",1,2017,"KIA","SORENTO",998,"Disabling Damage",0,0,1,"Full Driver License","Valid","No",40,"Dry","Going Straight","Pedestrian in road","Unknown/Not Reported","Tracking","Stayed in original travel lane","SUV",0,1,1,1,2,2,0,1,2
470782,8,11,33,"Curb","The First Harmful Event was Not a Collision with a Motor Vehicle in Transport",1,2012,"HONDA","CIVIC",0,"Disabling Damage",0,0,1,"Full Driver License","Valid","No",40,"Dry","Stopped in Roadway","Traveling in same direction with higher speed","No Avoidance Maneuver","Tracking","Stayed in original travel lane","2 DR",0,0,0,0,0,0,1,1,0
470782,8,11,33,"Curb","The First Harmful Event was Not a Collision with a Motor Vehicle in Transport",1,2017,"FORD","FOCUS",0,"Functional Damage",0,0,1,"Full Driver License","Valid","No",40,"Dry","Stopped in Roadway","Traveling in same direction with higher speed","No Avoidance Maneuver","Tracking","Stayed in original travel lane","4 DR",0,0,0,0,0,0,0,0,0
470782,8,11,33,"Curb","The First Harmful Event was Not a Collision with a Motor Vehicle in Transport",1,2023,"HYUNDAI","ELANTRA",0,"Functional Damage",0,0,1,"Full Driver License","Valid","No",40,"Dry","Stopped in Roadway","Traveling in same direction with higher speed","No Avoidance Maneuver","Tracking","Stayed in original travel lane","4 DR",1,2,1,1,1,1,0,5,3
470782,8,11,33,"Curb","The First Harmful Event was Not a Collision with a Motor Vehicle in Transport",1,2022,"TOYOTA","COROLLA",0,"Functional Damage",0,0,1,"Full Driver License","Valid","No",40,"Dry","Stopped in Roadway","Traveling in same direction with higher speed","No Avoidance Maneuver","Tracking","Stayed in original travel lane","4 DR",0,1,1,1,1,1,0,6,2
470783,8,14,12,"Motor Vehicle In-Transport","Angle",2,2020,"FORD","ESCAPE",998,"Disabling Damage",1,0,1,"Full Driver License","Valid","No",45,"Dry","Starting in Road","Crossing Over (Passing Through) Junction","Unknown/Not Reported","Tracking","Stayed in original travel lane","SUV",1,0,1,1,1,1,0,6,3
470785,8,20,8,"Pedestrian","The First Harmful Event was Not a Collision with a Motor Vehicle in Transport",1,2018,"HONDA","CR-V",998,"Disabling Damage",0,0,1,"Full Driver License","Valid","No",40,"Dry","Going Straight","Pedestrian in road","Unknown/Not Reported","Tracking","Stayed on roadway, not known if left original travel lane","SUV",1,1,1,1,2,2,0,1,3
470785,8,20,8,"Pedestrian","The First Harmful Event was Not a Collision with a Motor Vehicle in Transport",1,2023,"LINCOLN","NAVIGATOR",998,"Minor Damage",0,0,1,"Full Driver License","Valid","No",40,"Dry","Going Straight","Object in road","Unknown/Not Reported","Tracking","Stayed in original travel lane","SUV",1,1,1,1,1,1,0,6,3
470785,8,20,8,"Pedestrian","The First Harmful Event was Not a Collision with a Motor Vehicle in Transport",2,2019,"BUICK","ENCORE",998,"Minor Damage",0,0,1,"Full Driver License","Valid","No",40,"Dry","Going Straight","Object in road","Unknown/Not Reported","Tracking","Stayed in original travel lane","SUV",0,1,1,1,0,0,0,2,2
470789,8,20,12,"Motor Vehicle In-Transport","Angle",1,2023,"MERCEDES-BENZ","GLB-CLASS",998,"Functional Damage",0,0,1,"Full Driver License","Valid","No",70,"Dry","Going Straight","From adjacent lane (same direction) over right lane line","Unknown/Not Reported","Tracking","Stayed in original travel lane","SUV",1,1,1,1,1,1,0,5,3
470791,8,16,42,"Tree (Standing Only)","The First Harmful Event was Not a Collision with a Motor Vehicle in Transport",1,2012,"CHEVROLET","MALIBU",998,"Disabling Damage",1,0,1,"Full Driver License","Valid","No",55,"Dry","Going Straight","Off the edge of the road on the left side","Unknown/Not Reported","Tracking","Departed roadway","4 DR",0,0,0,0,0,0,1,2,0
470794,8,21,24,"Guardrail Face","The First Harmful Event was Not a Collision with a Motor Vehicle in Transport",1,2019,"DODGE","CHARGER",998,"Disabling Damage",0,0,1,"Full Driver License","Valid","No",70,"Dry","Going Straight","Off the edge of the road on the left side","Unknown/Not Reported","Tracking","Departed roadway","4 DR",1,0,1,1,2,2,0,0,3
470794,8,21,24,"Guardrail Face","The First Harmful Event was Not a Collision with a Motor Vehicle in Transport",1,2018,"FORD","EXPLORER",998,"Disabling Damage",0,0,1,"Full Driver License","Valid","No",70,"Dry","Going Straight","Other vehicle stopped","Unknown/Not Reported","Tracking","Stayed in original travel lane","SUV",0,0,0,0,0,0,0,0,0