"SERIAL_CRASH","MONTH","HOUR","HARM_EV","HARM_EVNAME","TYPE_OF_COLLIOSION","NUM_OF_PEOPLE","MOD_YEAR","VPICMAKENAME","VPICMODELNAME","TRAV_SP","DEFORMEDNAME","DEATHS","DR_DRINK","IS_DRIVER_PRESENT","L_TYPENAME","L_STATUSNAME","SPEEDRELNAME","VSPD_LIM","VSURCONDNAME","P_CRASH1NAME","P_CRASH2NAME","P_CRASH3NAME","PCRASH4NAME","PCRASH5NAME","BODY_STYLE","BLIND_SPOT_DETECTION","ARS","FRNT_COLLISION_WARNING","LANE_DEPARTURE_WARNING","CRASH_IMMINENT_BRAKE","DYNAMIC_BRAKE_SUPPORT","NHTSA_ESC","SAFETY_COUNT","notification_count"
470794,8,21,24,"Guardrail Face","The First Harmful Event was Not a Collision with a Motor Vehicle in Transport",1,2019,"FORD","FUSION",998,"Disabling Damage",1,0,1,"Full Driver License","Valid","No",70,"Dry","Going Straight","Other vehicle stopped","Unknown/Not Reported","Tracking","Stayed in original travel lane","4 DR",0,1,1,1,1,1,0,6,2
470799,8,2,12,"Motor Vehicle In-Transport","Front-to-Front",1,2017,"HYUNDAI","ELANTRA",998,"Disabling Damage",1,0,1,"Full Driver License","Valid","No",55,"Dry","Negotiating a Curve","Traveling in opposite direction","Unknown/Not Reported","Tracking","Stayed in original travel lane","4 DR",1,1,1,0,2,2,0,1,2
470802,8,17,12,"Motor Vehicle In-Transport","Angle",1,2018,"CHEVROLET","COLORADO",998,"Disabling Damage",0,0,1,"Full Driver License","Valid","No",45,"Dry","Going Straight","Crossing Over (Passing Through) Junction","Unknown/Not Reported","Tracking","Stayed in original travel lane","PU/EC",0,1,1,1,0,0,0,1,2
470803,8,12,12,"Motor Vehicle In-Transport","Front-to-Front",1,2013,"LINCOLN","MKX",998,"Disabling Damage",1,0,1,"Full Driver License","Valid","No",55,"Dry","Going Straight","Over the lane line on left side of travel lane","Unknown/Not Reported","Tracking","Stayed on roadway, but left original travel lane","SUV",1,1,0,0,0,0,1,3,1
470803,8,12,12,"Motor Vehicle In-Transport","Front-to-Front",3,2017,"DODGE","CHARGER",998,"Disabling Damage",1,0,1,"Full Driver License","Valid","No",55,"Dry","Going Straight","From opposite direction  over left lane line","Unknown/Not Reported","Tracking","Stayed in original travel lane","4 DR",0,0,1,1,2,2,0,0,2
470811,8,15,12,"Motor Vehicle In-Transport","Front-to-Rear",1,2020,"FORD","EXPLORER",0,"Disabling Damage",0,0,1,"Full Driver License","Valid","No",55,"Dry","Stopped in Roadway","Traveling in same direction with higher speed","No Avoidance Maneuver","Tracking","Stayed in original travel lane","SUV",1,0,1,1,1,1,0,6,3
470813,8,20,12,"Motor Vehicle In-Transport","Front-to-Front",1,2012,"TOYOTA","SCION XD",998,"Disabling Damage",0,0,1,"Full Driver License","Valid","No",45,"Dry","Turning Left","Turning Left","No Avoidance Maneuver","Tracking","Stayed in original travel lane","5 HB",0,0,0,0,0,0,1,1,0
470818,9,14,12,"Motor Vehicle In-Transport","Front-to-Front",1,2019,"NISSAN","ROGUE SPORT",998,"Disabling Damage",1,0,1,"Full Driver License","Valid","No",50,"Dry","Going Straight","Over the lane line on left side of travel lane","Unknown/Not Reported","Tracking","Stayed on roadway, but left original travel lane","SUV",1,0,1,1,1,1,0,4,3
470818,9,14,12,"Motor Vehicle In-Transport","Front-to-Front",1,2014,"NISSAN","ALTIMA",998,"Functional Damage",0,0,1,"Full Driver License","Valid","No",50,"Dry","Going Straight","Object approaching road","Unknown/Not Reported","Tracking","Stayed in original travel lane","4 DR",0,1,0,1,0,0,1,2,1
470823,8,11,12,"Motor Vehicle In-Transport","Front-to-Front",2,2020,"NISSAN","VERSA",998,"Disabling Damage",2,0,1,"Full Driver License","Valid","No",65,"Dry","Going Straight","Traveling in opposite direction","Unknown/Not Reported","Tracking","Stayed in original travel lane","4 DR",1,0,1,1,1,1,0,4,3
470826,9,10,12,"Motor Vehicle In-Transport","Angle",1,2012,"DODGE","AVENGER",998,"Disabling Damage",0,0,1,"Full Driver License","Valid","No",65,"Dry","Going Straight","Traveling in opposite direction","Unknown/Not Reported","Tracking","Stayed in original travel lane","4 DR",0,1,0,0,0,0,1,2,0
470828,9,13,12,"Motor Vehicle In-Transport","Front-to-Front",1,2015,"HONDA","ACCORD",998,"Disabling Damage",0,0,1,"Intermediate Driver License","Valid","No",45,"Dry","Going Straight","Over the lane line on left side of travel lane","Unknown/Not Reported","Tracking","Stayed on roadway, but left original travel lane","4 DR",0,1,1,1,0,0,0,2,2
470830,9,22,53,"Mail Box","The First Harmful Event was Not a Collision with a Motor Vehicle in Transport",2,2015,"CHRYSLER","300",998,"Disabling Damage",1,0,1,"Full Driver License","Valid","No",40,"Dry","Going Straight","Off the edge of the road on the right side","Unknown/Not Reported","Tracking","Departed roadway","4 DR",1,1,0,0,0,0,0,1,1
470844,9,19,12,"Motor Vehicle In-Transport","Front-to-Rear",2,2022,"MITSUBISHI","OUTLANDER",998,"Minor Damage",0,0,1,"Full Driver License","Valid","No",65,"Dry","Going Straight","Traveling in same direction with higher speed","No Avoidance Maneuver","Tracking","Stayed in original travel lane","SUV",1,0,1,1,1,1,0,5,3
470846,9,18,12,"Motor Vehicle In-Transport","Angle",1,2012,"TOYOTA","COROLLA",998,"Disabling Damage",1,0,1,"Full Driver License","Valid","No",55,"Dry","Going Straight","Crossing Over (Passing Through) Junction","Unknown/Not Reported","Tracking","Stayed in original travel lane","4 DR",0,0,0,0,0,0,1,1,0
470847,9,16,12,"Motor Vehicle In-Transport","Angle",1,2017,"HYUNDAI","SONATA",998,"Disabling Damage",0,0,1,"Full Driver License","Valid","No",55,"Dry","Turning Left","Turning Left","No Avoidance Maneuver","Tracking","Stayed in original travel lane","4 DR",1,1,1,0,2,2,0,2,2
470847,9,16,12,"Motor Vehicle In-Transport","Angle",1,2016,"JEEP","WRANGLER",0,"Functional Damage",0,0,1,"Full Driver License","Valid","No",35,"Dry","Stopped in Roadway","From crossing street, turning into opposite direction","No Avoidance Maneuver","Tracking","Stayed in original travel lane","4 DR",0,0,0,0,0,0,0,0,0
470851,8,11,1,"Rollover/Overturn","The First Harmful Event was Not a Collision with a Motor Vehicle in Transport",3,2022,"CHEVROLET","EQUINOX",998,"Disabling Damage",1,0,1,"Full Driver License","Valid","No",70,"Dry","Going Straight","Off the edge of the road on the left side","Steering right","Skidding longitudinally  rotation less than 30 degrees","Returned to roadway","SUV",0,1,1,1,1,1,0,6,2
470855,9,11,12,"Motor Vehicle In-Transport","Sideswipe - Opposite Direction",2,2011,"FORD","FUSION",998,"Disabling Damage",1,0,1,"Full Driver License","Valid","No",55,"Dry","Going Straight","From opposite direction  over left lane line","Unknown/Not Reported","Tracking","Stayed in original travel lane","4 DR",0,2,0,0,0,0,1,1,0
470861,9,8,32,"Culvert","The First Harmful Event was Not a Collision with a Motor Vehicle in Transport",1,2022,"KIA","TELLURIDE",998,"Disabling Damage",1,0,1,"Full Driver License","Valid","No",35,"Dry","Going Straight","Off the edge of the road on the left side","Unknown/Not Reported","Tracking","Departed roadway","SUV",1,2,1,1,1,1,0,6,3
470862,9,5,33,"Curb","The First Harmful Event was Not a Collision with a Motor Vehicle in Transport",1,2022,"KIA","TELLURIDE",998,"Disabling Damage",0,0,1,"Full Driver License","Valid","No",45,"Dry","Going Straight","From opposite direction  over left lane line","Unknown/Not Reported","Tracking","Stayed in original travel lane","SUV",1,2,1,1,1,1,0,6,3
470863,8,4,12,"Motor Vehicle In-Transport","Angle",1,2021,"TOYOTA","TACOMA",998,"Disabling Damage",1,0,1,"Full Driver License","Valid","No",65,"Dry","Going Straight","Traveling in opposite direction","Unknown/Not Reported","Tracking","Stayed in original travel lane","PU/CC",0,2,1,1,1,1,0,5,2
470868,9,6,8,"Pedestrian","The First Harmful Event was Not a Collision with a Motor Vehicle in Transport",1,2011,"GMC","ACADIA",998,"Minor Damage",0,0,1,"Full Driver License","Valid","No",40,"Dry","Going Straight","Pedestrian in road","Unknown/Not Reported","Tracking","Stayed in original travel lane","SUV",0,1,0,0,0,0,1,3,0
470869,9,16,12,"Motor Vehicle In-Transport","Front-to-Front",1,2021,"TOYOTA","COROLLA",46,"Disabling Damage",1,0,1,"Full Driver License","Valid","No",50,"Dry","Passing or Overtaking Another Vehicle","Over the lane line on left side of travel lane","Unknown/Not Reported","Tracking","Stayed on roadway, but left original travel lane","4 DR",0,1,1,1,1,1,0,6,2
470869,9,16,12,"Motor Vehicle In-Transport","Front-to-Front",1,2011,"TOYOTA","SIENNA",42,"Disabling Damage",0,0,1,"Full Driver License","Valid","No",50,"Dry","Going Straight","From opposite direction  over left lane line","Unknown/Not Reported","Tracking","Stayed in original travel lane","VAN",0,1,1,0,0,0,1,2,1
470870,9,21,8,"Pedestrian","The First Harmful Event was Not a Collision with a Motor Vehicle in Transport",1,2015,"HYUNDAI","ELANTRA",998,"Disabling Damage",0,0,1,"Full Driver License","Valid","No",40,"Dry","Going Straight","Pedestrian in road","Unknown/Not Reported","Tracking","Stayed in original travel lane","2 DR",0,2,0,0,0,0,0,0,0
470872,8,14,12,"Motor Vehicle In-Transport","Sideswipe - Same Direction",1,2017,"CHEVROLET","MALIBU",998,"Disabling Damage",0,0,1,"Full Driver License","Valid","No",70,"Dry","Going Straight","Other critical precrash event (specify:)","Unknown/Not Reported","Tracking","Stayed in original travel lane","4 DR",0,1,1,1,2,2,0,2,2
470872,8,14,12,"Motor Vehicle In-Transport","Sideswipe - Same Direction",1,2014,"LINCOLN","NAVIGATOR",998,"Disabling Damage",1,0,1,"Full Driver License","Valid","No",70,"Dry","Going Straight","From opposite direction  over left lane line","Unknown/Not Reported","Tracking","Stayed in original travel lane","SUV",0,0,0,0,0,0,1,1,0
470876,9,14,42,"Tree (Standing Only)","The First Harmful Event was Not a Collision with a Motor Vehicle in Transport",1,2017,"ACURA","RDX",998,"Disabling Damage",1,0,1,"Full Driver License","Valid","No",45,"Dry","Negotiating a Curve","Off the edge of the road on the right side","Unknown/Not Reported","Tracking","Departed roadway","SUV",0,1,0,0,2,2,0,1,0
470881,9,99,42,"Tree (Standing Only)","The First Harmful Event was Not a Collision with a Motor Vehicle in Transport",1,2017,"JEEP","RENEGADE",998,"Disabling Damage",1,0,1,"Full Driver License","Valid","No",55,"Dry","Negotiating a Curve","Off the edge of the road on the left side","Unknown/Not Reported","Skidding longitudinally  rotation less than 30 degrees","Departed roadway","SUV",1,0,1,1,2,2,0,0,3
470882,9,14,12,"Motor Vehicle In-Transport","Front-to-Front",1,2016,"TOYOTA","CAMRY",998,"Disabling Damage",0,0,1,"Full Driver License","Valid","No",50,"Dry","Going Straight","Over the lane line on left side of travel lane","Unknown/Not Reported","Tracking","Stayed on roadway, but left original travel lane","4 DR",0,1,1,0,2,2,0,1,1
470885,9,10,42,"Tree (Standing Only)","The First Harmful Event was Not a Collision with a Motor Vehicle in Transport",1,2013,"FORD","EDGE",998,"Disabling Damage",1,0,1,"Full Driver License","Valid","No",55,"Dry","Negotiating a Curve","Off the edge of the road on the left side","Unknown/Not Reported","Tracking","Departed roadway","SUV",1,0,1,0,0,0,1,1,2
470888,9,21,12,"Motor Vehicle In-Transport","Angle",3,2014,"HYUNDAI","SONATA",998,"Disabling Damage",0,0,1,"Full Driver License","Valid","No",35,"Dry","Turning Left","Turning Left","Unknown/Not Reported","Tracking","Stayed in original travel lane","4 DR",1,1,0,0,0,0,1,2,1
470889,8,99,12,"Motor Vehicle In-Transport","Angle",1,2019,"RAM","1500",998,"Disabling Damage",0,0,1,"Full Driver License","Valid","No",65,"Dry","Going Straight","Other vehicle stopped","Unknown/Not Reported","Tracking","Stayed in original travel lane","PU/EC",0,1,1,0,2,2,0,1,1
470891,9,12,52,"Guardrail End","The First Harmful Event was Not a Collision with a Motor Vehicle in Transport",3,2016,"HONDA","FIT",998,"Disabling Damage",1,0,1,"Full Driver License","Valid","No",45,"Dry","Negotiating a Curve","Off the edge of the road on the right side","Unknown/Not Reported","Tracking","Departed roadway","5 HB",0,1,0,0,0,0,0,1,0
470904,5,10,12,"Motor Vehicle In-Transport","Angle",2,2019,"HONDA","CR-V",998,"Disabling Damage",1,0,1,"Full Driver License","Valid","No",40,"Dry","Turning Left","Turning Left","Unknown/Not Reported","Tracking","Stayed in original travel lane","SUV",0,1,1,1,2,2,0,1,2
470905,9,99,8,"Pedestrian","The First Harmful Event was Not a Collision with a Motor Vehicle in Transport",1,2020,"NISSAN","ALTIMA",998,"Functional Damage",0,0,1,"Full Driver License","Valid","No",45,"Dry","Going Straight","Pedestrian in road","Unknown/Not Reported","Tracking","Stayed in original travel lane","4 DR",0,1,1,1,1,1,0,4,2
470906,9,19,8,"Pedestrian","The First Harmful Event was Not a Collision with a Motor Vehicle in Transport",1,2021,"HYUNDAI","ELANTRA",998,"Minor Damage",0,0,1,"Full Driver License","Valid","No",35,"Dry","Going Straight","Pedestrian in road","Unknown/Not Reported","Tracking","Stayed in original travel lane","4 DR",1,0,1,1,1,1,0,4,3
470910,9,20,1,"Rollover/Overturn","The First Harmful Event was Not a Collision with a Motor Vehicle in Transport",1,2011,"FORD","MUSTANG",998,"No Damage",0,0,1,"Full Driver License","Valid","No",55,"Dry","Going Straight","Other critical precrash event (specify:)","Unknown/Not Reported","Tracking","Stayed in original travel lane","C",0,1,0,0,0,0,1,2,0
470913,9,1,12,"Motor Vehicle In-Transport","Front-to-Front",4,2011,"HYUNDAI","SONATA",998,"Disabling Damage",1,0,1,"Full Driver License","Valid","No",45,"Dry","Going Straight","From crossing street, turning into opposite direction","Unknown/Not Reported","Tracking","Stayed in original travel lane","4 DR",0,2,0,0,0,0,1,1,0
470914,9,4,8,"Pedestrian","The First Harmful Event was Not a Collision with a Motor Vehicle in Transport",1,2019,"CHEVROLET","CRUZE",998,"Disabling Damage",0,0,1,"Full Driver License","Valid","No",55,"Dry","Going Straight","Pedestrian in road","Unknown/Not Reported","Tracking","Stayed in original travel lane","4 DR",0,2,1,0,2,2,0,1,1
470928,9,10,12,"Motor Vehicle In-Transport","Angle",2,2012,"CHRYSLER","200",998,"Disabling Damage",2,0,1,"Full Driver License","Valid","No",45,"Dry","Going Straight","From opposite direction  over left lane line","Unknown/Not Reported","Tracking","Stayed in original travel lane","4 DR",0,1,0,0,0,0,1,2,0
470935,9,19,12,"Motor Vehicle In-Transport","Angle",1,2015,"VOLKSWAGEN","PASSAT",998,"Disabling Damage",0,0,1,"Full Driver License","Valid","No",45,"Dry","Turning Left","Turning Left","Unknown/Not Reported","Tracking","Stayed in original travel lane","4 DR",0,1,0,0,0,0,0,2,0
470941,10,2,8,"Pedestrian","The First Harmful Event was Not a Collision with a Motor Vehicle in Transport",1,2018,"JEEP","GRAND CHEROKEE",998,"Functional Damage",0,0,1,"Full Driver License","Valid","No",45,"Dry","Going Straight","Pedestrian in road","Unknown/Not Reported","Tracking","Stayed in original travel lane","SUV",0,0,1,0,2,2,0,0,1
470943,9,11,12,"Motor Vehicle In-Transport","Front-to-Front",2,2021,"KIA","SORENTO",998,"Disabling Damage",1,0,1,"Full Driver License","Valid","No",45,"Dry","Negotiating a Curve","From opposite direction  over left lane line","Unknown/Not Reported","Tracking","Stayed in original travel lane","SUV",1,2,1,1,1,1,0,4,3
470946,9,9,12,"Motor Vehicle In-Transport","Angle",2,2016,"CHEVROLET","IMPALA LIMITED",998,"Disabling Damage",1,0,1,"Full Driver License","Valid","No",55,"Dry","Going Straight","Crossing Over (Passing Through) Junction","Unknown/Not Reported","Tracking","Stayed in original travel lane","4 DR",0,0,0,0,0,0,0,1,0
470946,9,9,12,"Motor Vehicle In-Transport","Angle",1,2022,"NISSAN","PATHFINDER",998,"Disabling Damage",0,0,1,"Full Driver License","Valid","No",55,"Dry","Going Straight","From crossing street, across path","Unknown/Not Reported","Tracking","Stayed in original travel lane","SUV",0,0,0,0,0,0,0,0,0
470950,10,6,12,"Motor Vehicle In-Transport","Front-to-Front",1,2013,"DODGE","AVENGER",998,"Disabling Damage",1,0,1,"Full Driver License","Valid","No",45,"Dry","Negotiating a Curve","Over the lane line on left side of travel lane","No Avoidance Maneuver","Tracking","Stayed on roadway, but left original travel lane","4 DR",0,1,0,0,0,0,1,2,0
470957,9,3,12,"Motor Vehicle In-Transport","Front-to-Rear",1,2016,"KIA","FORTE KOUP",998,"Disabling Damage",0,0,1,"Full Driver License","Valid","No",55,"Dry","Going Straight","Traveling in same direction with lower steady speed","No Avoidance Maneuver","Tracking","Stayed in original travel lane","2 DR",0,1,0,0,0,0,0,1,0
470963,10,6,12,"Motor Vehicle In-Transport","Angle",1,2012,"TOYOTA","AVALON",998,"Disabling Damage",1,0,1,"Full Driver License","Valid","No",30,"Dry","Going Straight","From crossing street, across path","Unknown/Not Reported","Tracking","Stayed in original travel lane","4 DR",0,1,0,0,0,0,1,2,0
470966,10,17,12,"Motor Vehicle In-Transport","Front-to-Front",1,2023,"VOLKSWAGEN","TIGUAN",998,"Disabling Damage",0,0,1,"Full Driver License","Valid","No",40,"Dry","Negotiating a Curve","From opposite direction  over left lane line","Unknown/Not Reported","Tracking","Stayed in original travel lane","SUV",1,0,1,1,1,1,0,4,3
470967,10,19,15,"Non-Motorist on Personal Conveyance","The First Harmful Event was Not a Collision with a Motor Vehicle in Transport",1,2018,"NISSAN","ALTIMA",998,"Disabling Damage",0,0,1,"Full Driver License","Valid","No",55,"Dry","Going Straight","Pedalcyclist or other non-motorist in road","No Avoidance Maneuver","Tracking","Stayed in original travel lane","4 DR",1,1,1,0,1,1,0,4,2
470973,10,0,30,"Utility Pole/Light Support","The First Harmful Event was Not a Collision with a Motor Vehicle in Transport",1,2015,"KIA","OPTIMA",998,"Functional Damage",0,0,1,"Full Driver License","Valid","No",45,"Dry","Decelerating in Road","Object approaching road","Unknown/Not Reported","Tracking","Stayed in original travel lane","4 DR",0,1,0,0,0,0,0,1,0
470974,10,3,42,"Tree (Standing Only)","The First Harmful Event was Not a Collision with a Motor Vehicle in Transport",3,2016,"KIA","OPTIMA",998,"Disabling Damage",3,0,1,"Full Driver License","Valid","No",70,"Dry","Going Straight","Off the edge of the road on the right side","Unknown/Not Reported","Precrash stability unknown","Departed roadway","4 DR",0,1,1,0,2,2,0,1,1
470975,10,22,8,"Pedestrian","The First Harmful Event was Not a Collision with a Motor Vehicle in Transport",1,2020,"HYUNDAI","SANTA FE",998,"Functional Damage",0,0,1,"Full Driver License","Valid","No",45,"Dry","Going Straight","Pedestrian in road","No Avoidance Maneuver","Tracking","Stayed in original travel lane","SUV",1,1,1,1,1,1,0,5,3
470977,10,8,12,"Motor Vehicle In-Transport","Angle",1,2014,"FORD","EXPLORER",998,"Disabling Damage",0,0,1,"Full Driver License","Valid","No",45,"Dry","Turning Left","Turning Left","No Avoidance Maneuver","Tracking","Stayed in original travel lane","SUV",0,0,1,0,0,0,1,1,1
470978,10,9,12,"Motor Vehicle In-Transport","Front-to-Front",1,2015,"HONDA","CR-V",998,"Minor Damage",0,0,1,"Full Driver License","Valid","No",50,"Dry","Decelerating in Road","From opposite direction  over left lane line","Unknown/Not Reported","Tracking","Stayed in original travel lane","SUV",0,1,0,0,2,2,0,1,0
470979,10,17,12,"Motor Vehicle In-Transport","Angle",2,2015,"TOYOTA","RAV4",0,"Disabling Damage",0,0,1,"Full Driver License","Valid","No",40,"Dry","Stopped in Roadway","From adjacent lane (same direction) over left lane line","No Avoidance Maneuver","Tracking","Stayed in original travel lane","SUV",0,1,0,0,0,0,0,1,0
470979,10,17,12,"Motor Vehicle In-Transport","Angle",1,2013,"JEEP","GRAND CHEROKEE",0,"Functional Damage",0,0,1,"Full Driver License","Valid","No",40,"Dry","Stopped in Roadway","Other critical precrash event (specify:)","No Avoidance Maneuver","Tracking","Stayed in original travel lane","SUV",1,1,1,0,2,2,1,2,2
470982,10,21,12,"Motor Vehicle In-Transport","Front-to-Rear",2,2021,"NISSAN","ARMADA",998,"Minor Damage",0,0,1,"Full Driver License","Valid","No",45,"Dry","Going Straight","Traveling in same direction with higher speed","No Avoidance Maneuver","Tracking","Stayed in original travel lane","SUV",1,0,1,1,1,1,0,6,3
470988,10,12,12,"Motor Vehicle In-Transport","Angle",1,2023,"SUBARU","ASCENT",998,"Disabling Damage",1,0,1,"Full Driver License","Valid","No",45,"Dry","Going Straight","Crossing Over (Passing Through) Junction","Unknown/Not Reported","Tracking","Stayed in original travel lane","SUV",1,0,1,1,1,1,0,4,3
470991,10,11,12,"Motor Vehicle In-Transport","Angle",2,2012,"CHEVROLET","IMPALA",998,"Disabling Damage",0,0,1,"Intermediate Driver License","Valid","No",55,"Dry","Going Straight","Crossing Over (Passing Through) Junction","Unknown/Not Reported","Tracking","Stayed in original travel lane","4 DR",0,0,0,0,0,0,1,2,0
470993,10,10,12,"Motor Vehicle In-Transport","Front-to-Rear",2,2013,"VOLKSWAGEN","JETTA",998,"Minor Damage",0,0,1,"Full Driver License","Valid","No",55,"Dry","Going Straight","Traveling in same direction with higher speed","No Avoidance Maneuver","Tracking","Stayed in original travel lane","4 DR",0,1,0,0,0,0,1,2,0
471001,9,22,8,"Pedestrian","The First Harmful Event was Not a Collision with a Motor Vehicle in Transport",1,2016,"NISSAN","VERSA",998,"Functional Damage",0,0,1,"Full Driver License","Valid","No",40,"Dry","Going Straight","Pedestrian in road","No Avoidance Maneuver","Tracking","Stayed in original travel lane","4 DR",0,0,0,0,0,0,0,0,0
471002,10,23,32,"Culvert","The First Harmful Event was Not a Collision with a Motor Vehicle in Transport",1,2016,"HONDA","CR-V",998,"Disabling Damage",1,0,1,"Full Driver License","Valid","No",55,"Dry","Going Straight","Off the edge of the road on the right side","Unknown/Not Reported","Tracking","Departed roadway","SUV",0,1,1,0,2,2,0,1,1
471005,10,23,12,"Motor Vehicle In-Transport","Front-to-Rear",1,2016,"MERCEDES-BENZ","GLC-CLASS",998,"Disabling Damage",0,0,1,"Full Driver License","Valid","No",55,"Dry","Going Straight","Pedestrian in road","Braking and Unknown Steering Direction","Skidding longitudinally  rotation less than 30 degrees","Stayed on roadway, not known if left original travel lane","4 DR",0,1,1,0,1,1,0,4,1
471008,9,14,12,"Motor Vehicle In-Transport","Angle",2,2013,"VOLKSWAGEN","BEETLE",998,"Disabling Damage",1,0,1,"Full Driver License","Valid","No",45,"Dry","Turning Left","Turning Left","Unknown/Not Reported","Tracking","Stayed in original travel lane","C",0,0,0,0,0,0,1,1,0
471009,10,22,12,"Motor Vehicle In-Transport","Angle",1,2021,"KIA","K5",998,"Disabling Damage",0,0,1,"Full Driver License","Valid","No",40,"Dry","Going Straight","Crossing Over (Passing Through) Junction","No Avoidance Maneuver","Tracking","Stayed in original travel lane","4 DR",1,2,1,1,1,1,0,6,3
471013,10,1,12,"Motor Vehicle In-Transport","Angle",1,2015,"FORD","MUSTANG",998,"Disabling Damage",0,0,1,"Full Driver License","Valid","No",45,"Dry","Going Straight","From opposite direction  over left lane line","Unknown/Not Reported","Tracking","Stayed in original travel lane","2 DR",0,1,1,0,0,0,0,1,1
471019,10,18,12,"Motor Vehicle In-Transport","Angle",2,2020,"NISSAN","MURANO",998,"Disabling Damage",0,0,1,"Full Driver License","Valid","No",30,"Dry","Turning Left","Turning Left","No Avoidance Maneuver","Tracking","Stayed in original travel lane","SUV",0,1,1,1,1,1,0,4,2
471020,10,7,8,"Pedestrian","The First Harmful Event was Not a Collision with a Motor Vehicle in Transport",1,2011,"NISSAN","FRONTIER",998,"Minor Damage",0,0,1,"Full Driver License","Valid","No",30,"Dry","Going Straight","Pedestrian in road","No Avoidance Maneuver","Tracking","Stayed in original travel lane","PU/CC",0,0,0,0,0,0,1,1,0
471021,10,7,12,"Motor Vehicle In-Transport","Front-to-Front",1,2012,"HYUNDAI","ELANTRA",998,"Disabling Damage",1,0,1,"Full Driver License","Valid","No",40,"Dry","Turning Left","Turning Left","No Avoidance Maneuver","Tracking","Stayed in original travel lane","4 DR",0,0,0,0,0,0,1,1,0
471025,10,20,12,"Motor Vehicle In-Transport","Front-to-Front",4,2020,"CHEVROLET","MALIBU",998,"Disabling Damage",2,0,1,"Full Driver License","Valid","No",50,"Dry","Going Straight","From opposite direction  over left lane line","Unknown/Not Reported","Tracking","Stayed in original travel lane","4 DR",0,2,0,1,2,2,0,1,1
471027,10,11,12,"Motor Vehicle In-Transport","Front-to-Rear",1,2017,"HYUNDAI","TUCSON",998,"Disabling Damage",0,0,1,"Full Driver License","Valid","No",40,"Dry","Going Straight","From opposite direction  over left lane line","Unknown/Not Reported","Tracking","Stayed in original travel lane","SUV",0,1,0,0,2,2,0,1,0
471035,10,11,12,"Motor Vehicle In-Transport","Angle",2,2011,"MAZDA","MAZDA3",998,"Disabling Damage",1,0,1,"Full Driver License","Valid","No",55,"Dry","Going Straight","From opposite direction  over left lane line","No Avoidance Maneuver","Tracking","Stayed in original travel lane","5 HB",0,1,0,0,0,0,1,2,0
471037,10,19,72,"Cargo/Equipment Loss, Shift, or Damage [harmful]","The First Harmful Event was Not a Collision with a Motor Vehicle in Transport",1,2020,"NISSAN","ALTIMA",998,"Minor Damage",0,0,1,"Full Driver License","Valid","No",55,"Dry","Going Straight","Object in road","Unknown/Not Reported","Tracking","Stayed in original travel lane","4 DR",0,1,1,0,1,1,0,4,1
471040,10,16,12,"Motor Vehicle In-Transport","Front-to-Front",1,2015,"CHEVROLET","CAMARO",998,"Disabling Damage",0,0,1,"Full Driver License","Valid","No",55,"Dry","Negotiating a Curve","Traveling in opposite direction","Unknown/Not Reported","Tracking","Stayed in original travel lane","C",0,1,0,0,0,0,0,2,0
471045,10,15,12,"Motor Vehicle In-Transport","Sideswipe - Same Direction",2,2020,"FORD","EXPEDITION",998,"Minor Damage",0,0,1,"Full Driver License","Valid","No",45,"Dry","Going Straight","Traveling in same direction with higher speed","No Avoidance Maneuver","Tracking","Stayed in original travel lane","SUV",1,0,1,0,1,1,0,5,2
471051,10,99,12,"Motor Vehicle In-Transport","Front-to-Front",1,2013,"CHEVROLET","MALIBU",998,"Disabling Damage",1,0,1,"Intermediate Driver License","Valid","No",55,"Dry","Passing or Overtaking Another Vehicle","Over the lane line on left side of travel lane","Unknown/Not Reported","Tracking","Departed roadway","4 DR",0,1,0,0,0,0,1,3,0
471062,11,20,8,"Pedestrian","The First Harmful Event was Not a Collision with a Motor Vehicle in Transport",1,2017,"FORD","ESCAPE",998,"Functional Damage",0,0,1,"Full Driver License","Valid","No",45,"Dry","Going Straight","Pedestrian in road","No Avoidance Maneuver","Tracking","Stayed in original travel lane","SUV",1,0,1,0,0,0,0,1,2
471065,11,14,12,"Motor Vehicle In-Transport","Angle",1,2013,"NISSAN","ALTIMA",998,"Disabling Damage",0,0,1,"Full Driver License","Valid","No",40,"Dry","Turning Left","Turning Left","Unknown/Not Reported","Tracking","Stayed in original travel lane","2 DR",0,1,0,0,0,0,1,2,0
471073,10,18,12,"Motor Vehicle In-Transport","Angle",1,2016,"TOYOTA","RAV4",998,"Disabling Damage",0,0,1,"Full Driver License","Valid","No",30,"Dry","Turning Left","Turning Left","No Avoidance Maneuver","Tracking","Stayed in original travel lane","SUV",0,1,1,1,2,2,0,1,2
471078,11,18,8,"Pedestrian","The First Harmful Event was Not a Collision with a Motor Vehicle in Transport",1,2011,"NISSAN","MURANO",998,"Minor Damage",0,0,1,"Full Driver License","Valid","No",40,"Dry","Going Straight","Pedestrian in road","Unknown/Not Reported","Tracking","Stayed in original travel lane","SUV",0,1,0,0,0,0,1,2,0
471081,11,3,12,"Motor Vehicle In-Transport","Angle",1,2013,"KIA","FORTE",998,"Disabling Damage",1,0,1,"Full Driver License","Valid","No",50,"Dry","Going Straight","From opposite direction  over left lane line","Unknown/Not Reported","Tracking","Stayed in original travel lane","4 DR",0,1,0,0,0,0,1,2,0