"SERIAL_CRASH","MONTH","HOUR","HARM_EV","HARM_EVNAME","TYPE_OF_COLLIOSION","NUM_OF_PEOPLE","MOD_YEAR","VPICMAKENAME","VPICMODELNAME","TRAV_SP","DEFORMEDNAME","DEATHS","DR_DRINK","IS_DRIVER_PRESENT","L_TYPENAME","L_STATUSNAME","SPEEDRELNAME","VSPD_LIM","VSURCONDNAME","P_CRASH1NAME","P_CRASH2NAME","P_CRASH3NAME","PCRASH4NAME","PCRASH5NAME","BODY_STYLE","BLIND_SPOT_DETECTION","ARS","FRNT_COLLISION_WARNING","LANE_DEPARTURE_WARNING","CRASH_IMMINENT_BRAKE","DYNAMIC_BRAKE_SUPPORT","NHTSA_ESC","SAFETY_COUNT","notification_count"
471091,11,12,57,"Cable Barrier","The First Harmful Event was Not a Collision with a Motor Vehicle in Transport",2,2015,"TOYOTA","SEQUOIA",998,"Disabling Damage",0,0,1,"Full Driver License","Valid","No",65,"Dry","Negotiating a Curve","From opposite direction  over left lane line","Unknown/Not Reported","Precrash stability unknown","Returned to roadway","SUV",0,1,0,0,0,0,0,1,0
471091,11,12,57,"Cable Barrier","The First Harmful Event was Not a Collision with a Motor Vehicle in Transport",3,2018,"DODGE","JOURNEY",998,"Disabling Damage",0,0,1,"Full Driver License","Valid","No",65,"Dry","Negotiating a Curve","From opposite direction  over left lane line","Unknown/Not Reported","Tracking","Stayed in original travel lane","SUV",0,0,0,0,0,0,0,0,0
471098,11,4,8,"Pedestrian","The First Harmful Event was Not a Collision with a Motor Vehicle in Transport",1,2020,"TOYOTA","RAV4",998,"Minor Damage",0,0,1,"Full Driver License","Valid","No",70,"Dry","Going Straight","Pedestrian in road","Unknown/Not Reported","Precrash stability unknown","Unknown","SUV",1,1,1,1,1,1,0,6,3
471102,11,14,14,"Parked Motor Vehicle","The First Harmful Event was Not a Collision with a Motor Vehicle in Transport",1,2016,"MAZDA","MAZDA3",998,"Disabling Damage",0,0,1,"Full Driver License","Valid","No",65,"Dry","Negotiating a Curve","Off the edge of the road on the right side","Unknown/Not Reported","Tracking","Departed roadway","4 DR",0,1,0,1,2,0,0,2,1
471109,11,20,34,"Ditch","The First Harmful Event was Not a Collision with a Motor Vehicle in Transport",1,2011,"TOYOTA","CAMRY",998,"Disabling Damage",1,0,1,"Full Driver License","Valid","No",35,"Dry","Negotiating a Curve","Off the edge of the road on the left side","Unknown/Not Reported","Tracking","Departed roadway","4 DR",0,1,0,0,0,0,1,2,0
471112,11,14,12,"Motor Vehicle In-Transport","Front-to-Front",2,2020,"CHEVROLET","MALIBU",0,"Disabling Damage",0,0,1,"Full Driver License","Valid","No",45,"Dry","Stopped in Roadway","From opposite direction  over left lane line","No Avoidance Maneuver","Tracking","Stayed in original travel lane","4 DR",1,2,0,1,2,2,0,1,2
471116,11,18,8,"Pedestrian","The First Harmful Event was Not a Collision with a Motor Vehicle in Transport",1,2016,"KIA","SOUL",998,"No Damage",0,0,1,"Full Driver License","Valid","No",40,"Dry","Going Straight","Pedestrian in road","Unknown/Not Reported","Tracking","Stayed on roadway, not known if left original travel lane","SUV",0,1,0,1,0,0,0,1,1
471118,11,13,12,"Motor Vehicle In-Transport","Angle",1,2013,"GMC","TERRAIN",998,"Disabling Damage",0,0,1,"Full Driver License","Valid","No",40,"Dry","Going Straight","From crossing street, across path","Unknown/Not Reported","Tracking","Stayed in original travel lane","SUV",0,1,1,0,0,0,1,3,1
471127,11,17,12,"Motor Vehicle In-Transport","Front-to-Rear",1,2018,"FORD","ESCAPE",0,"Functional Damage",0,0,1,"Full Driver License","Valid","No",55,"Dry","Stopped in Roadway","Traveling in same direction with higher speed","No Avoidance Maneuver","Tracking","Stayed in original travel lane","SUV",0,0,0,0,0,0,0,1,0
471128,11,10,10,"Railway Vehicle","The First Harmful Event was Not a Collision with a Motor Vehicle in Transport",1,2016,"TOYOTA","HIGHLANDER",0,"Disabling Damage",1,0,1,"Full Driver License","Valid","No",15,"Dry","Stopped in Roadway","Object approaching road","No Avoidance Maneuver","Tracking","Stayed in original travel lane","SUV",0,1,0,0,2,2,0,1,0
471129,11,5,8,"Pedestrian","The First Harmful Event was Not a Collision with a Motor Vehicle in Transport",1,2022,"NISSAN","ROGUE",998,"Minor Damage",0,0,1,"Full Driver License","Valid","No",45,"Dry","Going Straight","Pedestrian in road","Unknown/Not Reported","Tracking","Stayed in original travel lane","SUV",1,0,1,1,1,1,0,5,3
471141,11,9,8,"Pedestrian","The First Harmful Event was Not a Collision with a Motor Vehicle in Transport",2,2016,"CHEVROLET","EQUINOX",998,"Disabling Damage",0,0,1,"Full Driver License","Valid","No",30,"Dry","Going Straight","Pedestrian in road","Unknown/Not Reported","Tracking","Stayed in original travel lane","SUV",1,0,0,0,0,0,0,1,1
471144,11,2,12,"Motor Vehicle In-Transport","Front-to-Rear",1,2014,"RAM","1500",998,"Disabling Damage",0,0,1,"Full Driver License","Valid","No",45,"Dry","Going Straight","Other vehicle stopped","No Avoidance Maneuver","Tracking","Stayed in original travel lane","PU/RC",0,1,0,0,0,0,1,2,0
471148,10,14,19,"Building","The First Harmful Event was Not a Collision with a Motor Vehicle in Transport",1,2015,"NISSAN","PATHFINDER",998,"Disabling Damage",1,0,1,"Full Driver License","Valid","No",30,"Dry","Going Straight","Off the edge of the road on the left side","Unknown/Not Reported","Tracking","Departed roadway","SUV",0,0,0,0,0,0,0,0,0
471151,11,23,12,"Motor Vehicle In-Transport","Angle",2,2016,"ACURA","ILX",998,"Disabling Damage",0,0,1,"Full Driver License","Valid","No",45,"Dry","Going Straight","From opposite direction  over left lane line","Unknown/Not Reported","Tracking","Stayed in original travel lane","4 DR",0,1,1,1,2,2,0,1,2
471165,11,11,12,"Motor Vehicle In-Transport","Front-to-Rear",3,2021,"RAM","2500",0,"Functional Damage",0,0,1,"Full Driver License","Valid","No",45,"Dry","Stopped in Roadway","Turning Left","No Avoidance Maneuver","Tracking","Stayed in original travel lane","PU/RC",1,0,0,1,2,2,0,0,2
471172,11,18,8,"Pedestrian","The First Harmful Event was Not a Collision with a Motor Vehicle in Transport",1,2018,"JEEP","CHEROKEE",998,"Functional Damage",0,0,1,"Full Driver License","Valid","No",20,"Dry","Going Straight","Pedestrian in road","Braking","Skidding longitudinally  rotation less than 30 degrees","Stayed in original travel lane","SUV",1,0,0,0,2,2,0,0,1
471173,10,16,35,"Embankment","The First Harmful Event was Not a Collision with a Motor Vehicle in Transport",1,2021,"KIA","SORENTO",998,"Disabling Damage",0,0,1,"Full Driver License","Valid","No",65,"Dry","Going Straight","From opposite direction  over left lane line","Unknown/Not Reported","Tracking","Stayed in original travel lane","SUV",1,2,1,1,1,1,0,4,3
471175,12,13,72,"Cargo/Equipment Loss, Shift, or Damage [harmful]","The First Harmful Event was Not a Collision with a Motor Vehicle in Transport",2,2013,"NISSAN","MURANO",998,"Minor Damage",0,0,1,"Full Driver License","Valid","No",65,"Dry","Going Straight","Disabling vehicle failure (e.g., wheel fell off) (specify:)","Unknown/Not Reported","Tracking","Stayed in original travel lane","SUV",0,1,0,0,0,0,1,2,0
471175,12,13,72,"Cargo/Equipment Loss, Shift, or Damage [harmful]","The First Harmful Event was Not a Collision with a Motor Vehicle in Transport",1,2023,"NISSAN","ROGUE",998,"Disabling Damage",1,0,1,"Full Driver License","Valid","No",65,"Dry","Going Straight","Object approaching road","Unknown/Not Reported","Tracking","Stayed in original travel lane","SUV",1,0,1,1,1,1,0,5,3
471192,12,13,12,"Motor Vehicle In-Transport","Angle",1,2012,"NISSAN","SENTRA",998,"Disabling Damage",1,0,1,"Full Driver License","Valid","No",50,"Dry","Going Straight","Off the edge of the road on the left side","Unknown/Not Reported","Tracking","Returned to roadway","4 DR",0,0,0,0,0,0,1,1,0
471192,12,13,12,"Motor Vehicle In-Transport","Angle",1,2018,"INFINITI","Q60",998,"Disabling Damage",0,0,1,"Full Driver License","Valid","No",50,"Dry","Going Straight","From opposite direction  over left lane line","Unknown/Not Reported","Tracking","Stayed in original travel lane","2 DR",1,0,1,1,2,2,0,0,3
471196,12,19,12,"Motor Vehicle In-Transport","Front-to-Front",1,2011,"FORD","EDGE",998,"Disabling Damage",0,0,1,"Full Driver License","Valid","No",50,"Dry","Going Straight","From opposite direction  over left lane line","Unknown/Not Reported","Tracking","Stayed in original travel lane","SUV",0,2,1,0,0,0,1,1,1
471200,12,10,12,"Motor Vehicle In-Transport","Sideswipe - Opposite Direction",1,2019,"INFINITI","QX80",998,"Disabling Damage",0,0,1,"Full Driver License","Valid","No",45,"Dry","Going Straight","From opposite direction  over left lane line","Unknown/Not Reported","Tracking","Stayed in original travel lane","SUV",1,0,1,0,1,1,0,4,2
471201,12,10,12,"Motor Vehicle In-Transport","Angle",1,2018,"CHEVROLET","EQUINOX",998,"Disabling Damage",1,0,1,"Full Driver License","Valid","No",45,"Dry","Making a U-turn","Making a U-Turn","Unknown/Not Reported","Tracking","Stayed in original travel lane","SUV",1,1,1,1,2,2,0,2,3
471206,12,99,42,"Tree (Standing Only)","The First Harmful Event was Not a Collision with a Motor Vehicle in Transport",3,2017,"RAM","2500",998,"Disabling Damage",1,0,1,"Full Driver License","Valid","No",55,"Dry","Going Straight","Off the edge of the road on the left side","Unknown/Not Reported","Tracking","Departed roadway","PU/RC",0,0,0,0,0,0,0,0,0
471208,12,15,12,"Motor Vehicle In-Transport","Front-to-Front",1,2020,"KIA","SORENTO",998,"Disabling Damage",0,0,1,"Full Driver License","Valid","No",55,"Dry","Going Straight","Over the lane line on left side of travel lane","Unknown/Not Reported","Tracking","Stayed on roadway, but left original travel lane","SUV",1,2,1,0,2,2,0,0,2
471209,12,14,12,"Motor Vehicle In-Transport","Angle",1,2022,"BUICK","ENVISION",998,"Functional Damage",0,0,1,"Full Driver License","Valid","No",35,"Dry","Going Straight","From crossing street, across path","Unknown/Not Reported","Tracking","Stayed in original travel lane","SUV",1,1,1,1,1,1,0,7,3
471211,11,20,12,"Motor Vehicle In-Transport","Angle",1,2022,"CHRYSLER","PACIFICA",998,"Functional Damage",0,0,1,"Full Driver License","Valid","No",70,"Dry","Going Straight","Traveling in same direction with higher speed","Unknown/Not Reported","Tracking","Stayed in original travel lane","MV",1,1,1,1,1,1,0,7,3
471212,12,11,32,"Culvert","The First Harmful Event was Not a Collision with a Motor Vehicle in Transport",1,2023,"NISSAN","ROGUE",998,"Disabling Damage",1,0,1,"Full Driver License","Valid","No",45,"Dry","Going Straight","Off the edge of the road on the right side","Unknown/Not Reported","Tracking","Departed roadway","SUV",1,0,1,1,1,1,0,5,3
471213,12,13,24,"Guardrail Face","The First Harmful Event was Not a Collision with a Motor Vehicle in Transport",1,2019,"INFINITI","QX50",998,"Disabling Damage",0,0,1,"Full Driver License","Valid","No",45,"Dry","Going Straight","From opposite direction  over left lane line","Unknown/Not Reported","Tracking","Stayed in original travel lane","SUV",0,1,1,0,1,1,0,4,1
471216,12,1,12,"Motor Vehicle In-Transport","Front-to-Rear",3,2016,"CHEVROLET","CRUZE LIMITED",0,"Disabling Damage",1,0,1,"Full Driver License","Valid","No",70,"Dry","Disabled or ""Parked"" in Travel lane","Traveling in same direction with higher speed","No Avoidance Maneuver","Tracking","Stayed in original travel lane","4 DR",1,1,0,0,0,0,0,2,1
471223,12,14,12,"Motor Vehicle In-Transport","Angle",2,2021,"HYUNDAI","VENUE",998,"Disabling Damage",0,0,1,"Full Driver License","Valid","No",55,"Dry","Turning Left","From crossing street, across path","Unknown/Not Reported","Tracking","Stayed in original travel lane","SUV",1,0,1,1,1,1,0,4,3
471225,10,21,1,"Rollover/Overturn","The First Harmful Event was Not a Collision with a Motor Vehicle in Transport",1,2013,"HONDA","CR-V",998,"Disabling Damage",1,0,1,"Full Driver License","Valid","No",65,"Dry","Going Straight","Off the edge of the road on the right side","Unknown/Not Reported","Skidding laterally counterclockwise rotation","Departed roadway","SUV",0,0,0,0,0,0,1,1,0
471226,12,5,12,"Motor Vehicle In-Transport","Front-to-Front",1,2022,"TOYOTA","COROLLA",998,"Disabling Damage",1,0,1,"Full Driver License","Valid","No",65,"Dry","Going Straight","Traveling in opposite direction","Unknown/Not Reported","Tracking","Stayed in original travel lane","4 DR",1,1,1,1,1,1,0,6,3
471228,12,8,12,"Motor Vehicle In-Transport","Front-to-Front",1,2016,"NISSAN","ROGUE",998,"Disabling Damage",1,0,1,"Full Driver License","Valid","No",70,"Dry","Going Straight","Traveling in opposite direction","Unknown/Not Reported","Tracking","Stayed in original travel lane","SUV",0,0,0,0,2,2,0,0,0
471231,12,20,35,"Embankment","The First Harmful Event was Not a Collision with a Motor Vehicle in Transport",1,2011,"CHEVROLET","CRUZE",998,"Disabling Damage",1,0,1,"Full Driver License","Valid","No",45,"Dry","Negotiating a Curve","Off the edge of the road on the right side","Unknown/Not Reported","Tracking","Departed roadway","4 DR",0,0,0,0,0,0,1,2,0
471233,12,12,8,"Pedestrian","The First Harmful Event was Not a Collision with a Motor Vehicle in Transport",3,2015,"TOYOTA","SIENNA",998,"Disabling Damage",0,0,1,"Full Driver License","Valid","No",55,"Dry","Going Straight","Pedestrian in road","Unknown/Not Reported","Tracking","Stayed in original travel lane","VAN",0,1,1,0,2,2,0,1,1
471234,12,18,8,"Pedestrian","The First Harmful Event was Not a Collision with a Motor Vehicle in Transport",2,2018,"FORD","EXPLORER",998,"Disabling Damage",0,0,1,"Full Driver License","Valid","No",50,"Dry","Going Straight","Pedestrian in road","Unknown/Not Reported","Tracking","Stayed in original travel lane","SUV",1,0,0,0,0,0,0,0,1
471236,12,14,24,"Guardrail Face","The First Harmful Event was Not a Collision with a Motor Vehicle in Transport",1,2020,"FORD","RANGER",998,"Disabling Damage",1,0,1,"Full Driver License","Valid","No",70,"Dry","Negotiating a Curve","Off the edge of the road on the left side","Unknown/Not Reported","Skidding longitudinally  rotation less than 30 degrees","Departed roadway","PU/EC",1,0,1,1,1,1,0,6,3
471237,12,17,12,"Motor Vehicle In-Transport","Angle",1,2017,"TOYOTA","RAV4",0,"Disabling Damage",0,0,1,"Full Driver License","Valid","No",45,"Dry","Stopped in Roadway","From crossing street, across path","No Avoidance Maneuver","Tracking","Stayed in original travel lane","SUV",0,1,1,1,2,2,0,1,2
471244,12,23,12,"Motor Vehicle In-Transport","Front-to-Front",1,2018,"CHEVROLET","EQUINOX",998,"Disabling Damage",1,0,1,"Full Driver License","Valid","No",65,"Dry","Going Straight","Traveling in opposite direction","Unknown/Not Reported","Tracking","Stayed in original travel lane","SUV",0,1,0,1,2,2,0,2,1
471244,12,23,12,"Motor Vehicle In-Transport","Front-to-Front",1,2011,"KIA","SOUL",998,"Disabling Damage",1,0,1,"Full Driver License","Valid","No",65,"Dry","Going Straight","Traveling in opposite direction","Unknown/Not Reported","Tracking","Stayed in original travel lane","SUV",0,0,0,0,0,0,1,1,0
471246,12,12,12,"Motor Vehicle In-Transport","Angle",1,2020,"DODGE","DURANGO",998,"Disabling Damage",0,0,1,"Full Driver License","Valid","No",55,"Dry","Going Straight","Crossing Over (Passing Through) Junction","Unknown/Not Reported","Tracking","Stayed in original travel lane","SUV",1,0,1,1,2,2,0,0,3
471248,12,8,9,"Pedalcyclist","The First Harmful Event was Not a Collision with a Motor Vehicle in Transport",2,2013,"CHRYSLER","TOWN AND COUNTRY",998,"Functional Damage",0,0,1,"Full Driver License","Valid","No",35,"Dry","Going Straight","From crossing street, across path","Braking","Tracking","Stayed in original travel lane","VAN",0,1,0,0,0,0,1,2,0
471254,11,20,35,"Embankment","The First Harmful Event was Not a Collision with a Motor Vehicle in Transport",1,2015,"JEEP","CHEROKEE",998,"Disabling Damage",1,0,1,"Full Driver License","Valid","No",45,"Dry","Going Straight","Off the edge of the road on the right side","Unknown/Not Reported","Tracking","Departed roadway","SUV",0,0,0,0,0,0,0,0,0
471255,11,18,12,"Motor Vehicle In-Transport","Front-to-Rear",1,2013,"TOYOTA","CAMRY",998,"Disabling Damage",1,0,1,"Full Driver License","Valid","No",35,"Dry","Going Straight","Other vehicle stopped","No Avoidance Maneuver","Tracking","Stayed in original travel lane","4 DR",0,1,0,0,0,0,1,2,0
471255,11,18,12,"Motor Vehicle In-Transport","Front-to-Rear",1,2014,"NISSAN","ROGUE",0,"Minor Damage",0,0,1,"Full Driver License","Valid","No",35,"Dry","Stopped in Roadway","Traveling in same direction with higher speed","No Avoidance Maneuver","Tracking","Stayed in original travel lane","SUV",0,1,1,1,0,0,1,2,2
471258,12,17,12,"Motor Vehicle In-Transport","Front-to-Rear",1,2019,"CHEVROLET","EQUINOX",998,"Functional Damage",0,0,1,"Full Driver License","Valid","No",35,"Dry","Turning Left","Traveling in same direction with higher speed","No Avoidance Maneuver","Tracking","Stayed in original travel lane","SUV",0,1,1,1,2,2,0,2,2
471258,12,17,12,"Motor Vehicle In-Transport","Front-to-Rear",1,2017,"CHEVROLET","EQUINOX",998,"Disabling Damage",1,0,1,"Full Driver License","Valid","No",35,"Dry","Going Straight","Other vehicle stopped","No Avoidance Maneuver","Tracking","Stayed on roadway, but left original travel lane","SUV",0,0,1,1,0,0,0,1,2
471263,12,14,34,"Ditch","The First Harmful Event was Not a Collision with a Motor Vehicle in Transport",2,2023,"SUBARU","CROSSTREK",998,"Disabling Damage",1,0,1,"Full Driver License","Valid","No",45,"Dry","Going Straight","Off the edge of the road on the right side","No Avoidance Maneuver","Tracking","Departed roadway","SW",1,1,0,1,2,2,0,1,2
471264,11,16,12,"Motor Vehicle In-Transport","Angle",2,2019,"FORD","FLEX",998,"Disabling Damage",1,0,1,"Full Driver License","Valid","No",40,"Dry","Going Straight","From crossing street, turning into opposite direction","Unknown/Not Reported","Tracking","Stayed in original travel lane","SUV",1,0,0,0,0,2,0,1,1
471266,10,17,12,"Motor Vehicle In-Transport","Angle",1,2011,"FORD","FUSION",998,"Disabling Damage",0,0,1,"Full Driver License","Valid","No",40,"Dry","Going Straight","From opposite direction  over left lane line","Unknown/Not Reported","Tracking","Stayed in original travel lane","4 DR",0,2,0,0,0,0,1,1,0
471267,7,19,35,"Embankment","The First Harmful Event was Not a Collision with a Motor Vehicle in Transport",2,2021,"CHRYSLER","PACIFICA",20,"Disabling Damage",1,0,1,"Full Driver License","Valid","No",98,"Dry","Negotiating a Curve","Off the edge of the road on the right side","Unknown/Not Reported","Tracking","Departed roadway","VAN",1,1,1,1,1,1,0,6,3
471270,2,18,12,"Motor Vehicle In-Transport","Angle",1,2015,"CHEVROLET","CAMARO",998,"Disabling Damage",0,0,1,"Full Driver License","Valid","No",35,"Dry","Making a U-turn","Making a U-Turn","No Avoidance Maneuver","Tracking","Stayed on roadway, but left original travel lane","C",0,1,0,0,0,0,0,2,0
471270,2,18,12,"Motor Vehicle In-Transport","Angle",2,2020,"CHRYSLER","VOYAGER",998,"Disabling Damage",1,0,1,"Full Driver License","Valid","No",35,"Dry","Going Straight","From opposite direction  over left lane line","Unknown/Not Reported","Tracking","Stayed in original travel lane","VAN",0,0,0,0,0,0,0,0,0
471278,4,9,12,"Motor Vehicle In-Transport","Angle",1,2016,"JEEP","GRAND CHEROKEE",998,"Disabling Damage",1,0,1,"Full Driver License","Valid","No",35,"Dry","Going Straight","Crossing Over (Passing Through) Junction","Unknown/Not Reported","Tracking","Stayed in original travel lane","SUV",1,0,1,0,2,2,0,0,2
471279,9,12,12,"Motor Vehicle In-Transport","Angle",1,2020,"MAZDA","MX-5",998,"Disabling Damage",1,0,1,"Full Driver License","Valid","No",45,"Dry","Starting in Road","Crossing Over (Passing Through) Junction","Unknown/Not Reported","Tracking","Stayed in original travel lane","C",0,0,0,0,0,0,0,0,0
471282,10,12,12,"Motor Vehicle In-Transport","Angle",3,2018,"FORD","TRANSIT",998,"Disabling Damage",0,0,1,"Full Driver License","Valid","No",30,"Dry","Turning Left","Turning Left","Unknown/Not Reported","Tracking","Stayed in original travel lane","VAN",0,0,0,0,0,0,0,0,0
471286,10,19,11,"Live Animal","The First Harmful Event was Not a Collision with a Motor Vehicle in Transport",1,2011,"KIA","SORENTO",998,"Disabling Damage",1,0,1,"Full Driver License","Valid","No",35,"Dry","Negotiating a Curve","Animal -unknown location","Steering right","Skidding longitudinally  rotation less than 30 degrees","Stayed on roadway, not known if left original travel lane","SUV",0,2,0,0,0,0,1,1,0
471288,7,14,8,"Pedestrian","The First Harmful Event was Not a Collision with a Motor Vehicle in Transport",2,2012,"CHEVROLET","MALIBU",998,"Disabling Damage",0,0,1,"Full Driver License","Valid","No",40,"Dry","Going Straight","Pedestrian in road","Unknown/Not Reported","Tracking","Stayed in original travel lane","4 DR",0,0,0,0,0,0,1,2,0
480008,1,13,20,"Impact Attenuator/Crash Cushion","The First Harmful Event was Not a Collision with a Motor Vehicle in Transport",1,2016,"NISSAN","FRONTIER",998,"Damage Reported, Extent Unknown",1,0,1,"Full Driver License","Valid","No",60,"Dry","Negotiating a Curve","Off the edge of the road on the left side","Steering right","Precrash stability unknown","Departed roadway","PU/CC",0,0,0,0,0,0,0,0,0
480018,1,11,12,"Motor Vehicle In-Transport","Front-to-Front",1,2020,"LAND ROVER","RANGE ROVER SPORT",998,"Damage Reported, Extent Unknown",0,0,1,"Full Driver License","Valid","No",65,"Dry","Going Straight","From opposite direction  over left lane line","Unknown/Not Reported","Tracking","Stayed in original travel lane","SUV",1,0,1,1,1,2,0,4,3
480023,1,18,15,"Non-Motorist on Personal Conveyance","The First Harmful Event was Not a Collision with a Motor Vehicle in Transport",1,2017,"TOYOTA","TACOMA",998,"Minor Damage",0,0,1,"Full Driver License","Valid","No",40,"Dry","Going Straight","Pedalcyclist or other non-motorist in road","Unknown/Not Reported","Precrash stability unknown","Stayed in original travel lane","PU/CC",1,1,0,0,0,0,0,1,1
480030,1,16,12,"Motor Vehicle In-Transport","Angle",1,2017,"FORD","EXPLORER",998,"Damage Reported, Extent Unknown",0,0,1,"Full Driver License","Valid","No",70,"Dry","Turning Left","From adjacent lane (same direction) over left lane line","Unknown/Not Reported","Tracking","Stayed in original travel lane","SUV",1,0,0,0,0,0,0,0,1
480032,1,17,12,"Motor Vehicle In-Transport","Angle",1,2017,"FORD","FUSION",998,"Minor Damage",0,0,1,"Full Driver License","Valid","No",35,"Dry","Going Straight","Other critical precrash event (specify:)","Unknown/Not Reported","Tracking","Stayed in original travel lane","4 DR",1,1,0,1,2,2,0,2,2
480033,1,18,8,"Pedestrian","The First Harmful Event was Not a Collision with a Motor Vehicle in Transport",1,2020,"HYUNDAI","ELANTRA",998,"Damage Reported, Extent Unknown",0,0,1,"Full Driver License","Valid","No",70,"Dry","Going Straight","Pedestrian in road","Unknown/Not Reported","Tracking","Stayed in original travel lane","4 DR",0,2,0,1,2,2,0,0,1
480037,1,23,8,"Pedestrian","The First Harmful Event was Not a Collision with a Motor Vehicle in Transport",1,2018,"FORD","EXPLORER",41,"Damage Reported, Extent Unknown",0,0,1,"Full Driver License","Valid","No",45,"Dry","Going Straight","Pedestrian in road","Unknown/Not Reported","Tracking","Stayed in original travel lane","SUV",0,0,0,1,0,0,0,0,1
480040,1,19,8,"Pedestrian","The First Harmful Event was Not a Collision with a Motor Vehicle in Transport",1,2023,"HYUNDAI","SANTA FE",998,"Minor Damage",0,0,1,"Full Driver License","Valid","No",55,"Dry","Going Straight","Pedestrian in road","Unknown/Not Reported","Tracking","Stayed in original travel lane","SUV",1,0,1,1,1,1,0,5,3
480041,1,14,12,"Motor Vehicle In-Transport","Angle",1,2017,"DODGE","GRAND CARAVAN",998,"Damage Reported, Extent Unknown",1,0,1,"Full Driver License","Valid","No",98,"Dry","Going Straight","Crossing Over (Passing Through) Junction","Unknown/Not Reported","Tracking","Stayed in original travel lane","VAN",1,0,0,0,0,0,0,0,1
480041,1,14,12,"Motor Vehicle In-Transport","Angle",1,2016,"TOYOTA","AVALON",998,"Damage Reported, Extent Unknown",0,0,1,"Full Driver License","Valid","No",40,"Dry","Unknown","From crossing street, across path","Unknown/Not Reported","Tracking","Stayed in original travel lane","4 DR",0,1,0,0,2,2,0,1,0
480042,1,21,12,"Motor Vehicle In-Transport","Front-to-Front",4,2019,"JEEP","WRANGLER",998,"Damage Reported, Extent Unknown",1,0,1,"Full Driver License","Valid","No",65,"Dry","Negotiating a Curve","Over the lane line on left side of travel lane","Unknown/Not Reported","Tracking","Stayed on roadway, but left original travel lane","SUV",0,0,0,0,0,0,0,0,0
480043,1,21,12,"Motor Vehicle In-Transport","Front-to-Front",2,2017,"FORD","EXPLORER",998,"Disabling Damage",1,0,1,"Full Driver License","Valid","No",70,"Dry","Going Straight","From opposite direction  over left lane line","Steering left","Precrash stability unknown","Stayed in original travel lane","SUV",1,0,1,0,0,0,0,0,2
480044,1,16,12,"Motor Vehicle In-Transport","Sideswipe - Opposite Direction",1,2016,"TOYOTA","TACOMA",998,"Minor Damage",0,0,1,"Full Driver License","Valid","No",70,"Dry","Negotiating a Curve","From opposite direction  over left lane line","Unknown/Not Reported","Tracking","Stayed in original travel lane","PU/EC",1,0,0,0,0,0,0,0,1
480045,1,14,12,"Motor Vehicle In-Transport","Front-to-Rear",2,2019,"GMC","TERRAIN",998,"Damage Reported, Extent Unknown",0,0,1,"Learner's Permit","Valid","No",55,"Dry","Going Straight","From adjacent lane (same direction) over right lane line","Unknown/Not Reported","Tracking","Stayed in original travel lane","SUV",0,1,0,0,2,0,0,2,0
480053,1,11,12,"Motor Vehicle In-Transport","Angle",1,2020,"RAM","2500",998,"Damage Reported, Extent Unknown",0,0,1,"Full Driver License","Valid","No",65,"Dry","Going Straight","From driveway, turning into opposite direction","Steering left","Precrash stability unknown","Stayed in original travel lane","PU/RC",0,0,1,0,2,2,0,0,1
480059,1,15,12,"Motor Vehicle In-Transport","Angle",2,2022,"MAZDA","CX-9",998,"Damage Reported, Extent Unknown",0,0,1,"Full Driver License","Valid","No",45,"Dry","Turning Left","Turning Left","Unknown/Not Reported","Tracking","Stayed in original travel lane","SUV",1,1,1,1,1,1,0,7,3
480065,1,10,57,"Cable Barrier","The First Harmful Event was Not a Collision with a Motor Vehicle in Transport",1,2015,"GMC","TERRAIN",998,"Damage Reported, Extent Unknown",1,0,1,"Full Driver License","Valid","No",70,"Dry","Changing Lanes","Off the edge of the road on the left side","Unknown/Not Reported","Skidding longitudinally  rotation less than 30 degrees","Departed roadway","SUV",0,1,1,1,0,0,0,2,2
480066,1,12,12,"Motor Vehicle In-Transport","Sideswipe - Same Direction",1,2016,"VOLKSWAGEN","JETTA",998,"Damage Reported, Extent Unknown",0,0,1,"Full Driver License","Valid","No",60,"Dry","Negotiating a Curve","Other vehicle stopped","Steering left","Tracking","Stayed on roadway, but left original travel lane","4 DR",0,1,1,0,2,0,0,1,1
480073,1,20,12,"Motor Vehicle In-Transport","Front-to-Rear",1,2016,"FORD","TRANSIT",998,"Damage Reported, Extent Unknown",0,0,1,"Full Driver License","Valid","No",55,"Dry","Going Straight","From opposite direction  over left lane line","Unknown/Not Reported","Tracking","Stayed in original travel lane","VAN",0,0,0,0,0,0,0,0,0
480075,1,15,12,"Motor Vehicle In-Transport","Front-to-Rear",3,2018,"CHEVROLET","EQUINOX",0,"Minor Damage",0,0,1,"Full Driver License","Valid","No",60,"Dry","Stopped in Roadway","From Parking Lane/Shoulder, Median/Crossover, Roadside","No Avoidance Maneuver","Tracking","Stayed in original travel lane","SUV",0,1,1,1,2,2,0,2,2