"SERIAL_CRASH","MONTH","HOUR","HARM_EV","HARM_EVNAME","TYPE_OF_COLLIOSION","NUM_OF_PEOPLE","MOD_YEAR","VPICMAKENAME","VPICMODELNAME","TRAV_SP","DEFORMEDNAME","DEATHS","DR_DRINK","IS_DRIVER_PRESENT","L_TYPENAME","L_STATUSNAME","SPEEDRELNAME","VSPD_LIM","VSURCONDNAME","P_CRASH1NAME","P_CRASH2NAME","P_CRASH3NAME","PCRASH4NAME","PCRASH5NAME","BODY_STYLE","BLIND_SPOT_DETECTION","ARS","FRNT_COLLISION_WARNING","LANE_DEPARTURE_WARNING","CRASH_IMMINENT_BRAKE","DYNAMIC_BRAKE_SUPPORT","NHTSA_ESC","SAFETY_COUNT","notification_count"
480076,1,18,12,"Motor Vehicle In-Transport","Front-to-Front",3,2011,"KIA","SORENTO",998,"Disabling Damage",1,0,1,"Full Driver License","Valid","No",70,"Dry","Going Straight","Over the lane line on left side of travel lane","Unknown/Not Reported","Tracking","Stayed on roadway, but left original travel lane","SUV",0,2,0,0,0,0,1,1,0
480076,1,18,12,"Motor Vehicle In-Transport","Front-to-Front",2,2015,"HONDA","ACCORD",998,"Damage Reported, Extent Unknown",0,0,1,"Full Driver License","Valid","No",70,"Dry","Going Straight","From opposite direction  over left lane line","Steering left","Precrash stability unknown","Stayed on roadway, but left original travel lane","4 DR",0,1,0,0,0,0,0,2,0
480076,1,18,12,"Motor Vehicle In-Transport","Front-to-Front",1,2016,"CHEVROLET","MALIBU",998,"Minor Damage",0,0,1,"Full Driver License","Valid","No",70,"Dry","Going Straight","From opposite direction  over left lane line","Steering left","Precrash stability unknown","Stayed in original travel lane","4 DR",1,1,0,1,2,2,0,2,2
480077,1,18,11,"Live Animal","The First Harmful Event was Not a Collision with a Motor Vehicle in Transport",1,2013,"HONDA","CIVIC",998,"Damage Reported, Extent Unknown",1,0,1,"Full Driver License","Valid","No",60,"Dry","Going Straight","Animal in road","Steering left","Tracking","Stayed in original travel lane","4 DR",0,0,0,0,0,0,1,1,0
480078,1,3,42,"Tree (Standing Only)","The First Harmful Event was Not a Collision with a Motor Vehicle in Transport",1,2018,"RAM","2500",998,"Disabling Damage",1,0,1,"Full Driver License","Valid","No",65,"Dry","Going Straight","Off the edge of the road on the left side","Unknown/Not Reported","Tracking","Departed roadway","PU/EC",0,0,0,0,0,0,0,0,0
480079,1,2,12,"Motor Vehicle In-Transport","Front-to-Rear",1,2011,"CHEVROLET","TAHOE",0,"Damage Reported, Extent Unknown",0,0,1,"Full Driver License","Valid","No",65,"Dry","Stopped in Roadway","Traveling in same direction with higher speed","Accelerating","Tracking","Stayed in original travel lane","SUV",0,0,0,0,0,0,1,2,0
480086,1,14,12,"Motor Vehicle In-Transport","Front-to-Front",1,2016,"FORD","FLEX",998,"Damage Reported, Extent Unknown",1,0,1,"Full Driver License","Valid","No",60,"Dry","Going Straight","From opposite direction  over left lane line","Unknown/Not Reported","Tracking","Stayed in original travel lane","SUV",0,0,1,0,0,0,0,0,1
480088,1,15,12,"Motor Vehicle In-Transport","Front-to-Rear",2,2017,"MITSUBISHI","OUTLANDER SPORT",998,"Damage Reported, Extent Unknown",1,0,1,"Full Driver License","Valid","No",45,"Dry","Going Straight","Traveling in same direction with higher speed","Unknown/Not Reported","Tracking","Stayed in original travel lane","SUV",0,1,0,0,0,0,0,1,0
480103,1,18,12,"Motor Vehicle In-Transport","Front-to-Rear",1,2018,"DODGE","CHARGER",998,"Minor Damage",0,0,1,"Full Driver License","Valid","No",60,"Dry","Negotiating a Curve","Other critical precrash event (specify:)","Unknown/Not Reported","Tracking","Stayed in original travel lane","4 DR",0,0,0,1,2,2,0,0,1
480104,1,18,12,"Motor Vehicle In-Transport","Angle",3,2018,"KIA","OPTIMA",998,"Damage Reported, Extent Unknown",0,0,1,"Full Driver License","Valid","No",45,"Dry","Turning Left","Turning Left","Unknown/Not Reported","Tracking","Stayed in original travel lane","4 DR",0,2,0,1,2,2,0,0,1
480104,1,18,12,"Motor Vehicle In-Transport","Angle",1,2020,"HONDA","PILOT",0,"Minor Damage",0,0,1,"Full Driver License","Valid","No",98,"Dry","Stopped in Roadway","From opposite direction  over left lane line","No Avoidance Maneuver","Tracking","Stayed in original travel lane","SUV",1,1,1,1,1,1,0,5,3
480106,1,19,12,"Motor Vehicle In-Transport","Front-to-Front",1,2017,"VOLVO","XC60",998,"Disabling Damage",1,0,1,"Intermediate Driver License","Valid","No",70,"Dry","Passing or Overtaking Another Vehicle","Traveling in opposite direction","Steering right","Precrash stability unknown","Stayed on roadway, but left original travel lane","SUV",1,1,0,0,1,2,0,3,1
480109,1,3,8,"Pedestrian","The First Harmful Event was Not a Collision with a Motor Vehicle in Transport",1,2021,"GMC","TERRAIN",998,"Damage Reported, Extent Unknown",0,0,1,"Full Driver License","Valid","No",55,"Dry","Going Straight","Pedestrian in road","Unknown/Not Reported","Tracking","Stayed in original travel lane","SUV",1,1,1,1,1,1,0,6,3
480112,1,18,8,"Pedestrian","The First Harmful Event was Not a Collision with a Motor Vehicle in Transport",1,2015,"CADILLAC","CTS",998,"Minor Damage",0,0,1,"Learner's Permit","Valid","No",30,"Dry","Going Straight","Pedestrian in road","Unknown/Not Reported","Tracking","Stayed in original travel lane","4 DR",1,1,1,0,2,2,0,2,2
480114,1,16,33,"Curb","The First Harmful Event was Not a Collision with a Motor Vehicle in Transport",1,2018,"BUICK","ENCORE",998,"Damage Reported, Extent Unknown",1,0,1,"Full Driver License","Valid","No",40,"Dry","Negotiating a Curve","Other cause of control loss (specify:)","Unknown/Not Reported","Tracking","Departed roadway","SUV",1,1,1,1,0,0,0,2,3
480118,1,6,12,"Motor Vehicle In-Transport","Front-to-Rear",1,2022,"FORD","MAVERICK",998,"Minor Damage",0,0,1,"Full Driver License","Valid","No",30,"Dry","Going Straight","Traveling in same direction with higher speed","Unknown/Not Reported","Tracking","Stayed in original travel lane","PU/CC",1,0,1,1,2,2,0,3,3
480119,1,17,12,"Motor Vehicle In-Transport","Front-to-Rear",2,2020,"CHEVROLET","SPARK",0,"Damage Reported, Extent Unknown",1,0,1,"Full Driver License","Valid","No",45,"Dry","Stopped in Roadway","Traveling in same direction with higher speed","No Avoidance Maneuver","Tracking","Stayed in original travel lane","5 HB",0,2,1,0,2,2,0,1,1
480119,1,17,12,"Motor Vehicle In-Transport","Front-to-Rear",3,2011,"CHEVROLET","MALIBU",0,"Damage Reported, Extent Unknown",0,0,1,"Full Driver License","Valid","No",45,"Dry","Stopped in Roadway","Traveling in same direction with higher speed","No Avoidance Maneuver","Tracking","Stayed in original travel lane","4 DR",0,1,0,0,0,0,1,3,0
480119,1,17,12,"Motor Vehicle In-Transport","Front-to-Rear",1,2013,"DODGE","JOURNEY",0,"Minor Damage",0,0,1,"Full Driver License","Valid","No",45,"Dry","Stopped in Roadway","Traveling in same direction with higher speed","No Avoidance Maneuver","Tracking","Stayed in original travel lane","SUV",0,1,0,0,0,0,1,2,0
480121,1,15,12,"Motor Vehicle In-Transport","Angle",1,2019,"BMW","X7",998,"Damage Reported, Extent Unknown",1,0,1,"Full Driver License","Valid","No",98,"Dry","Going Straight","From crossing street, across path","Unknown/Not Reported","Tracking","Stayed in original travel lane","SUV",1,1,1,1,1,1,0,7,3
480123,1,19,8,"Pedestrian","The First Harmful Event was Not a Collision with a Motor Vehicle in Transport",4,2013,"TOYOTA","TUNDRA",998,"Functional Damage",0,0,1,"Full Driver License","Valid","No",70,"Dry","Going Straight","Pedestrian in road","Unknown/Not Reported","Tracking","Stayed in original travel lane","PU/CC",0,1,0,0,0,0,1,2,0
480130,1,19,12,"Motor Vehicle In-Transport","Front-to-Rear",3,2017,"KIA","FORTE",0,"Damage Reported, Extent Unknown",1,0,1,"Full Driver License","Valid","No",45,"Dry","Stopped in Roadway","Traveling in same direction with higher speed","No Avoidance Maneuver","Tracking","Stayed in original travel lane","4 DR",0,1,0,0,2,2,0,1,0
480130,1,19,12,"Motor Vehicle In-Transport","Front-to-Rear",1,2012,"GMC","TERRAIN",0,"Minor Damage",0,0,1,"Full Driver License","Valid","No",45,"Dry","Stopped in Roadway","Traveling in same direction with higher speed","No Avoidance Maneuver","Tracking","Stayed in original travel lane","SUV",0,0,0,0,0,0,1,2,0
480131,1,16,33,"Curb","The First Harmful Event was Not a Collision with a Motor Vehicle in Transport",1,2011,"MERCEDES-BENZ","E-CLASS",998,"Damage Reported, Extent Unknown",1,0,1,"Full Driver License","Valid","No",45,"Dry","Going Straight","Off the edge of the road on the left side","Unknown/Not Reported","Tracking","Departed roadway","4 DR",0,1,0,0,0,0,1,3,0
480134,1,10,12,"Motor Vehicle In-Transport","Angle",3,2018,"CHEVROLET","IMPALA",998,"Disabling Damage",1,0,1,"Full Driver License","Valid","No",98,"Dry","Going Straight","Crossing Over (Passing Through) Junction","Unknown/Not Reported","Tracking","Stayed in original travel lane","4 DR",1,1,0,0,2,2,0,2,1
480139,1,19,20,"Impact Attenuator/Crash Cushion","The First Harmful Event was Not a Collision with a Motor Vehicle in Transport",4,2020,"FORD","EXPEDITION",998,"Minor Damage",0,0,1,"Full Driver License","Valid","No",98,"Dry","Turning Right","Other critical precrash event (specify:)","Unknown/Not Reported","Tracking","Stayed in original travel lane","SUV",1,0,1,1,1,1,0,5,3
480140,1,10,8,"Pedestrian","The First Harmful Event was Not a Collision with a Motor Vehicle in Transport",1,2020,"FORD","TRANSIT",998,"Minor Damage",0,0,1,"Full Driver License","Valid","No",40,"Dry","Going Straight","Pedestrian in road","Unknown/Not Reported","Tracking","Stayed in original travel lane","VAN",1,0,1,0,1,1,0,4,2
480148,1,19,8,"Pedestrian","The First Harmful Event was Not a Collision with a Motor Vehicle in Transport",1,2021,"FORD","BRONCO SPORT",998,"Minor Damage",0,0,1,"Full Driver License","Valid","No",30,"Dry","Going Straight","Pedestrian in road","Unknown/Not Reported","Tracking","Stayed in original travel lane","SUV",1,0,1,1,1,1,0,6,3
480151,1,22,12,"Motor Vehicle In-Transport","Front-to-Rear",1,2017,"RAM","1500",0,"Damage Reported, Extent Unknown",0,0,1,"Full Driver License","Valid","No",70,"Dry","Stopped in Roadway","Traveling in same direction with higher speed","No Avoidance Maneuver","Tracking","Stayed in original travel lane","PU/EC",0,0,0,0,0,0,0,0,0
480153,1,16,12,"Motor Vehicle In-Transport","Front-to-Rear",1,2018,"JEEP","WRANGLER",998,"Damage Reported, Extent Unknown",0,0,1,"Full Driver License","Valid","No",70,"Dry","Going Straight","From opposite direction  over left lane line","Unknown/Not Reported","Tracking","Departed roadway","SUV",0,0,0,0,0,0,0,0,0
480156,1,6,12,"Motor Vehicle In-Transport","Front-to-Front",1,2019,"KIA","SORENTO",998,"Disabling Damage",1,0,1,"Full Driver License","Valid","No",65,"Dry","Negotiating a Curve","From opposite direction  over left lane line","Unknown/Not Reported","Tracking","Stayed in original travel lane","SUV",1,2,0,0,2,2,0,0,1
480162,1,20,8,"Pedestrian","The First Harmful Event was Not a Collision with a Motor Vehicle in Transport",2,2014,"NISSAN","ALTIMA",998,"Minor Damage",0,0,1,"Full Driver License","Valid","No",40,"Dry","Going Straight","Pedestrian in road","Unknown/Not Reported","Precrash stability unknown","Stayed in original travel lane","4 DR",0,1,0,1,0,0,1,2,1
480163,1,16,12,"Motor Vehicle In-Transport","Angle",1,2023,"HYUNDAI","ELANTRA",998,"Minor Damage",0,0,1,"Full Driver License","Valid","No",70,"Dry","Going Straight","From adjacent lane (same direction) over right lane line","Steering left","Precrash stability unknown","Departed roadway","4 DR",1,2,1,1,1,1,0,5,3
480165,1,19,12,"Motor Vehicle In-Transport","Angle",2,2015,"MITSUBISHI","LANCER",998,"Damage Reported, Extent Unknown",0,0,1,"Full Driver License","Valid","No",30,"Dry","Turning Left","Turning Left","Unknown/Not Reported","Tracking","Stayed in original travel lane","4 DR",0,1,0,0,0,0,0,1,0
480174,1,3,8,"Pedestrian","The First Harmful Event was Not a Collision with a Motor Vehicle in Transport",1,2016,"BUICK","ENCORE",998,"Minor Damage",0,0,1,"Full Driver License","Valid","No",45,"Dry","Going Straight","Pedestrian in road","No Avoidance Maneuver","Tracking","Stayed in original travel lane","SUV",0,1,1,0,0,0,0,2,1
480174,1,3,8,"Pedestrian","The First Harmful Event was Not a Collision with a Motor Vehicle in Transport",1,2014,"KIA","OPTIMA",998,"Damage Reported, Extent Unknown",0,0,1,"Full Driver License","Valid","No",45,"Dry","Going Straight","Pedestrian in road","Unknown/Not Reported","Tracking","Stayed in original travel lane","4 DR",0,1,0,0,0,0,1,2,0
480176,1,21,8,"Pedestrian","The First Harmful Event was Not a Collision with a Motor Vehicle in Transport",1,2020,"KIA","OPTIMA",998,"Damage Reported, Extent Unknown",0,0,1,"Full Driver License","Valid","No",40,"Dry","Going Straight","Pedestrian in road","Unknown/Not Reported","Tracking","Stayed in original travel lane","4 DR",1,2,1,1,1,1,0,6,3
480181,1,1,12,"Motor Vehicle In-Transport","Front-to-Front",1,2012,"CHEVROLET","EQUINOX",998,"Damage Reported, Extent Unknown",1,0,1,"Full Driver License","Valid","No",65,"Dry","Negotiating a Curve","From opposite direction  over left lane line","Unknown/Not Reported","Tracking","Stayed in original travel lane","SUV",0,0,0,1,0,0,1,2,1
480184,1,20,8,"Pedestrian","The First Harmful Event was Not a Collision with a Motor Vehicle in Transport",4,2019,"HONDA","CR-V",55,"Damage Reported, Extent Unknown",0,0,1,"Full Driver License","Valid","No",65,"Dry","Going Straight","Pedestrian in road","Unknown/Not Reported","Tracking","Stayed in original travel lane","SUV",1,1,1,1,2,2,0,1,3
480184,1,20,8,"Pedestrian","The First Harmful Event was Not a Collision with a Motor Vehicle in Transport",2,2021,"TOYOTA","RAV4",998,"No Damage",0,0,1,"Full Driver License","Valid","No",65,"Dry","Going Straight","Pedestrian in road","Unknown/Not Reported","Tracking","Stayed in original travel lane","SUV",0,1,1,1,1,1,0,6,2
480216,1,11,12,"Motor Vehicle In-Transport","Front-to-Front",1,2013,"HONDA","CIVIC",998,"Damage Reported, Extent Unknown",1,0,1,"Full Driver License","Valid","No",35,"Dry","Going Straight","Over the lane line on left side of travel lane","Unknown/Not Reported","Tracking","Stayed on roadway, but left original travel lane","4 DR",0,0,0,0,0,0,1,1,0
480217,1,18,12,"Motor Vehicle In-Transport","Front-to-Front",2,2019,"NISSAN","SENTRA",998,"Damage Reported, Extent Unknown",1,0,1,"Full Driver License","Valid","No",60,"Dry","Turning Right","Turning Right","Unknown/Not Reported","Tracking","Stayed in original travel lane","4 DR",1,1,0,0,2,2,0,1,1
480218,1,6,12,"Motor Vehicle In-Transport","Angle",1,2020,"JEEP","GLADIATOR",998,"Minor Damage",0,0,1,"Full Driver License","Valid","No",75,"Dry","Going Straight","From opposite direction  over left lane line","Unknown/Not Reported","Tracking","Stayed in original travel lane","PU/CC",0,0,1,0,2,2,0,0,1
480219,1,18,12,"Motor Vehicle In-Transport","Front-to-Rear",1,2016,"JEEP","CHEROKEE",998,"Damage Reported, Extent Unknown",0,0,1,"Full Driver License","Valid","No",75,"Dry","Going Straight","From opposite direction  over left lane line","Unknown/Not Reported","Tracking","Stayed in original travel lane","SUV",1,1,1,1,2,2,0,1,3
480221,1,23,8,"Pedestrian","The First Harmful Event was Not a Collision with a Motor Vehicle in Transport",1,2017,"CHEVROLET","CRUZE",998,"Damage Reported, Extent Unknown",0,0,1,"Full Driver License","Valid","No",50,"Dry","Going Straight","Pedestrian in road","Unknown/Not Reported","Tracking","Stayed in original travel lane","4 DR",0,1,0,1,0,0,0,2,1
480224,1,22,8,"Pedestrian","The First Harmful Event was Not a Collision with a Motor Vehicle in Transport",1,2015,"MAZDA","MAZDA3",998,"Damage Reported, Extent Unknown",0,0,1,"Full Driver License","Valid","No",70,"Dry","Going Straight","Pedestrian in road","Unknown/Not Reported","Tracking","Stayed in original travel lane","5 HB",1,1,1,1,2,0,0,1,3
480228,1,16,12,"Motor Vehicle In-Transport","Front-to-Front",3,2018,"RAM","2500",998,"Damage Reported, Extent Unknown",1,0,1,"Full Driver License","Valid","No",70,"Dry","Going Straight","From opposite direction  over left lane line","Unknown/Not Reported","Tracking","Stayed in original travel lane","PU/EC",0,0,0,0,0,0,0,0,0
480233,1,18,8,"Pedestrian","The First Harmful Event was Not a Collision with a Motor Vehicle in Transport",1,2016,"DODGE","JOURNEY",998,"Minor Damage",0,0,1,"Full Driver License","Valid","No",35,"Dry","Going Straight","Pedestrian in road","Unknown/Not Reported","Tracking","Stayed in original travel lane","SUV",0,0,0,0,0,0,0,0,0
480238,1,6,12,"Motor Vehicle In-Transport","Front-to-Front",2,2017,"MITSUBISHI","OUTLANDER",998,"Damage Reported, Extent Unknown",1,0,1,"Full Driver License","Valid","No",35,"Dry","Going Straight","Off the edge of the road on the left side","Unknown/Not Reported","Tracking","Departed roadway","SUV",0,1,0,1,2,2,0,1,1
480248,1,19,8,"Pedestrian","The First Harmful Event was Not a Collision with a Motor Vehicle in Transport",1,2016,"JEEP","GRAND CHEROKEE",998,"Damage Reported, Extent Unknown",0,0,1,"Full Driver License","Valid","No",40,"Dry","Going Straight","Pedestrian in road","Unknown/Not Reported","Tracking","Stayed in original travel lane","SUV",1,0,1,0,2,2,0,0,2
480253,2,18,9,"Pedalcyclist","The First Harmful Event was Not a Collision with a Motor Vehicle in Transport",2,2013,"FORD","FUSION",998,"Minor Damage",0,0,1,"Full Driver License","Valid","No",40,"Dry","Going Straight","Pedalcyclist or other non-motorist in road","Unknown/Not Reported","Tracking","Stayed in original travel lane","4 DR",0,1,0,1,0,0,1,2,1
480255,1,7,12,"Motor Vehicle In-Transport","Angle",2,2015,"TOYOTA","RAV4",998,"Damage Reported, Extent Unknown",1,0,1,"Full Driver License","Valid","No",55,"Dry","Going Straight","From opposite direction  over left lane line","Steering left","Tracking","Stayed in original travel lane","SUV",0,1,0,0,0,0,0,1,0
480258,2,16,1,"Rollover/Overturn","The First Harmful Event was Not a Collision with a Motor Vehicle in Transport",2,2019,"KIA","SORENTO",998,"Damage Reported, Extent Unknown",1,0,1,"Full Driver License","Valid","No",75,"Dry","Going Straight","Off the edge of the road on the left side","Steering right","Skidding laterally clockwise rotation","Departed roadway","SUV",0,2,0,1,2,2,0,0,1
480260,1,16,12,"Motor Vehicle In-Transport","Front-to-Rear",1,2017,"HONDA","CIVIC",0,"Damage Reported, Extent Unknown",0,0,1,"Intermediate Driver License","Valid","No",40,"Dry","Stopped in Roadway","From adjacent lane (same direction) over left lane line","No Avoidance Maneuver","Tracking","Stayed in original travel lane","2 DR",0,1,0,0,2,2,0,1,0
480260,1,16,12,"Motor Vehicle In-Transport","Front-to-Rear",1,2014,"NISSAN","ALTIMA",0,"Minor Damage",0,0,1,"Full Driver License","Valid","No",40,"Dry","Stopped in Roadway","From adjacent lane (same direction) over right lane line","No Avoidance Maneuver","Tracking","Stayed in original travel lane","4 DR",1,1,0,0,0,0,1,2,1
480273,1,0,8,"Pedestrian","The First Harmful Event was Not a Collision with a Motor Vehicle in Transport",2,2018,"FORD","EXPLORER",998,"Damage Reported, Extent Unknown",0,0,1,"Full Driver License","Valid","No",45,"Dry","Going Straight","Pedestrian in road","Unknown/Not Reported","Tracking","Stayed in original travel lane","SUV",0,0,0,0,0,0,0,0,0
480281,2,22,12,"Motor Vehicle In-Transport","Front-to-Rear",1,2013,"HONDA","CROSSTOUR",998,"Minor Damage",0,0,1,"Full Driver License","Valid","No",50,"Dry","Going Straight","Traveling in same direction with higher speed","Unknown/Not Reported","Tracking","Stayed in original travel lane","SUV",0,0,0,1,0,0,1,1,1
480283,1,16,12,"Motor Vehicle In-Transport","Angle",1,2011,"HONDA","CR-V",998,"Damage Reported, Extent Unknown",0,0,1,"Full Driver License","Valid","No",40,"Dry","Turning Left","Turning Left","No Avoidance Maneuver","Tracking","Stayed in original travel lane","SUV",0,1,0,0,0,0,1,2,0
480293,2,2,12,"Motor Vehicle In-Transport","Front-to-Rear",5,2014,"CHEVROLET","IMPALA",998,"Damage Reported, Extent Unknown",0,0,1,"Full Driver License","Valid","No",70,"Dry","Going Straight","Traveling in same direction with higher speed","Unknown/Not Reported","Tracking","Stayed in original travel lane","4 DR",0,0,1,0,2,0,1,2,1
480301,2,13,12,"Motor Vehicle In-Transport","Angle",1,2023,"JEEP","GLADIATOR",998,"Minor Damage",0,0,1,"Full Driver License","Valid","No",98,"Dry","Turning Left","From crossing street, across path","Unknown/Not Reported","Tracking","Stayed in original travel lane","PU/CC",1,0,0,0,2,2,0,0,1
480303,1,16,12,"Motor Vehicle In-Transport","Angle",4,2022,"LINCOLN","AVIATOR",998,"Damage Reported, Extent Unknown",0,0,1,"Full Driver License","Valid","No",45,"Dry","Going Straight","From opposite direction  over left lane line","Unknown/Not Reported","Tracking","Stayed in original travel lane","SUV",1,1,1,1,1,1,0,7,3
480316,2,17,12,"Motor Vehicle In-Transport","Angle",1,2020,"FORD","EDGE",998,"Damage Reported, Extent Unknown",0,0,1,"Full Driver License","Valid","No",35,"Dry","Turning Left","Turning Left","Unknown/Not Reported","Tracking","Stayed in original travel lane","SUV",1,0,1,1,1,1,0,6,3
480320,2,16,12,"Motor Vehicle In-Transport","Front-to-Front",1,2017,"TOYOTA","SIENNA",998,"Damage Reported, Extent Unknown",1,0,1,"Full Driver License","Valid","No",60,"Dry","Successful Avoidance Maneuver to a Previous Critical Event","Over the lane line on left side of travel lane","Steering left","Precrash stability unknown","Stayed on roadway, but left original travel lane","VAN",1,1,0,0,2,2,0,1,1
480320,2,16,12,"Motor Vehicle In-Transport","Front-to-Front",2,2015,"JEEP","GRAND CHEROKEE",998,"Damage Reported, Extent Unknown",0,0,1,"Full Driver License","Valid","No",60,"Dry","Going Straight","From opposite direction  over left lane line","Unknown/Not Reported","Tracking","Stayed in original travel lane","SUV",0,0,0,0,0,0,0,0,0
480322,2,12,12,"Motor Vehicle In-Transport","Angle",1,2018,"FORD","FOCUS",998,"Damage Reported, Extent Unknown",1,0,1,"Full Driver License","Valid","No",98,"Dry","Going Straight","Unknown travel direction","Unknown/Not Reported","Tracking","Stayed in original travel lane","4 DR",0,0,0,0,0,0,0,0,0
480322,2,12,12,"Motor Vehicle In-Transport","Angle",1,2016,"DODGE","JOURNEY",998,"Damage Reported, Extent Unknown",0,0,1,"Full Driver License","Valid","No",65,"Dry","Going Straight","From crossing street, intended path not known","Unknown/Not Reported","Tracking","Stayed in original travel lane","SUV",0,0,0,0,0,0,0,0,0
480331,1,18,8,"Pedestrian","The First Harmful Event was Not a Collision with a Motor Vehicle in Transport",1,2020,"NISSAN","ALTIMA",998,"No Damage",0,0,1,"Full Driver License","Valid","No",40,"Dry","Going Straight","Pedestrian in road","Unknown/Not Reported","Tracking","Stayed in original travel lane","4 DR",1,1,1,0,1,1,0,4,2
480332,2,23,12,"Motor Vehicle In-Transport","Angle",4,2019,"FORD","FIESTA",998,"Damage Reported, Extent Unknown",0,0,1,"Full Driver License","Valid","No",55,"Dry","Going Straight","From opposite direction  over left lane line","Unknown/Not Reported","Tracking","Stayed in original travel lane","4 DR",0,0,0,0,0,0,0,0,0
480342,2,15,12,"Motor Vehicle In-Transport","Front-to-Rear",2,2015,"MITSUBISHI","MIRAGE",998,"Damage Reported, Extent Unknown",1,0,1,"Full Driver License","Valid","No",75,"Dry","Changing Lanes","Over the lane line on right side of travel lane","Unknown/Not Reported","Tracking","Stayed on roadway, but left original travel lane","5 HB",0,1,0,0,0,0,0,1,0
480358,2,22,8,"Pedestrian","The First Harmful Event was Not a Collision with a Motor Vehicle in Transport",1,2015,"TOYOTA","CAMRY",998,"Damage Reported, Extent Unknown",0,0,1,"Full Driver License","Valid","No",65,"Dry","Going Straight","Pedestrian in road","Unknown/Not Reported","Tracking","Stayed in original travel lane","4 DR",1,1,1,1,2,2,0,1,3
480365,1,19,9,"Pedalcyclist","The First Harmful Event was Not a Collision with a Motor Vehicle in Transport",2,2016,"FORD","EXPLORER",998,"Damage Reported, Extent Unknown",0,0,1,"Learner's Permit","Valid","No",60,"Dry","Going Straight","Pedalcyclist or other non-motorist in road","Unknown/Not Reported","Tracking","Stayed in original travel lane","SUV",1,1,0,1,0,0,0,1,2
480369,2,21,8,"Pedestrian","The First Harmful Event was Not a Collision with a Motor Vehicle in Transport",2,2019,"CHEVROLET","MALIBU",998,"Damage Reported, Extent Unknown",0,0,1,"Full Driver License","Valid","No",45,"Dry","Going Straight","Pedestrian in road","Unknown/Not Reported","Tracking","Stayed in original travel lane","4 DR",1,1,1,1,2,2,0,2,3
480373,2,23,8,"Pedestrian","The First Harmful Event was Not a Collision with a Motor Vehicle in Transport",2,2019,"CHEVROLET","COLORADO",998,"Damage Reported, Extent Unknown",0,0,1,"Full Driver License","Valid","No",70,"Dry","Going Straight","Pedestrian in road","Unknown/Not Reported","Tracking","Stayed in original travel lane","PU/CC",0,1,1,0,0,0,0,1,1
480376,2,11,12,"Motor Vehicle In-Transport","Front-to-Front",1,2018,"NISSAN","ALTIMA",998,"Damage Reported, Extent Unknown",0,0,1,"Full Driver License","Valid","No",55,"Dry","Negotiating a Curve","From opposite direction  over left lane line","Unknown/Not Reported","Tracking","Stayed in original travel lane","4 DR",1,1,1,0,1,1,0,4,2
480381,2,12,15,"Non-Motorist on Personal Conveyance","The First Harmful Event was Not a Collision with a Motor Vehicle in Transport",1,2013,"NISSAN","VERSA",998,"Damage Reported, Extent Unknown",1,0,1,"Full Driver License","Valid","No",45,"Dry","Going Straight","Pedalcyclist or other non-motorist in road","Unknown/Not Reported","Tracking","Stayed in original travel lane","4 DR",0,1,0,0,0,0,1,2,0
480382,2,15,12,"Motor Vehicle In-Transport","Front-to-Front",1,2013,"FORD","F-350",998,"Damage Reported, Extent Unknown",0,0,1,"Full Driver License","Valid","No",70,"Dry","Going Straight","From opposite direction  over left lane line","Unknown/Not Reported","Tracking","Stayed in original travel lane","PU/RC",0,0,0,0,0,0,1,1,0
480390,2,8,12,"Motor Vehicle In-Transport","Front-to-Front",1,2021,"CHEVROLET","TAHOE",998,"Damage Reported, Extent Unknown",0,0,1,"Full Driver License","Valid","No",55,"Dry","Turning Left","Turning Left","Unknown/Not Reported","Tracking","Stayed in original travel lane","SUV",1,1,1,1,1,1,0,5,3
480393,2,18,12,"Motor Vehicle In-Transport","Front-to-Front",1,2022,"SUBARU","OUTBACK",998,"Damage Reported, Extent Unknown",1,0,1,"Full Driver License","Valid","No",60,"Dry","Going Straight","From opposite direction  over left lane line","Unknown/Not Reported","Tracking","Stayed in original travel lane","SW",1,1,1,1,1,1,0,5,3
480393,2,18,12,"Motor Vehicle In-Transport","Front-to-Front",4,2021,"GMC","ACADIA",998,"Damage Reported, Extent Unknown",0,0,1,"Full Driver License","Valid","No",60,"Dry","Going Straight","From opposite direction  over left lane line","Steering right","Tracking","Stayed in original travel lane","SUV",1,1,1,1,2,2,0,3,3
480396,2,19,12,"Motor Vehicle In-Transport","Front-to-Rear",2,2017,"JEEP","PATRIOT",998,"Minor Damage",0,0,1,"Full Driver License","Valid","No",55,"Dry","Turning Left","Traveling in same direction with higher speed","No Avoidance Maneuver","Tracking","Stayed in original travel lane","SUV",0,0,0,0,0,0,0,0,0
480397,2,13,12,"Motor Vehicle In-Transport","Front-to-Rear",1,2020,"GMC","TERRAIN",998,"Minor Damage",0,0,1,"Full Driver License","Valid","No",70,"Dry","Decelerating in Road","Traveling in same direction with higher speed","Unknown/Not Reported","Tracking","Stayed in original travel lane","SUV",0,0,1,1,1,1,0,5,2
480401,2,9,12,"Motor Vehicle In-Transport","Front-to-Front",1,2022,"TOYOTA","COROLLA",998,"Damage Reported, Extent Unknown",0,0,1,"Learner's Permit","Valid","No",35,"Dry","Going Straight","Traveling in opposite direction","Unknown/Not Reported","Tracking","Stayed in original travel lane","4 DR",0,1,1,1,1,1,0,6,2