"SERIAL_CRASH","MONTH","HOUR","HARM_EV","HARM_EVNAME","TYPE_OF_COLLIOSION","NUM_OF_PEOPLE","MOD_YEAR","VPICMAKENAME","VPICMODELNAME","TRAV_SP","DEFORMEDNAME","DEATHS","DR_DRINK","IS_DRIVER_PRESENT","L_TYPENAME","L_STATUSNAME","SPEEDRELNAME","VSPD_LIM","VSURCONDNAME","P_CRASH1NAME","P_CRASH2NAME","P_CRASH3NAME","PCRASH4NAME","PCRASH5NAME","BODY_STYLE","BLIND_SPOT_DETECTION","ARS","FRNT_COLLISION_WARNING","LANE_DEPARTURE_WARNING","CRASH_IMMINENT_BRAKE","DYNAMIC_BRAKE_SUPPORT","NHTSA_ESC","SAFETY_COUNT","notification_count"
480406,2,20,8,"Pedestrian","The First Harmful Event was Not a Collision with a Motor Vehicle in Transport",3,2021,"SUBARU","OUTBACK",998,"Damage Reported, Extent Unknown",0,0,1,"Full Driver License","Valid","No",70,"Dry","Changing Lanes","Pedestrian in road","Unknown/Not Reported","Tracking","Stayed on roadway, but left original travel lane","SUV",1,0,1,1,1,1,0,4,3
480416,2,22,8,"Pedestrian","The First Harmful Event was Not a Collision with a Motor Vehicle in Transport",1,2015,"CHEVROLET","CAMARO",998,"Minor Damage",0,0,1,"Full Driver License","Valid","No",45,"Dry","Going Straight","Pedestrian in road","Unknown/Not Reported","Tracking","Stayed in original travel lane","C",0,1,0,0,0,0,0,2,0
480422,2,19,12,"Motor Vehicle In-Transport","Front-to-Rear",1,2018,"JEEP","WRANGLER",998,"Minor Damage",0,0,1,"Full Driver License","Valid","No",75,"Dry","Going Straight","Other vehicle stopped","Steering right","Tracking","Stayed in original travel lane","SUV",0,0,0,0,0,0,0,0,0
480432,2,11,33,"Curb","The First Harmful Event was Not a Collision with a Motor Vehicle in Transport",1,2015,"INFINITI","Q40",998,"Minor Damage",0,0,1,"Full Driver License","Valid","No",40,"Dry","Negotiating a Curve","Other critical precrash event (specify:)","Unknown/Not Reported","Tracking","Stayed in original travel lane","4 DR",0,0,0,0,0,0,0,0,0
480440,2,18,8,"Pedestrian","The First Harmful Event was Not a Collision with a Motor Vehicle in Transport",1,2017,"RAM","1500",998,"Minor Damage",0,0,1,"Full Driver License","Valid","No",75,"Dry","Going Straight","Pedestrian in road","No Avoidance Maneuver","Tracking","Stayed in original travel lane","PU/EC",0,0,0,0,0,0,0,0,0
480441,2,21,12,"Motor Vehicle In-Transport","Front-to-Front",1,2023,"CHEVROLET","MALIBU",998,"Damage Reported, Extent Unknown",1,0,1,"Full Driver License","Valid","No",45,"Dry","Turning Right","Turning Right","Unknown/Not Reported","Tracking","Stayed in original travel lane","4 DR",1,2,1,1,1,1,0,4,3
480441,2,21,12,"Motor Vehicle In-Transport","Front-to-Front",4,2013,"FORD","EDGE",998,"Disabling Damage",0,0,1,"Full Driver License","Valid","No",70,"Dry","Negotiating a Curve","From crossing street, turning into same direction","Steering left","Tracking","Stayed in original travel lane","SUV",1,0,0,0,0,0,1,1,1
480447,2,14,12,"Motor Vehicle In-Transport","Angle",1,2012,"HYUNDAI","SONATA",998,"Damage Reported, Extent Unknown",1,0,1,"Full Driver License","Valid","No",40,"Dry","Turning Left","Turning Left","Unknown/Not Reported","Tracking","Stayed in original travel lane","4 DR",0,1,0,0,0,0,1,3,0
480447,2,14,12,"Motor Vehicle In-Transport","Angle",3,2013,"KIA","SOUL",0,"Minor Damage",0,0,1,"Learner's Permit","Valid","No",98,"Dry","Stopped in Roadway","From opposite direction  over right lane line","No Avoidance Maneuver","Tracking","Stayed in original travel lane","SUV",0,1,0,0,0,0,1,2,0
480454,2,19,12,"Motor Vehicle In-Transport","Front-to-Front",1,2013,"FORD","MUSTANG",998,"Damage Reported, Extent Unknown",0,0,1,"Full Driver License","Valid","No",75,"Dry","Going Straight","From opposite direction  over left lane line","Unknown/Not Reported","Precrash stability unknown","Stayed in original travel lane","C",0,0,0,0,0,0,1,1,0
480454,2,19,12,"Motor Vehicle In-Transport","Front-to-Front",1,2018,"BUICK","ENCLAVE",998,"Damage Reported, Extent Unknown",1,0,1,"Full Driver License","Valid","No",75,"Dry","Going Straight","From opposite direction  over left lane line","Unknown/Not Reported","Tracking","Stayed in original travel lane","SUV",1,1,1,0,2,2,0,2,2
480461,2,23,8,"Pedestrian","The First Harmful Event was Not a Collision with a Motor Vehicle in Transport",2,2015,"HYUNDAI","SONATA",998,"Damage Reported, Extent Unknown",0,0,1,"Full Driver License","Valid","No",60,"Dry","Going Straight","Other critical precrash event (specify:)","Unknown/Not Reported","Tracking","Stayed in original travel lane","4 DR",0,1,1,0,0,0,0,1,1
480466,2,23,12,"Motor Vehicle In-Transport","Angle",1,2017,"CHRYSLER","200",998,"Damage Reported, Extent Unknown",0,0,1,"Full Driver License","Valid","No",35,"Dry","Going Straight","From driveway, intended path not known","Unknown/Not Reported","Tracking","Stayed in original travel lane","4 DR",0,0,1,0,2,2,0,0,1
480471,2,15,12,"Motor Vehicle In-Transport","Sideswipe - Opposite Direction",1,2011,"TOYOTA","SIENNA",998,"Damage Reported, Extent Unknown",1,0,1,"Full Driver License","Valid","No",55,"Dry","Going Straight","Traveling in opposite direction","Unknown/Not Reported","Tracking","Stayed in original travel lane","VAN",0,1,1,0,0,0,1,2,1
480477,2,14,52,"Guardrail End","The First Harmful Event was Not a Collision with a Motor Vehicle in Transport",2,2017,"RAM","1500",998,"Damage Reported, Extent Unknown",2,0,1,"Full Driver License","Valid","No",75,"Dry","Going Straight","Off the edge of the road on the left side","Unknown/Not Reported","Tracking","Departed roadway","PU/EC",0,0,0,0,0,0,0,0,0
480479,2,7,12,"Motor Vehicle In-Transport","Angle",1,2014,"TOYOTA","CAMRY",998,"Damage Reported, Extent Unknown",1,0,1,"Full Driver License","Valid","No",98,"Dry","Starting in Road","Crossing Over (Passing Through) Junction","Unknown/Not Reported","Tracking","Stayed in original travel lane","4 DR",1,0,0,0,0,0,1,1,1
480481,2,4,42,"Tree (Standing Only)","The First Harmful Event was Not a Collision with a Motor Vehicle in Transport",1,2021,"MITSUBISHI","OUTLANDER SPORT",998,"Disabling Damage",1,0,1,"Full Driver License","Valid","No",70,"Dry","Going Straight","Off the edge of the road on the right side","Unknown/Not Reported","Tracking","Departed roadway","SUV",0,0,1,0,2,2,0,0,1
480482,2,18,33,"Curb","The First Harmful Event was Not a Collision with a Motor Vehicle in Transport",1,2020,"CHEVROLET","TAHOE",998,"Damage Reported, Extent Unknown",0,0,1,"Full Driver License","Valid","No",40,"Dry","Going Straight","Other critical precrash event (specify:)","Steering right","Precrash stability unknown","Stayed on roadway, not known if left original travel lane","SUV",0,0,1,0,2,2,0,0,1
480490,2,15,12,"Motor Vehicle In-Transport","Angle",1,2017,"DODGE","JOURNEY",998,"Damage Reported, Extent Unknown",0,0,1,"Full Driver License","Valid","No",65,"Dry","Negotiating a Curve","From crossing street, turning into opposite direction","Unknown/Not Reported","Tracking","Stayed in original travel lane","SUV",0,0,0,0,0,0,0,0,0
480491,2,18,12,"Motor Vehicle In-Transport","Front-to-Front",2,2018,"TOYOTA","RAV4",998,"Damage Reported, Extent Unknown",2,0,1,"Full Driver License","Valid","No",75,"Dry","Negotiating a Curve","From opposite direction  over left lane line","Unknown/Not Reported","Tracking","Stayed in original travel lane","SUV",1,1,1,1,1,1,0,5,3
480494,2,6,12,"Motor Vehicle In-Transport","Front-to-Front",2,2021,"NISSAN","ROGUE",998,"Damage Reported, Extent Unknown",1,0,1,"Learner's Permit","Valid","No",50,"Dry","Passing or Overtaking Another Vehicle","Over the lane line on left side of travel lane","Steering left","Precrash stability unknown","Stayed on roadway, but left original travel lane","SUV",1,0,1,1,1,1,0,5,3
480496,2,6,14,"Parked Motor Vehicle","The First Harmful Event was Not a Collision with a Motor Vehicle in Transport",1,2015,"ACURA","TLX",998,"Damage Reported, Extent Unknown",0,0,1,"Full Driver License","Valid","No",75,"Dry","Going Straight","Other critical precrash event (specify:)","Steering left","Precrash stability unknown","Stayed on roadway, but left original travel lane","4 DR",0,1,0,0,0,0,0,2,0
480500,2,7,59,"Traffic Sign Support","The First Harmful Event was Not a Collision with a Motor Vehicle in Transport",1,2016,"SUBARU","OUTBACK",998,"Damage Reported, Extent Unknown",1,0,1,"Full Driver License","Valid","No",70,"Dry","Negotiating a Curve","Other cause of control loss (specify:)","Unknown/Not Reported","Skidding longitudinally  rotation less than 30 degrees","Departed roadway","SUV",0,0,1,1,2,2,0,0,2
480502,2,10,12,"Motor Vehicle In-Transport","Front-to-Front",1,2016,"HYUNDAI","ACCENT",998,"Damage Reported, Extent Unknown",1,0,1,"Learner's Permit","Valid","No",70,"Dry","Passing or Overtaking Another Vehicle","Over the lane line on left side of travel lane","Unknown/Not Reported","Tracking","Stayed on roadway, but left original travel lane","4 DR",0,1,0,0,0,0,0,1,0
480503,2,16,12,"Motor Vehicle In-Transport","Angle",1,2011,"KIA","SPORTAGE",998,"Damage Reported, Extent Unknown",1,0,1,"Full Driver License","Valid","No",70,"Dry","Turning Right","Turning Right","Unknown/Not Reported","Tracking","Entered roadway","SUV",0,2,0,0,0,0,1,1,0
480508,2,19,12,"Motor Vehicle In-Transport","Front-to-Rear",1,2016,"FORD","FUSION",998,"Damage Reported, Extent Unknown",0,0,1,"Full Driver License","Valid","No",55,"Dry","Going Straight","Traveling in same direction with higher speed","Unknown/Not Reported","Tracking","Stayed in original travel lane","4 DR",0,1,1,1,0,0,0,1,2
480509,2,20,12,"Motor Vehicle In-Transport","Angle",2,2013,"NISSAN","JUKE",998,"Damage Reported, Extent Unknown",0,0,1,"Intermediate Driver License","Valid","No",45,"Dry","Going Straight","Other critical precrash event (specify:)","Unknown/Not Reported","Tracking","Stayed in original travel lane","SUV",0,1,0,0,0,0,1,2,0
480517,3,4,8,"Pedestrian","The First Harmful Event was Not a Collision with a Motor Vehicle in Transport",1,2023,"MAZDA","CX-9",998,"Minor Damage",0,0,1,"Full Driver License","Valid","No",40,"Dry","Going Straight","Pedestrian in road","Unknown/Not Reported","Tracking","Stayed in original travel lane","SUV",1,1,1,1,1,1,0,6,3
480520,2,19,12,"Motor Vehicle In-Transport","Sideswipe - Opposite Direction",1,2015,"GMC","CANYON",998,"Damage Reported, Extent Unknown",0,0,1,"Full Driver License","Valid","No",40,"Dry","Negotiating a Curve","From opposite direction  over left lane line","Unknown/Not Reported","Precrash stability unknown","Stayed in original travel lane","PU/CC",0,1,1,0,0,0,0,1,1
480524,2,3,8,"Pedestrian","The First Harmful Event was Not a Collision with a Motor Vehicle in Transport",1,2012,"TOYOTA","PRIUS V",998,"Minor Damage",0,0,1,"Full Driver License","Valid","No",45,"Dry","Going Straight","Pedestrian in road","Steering left","Tracking","Stayed in original travel lane","SW",0,1,0,0,0,0,1,2,0
480525,2,12,12,"Motor Vehicle In-Transport","Front-to-Front",3,2014,"MITSUBISHI","MIRAGE",998,"Damage Reported, Extent Unknown",1,0,1,"Full Driver License","Valid","No",60,"Dry","Going Straight","From opposite direction  over left lane line","Unknown/Not Reported","Tracking","Stayed in original travel lane","5 HB",0,0,0,0,0,0,1,1,0
480527,2,1,20,"Impact Attenuator/Crash Cushion","The First Harmful Event was Not a Collision with a Motor Vehicle in Transport",1,2016,"JEEP","CHEROKEE",998,"Disabling Damage",1,0,1,"Full Driver License","Valid","No",60,"Dry","Going Straight","Off the edge of the road on the right side","Unknown/Not Reported","Tracking","Departed roadway","SUV",1,1,1,0,2,2,0,1,2
480530,2,1,12,"Motor Vehicle In-Transport","Front-to-Front",1,2016,"DODGE","CHALLENGER",998,"Damage Reported, Extent Unknown",1,0,1,"Full Driver License","Valid","No",75,"Dry","Negotiating a Curve","Traveling in opposite direction","Releasing brakes","Tracking","Stayed in original travel lane","2 DR",1,0,0,0,0,0,0,0,1
480531,3,20,8,"Pedestrian","The First Harmful Event was Not a Collision with a Motor Vehicle in Transport",2,2018,"CHEVROLET","EQUINOX",998,"Damage Reported, Extent Unknown",0,0,1,"Full Driver License","Valid","No",40,"Dry","Going Straight","Pedestrian in road","Unknown/Not Reported","Tracking","Stayed in original travel lane","SUV",0,1,1,0,2,2,0,2,1
480543,3,11,12,"Motor Vehicle In-Transport","Front-to-Front",2,2020,"HONDA","CIVIC",998,"Damage Reported, Extent Unknown",2,0,1,"Full Driver License","Valid","No",55,"Dry","Going Straight","Other cause of control loss (specify:)","No Avoidance Maneuver","Tracking","Stayed on roadway, but left original travel lane","4 DR",0,1,1,1,1,1,0,5,2
480566,3,20,8,"Pedestrian","The First Harmful Event was Not a Collision with a Motor Vehicle in Transport",1,2013,"MAZDA","MAZDA3",998,"Damage Reported, Extent Unknown",0,0,1,"Full Driver License","Valid","No",55,"Dry","Going Straight","Pedestrian in road","Unknown/Not Reported","Precrash stability unknown","Stayed in original travel lane","4 DR",0,1,0,0,0,0,1,2,0
480567,3,18,12,"Motor Vehicle In-Transport","Angle",1,2021,"TOYOTA","HIGHLANDER",0,"Minor Damage",0,0,1,"Full Driver License","Valid","No",60,"Dry","Stopped in Roadway","From crossing street, across path","No Avoidance Maneuver","Tracking","Stayed in original travel lane","SUV",1,1,1,1,1,1,0,6,3
480574,3,19,12,"Motor Vehicle In-Transport","Front-to-Rear",1,2013,"DODGE","DART",998,"Damage Reported, Extent Unknown",0,0,1,"Full Driver License","Valid","No",55,"Dry","Going Straight","Other critical precrash event (specify:)","Unknown/Not Reported","Tracking","Stayed in original travel lane","4 DR",0,0,0,0,0,0,1,1,0
480576,2,3,12,"Motor Vehicle In-Transport","Front-to-Front",3,2013,"HYUNDAI","ELANTRA",998,"Damage Reported, Extent Unknown",3,0,1,"Full Driver License","Valid","No",70,"Dry","Going Straight","From opposite direction  over left lane line","Unknown/Not Reported","Tracking","Stayed in original travel lane","2 DR",0,1,0,0,0,0,1,2,0
480578,3,13,12,"Motor Vehicle In-Transport","Angle",1,2016,"CHEVROLET","MALIBU",998,"Damage Reported, Extent Unknown",1,0,1,"Full Driver License","Valid","No",60,"Dry","Going Straight","Crossing Over (Passing Through) Junction","Unknown/Not Reported","Tracking","Stayed in original travel lane","4 DR",1,1,0,0,2,2,0,2,1
480580,3,17,12,"Motor Vehicle In-Transport","Front-to-Front",1,2012,"KIA","OPTIMA",998,"Damage Reported, Extent Unknown",0,0,1,"Full Driver License","Valid","No",55,"Dry","Negotiating a Curve","From opposite direction  over left lane line","Unknown/Not Reported","Tracking","Stayed in original travel lane","4 DR",0,1,0,0,0,0,1,2,0
480581,2,16,12,"Motor Vehicle In-Transport","Angle",1,2012,"CHEVROLET","CRUZE",998,"Damage Reported, Extent Unknown",1,0,1,"Full Driver License","Valid","No",55,"Dry","Turning Left","Turning Left","Unknown/Not Reported","Tracking","Stayed in original travel lane","4 DR",0,0,0,0,0,0,1,2,0
480586,3,8,8,"Pedestrian","The First Harmful Event was Not a Collision with a Motor Vehicle in Transport",1,2016,"FORD","FLEX",998,"Functional Damage",0,0,1,"Full Driver License","Valid","No",75,"Dry","Going Straight","Pedestrian in road","Unknown/Not Reported","Tracking","Stayed in original travel lane","SUV",1,0,1,0,0,0,0,0,2
480588,2,2,12,"Motor Vehicle In-Transport","Front-to-Front",1,2014,"MITSUBISHI","LANCER",998,"Disabling Damage",0,0,1,"Full Driver License","Valid","No",55,"Dry","Going Straight","Blow out/flat tire","Unknown/Not Reported","Skidding longitudinally  rotation less than 30 degrees","Stayed on roadway, but left original travel lane","4 DR",0,1,0,0,0,0,1,2,0
480593,3,19,8,"Pedestrian","The First Harmful Event was Not a Collision with a Motor Vehicle in Transport",1,2012,"VOLKSWAGEN","JETTA",998,"Minor Damage",0,0,1,"Full Driver License","Valid","No",50,"Dry","Going Straight","Pedestrian in road","Unknown/Not Reported","Tracking","Stayed in original travel lane","SW",0,1,0,0,0,0,1,2,0
480594,3,20,12,"Motor Vehicle In-Transport","Angle",1,2016,"TOYOTA","COROLLA",998,"Damage Reported, Extent Unknown",1,0,1,"Full Driver License","Valid","No",45,"Dry","Going Straight","Crossing Over (Passing Through) Junction","Unknown/Not Reported","Tracking","Stayed in original travel lane","4 DR",0,1,0,0,0,0,0,1,0
480602,2,16,12,"Motor Vehicle In-Transport","Sideswipe - Same Direction",1,2022,"TOYOTA","TACOMA",998,"Minor Damage",0,0,1,"Full Driver License","Valid","No",40,"Dry","Going Straight","From adjacent lane (same direction) over left lane line","Unknown/Not Reported","Tracking","Stayed in original travel lane","PU/CC",0,2,1,1,1,1,0,5,2
480602,2,16,12,"Motor Vehicle In-Transport","Sideswipe - Same Direction",1,2020,"MITSUBISHI","ECLIPSE CROSS",998,"Damage Reported, Extent Unknown",0,0,1,"Full Driver License","Valid","No",40,"Dry","Going Straight","From adjacent lane (same direction) over right lane line","Unknown/Not Reported","Tracking","Stayed in original travel lane","SUV",1,0,0,0,2,2,0,0,1
480605,2,22,12,"Motor Vehicle In-Transport","Front-to-Rear",2,2022,"HONDA","ODYSSEY",998,"Damage Reported, Extent Unknown",0,0,1,"Full Driver License","Valid","No",75,"Dry","Going Straight","Traveling in same direction with higher speed","Unknown/Not Reported","Tracking","Stayed in original travel lane","VAN",1,1,1,1,1,1,0,5,3
480605,2,22,12,"Motor Vehicle In-Transport","Front-to-Rear",2,2018,"TOYOTA","CAMRY",998,"Damage Reported, Extent Unknown",0,0,1,"Full Driver License","Valid","No",75,"Dry","Going Straight","Traveling in same direction with higher speed","Unknown/Not Reported","Tracking","Stayed in original travel lane","4 DR",1,1,1,1,1,1,0,5,3
480608,3,18,12,"Motor Vehicle In-Transport","Angle",2,2014,"NISSAN","PATHFINDER",998,"Damage Reported, Extent Unknown",0,0,1,"Full Driver License","Valid","No",98,"Dry","Turning Left","Crossing Over (Passing Through) Junction","Unknown/Not Reported","Tracking","Stayed in original travel lane","SUV",0,0,0,0,0,0,1,1,0
480613,3,3,12,"Motor Vehicle In-Transport","Front-to-Front",1,2015,"CHRYSLER","200",998,"Damage Reported, Extent Unknown",0,0,1,"Full Driver License","Valid","No",65,"Dry","Going Straight","Other vehicle stopped","Other actions (specify:)","Precrash stability unknown","Stayed in original travel lane","4 DR",0,0,1,0,0,0,0,0,1
480615,3,21,8,"Pedestrian","The First Harmful Event was Not a Collision with a Motor Vehicle in Transport",3,2011,"VOLKSWAGEN","JETTA",998,"Functional Damage",0,0,1,"Full Driver License","Valid","No",40,"Dry","Going Straight","Pedestrian approaching road","Unknown/Not Reported","Precrash stability unknown","Stayed in original travel lane","4 DR",0,1,0,0,0,0,1,2,0
480619,3,5,12,"Motor Vehicle In-Transport","Front-to-Front",2,2023,"KIA","K5",998,"Damage Reported, Extent Unknown",2,0,1,"Full Driver License","Valid","No",75,"Dry","Going Straight","From opposite direction  over left lane line","Unknown/Not Reported","Tracking","Stayed in original travel lane","4 DR",1,0,1,1,1,1,0,5,3
480628,3,21,12,"Motor Vehicle In-Transport","Angle",1,2021,"SUBARU","FORESTER",998,"Damage Reported, Extent Unknown",0,0,1,"Intermediate Driver License","Valid","No",98,"Dry","Turning Left","Turning Left","Unknown/Not Reported","Tracking","Stayed in original travel lane","SUV",0,0,1,1,1,1,0,4,2
480629,3,0,8,"Pedestrian","The First Harmful Event was Not a Collision with a Motor Vehicle in Transport",2,2018,"MITSUBISHI","OUTLANDER SPORT",998,"Minor Damage",0,0,1,"Full Driver License","Valid","No",35,"Dry","Going Straight","Pedestrian in road","No Avoidance Maneuver","Tracking","Stayed in original travel lane","SUV",0,1,1,0,2,2,0,1,1
480634,2,18,12,"Motor Vehicle In-Transport","Angle",1,2015,"FORD","FOCUS",998,"Damage Reported, Extent Unknown",0,0,1,"Full Driver License","Valid","No",45,"Dry","Turning Left","Turning Left","Unknown/Not Reported","Tracking","Stayed in original travel lane","5 HB",0,1,0,1,0,0,0,1,1
480635,3,0,12,"Motor Vehicle In-Transport","Front-to-Front",2,2014,"FORD","EXPLORER",998,"Damage Reported, Extent Unknown",1,0,1,"Full Driver License","Valid","No",55,"Dry","Going Straight","Traveling in opposite direction","Unknown/Not Reported","Tracking","Stayed in original travel lane","SUV",1,0,0,0,0,0,1,1,1
480635,3,0,12,"Motor Vehicle In-Transport","Front-to-Front",2,2012,"TOYOTA","RAV4",998,"Damage Reported, Extent Unknown",0,0,1,"Full Driver License","Valid","No",55,"Dry","Going Straight","Traveling in opposite direction","Unknown/Not Reported","Tracking","Stayed in original travel lane","SUV",0,1,0,0,0,0,1,2,0
480638,3,20,8,"Pedestrian","The First Harmful Event was Not a Collision with a Motor Vehicle in Transport",1,2016,"MITSUBISHI","OUTLANDER",998,"Damage Reported, Extent Unknown",0,0,1,"Full Driver License","Valid","No",45,"Dry","Going Straight","Pedestrian in road","Unknown/Not Reported","Tracking","Stayed in original travel lane","SUV",0,1,0,1,2,2,0,1,1
480639,3,21,8,"Pedestrian","The First Harmful Event was Not a Collision with a Motor Vehicle in Transport",2,2018,"NISSAN","SENTRA",998,"Minor Damage",0,0,1,"Full Driver License","Valid","No",70,"Dry","Going Straight","From adjacent lane (same direction) over left lane line","Unknown/Not Reported","Tracking","Stayed in original travel lane","4 DR",1,1,1,0,2,2,0,1,2
480640,3,19,12,"Motor Vehicle In-Transport","Front-to-Front",1,2020,"CADILLAC","XT5",998,"Damage Reported, Extent Unknown",0,0,1,"Full Driver License","Valid","No",55,"Dry","Going Straight","From opposite direction  over left lane line","Steering right","Tracking","Stayed in original travel lane","SUV",1,1,1,1,2,1,0,5,3
480645,3,2,12,"Motor Vehicle In-Transport","Front-to-Front",1,2016,"KIA","SOUL",998,"Damage Reported, Extent Unknown",1,0,1,"Full Driver License","Valid","No",65,"Dry","Negotiating a Curve","Traveling in opposite direction","Unknown/Not Reported","Precrash stability unknown","Stayed in original travel lane","SUV",0,1,0,0,0,0,0,1,0
480655,3,21,8,"Pedestrian","The First Harmful Event was Not a Collision with a Motor Vehicle in Transport",2,2018,"NISSAN","TITAN",998,"Minor Damage",0,0,1,"Full Driver License","Valid","No",70,"Dry","Going Straight","Pedestrian in road","Unknown/Not Reported","Tracking","Stayed in original travel lane","PU/CC",1,1,0,0,0,0,0,1,1
480658,3,21,12,"Motor Vehicle In-Transport","Angle",3,2016,"KIA","SORENTO",998,"Minor Damage",0,0,1,"Full Driver License","Valid","No",30,"Dry","Turning Left","Turning Left","Unknown/Not Reported","Tracking","Stayed in original travel lane","SUV",0,1,0,1,0,0,0,1,1
480661,3,19,12,"Motor Vehicle In-Transport","Front-to-Rear",1,2021,"TOYOTA","COROLLA",998,"Damage Reported, Extent Unknown",0,0,1,"Full Driver License","Valid","No",60,"Dry","Going Straight","Traveling in same direction with higher speed","Unknown/Not Reported","Tracking","Stayed in original travel lane","4 DR",1,1,1,1,1,1,0,6,3
480665,3,11,12,"Motor Vehicle In-Transport","Front-to-Rear",2,2017,"HONDA","PILOT",0,"Damage Reported, Extent Unknown",1,0,1,"Full Driver License","Valid","No",70,"Dry","Stopped in Roadway","Traveling in same direction with higher speed","No Avoidance Maneuver","Tracking","Stayed in original travel lane","SUV",0,1,1,1,2,2,0,1,2
480666,3,15,12,"Motor Vehicle In-Transport","Angle",1,2019,"TOYOTA","RAV4",998,"Minor Damage",0,0,1,"Full Driver License","Valid","No",55,"Dry","Going Straight","Other critical precrash event (specify:)","Unknown/Not Reported","Tracking","Stayed in original travel lane","SUV",1,1,1,1,1,1,0,6,3
480666,3,15,12,"Motor Vehicle In-Transport","Angle",2,2013,"TOYOTA","AVALON",998,"Damage Reported, Extent Unknown",0,0,1,"Full Driver License","Valid","No",55,"Dry","Going Straight","From opposite direction  over left lane line","Unknown/Not Reported","Tracking","Stayed in original travel lane","4 DR",0,0,1,0,2,2,1,1,1
480669,3,18,12,"Motor Vehicle In-Transport","Angle",1,2015,"INFINITI","QX60",998,"Damage Reported, Extent Unknown",0,0,1,"Full Driver License","Valid","No",50,"Dry","Going Straight","From opposite direction  over left lane line","Unknown/Not Reported","Tracking","Stayed in original travel lane","SUV",0,0,1,0,2,0,0,0,1
480671,2,18,12,"Motor Vehicle In-Transport","Front-to-Rear",1,2012,"TOYOTA","CAMRY",0,"Damage Reported, Extent Unknown",0,0,1,"Full Driver License","Valid","No",60,"Dry","Stopped in Roadway","Traveling in same direction with higher speed","No Avoidance Maneuver","Tracking","Stayed in original travel lane","4 DR",0,1,0,0,0,0,1,2,0
480671,2,18,12,"Motor Vehicle In-Transport","Front-to-Rear",1,2018,"TOYOTA","TUNDRA",0,"Minor Damage",0,0,1,"Full Driver License","Valid","No",60,"Dry","Stopped in Roadway","Traveling in same direction with higher speed","No Avoidance Maneuver","Tracking","Stayed in original travel lane","PU/CC",0,2,1,1,1,1,0,4,2
480673,3,19,12,"Motor Vehicle In-Transport","Angle",1,2014,"FORD","FUSION",998,"Damage Reported, Extent Unknown",1,0,1,"Full Driver License","Valid","No",30,"Dry","Going Straight","From crossing street, across path","Unknown/Not Reported","Tracking","Stayed in original travel lane","4 DR",0,1,0,0,0,0,1,2,0
480683,3,2,20,"Impact Attenuator/Crash Cushion","The First Harmful Event was Not a Collision with a Motor Vehicle in Transport",1,2020,"TOYOTA","RAV4",998,"Damage Reported, Extent Unknown",1,0,1,"Full Driver License","Valid","No",65,"Dry","Going Straight","Off the edge of the road on the left side","Unknown/Not Reported","Precrash stability unknown","Departed roadway","SUV",1,1,1,1,1,1,0,6,3
480687,3,15,12,"Motor Vehicle In-Transport","Front-to-Rear",4,2016,"JEEP","CHEROKEE",998,"Damage Reported, Extent Unknown",0,0,1,"Full Driver License","Valid","No",70,"Dry","Going Straight","Traveling in same direction with higher speed","Unknown/Not Reported","Tracking","Stayed in original travel lane","SUV",0,1,0,0,2,2,0,1,0
480690,3,3,8,"Pedestrian","The First Harmful Event was Not a Collision with a Motor Vehicle in Transport",1,2021,"DODGE","CHALLENGER",998,"Minor Damage",0,0,1,"Full Driver License","Valid","No",60,"Dry","Going Straight","Other critical precrash event (specify:)","Unknown/Not Reported","Tracking","Stayed in original travel lane","2 DR",1,0,0,0,2,2,0,0,1
480691,3,21,8,"Pedestrian","The First Harmful Event was Not a Collision with a Motor Vehicle in Transport",1,2012,"GMC","TERRAIN",998,"Minor Damage",0,0,1,"Full Driver License","Valid","No",45,"Dry","Going Straight","Pedestrian in road","No Avoidance Maneuver","Tracking","Stayed in original travel lane","SUV",0,0,0,1,0,0,1,2,1
480693,3,21,8,"Pedestrian","The First Harmful Event was Not a Collision with a Motor Vehicle in Transport",1,2013,"TOYOTA","RAV4",998,"Damage Reported, Extent Unknown",0,0,1,"Full Driver License","Valid","No",50,"Dry","Changing Lanes","Object in road","Other actions (specify:)","Tracking","Stayed on roadway, but left original travel lane","SUV",0,0,0,0,0,0,1,1,0
480694,3,1,12,"Motor Vehicle In-Transport","Angle",1,2019,"TOYOTA","HIGHLANDER",998,"Minor Damage",0,0,1,"Full Driver License","Valid","No",40,"Dry","Going Straight","Other critical precrash event (specify:)","Braking","Precrash stability unknown","Stayed in original travel lane","SUV",0,1,1,1,1,1,0,5,2
480697,3,20,12,"Motor Vehicle In-Transport","Front-to-Front",2,2019,"KIA","SOUL",998,"Damage Reported, Extent Unknown",1,0,1,"Full Driver License","Valid","No",45,"Dry","Going Straight","Over the lane line on left side of travel lane","Unknown/Not Reported","Tracking","Departed roadway","SUV",0,2,0,0,2,2,0,0,0
480699,3,1,33,"Curb","The First Harmful Event was Not a Collision with a Motor Vehicle in Transport",1,2019,"CHEVROLET","IMPALA",998,"Damage Reported, Extent Unknown",0,0,1,"Full Driver License","Valid","No",40,"Dry","Negotiating a Curve","From opposite direction  over left lane line","Unknown/Not Reported","Tracking","Stayed in original travel lane","4 DR",1,1,0,1,2,0,0,2,2