"SERIAL_CRASH","MONTH","HOUR","HARM_EV","HARM_EVNAME","TYPE_OF_COLLIOSION","NUM_OF_PEOPLE","MOD_YEAR","VPICMAKENAME","VPICMODELNAME","TRAV_SP","DEFORMEDNAME","DEATHS","DR_DRINK","IS_DRIVER_PRESENT","L_TYPENAME","L_STATUSNAME","SPEEDRELNAME","VSPD_LIM","VSURCONDNAME","P_CRASH1NAME","P_CRASH2NAME","P_CRASH3NAME","PCRASH4NAME","PCRASH5NAME","BODY_STYLE","BLIND_SPOT_DETECTION","ARS","FRNT_COLLISION_WARNING","LANE_DEPARTURE_WARNING","CRASH_IMMINENT_BRAKE","DYNAMIC_BRAKE_SUPPORT","NHTSA_ESC","SAFETY_COUNT","notification_count"
480700,3,23,30,"Utility Pole/Light Support","The First Harmful Event was Not a Collision with a Motor Vehicle in Transport",1,2015,"SUBARU","BRZ",998,"Damage Reported, Extent Unknown",1,0,1,"Full Driver License","Valid","No",65,"Dry","Going Straight","Off the edge of the road on the right side","Unknown/Not Reported","Tracking","Departed roadway","2 DR",0,1,0,0,0,0,0,1,0
480701,3,20,12,"Motor Vehicle In-Transport","Angle",2,2019,"RAM","1500",998,"Damage Reported, Extent Unknown",2,0,1,"Full Driver License","Valid","No",30,"Dry","Starting in Road","From crossing street, across path","Unknown/Not Reported","Tracking","Stayed in original travel lane","PU/EC",0,1,1,0,2,2,0,1,1
480704,3,18,12,"Motor Vehicle In-Transport","Sideswipe - Same Direction",2,2019,"FORD","EXPLORER",998,"Damage Reported, Extent Unknown",0,0,1,"Full Driver License","Valid","No",65,"Dry","Negotiating a Curve","From adjacent lane (same direction) over left lane line","Unknown/Not Reported","Tracking","Stayed in original travel lane","SUV",1,0,0,0,0,2,0,0,1
480713,3,22,12,"Motor Vehicle In-Transport","Angle",1,2016,"FORD","EXPLORER",998,"Damage Reported, Extent Unknown",0,0,1,"Full Driver License","Valid","No",45,"Dry","Going Straight","Crossing Over (Passing Through) Junction","Unknown/Not Reported","Tracking","Stayed in original travel lane","SUV",0,1,0,0,0,0,0,1,0
480715,2,8,12,"Motor Vehicle In-Transport","Sideswipe - Same Direction",1,2019,"VOLKSWAGEN","PASSAT",998,"Minor Damage",0,0,1,"Full Driver License","Valid","No",70,"Dry","Going Straight","From adjacent lane (same direction) over right lane line","Unknown/Not Reported","Tracking","Stayed in original travel lane","4 DR",1,1,0,0,2,2,0,2,1
480716,3,14,53,"Mail Box","The First Harmful Event was Not a Collision with a Motor Vehicle in Transport",1,2012,"CHEVROLET","CRUZE",998,"Damage Reported, Extent Unknown",1,0,1,"Full Driver License","Valid","No",60,"Dry","Going Straight","Off the edge of the road on the right side","No Avoidance Maneuver","Tracking","Departed roadway","4 DR",0,0,0,0,0,0,1,2,0
480717,3,14,8,"Pedestrian","The First Harmful Event was Not a Collision with a Motor Vehicle in Transport",2,2022,"SUBARU","OUTBACK",998,"Minor Damage",0,0,1,"Full Driver License","Valid","No",75,"Dry","Negotiating a Curve","Traveling in same direction while decelerating","Steering left","Precrash stability unknown","Stayed in original travel lane","SW",0,1,1,1,1,1,0,5,2
480724,3,7,12,"Motor Vehicle In-Transport","Front-to-Front",2,2018,"JEEP","COMPASS",998,"Damage Reported, Extent Unknown",0,0,1,"Full Driver License","Valid","No",55,"Dry","Negotiating a Curve","From opposite direction  over left lane line","Unknown/Not Reported","Tracking","Stayed in original travel lane","SUV",1,0,0,0,2,2,0,0,1
480727,3,9,12,"Motor Vehicle In-Transport","Front-to-Front",1,2013,"MERCEDES-BENZ","GLK-CLASS",998,"Damage Reported, Extent Unknown",1,0,1,"Full Driver License","Valid","No",45,"Dry","Turning Left","From opposite direction  over left lane line","Unknown/Not Reported","Tracking","Stayed in original travel lane","4 DR",0,0,0,1,0,0,1,1,1
480728,3,20,12,"Motor Vehicle In-Transport","Angle",1,2011,"NISSAN","ARMADA",998,"Damage Reported, Extent Unknown",0,0,1,"Full Driver License","Valid","No",50,"Dry","Going Straight","Crossing Over (Passing Through) Junction","Unknown/Not Reported","Tracking","Stayed in original travel lane","SUV",0,1,0,0,0,0,1,2,0
480731,3,17,12,"Motor Vehicle In-Transport","Angle",1,2018,"NISSAN","SENTRA",998,"Damage Reported, Extent Unknown",1,0,1,"Full Driver License","Valid","No",30,"Dry","Starting in Road","Crossing Over (Passing Through) Junction","Unknown/Not Reported","Tracking","Stayed in original travel lane","4 DR",0,1,0,0,2,2,0,1,0
480731,3,17,12,"Motor Vehicle In-Transport","Angle",1,2021,"JEEP","GRAND CHEROKEE",998,"Damage Reported, Extent Unknown",0,0,1,"Full Driver License","Valid","No",75,"Dry","Going Straight","From crossing street, intended path not known","Unknown/Not Reported","Tracking","Stayed in original travel lane","SUV",1,1,0,1,2,2,0,2,2
480734,3,2,12,"Motor Vehicle In-Transport","Front-to-Rear",1,2022,"NISSAN","ALTIMA",998,"Minor Damage",0,0,1,"Full Driver License","Valid","No",70,"Dry","Going Straight","Pedestrian in road","Steering left","Tracking","Stayed on roadway, but left original travel lane","4 DR",1,0,1,1,1,1,0,4,3
480737,3,11,35,"Embankment","The First Harmful Event was Not a Collision with a Motor Vehicle in Transport",2,2022,"CHRYSLER","300",998,"Damage Reported, Extent Unknown",1,0,1,"Full Driver License","Valid","No",70,"Dry","Going Straight","Off the edge of the road on the right side","Unknown/Not Reported","Tracking","Departed roadway","4 DR",0,1,0,1,2,2,0,2,1
480744,3,0,12,"Motor Vehicle In-Transport","Front-to-Rear",1,2020,"TOYOTA","COROLLA",998,"Damage Reported, Extent Unknown",1,0,1,"Full Driver License","Valid","No",45,"Dry","Going Straight","From adjacent lane (same direction) over left lane line","Unknown/Not Reported","Tracking","Stayed in original travel lane","5 HB",0,1,1,1,1,1,0,6,2
480747,3,7,12,"Motor Vehicle In-Transport","Front-to-Front",2,2018,"BUICK","ENVISION",998,"Damage Reported, Extent Unknown",1,0,1,"Full Driver License","Valid","No",65,"Dry","Passing or Overtaking Another Vehicle","Traveling in opposite direction","Steering left","Precrash stability unknown","Departed roadway","SUV",1,1,0,1,2,2,0,2,2
480747,3,7,12,"Motor Vehicle In-Transport","Front-to-Front",2,2011,"JEEP","GRAND CHEROKEE",998,"Damage Reported, Extent Unknown",0,0,1,"Full Driver License","Valid","No",65,"Dry","Going Straight","Traveling in opposite direction","Steering right","Tracking","Departed roadway","SUV",0,1,1,0,0,0,1,2,1
480748,3,6,8,"Pedestrian","The First Harmful Event was Not a Collision with a Motor Vehicle in Transport",1,2018,"RAM","2500",998,"Damage Reported, Extent Unknown",0,0,1,"Full Driver License","Valid","No",55,"Dry","Going Straight","Pedestrian in road","Unknown/Not Reported","Precrash stability unknown","Stayed in original travel lane","PU/EC",0,0,0,0,0,0,0,0,0
480759,2,19,9,"Pedalcyclist","The First Harmful Event was Not a Collision with a Motor Vehicle in Transport",1,2011,"FORD","F-250",998,"Not Reported",0,0,1,"Full Driver License","Valid","No",30,"Dry","Going Straight","Pedalcyclist or other non-motorist approaching road","Unknown/Not Reported","Tracking","Stayed in original travel lane","PU/RC",0,0,0,0,0,0,1,1,0
480761,3,23,9,"Pedalcyclist","The First Harmful Event was Not a Collision with a Motor Vehicle in Transport",1,2014,"HONDA","ACCORD",998,"Damage Reported, Extent Unknown",0,0,1,"Full Driver License","Valid","No",98,"Dry","Negotiating a Curve","Pedalcyclist or other non-motorist in road","Unknown/Not Reported","Tracking","Stayed in original travel lane","2 DR",0,0,1,1,0,0,1,1,2
480765,3,22,8,"Pedestrian","The First Harmful Event was Not a Collision with a Motor Vehicle in Transport",2,2015,"CHEVROLET","TAHOE",998,"No Damage",0,0,1,"Full Driver License","Valid","No",45,"Dry","Going Straight","Pedestrian in road","Unknown/Not Reported","Precrash stability unknown","Stayed in original travel lane","SUV",1,1,1,1,2,0,0,2,3
480766,3,9,12,"Motor Vehicle In-Transport","Angle",3,2017,"NISSAN","ALTIMA",998,"Damage Reported, Extent Unknown",1,0,1,"Full Driver License","Valid","No",55,"Dry","Going Straight","Crossing Over (Passing Through) Junction","Unknown/Not Reported","Tracking","Stayed in original travel lane","4 DR",0,0,1,0,2,2,0,0,1
480766,3,9,12,"Motor Vehicle In-Transport","Angle",1,2021,"FORD","EDGE",998,"Damage Reported, Extent Unknown",0,0,1,"Full Driver License","Valid","No",70,"Dry","Negotiating a Curve","From crossing street, across path","Unknown/Not Reported","Tracking","Stayed in original travel lane","SUV",1,0,1,1,1,1,0,6,3
480767,3,18,12,"Motor Vehicle In-Transport","Front-to-Front",1,2017,"FORD","FUSION",998,"Damage Reported, Extent Unknown",1,0,1,"Full Driver License","Valid","No",60,"Dry","Going Straight","From opposite direction  over left lane line","Unknown/Not Reported","Tracking","Stayed in original travel lane","4 DR",0,1,1,1,2,2,0,2,2
480772,3,13,12,"Motor Vehicle In-Transport","Front-to-Front",1,2020,"DODGE","JOURNEY",998,"Damage Reported, Extent Unknown",0,0,1,"Full Driver License","Valid","No",35,"Dry","Going Straight","Over the lane line on left side of travel lane","Unknown/Not Reported","Tracking","Stayed on roadway, but left original travel lane","SUV",0,2,0,0,0,0,0,0,0
480777,3,19,12,"Motor Vehicle In-Transport","Front-to-Front",2,2018,"AUDI","Q5",998,"Disabling Damage",0,0,1,"Full Driver License","Valid","No",98,"Dry","Going Straight","From crossing street, across path","Unknown/Not Reported","Tracking","Stayed in original travel lane","SUV",1,1,1,0,1,1,0,4,2
480781,3,9,12,"Motor Vehicle In-Transport","Front-to-Front",1,2016,"CHEVROLET","EQUINOX",998,"Not Reported",1,0,1,"Full Driver License","Valid","No",75,"Dry","Going Straight","Traveling in opposite direction","Unknown/Not Reported","Tracking","Stayed in original travel lane","SUV",1,0,1,0,0,0,0,1,2
480792,3,19,12,"Motor Vehicle In-Transport","Angle",1,2020,"NISSAN","ALTIMA",998,"Minor Damage",0,0,1,"Full Driver License","Valid","No",45,"Dry","Turning Left","Turning Left","Unknown/Not Reported","Tracking","Stayed in original travel lane","4 DR",1,1,1,0,1,1,0,4,2
480794,3,2,12,"Motor Vehicle In-Transport","Angle",5,2013,"MERCEDES-BENZ","C-CLASS",998,"Damage Reported, Extent Unknown",0,0,1,"Full Driver License","Valid","No",40,"Dry","Turning Left","Turning Left","Unknown/Not Reported","Tracking","Stayed in original travel lane","2 DR",1,0,0,1,0,0,1,1,2
480795,4,7,12,"Motor Vehicle In-Transport","Angle",1,2016,"RAM","1500",998,"Damage Reported, Extent Unknown",0,0,1,"Full Driver License","Valid","No",60,"Dry","Going Straight","Traveling in same direction with higher speed","Unknown/Not Reported","Tracking","Stayed in original travel lane","PU/RC",0,0,0,0,0,0,0,0,0
480800,3,14,12,"Motor Vehicle In-Transport","Angle",1,2012,"TOYOTA","TUNDRA",998,"Damage Reported, Extent Unknown",0,0,1,"Full Driver License","Valid","No",30,"Dry","Negotiating a Curve","From opposite direction  over left lane line","Unknown/Not Reported","Tracking","Stayed in original travel lane","PU/RC",0,0,0,0,0,0,1,1,0
480818,3,5,8,"Pedestrian","The First Harmful Event was Not a Collision with a Motor Vehicle in Transport",1,2016,"HONDA","CIVIC",998,"Minor Damage",0,0,1,"Full Driver License","Valid","No",40,"Dry","Going Straight","Pedestrian in road","Unknown/Not Reported","Tracking","Stayed in original travel lane","4 DR",0,1,0,0,2,2,0,1,0
480819,3,7,8,"Pedestrian","The First Harmful Event was Not a Collision with a Motor Vehicle in Transport",1,2011,"TOYOTA","TUNDRA",998,"Minor Damage",0,0,1,"Full Driver License","Valid","No",35,"Dry","Turning Right","Pedestrian in road","Unknown/Not Reported","Tracking","Stayed in original travel lane","PU/RC",0,0,0,0,0,0,1,1,0
480831,4,21,8,"Pedestrian","The First Harmful Event was Not a Collision with a Motor Vehicle in Transport",1,2016,"NISSAN","SENTRA",998,"Damage Reported, Extent Unknown",0,0,1,"Full Driver License","Valid","No",75,"Dry","Going Straight","Pedestrian in road","Unknown/Not Reported","Tracking","Stayed in original travel lane","4 DR",0,0,1,0,2,2,0,0,1
480841,4,14,12,"Motor Vehicle In-Transport","Front-to-Front",1,2021,"NISSAN","ROGUE",51,"Damage Reported, Extent Unknown",0,0,1,"Full Driver License","Valid","No",45,"Dry","Going Straight","Other cause of control loss (specify:)","Unknown/Not Reported","Tracking","Stayed on roadway, but left original travel lane","SUV",1,0,1,1,1,1,0,5,3
480844,3,9,12,"Motor Vehicle In-Transport","Front-to-Rear",1,2022,"TOYOTA","PRIUS",998,"Damage Reported, Extent Unknown",0,0,1,"Full Driver License","Valid","No",75,"Dry","Going Straight","Other critical precrash event (specify:)","Unknown/Not Reported","Tracking","Stayed in original travel lane","5 HB",1,1,1,1,1,1,0,6,3
480845,4,4,12,"Motor Vehicle In-Transport","Front-to-Front",1,2012,"TOYOTA","TUNDRA",998,"Disabling Damage",1,0,1,"Full Driver License","Valid","No",45,"Dry","Going Straight","From opposite direction  over left lane line","Unknown/Not Reported","Tracking","Stayed in original travel lane","PU/RC",0,0,0,0,0,0,1,1,0
480847,3,18,12,"Motor Vehicle In-Transport","Front-to-Rear",2,2015,"MITSUBISHI","MIRAGE",998,"Damage Reported, Extent Unknown",1,0,1,"Full Driver License","Valid","No",45,"Dry","Going Straight","Traveling in same direction with higher speed","Unknown/Not Reported","Tracking","Stayed in original travel lane","5 HB",0,1,0,0,0,0,0,1,0
480850,3,0,12,"Motor Vehicle In-Transport","Front-to-Rear",2,2013,"TOYOTA","SIENNA",998,"Damage Reported, Extent Unknown",0,0,1,"Full Driver License","Valid","No",65,"Dry","Going Straight","Traveling in same direction with higher speed","Unknown/Not Reported","Tracking","Stayed in original travel lane","VAN",0,1,0,0,2,2,1,2,0
480850,3,0,12,"Motor Vehicle In-Transport","Front-to-Rear",2,2012,"TOYOTA","SIENNA",998,"Damage Reported, Extent Unknown",0,0,1,"Full Driver License","Valid","No",65,"Dry","Going Straight","Traveling in same direction with higher speed","Unknown/Not Reported","Tracking","Stayed in original travel lane","VAN",0,1,0,0,0,0,1,2,0
480852,3,6,12,"Motor Vehicle In-Transport","Front-to-Front",2,2019,"MITSUBISHI","MIRAGE G4",998,"Damage Reported, Extent Unknown",1,0,1,"Full Driver License","Valid","No",70,"Dry","Going Straight","From opposite direction  over left lane line","Unknown/Not Reported","Tracking","Stayed in original travel lane","4 DR",0,1,0,0,0,0,0,1,0
480860,3,7,12,"Motor Vehicle In-Transport","Front-to-Front",1,2023,"CHEVROLET","MALIBU",998,"Disabling Damage",0,0,1,"Full Driver License","Valid","No",65,"Dry","Negotiating a Curve","Over the lane line on left side of travel lane","Unknown/Not Reported","Tracking","Stayed on roadway, but left original travel lane","4 DR",1,2,1,1,1,1,0,4,3
480877,4,8,12,"Motor Vehicle In-Transport","Front-to-Front",2,2016,"FORD","TAURUS",998,"Disabling Damage",1,0,1,"Full Driver License","Valid","No",65,"Dry","Going Straight","From opposite direction  over left lane line","Unknown/Not Reported","Tracking","Stayed in original travel lane","4 DR",1,0,1,0,0,0,0,0,2
480879,1,18,12,"Motor Vehicle In-Transport","Angle",1,2013,"FORD","FOCUS",998,"Damage Reported, Extent Unknown",1,0,1,"Full Driver License","Valid","No",50,"Dry","Going Straight","From opposite direction  over left lane line","Unknown/Not Reported","Tracking","Stayed in original travel lane","5 HB",0,1,0,0,0,0,1,2,0
480886,4,5,12,"Motor Vehicle In-Transport","Front-to-Front",1,2016,"RAM","2500",998,"Disabling Damage",0,0,1,"Full Driver License","Valid","No",45,"Dry","Going Straight","From crossing street, intended path not known","Unknown/Not Reported","Tracking","Stayed in original travel lane","PU/CC",0,0,0,0,0,0,0,0,0
480889,3,13,30,"Utility Pole/Light Support","The First Harmful Event was Not a Collision with a Motor Vehicle in Transport",1,2018,"KIA","SPORTAGE",998,"Damage Reported, Extent Unknown",1,0,1,"Full Driver License","Valid","No",55,"Dry","Going Straight","Other cause of control loss (specify:)","No Avoidance Maneuver","Tracking","Departed roadway","SUV",0,2,0,1,2,2,0,0,1
480891,4,2,12,"Motor Vehicle In-Transport","Sideswipe - Same Direction",1,2018,"MERCEDES-BENZ","E-CLASS",998,"Damage Reported, Extent Unknown",0,0,1,"Learner's Permit","Valid","No",45,"Dry","Changing Lanes","Over the lane line on right side of travel lane","Unknown/Not Reported","Tracking","Stayed on roadway, but left original travel lane","SW",0,1,1,0,1,1,0,4,1
480891,4,2,12,"Motor Vehicle In-Transport","Sideswipe - Same Direction",1,2018,"MERCEDES-BENZ","E-CLASS",998,"Damage Reported, Extent Unknown",0,0,1,"Learner's Permit","Valid","No",45,"Dry","Changing Lanes","Over the lane line on right side of travel lane","Unknown/Not Reported","Tracking","Stayed on roadway, but left original travel lane","C",0,1,1,0,1,1,0,4,1
480892,4,18,15,"Non-Motorist on Personal Conveyance","The First Harmful Event was Not a Collision with a Motor Vehicle in Transport",3,2015,"FORD","EXPLORER",17,"Minor Damage",0,0,1,"Full Driver License","Valid","No",40,"Dry","Going Straight","Pedalcyclist or other non-motorist in road","No Avoidance Maneuver","Tracking","Stayed in original travel lane","SUV",0,1,0,0,0,0,0,1,0
480895,4,22,8,"Pedestrian","The First Harmful Event was Not a Collision with a Motor Vehicle in Transport",3,2015,"KIA","OPTIMA",998,"Minor Damage",0,0,1,"Full Driver License","Valid","No",40,"Dry","Going Straight","Pedestrian in road","Unknown/Not Reported","Tracking","Stayed in original travel lane","4 DR",1,1,0,0,0,0,0,1,1
480900,4,21,12,"Motor Vehicle In-Transport","Angle",1,2016,"TOYOTA","TUNDRA",998,"Damage Reported, Extent Unknown",0,0,1,"Full Driver License","Valid","No",35,"Dry","Turning Left","From opposite direction  over right lane line","No Avoidance Maneuver","Tracking","Stayed in original travel lane","PU/CC",1,1,0,0,0,0,0,1,1
480907,3,13,12,"Motor Vehicle In-Transport","Angle",2,2017,"FORD","EXPLORER",998,"Damage Reported, Extent Unknown",0,0,1,"Full Driver License","Valid","No",65,"Dry","Going Straight","From opposite direction  over left lane line","Unknown/Not Reported","Tracking","Stayed in original travel lane","SUV",1,0,0,1,0,0,0,0,2
480909,4,22,12,"Motor Vehicle In-Transport","Angle",1,2018,"SUBARU","WRX",998,"Damage Reported, Extent Unknown",1,0,1,"Full Driver License","Valid","No",80,"Dry","Going Straight","Crossing Over (Passing Through) Junction","Unknown/Not Reported","Tracking","Stayed in original travel lane","4 DR",1,0,1,1,2,2,0,0,3
480913,4,18,12,"Motor Vehicle In-Transport","Front-to-Front",2,2016,"CHEVROLET","TRAVERSE",998,"Damage Reported, Extent Unknown",2,0,1,"Full Driver License","Valid","No",70,"Dry","Negotiating a Curve","From opposite direction  over left lane line","Unknown/Not Reported","Tracking","Stayed in original travel lane","SUV",0,1,0,0,0,0,0,2,0
480915,3,11,12,"Motor Vehicle In-Transport","Front-to-Rear",5,2017,"GMC","ACADIA",998,"Damage Reported, Extent Unknown",1,0,1,"Full Driver License","Valid","No",65,"Dry","Turning Left","Traveling in same direction with higher speed","No Avoidance Maneuver","Tracking","Stayed in original travel lane","SUV",0,1,1,0,2,2,0,2,1
480918,4,19,12,"Motor Vehicle In-Transport","Angle",2,2022,"KIA","SORENTO",0,"Minor Damage",0,0,1,"Full Driver License","Valid","No",55,"Dry","Stopped in Roadway","Other critical precrash event (specify:)","No Avoidance Maneuver","Tracking","Stayed in original travel lane","SUV",1,0,1,1,1,1,0,4,3
480926,4,16,12,"Motor Vehicle In-Transport","Front-to-Front",1,2012,"NISSAN","ALTIMA",998,"Damage Reported, Extent Unknown",1,0,1,"Full Driver License","Valid","No",70,"Dry","Negotiating a Curve","Traveling Too Fast for Conditions or Road Configuration","Steering right","Tracking","Stayed on roadway, but left original travel lane","4 DR",0,0,0,0,0,0,1,1,0
480926,4,16,12,"Motor Vehicle In-Transport","Front-to-Front",2,2018,"RAM","2500",998,"Damage Reported, Extent Unknown",0,0,1,"Intermediate Driver License","Valid","No",70,"Dry","Negotiating a Curve","From opposite direction  over left lane line","Steering left","Tracking","Stayed on roadway, but left original travel lane","PU/EC",0,0,0,0,0,0,0,0,0
480930,4,22,8,"Pedestrian","The First Harmful Event was Not a Collision with a Motor Vehicle in Transport",1,2019,"FORD","RANGER",998,"Damage Reported, Extent Unknown",0,0,1,"Full Driver License","Valid","No",60,"Dry","Going Straight","Pedestrian in road","Unknown/Not Reported","Tracking","Stayed in original travel lane","PU/CC",1,0,0,1,1,1,0,3,2
480940,4,21,8,"Pedestrian","The First Harmful Event was Not a Collision with a Motor Vehicle in Transport",1,2016,"BUICK","ENCORE",998,"Damage Reported, Extent Unknown",0,0,1,"Full Driver License","Valid","No",60,"Dry","Negotiating a Curve","Pedestrian in road","Unknown/Not Reported","Tracking","Stayed in original travel lane","SUV",1,1,0,0,0,0,0,2,1
480941,1,19,8,"Pedestrian","The First Harmful Event was Not a Collision with a Motor Vehicle in Transport",1,2018,"CHEVROLET","CRUZE",998,"Minor Damage",0,0,1,"Full Driver License","Valid","No",30,"Dry","Negotiating a Curve","Pedestrian in road","No Avoidance Maneuver","Tracking","Stayed in original travel lane","5 HB",0,1,0,1,0,0,0,2,1
480944,4,21,12,"Motor Vehicle In-Transport","Angle",1,2021,"TESLA","MODEL 3",998,"Damage Reported, Extent Unknown",1,0,1,"Full Driver License","Valid","No",45,"Dry","Going Straight","Crossing Over (Passing Through) Junction","Unknown/Not Reported","Tracking","Stayed in original travel lane","4 DR",1,1,1,1,1,1,0,6,3
480944,4,21,12,"Motor Vehicle In-Transport","Angle",1,2015,"GMC","ACADIA",998,"Minor Damage",0,0,1,"Full Driver License","Valid","No",45,"Dry","Turning Left","From opposite direction  over left lane line","Unknown/Not Reported","Tracking","Stayed in original travel lane","SUV",1,1,0,1,0,0,0,2,2
480945,4,21,12,"Motor Vehicle In-Transport","Front-to-Front",1,2023,"JEEP","GRAND CHEROKEE",998,"Disabling Damage",0,0,1,"Full Driver License","Valid","No",70,"Dry","Going Straight","Traveling in opposite direction","Steering right","Tracking","Stayed in original travel lane","SUV",1,0,1,1,1,1,0,5,3
480948,3,12,25,"Concrete Traffic Barrier","The First Harmful Event was Not a Collision with a Motor Vehicle in Transport",1,2020,"CHEVROLET","TAHOE",0,"Damage Reported, Extent Unknown",0,0,1,"Full Driver License","Valid","No",75,"Dry","Stopped in Roadway","From Parking Lane/Shoulder, Median/Crossover, Roadside","No Avoidance Maneuver","Tracking","Stayed in original travel lane","SUV",0,0,0,1,2,2,0,0,1
480953,4,12,12,"Motor Vehicle In-Transport","Front-to-Rear",1,2023,"TOYOTA","RAV4",998,"Damage Reported, Extent Unknown",0,0,1,"Full Driver License","Valid","No",45,"Dry","Decelerating in Road","Traveling in same direction with higher speed","Unknown/Not Reported","Tracking","Stayed in original travel lane","SUV",1,1,1,1,1,1,0,5,3
480953,4,12,12,"Motor Vehicle In-Transport","Front-to-Rear",1,2023,"KIA","TELLURIDE",998,"Minor Damage",0,0,1,"Full Driver License","Valid","No",45,"Dry","Decelerating in Road","Traveling in same direction with higher speed","Unknown/Not Reported","Tracking","Stayed in original travel lane","SUV",1,0,1,1,1,1,0,5,3
480960,4,20,12,"Motor Vehicle In-Transport","Angle",2,2018,"FORD","EXPLORER",998,"Disabling Damage",0,0,1,"Full Driver License","Valid","No",30,"Dry","Turning Left","Turning Left","No Avoidance Maneuver","Tracking","Stayed in original travel lane","SUV",1,0,0,1,0,0,0,0,2
480961,4,13,12,"Motor Vehicle In-Transport","Angle",4,2015,"CHEVROLET","TRAVERSE",998,"Damage Reported, Extent Unknown",1,0,1,"Full Driver License","Valid","No",98,"Dry","Turning Left","Turning Left","Unknown/Not Reported","Tracking","Stayed in original travel lane","SUV",0,1,1,0,0,0,0,2,1
480962,4,15,9,"Pedalcyclist","The First Harmful Event was Not a Collision with a Motor Vehicle in Transport",1,2012,"MAZDA","MAZDA3",998,"Damage Reported, Extent Unknown",0,0,1,"Full Driver License","Valid","No",75,"Dry","Going Straight","Pedalcyclist or other non-motorist in road","Braking","Tracking","Stayed in original travel lane","4 DR",0,1,0,0,0,0,1,2,0
480963,4,17,12,"Motor Vehicle In-Transport","Sideswipe - Same Direction",1,2017,"MERCEDES-BENZ","GLE-CLASS",998,"Damage Reported, Extent Unknown",0,0,1,"Full Driver License","Valid","No",70,"Dry","Going Straight","From adjacent lane (same direction) over left lane line","Unknown/Not Reported","Tracking","Stayed in original travel lane","SUV",1,1,1,1,2,1,0,3,3
480965,1,9,38,"Fence","The First Harmful Event was Not a Collision with a Motor Vehicle in Transport",1,2019,"SUBARU","OUTBACK",998,"Minor Damage",1,0,1,"Full Driver License","Valid","No",55,"Dry","Going Straight","End departure","Unknown/Not Reported","Tracking","Departed roadway","SW",0,0,1,1,1,1,0,4,2
480967,4,18,1,"Rollover/Overturn","The First Harmful Event was Not a Collision with a Motor Vehicle in Transport",1,2021,"HYUNDAI","SANTA FE",998,"Minor Damage",0,0,1,"Full Driver License","Valid","No",55,"Dry","Going Straight","From opposite direction  over left lane line","Unknown/Not Reported","Tracking","Stayed in original travel lane","SUV",0,0,1,1,1,1,0,4,2
480968,4,5,8,"Pedestrian","The First Harmful Event was Not a Collision with a Motor Vehicle in Transport",1,2020,"TOYOTA","TUNDRA",998,"Minor Damage",0,0,1,"Full Driver License","Valid","No",65,"Dry","Going Straight","Pedestrian in road","Unknown/Not Reported","Tracking","Stayed in original travel lane","PU/EC",1,2,1,1,1,1,0,5,3
480970,4,6,12,"Motor Vehicle In-Transport","Front-to-Front",2,2016,"HYUNDAI","TUCSON",998,"Damage Reported, Extent Unknown",1,0,1,"Full Driver License","Valid","No",75,"Dry","Going Straight","From opposite direction  over left lane line","Steering left","Tracking","Stayed in original travel lane","SUV",0,1,0,0,2,2,0,1,0
480974,4,8,12,"Motor Vehicle In-Transport","Not Reported",2,2011,"FORD","EDGE",998,"Damage Reported, Extent Unknown",0,0,1,"Learner's Permit","Valid","No",60,"Dry","Going Straight","Other vehicle stopped","Unknown/Not Reported","Tracking","Stayed in original travel lane","SUV",0,2,0,0,0,0,1,1,0
480986,4,23,12,"Motor Vehicle In-Transport","Front-to-Rear",3,2011,"HYUNDAI","SANTA FE",998,"Damage Reported, Extent Unknown",1,0,1,"Full Driver License","Valid","No",75,"Dry","Going Straight","Traveling in same direction with higher speed","Unknown/Not Reported","Tracking","Stayed in original travel lane","SUV",0,1,0,0,0,0,1,2,0
480988,4,12,12,"Motor Vehicle In-Transport","Front-to-Front",2,2021,"JEEP","WRANGLER",998,"Disabling Damage",0,0,1,"Full Driver License","Valid","No",70,"Dry","Going Straight","From opposite direction  over left lane line","Steering right","Precrash stability unknown","Departed roadway","SUV",0,0,1,0,2,2,0,0,1
480996,4,18,12,"Motor Vehicle In-Transport","Angle",1,2020,"RAM","1500",998,"Damage Reported, Extent Unknown",0,0,1,"Full Driver License","Valid","No",45,"Dry","Going Straight","From crossing street, across path","Steering right","Tracking","Stayed in original travel lane","PU/EC",0,0,1,0,2,2,0,0,1
480996,4,18,12,"Motor Vehicle In-Transport","Angle",2,2019,"FORD","MUSTANG",998,"Damage Reported, Extent Unknown",1,0,1,"Full Driver License","Valid","No",45,"Dry","Negotiating a Curve","Crossing Over (Passing Through) Junction","Unknown/Not Reported","Tracking","Stayed in original travel lane","C",0,0,0,1,2,2,0,1,1
481001,3,14,12,"Motor Vehicle In-Transport","Front-to-Rear",1,2022,"FORD","MAVERICK",998,"Functional Damage",0,0,1,"Full Driver License","Valid","No",30,"Dry","Starting in Road","Traveling in same direction with higher speed","Unknown/Not Reported","Tracking","Stayed in original travel lane","PU/CC",0,0,1,1,2,2,0,3,2
481002,3,16,12,"Motor Vehicle In-Transport","Not Reported",1,2019,"DODGE","JOURNEY",998,"Damage Reported, Extent Unknown",0,0,1,"Full Driver License","Valid","No",35,"Dry","Turning Left","Turning Left","Unknown/Not Reported","Precrash stability unknown","Stayed in original travel lane","SUV",0,0,0,0,0,0,0,0,0