"SERIAL_CRASH","MONTH","HOUR","HARM_EV","HARM_EVNAME","TYPE_OF_COLLIOSION","NUM_OF_PEOPLE","MOD_YEAR","VPICMAKENAME","VPICMODELNAME","TRAV_SP","DEFORMEDNAME","DEATHS","DR_DRINK","IS_DRIVER_PRESENT","L_TYPENAME","L_STATUSNAME","SPEEDRELNAME","VSPD_LIM","VSURCONDNAME","P_CRASH1NAME","P_CRASH2NAME","P_CRASH3NAME","PCRASH4NAME","PCRASH5NAME","BODY_STYLE","BLIND_SPOT_DETECTION","ARS","FRNT_COLLISION_WARNING","LANE_DEPARTURE_WARNING","CRASH_IMMINENT_BRAKE","DYNAMIC_BRAKE_SUPPORT","NHTSA_ESC","SAFETY_COUNT","notification_count"
481003,4,2,8,"Pedestrian","The First Harmful Event was Not a Collision with a Motor Vehicle in Transport",1,2017,"KIA","FORTE",998,"Damage Reported, Extent Unknown",0,0,1,"Full Driver License","Valid","No",45,"Dry","Going Straight","Pedestrian in road","Unknown/Not Reported","Tracking","Stayed in original travel lane","4 DR",1,1,1,1,2,2,0,1,3
481003,4,2,8,"Pedestrian","The First Harmful Event was Not a Collision with a Motor Vehicle in Transport",1,2014,"TOYOTA","SIENNA",998,"Damage Reported, Extent Unknown",0,0,1,"Full Driver License","Valid","No",45,"Dry","Going Straight","From adjacent lane (same direction) over left lane line","Unknown/Not Reported","Tracking","Stayed in original travel lane","VAN",0,1,1,0,2,2,1,2,1
481004,3,15,9,"Pedalcyclist","The First Harmful Event was Not a Collision with a Motor Vehicle in Transport",1,2018,"HYUNDAI","TUCSON",998,"Minor Damage",0,0,1,"Full Driver License","Valid","No",60,"Dry","Going Straight","Pedalcyclist or other non-motorist in road","Unknown/Not Reported","Tracking","Stayed in original travel lane","SUV",0,2,1,1,2,2,0,0,2
481011,4,9,8,"Pedestrian","The First Harmful Event was Not a Collision with a Motor Vehicle in Transport",1,2022,"TOYOTA","COROLLA",998,"Damage Reported, Extent Unknown",0,0,1,"Full Driver License","Valid","No",75,"Dry","Going Straight","Pedestrian in road","Unknown/Not Reported","Tracking","Stayed in original travel lane","4 DR",0,1,1,1,1,1,0,6,2
481024,4,23,12,"Motor Vehicle In-Transport","Front-to-Rear",2,2014,"FORD","EDGE",998,"Damage Reported, Extent Unknown",0,0,1,"Full Driver License","Valid","No",55,"Dry","Going Straight","Traveling in same direction with higher speed","Unknown/Not Reported","Tracking","Stayed in original travel lane","SUV",0,0,1,0,0,0,1,1,1
481025,4,13,12,"Motor Vehicle In-Transport","Front-to-Rear",2,2013,"RAM","1500",998,"Damage Reported, Extent Unknown",0,0,1,"Full Driver License","Valid","No",50,"Dry","Decelerating in Road","Traveling in same direction with higher speed","Unknown/Not Reported","Tracking","Stayed in original travel lane","PU/RC",0,1,0,0,0,0,1,2,0
481025,4,13,12,"Motor Vehicle In-Transport","Front-to-Rear",1,2023,"HYUNDAI","TUCSON",998,"Functional Damage",0,0,1,"Full Driver License","Valid","No",50,"Dry","Decelerating in Road","From adjacent lane (same direction) over right lane line","Unknown/Not Reported","Tracking","Stayed in original travel lane","SUV",1,2,1,1,1,1,0,5,3
481026,4,21,8,"Pedestrian","The First Harmful Event was Not a Collision with a Motor Vehicle in Transport",1,2016,"INFINITI","Q50",998,"Damage Reported, Extent Unknown",0,0,1,"Full Driver License","Valid","No",35,"Dry","Going Straight","Pedestrian in road","Unknown/Not Reported","Tracking","Stayed in original travel lane","4 DR",0,0,1,0,2,2,0,0,1
481031,4,4,26,"Other Traffic Barrier","The First Harmful Event was Not a Collision with a Motor Vehicle in Transport",1,2021,"TOYOTA","RAV4",998,"Minor Damage",0,0,1,"Full Driver License","Valid","No",50,"Dry","Going Straight","Other critical precrash event (specify:)","Unknown/Not Reported","Tracking","Stayed in original travel lane","SUV",0,1,1,1,1,1,0,6,2
481033,4,19,12,"Motor Vehicle In-Transport","Angle",2,2012,"MAZDA","MAZDA3",998,"Damage Reported, Extent Unknown",2,0,1,"Learner's Permit","Valid","No",50,"Dry","Going Straight","From driveway, turning into opposite direction","Unknown/Not Reported","Tracking","Stayed in original travel lane","4 DR",0,1,0,0,0,0,1,2,0
481038,4,23,8,"Pedestrian","The First Harmful Event was Not a Collision with a Motor Vehicle in Transport",1,2017,"CHEVROLET","MALIBU",998,"Minor Damage",0,0,1,"Full Driver License","Valid","No",50,"Dry","Going Straight","Pedestrian in road","Braking","Precrash stability unknown","Stayed in original travel lane","4 DR",1,1,0,1,2,2,0,2,2
481049,4,1,8,"Pedestrian","The First Harmful Event was Not a Collision with a Motor Vehicle in Transport",1,2012,"FORD","FOCUS",998,"Damage Reported, Extent Unknown",0,0,1,"Full Driver License","Valid","No",70,"Dry","Negotiating a Curve","Pedestrian in road","Unknown/Not Reported","Precrash stability unknown","Stayed in original travel lane","5 HB",0,1,0,0,0,0,1,2,0
481052,4,6,12,"Motor Vehicle In-Transport","Front-to-Front",1,2012,"FORD","FUSION",998,"Damage Reported, Extent Unknown",1,0,1,"Full Driver License","Valid","No",60,"Dry","Going Straight","Traveling in opposite direction","Unknown/Not Reported","Tracking","Stayed in original travel lane","4 DR",0,0,0,0,0,0,1,1,0
481054,4,0,25,"Concrete Traffic Barrier","The First Harmful Event was Not a Collision with a Motor Vehicle in Transport",6,2021,"CHEVROLET","SUBURBAN",998,"Damage Reported, Extent Unknown",0,0,1,"Full Driver License","Valid","No",65,"Dry","Going Straight","From adjacent lane (same direction) over left lane line","Unknown/Not Reported","Tracking","Stayed in original travel lane","SUV",1,1,1,0,1,1,0,5,2
481059,4,8,12,"Motor Vehicle In-Transport","Front-to-Front",2,2013,"HONDA","ODYSSEY",998,"Damage Reported, Extent Unknown",2,0,1,"Full Driver License","Valid","No",45,"Dry","Turning Left","Turning Left","Unknown/Not Reported","Tracking","Stayed in original travel lane","VAN",0,0,0,0,0,0,1,1,0
481071,4,14,12,"Motor Vehicle In-Transport","Front-to-Front",1,2023,"TOYOTA","CAMRY",998,"Damage Reported, Extent Unknown",0,0,1,"Full Driver License","Valid","No",50,"Dry","Going Straight","From adjacent lane (same direction) over left lane line","Unknown/Not Reported","Tracking","Stayed in original travel lane","4 DR",1,1,1,1,1,1,0,5,3
481078,4,23,20,"Impact Attenuator/Crash Cushion","The First Harmful Event was Not a Collision with a Motor Vehicle in Transport",1,2022,"GMC","ACADIA",998,"Minor Damage",0,0,1,"Full Driver License","Valid","No",70,"Dry","Negotiating a Curve","From adjacent lane (same direction) over right lane line","Unknown/Not Reported","Tracking","Stayed in original travel lane","SUV",1,1,1,1,1,1,0,7,3
481082,4,18,8,"Pedestrian","The First Harmful Event was Not a Collision with a Motor Vehicle in Transport",1,2019,"HONDA","CIVIC",998,"Minor Damage",0,0,1,"Full Driver License","Valid","No",70,"Dry","Going Straight","Pedestrian in road","Unknown/Not Reported","Tracking","Stayed in original travel lane","2 DR",0,1,1,1,1,1,0,5,2
481083,4,9,12,"Motor Vehicle In-Transport","Front-to-Rear",1,2015,"DODGE","DART",998,"Minor Damage",0,0,1,"Full Driver License","Valid","No",45,"Dry","Going Straight","Other critical precrash event (specify:)","Unknown/Not Reported","Tracking","Stayed in original travel lane","4 DR",0,0,0,0,0,0,0,0,0
481087,4,9,12,"Motor Vehicle In-Transport","Angle",2,2017,"TOYOTA","RAV4",998,"Damage Reported, Extent Unknown",1,0,1,"Full Driver License","Valid","No",45,"Dry","Going Straight","Crossing Over (Passing Through) Junction","Unknown/Not Reported","Tracking","Stayed in original travel lane","SUV",0,1,0,1,2,2,0,1,1
481087,4,9,12,"Motor Vehicle In-Transport","Angle",2,2015,"FORD","EXPLORER",998,"Minor Damage",0,0,1,"Full Driver License","Valid","No",40,"Dry","Going Straight","From crossing street, across path","Unknown/Not Reported","Tracking","Stayed in original travel lane","SUV",1,1,0,0,0,0,0,1,1
481095,4,20,8,"Pedestrian","The First Harmful Event was Not a Collision with a Motor Vehicle in Transport",2,2022,"VOLKSWAGEN","ATLAS",998,"Minor Damage",0,0,1,"Full Driver License","Valid","No",45,"Dry","Going Straight","Pedestrian in road","Unknown/Not Reported","Tracking","Stayed in original travel lane","SUV",1,1,1,1,1,1,0,6,3
481097,4,17,12,"Motor Vehicle In-Transport","Front-to-Rear",1,2014,"NISSAN","VERSA",0,"Damage Reported, Extent Unknown",1,0,1,"Full Driver License","Valid","No",55,"Dry","Stopped in Roadway","Traveling in same direction with higher speed","No Avoidance Maneuver","Tracking","Stayed in original travel lane","4 DR",0,0,0,0,0,0,1,1,0
481097,4,17,12,"Motor Vehicle In-Transport","Front-to-Rear",2,2018,"FORD","EXPLORER",998,"Damage Reported, Extent Unknown",0,0,1,"Full Driver License","Valid","No",55,"Dry","Negotiating a Curve","From opposite direction  over left lane line","Unknown/Not Reported","Tracking","Stayed in original travel lane","SUV",1,0,0,0,0,0,0,0,1
481098,4,19,12,"Motor Vehicle In-Transport","Angle",1,2019,"KIA","SEDONA",998,"Damage Reported, Extent Unknown",0,0,1,"Full Driver License","Valid","No",60,"Dry","Turning Left","Turning Left","Unknown/Not Reported","Tracking","Stayed in original travel lane","VAN",0,2,1,1,2,2,0,0,2
481101,4,17,12,"Motor Vehicle In-Transport","Front-to-Rear",3,2017,"KIA","SORENTO",0,"Damage Reported, Extent Unknown",0,0,1,"Intermediate Driver License","Valid","No",55,"Dry","Stopped in Roadway","Traveling in same direction with higher speed","No Avoidance Maneuver","Tracking","Stayed in original travel lane","SUV",0,1,1,0,2,2,0,1,1
481101,4,17,12,"Motor Vehicle In-Transport","Front-to-Rear",1,2018,"TOYOTA","TACOMA",0,"Damage Reported, Extent Unknown",0,0,1,"Full Driver License","Valid","No",55,"Dry","Stopped in Roadway","Traveling in same direction with higher speed","No Avoidance Maneuver","Tracking","Stayed in original travel lane","PU/CC",0,1,1,1,1,1,0,5,2
481104,4,19,14,"Parked Motor Vehicle","The First Harmful Event was Not a Collision with a Motor Vehicle in Transport",1,2015,"FORD","EXPEDITION",998,"Damage Reported, Extent Unknown",0,0,1,"Full Driver License","Valid","No",65,"Dry","Going Straight","Off the edge of the road on the left side","Unknown/Not Reported","Tracking","Departed roadway","SUV",0,1,0,0,0,0,0,1,0
481106,4,10,12,"Motor Vehicle In-Transport","Front-to-Front",1,2020,"CHEVROLET","EQUINOX",998,"Damage Reported, Extent Unknown",1,0,1,"Full Driver License","Valid","No",65,"Dry","Negotiating a Curve","Over the lane line on left side of travel lane","Unknown/Not Reported","Tracking","Stayed on roadway, but left original travel lane","SUV",0,0,1,1,1,1,0,5,2
481106,4,10,12,"Motor Vehicle In-Transport","Front-to-Front",1,2016,"FORD","TRANSIT CONNECT",998,"Damage Reported, Extent Unknown",0,0,1,"Full Driver License","Valid","No",65,"Dry","Negotiating a Curve","From opposite direction  over left lane line","Unknown/Not Reported","Tracking","Stayed in original travel lane","VAN",0,0,0,0,0,0,0,0,0
481111,4,20,12,"Motor Vehicle In-Transport","Front-to-Front",2,2011,"NISSAN","ALTIMA",998,"Damage Reported, Extent Unknown",0,0,1,"Full Driver License","Valid","No",45,"Dry","Turning Left","Turning Left","Unknown/Not Reported","Tracking","Stayed in original travel lane","2 DR",0,1,0,0,0,0,1,2,0
481113,4,19,54,"Motor Vehicle In-Transport Strikes or is Struck by Cargo, Persons or Objects Set-in-Motion from/by Another Motor Vehicle In Transport","Other",2,2020,"KIA","SPORTAGE",998,"Damage Reported, Extent Unknown",1,0,1,"Full Driver License","Valid","No",60,"Dry","Going Straight","Other critical precrash event (specify:)","Unknown/Not Reported","Tracking","Stayed in original travel lane","SUV",1,2,1,1,1,1,0,5,3
481117,5,17,12,"Motor Vehicle In-Transport","Front-to-Rear",2,2012,"HYUNDAI","ACCENT",0,"Damage Reported, Extent Unknown",1,0,1,"Full Driver License","Valid","No",60,"Dry","Stopped in Roadway","Traveling in same direction with higher speed","No Avoidance Maneuver","Tracking","Stayed in original travel lane","5 HB",0,0,0,0,0,0,1,1,0
481117,5,17,12,"Motor Vehicle In-Transport","Front-to-Rear",1,2016,"VOLKSWAGEN","JETTA",998,"Damage Reported, Extent Unknown",0,0,1,"Full Driver License","Valid","No",60,"Dry","Going Straight","From opposite direction  over left lane line","Unknown/Not Reported","Tracking","Stayed in original travel lane","4 DR",1,1,1,0,2,0,0,1,2
481122,5,7,12,"Motor Vehicle In-Transport","Front-to-Front",1,2016,"RAM","1500",998,"Disabling Damage",1,0,1,"Full Driver License","Valid","No",60,"Dry","Going Straight","Over the lane line on left side of travel lane","Unknown/Not Reported","Tracking","Stayed on roadway, but left original travel lane","PU/RC",0,0,0,0,0,0,0,0,0
481132,4,18,8,"Pedestrian","The First Harmful Event was Not a Collision with a Motor Vehicle in Transport",2,2019,"DODGE","CHALLENGER",998,"Damage Reported, Extent Unknown",0,0,1,"Full Driver License","Valid","No",40,"Dry","Going Straight","Pedestrian in road","No Avoidance Maneuver","Tracking","Stayed in original travel lane","2 DR",1,0,1,0,0,0,0,0,2
481135,4,12,12,"Motor Vehicle In-Transport","Angle",1,2022,"GMC","YUKON",998,"Damage Reported, Extent Unknown",0,0,1,"Full Driver License","Valid","No",60,"Dry","Turning Left","Turning Left","No Avoidance Maneuver","Tracking","Stayed in original travel lane","SUV",0,1,0,0,0,0,0,2,0
481139,4,16,12,"Motor Vehicle In-Transport","Sideswipe - Same Direction",1,2022,"KIA","FORTE",998,"Damage Reported, Extent Unknown",1,0,1,"Full Driver License","Valid","No",55,"Dry","Going Straight","From opposite direction  over left lane line","Unknown/Not Reported","Tracking","Stayed in original travel lane","4 DR",0,2,1,1,1,1,0,4,2
481146,5,11,9,"Pedalcyclist","The First Harmful Event was Not a Collision with a Motor Vehicle in Transport",1,2023,"TOYOTA","TACOMA",998,"Damage Reported, Extent Unknown",0,0,1,"Full Driver License","Valid","No",75,"Dry","Going Straight","Pedalcyclist or other non-motorist in road","No Avoidance Maneuver","Tracking","Stayed in original travel lane","PU/EC",1,2,1,1,1,1,0,4,3
481149,4,15,9,"Pedalcyclist","The First Harmful Event was Not a Collision with a Motor Vehicle in Transport",1,2018,"JEEP","COMPASS",998,"Minor Damage",0,0,1,"Full Driver License","Valid","No",35,"Dry","Turning Right","Pedalcyclist or other non-motorist in road","Unknown/Not Reported","Tracking","Stayed in original travel lane","SUV",1,0,0,1,2,2,0,0,2
481152,4,13,15,"Non-Motorist on Personal Conveyance","The First Harmful Event was Not a Collision with a Motor Vehicle in Transport",1,2016,"TOYOTA","HIGHLANDER",998,"Minor Damage",0,0,1,"Learner's Permit","Valid","No",35,"Dry","Turning Left","Pedalcyclist or other non-motorist in road","Unknown/Not Reported","Tracking","Stayed in original travel lane","SUV",0,1,0,1,2,2,0,1,1
481156,5,5,8,"Pedestrian","The First Harmful Event was Not a Collision with a Motor Vehicle in Transport",2,2017,"CHRYSLER","PACIFICA",998,"Damage Reported, Extent Unknown",0,0,1,"Full Driver License","Valid","No",60,"Dry","Going Straight","Pedestrian in road","Unknown/Not Reported","Tracking","Stayed in original travel lane","VAN",1,0,0,1,2,2,0,0,2
481157,5,19,12,"Motor Vehicle In-Transport","Front-to-Rear",1,2017,"TOYOTA","HIGHLANDER",998,"Minor Damage",0,0,1,"Full Driver License","Valid","No",55,"Dry","Making a U-turn","Making a U-Turn","Unknown/Not Reported","Tracking","Stayed on roadway, but left original travel lane","SUV",1,1,1,1,2,2,0,2,3
481161,4,15,25,"Concrete Traffic Barrier","The First Harmful Event was Not a Collision with a Motor Vehicle in Transport",4,2016,"CADILLAC","ESCALADE",998,"Damage Reported, Extent Unknown",1,0,1,"Full Driver License","Valid","No",75,"Dry","Going Straight","Other critical precrash event (specify:)","Unknown/Not Reported","Tracking","Stayed in original travel lane","SUV",1,1,0,1,2,0,0,2,2
481161,4,15,25,"Concrete Traffic Barrier","The First Harmful Event was Not a Collision with a Motor Vehicle in Transport",1,2018,"JEEP","GRAND CHEROKEE",998,"Minor Damage",0,0,1,"Full Driver License","Valid","No",75,"Dry","Going Straight","Other critical precrash event (specify:)","Unknown/Not Reported","Tracking","Stayed in original travel lane","SUV",1,0,0,0,2,2,0,0,1
481161,4,15,25,"Concrete Traffic Barrier","The First Harmful Event was Not a Collision with a Motor Vehicle in Transport",3,2017,"HONDA","PILOT",998,"Damage Reported, Extent Unknown",0,0,1,"Full Driver License","Valid","No",75,"Dry","Going Straight","Other critical precrash event (specify:)","Unknown/Not Reported","Tracking","Stayed in original travel lane","SUV",0,1,1,1,2,2,0,1,2
481164,4,23,12,"Motor Vehicle In-Transport","Front-to-Front",3,2023,"HYUNDAI","PALISADE",998,"Damage Reported, Extent Unknown",0,0,1,"Full Driver License","Valid","No",75,"Dry","Going Straight","Traveling in opposite direction","Unknown/Not Reported","Tracking","Stayed in original travel lane","SUV",1,0,1,1,1,1,0,5,3
481166,4,18,12,"Motor Vehicle In-Transport","Angle",1,2014,"MAZDA","MAZDA6",998,"Damage Reported, Extent Unknown",1,0,1,"Full Driver License","Valid","No",55,"Dry","Going Straight","From crossing street, across path","Unknown/Not Reported","Tracking","Stayed in original travel lane","4 DR",1,0,0,1,2,0,1,1,2
481171,4,17,12,"Motor Vehicle In-Transport","Front-to-Front",1,2011,"TOYOTA","HIGHLANDER",998,"Damage Reported, Extent Unknown",0,0,1,"Full Driver License","Valid","No",65,"Dry","Going Straight","Traveling in opposite direction","Steering right","Tracking","Stayed in original travel lane","SUV",0,1,0,0,0,0,1,2,0
481172,5,13,12,"Motor Vehicle In-Transport","Front-to-Rear",1,2017,"FORD","ESCAPE",998,"Functional Damage",0,0,1,"Full Driver License","Valid","No",60,"Dry","Decelerating in Road","Traveling in same direction with higher speed","Unknown/Not Reported","Tracking","Stayed in original travel lane","SUV",1,0,0,1,0,0,0,1,2
481172,5,13,12,"Motor Vehicle In-Transport","Front-to-Rear",1,2013,"TOYOTA","COROLLA",998,"Minor Damage",0,0,1,"Full Driver License","Valid","No",60,"Dry","Decelerating in Road","Traveling in same direction with higher speed","Unknown/Not Reported","Tracking","Stayed in original travel lane","4 DR",0,0,0,0,0,0,1,1,0
481173,4,20,12,"Motor Vehicle In-Transport","Front-to-Rear",1,2015,"NISSAN","SENTRA",998,"Minor Damage",0,0,1,"Full Driver License","Valid","No",65,"Dry","Going Straight","Other critical precrash event (specify:)","Unknown/Not Reported","Tracking","Stayed in original travel lane","4 DR",0,1,0,0,0,0,0,1,0
481174,5,19,12,"Motor Vehicle In-Transport","Angle",4,2021,"NISSAN","SENTRA",998,"Minor Damage",0,0,1,"Full Driver License","Valid","No",35,"Dry","Going Straight","Over the lane line on right side of travel lane","Unknown/Not Reported","Tracking","Stayed on roadway, not known if left original travel lane","4 DR",1,0,1,1,1,1,0,5,3
481176,5,21,8,"Pedestrian","The First Harmful Event was Not a Collision with a Motor Vehicle in Transport",2,2018,"CHEVROLET","MALIBU",998,"Minor Damage",0,0,1,"Full Driver License","Valid","No",45,"Dry","Going Straight","Pedestrian in road","Unknown/Not Reported","Tracking","Stayed in original travel lane","4 DR",0,1,1,0,2,2,0,2,1
481177,5,20,12,"Motor Vehicle In-Transport","Angle",1,2011,"JEEP","PATRIOT",998,"Minor Damage",1,0,1,"Full Driver License","Valid","No",30,"Dry","Going Straight","From adjacent lane (same direction) over right lane line","Unknown/Not Reported","Tracking","Stayed in original travel lane","SUV",0,0,0,0,0,0,1,1,0
481177,5,20,12,"Motor Vehicle In-Transport","Angle",2,2014,"CHEVROLET","EQUINOX",998,"Minor Damage",0,0,1,"Full Driver License","Valid","No",30,"Dry","Changing Lanes","Over the lane line on left side of travel lane","Unknown/Not Reported","Tracking","Stayed on roadway, but left original travel lane","SUV",0,1,1,0,0,0,1,3,1
481178,5,0,8,"Pedestrian","The First Harmful Event was Not a Collision with a Motor Vehicle in Transport",1,2012,"DODGE","JOURNEY",998,"Damage Reported, Extent Unknown",0,0,1,"Full Driver License","Valid","No",45,"Dry","Going Straight","Pedestrian in road","Unknown/Not Reported","Tracking","Stayed in original travel lane","SUV",1,1,0,0,0,0,1,2,1
481179,5,17,12,"Motor Vehicle In-Transport","Angle",2,2020,"NISSAN","PATHFINDER",998,"Minor Damage",0,0,1,"Full Driver License","Valid","No",30,"Dry","Going Straight","From crossing street, across path","Unknown/Not Reported","Tracking","Stayed in original travel lane","SUV",1,2,1,0,1,1,0,3,2
481186,3,14,12,"Motor Vehicle In-Transport","Angle",1,2016,"JEEP","PATRIOT",998,"Damage Reported, Extent Unknown",1,0,1,"Full Driver License","Valid","No",40,"Dry","Starting in Road","Crossing Over (Passing Through) Junction","Unknown/Not Reported","Tracking","Stayed in original travel lane","SUV",0,0,0,0,0,0,0,0,0
481191,4,21,12,"Motor Vehicle In-Transport","Front-to-Rear",5,2017,"NISSAN","ROGUE",0,"Minor Damage",0,0,1,"Full Driver License","Valid","No",30,"Dry","Stopped in Roadway","Traveling in same direction with higher speed","No Avoidance Maneuver","Tracking","Stayed in original travel lane","SUV",0,0,1,1,2,2,0,0,2
481195,5,22,12,"Motor Vehicle In-Transport","Angle",4,2015,"VOLKSWAGEN","PASSAT",998,"Damage Reported, Extent Unknown",0,0,1,"Full Driver License","Valid","No",35,"Dry","Going Straight","From crossing street, across path","Unknown/Not Reported","Tracking","Stayed in original travel lane","4 DR",0,1,0,0,0,0,0,2,0
481198,4,20,12,"Motor Vehicle In-Transport","Angle",1,2017,"TOYOTA","TACOMA",998,"Minor Damage",0,0,1,"Full Driver License","Valid","No",30,"Dry","Going Straight","Crossing Over (Passing Through) Junction","Unknown/Not Reported","Tracking","Stayed in original travel lane","PU/CC",1,1,0,0,0,0,0,1,1
481200,4,17,12,"Motor Vehicle In-Transport","Front-to-Rear",5,2017,"CADILLAC","ESCALADE",998,"Damage Reported, Extent Unknown",0,0,1,"Full Driver License","Valid","No",55,"Dry","Decelerating in Road","Traveling in same direction with higher speed","Unknown/Not Reported","Tracking","Stayed in original travel lane","SUV",0,1,0,0,2,2,0,2,0
481200,4,17,12,"Motor Vehicle In-Transport","Front-to-Rear",1,2021,"FORD","MUSTANG",998,"Damage Reported, Extent Unknown",0,0,1,"Full Driver License","Valid","No",55,"Dry","Decelerating in Road","From adjacent lane (same direction) over left lane line","Unknown/Not Reported","Tracking","Stayed in original travel lane","2 DR",1,0,1,1,1,1,0,6,3
481200,4,17,12,"Motor Vehicle In-Transport","Front-to-Rear",4,2012,"TOYOTA","CAMRY",998,"Damage Reported, Extent Unknown",0,0,1,"Learner's Permit","Valid","No",55,"Dry","Decelerating in Road","From adjacent lane (same direction) over left lane line","Unknown/Not Reported","Tracking","Stayed in original travel lane","4 DR",0,1,0,0,0,0,1,2,0
481200,4,17,12,"Motor Vehicle In-Transport","Front-to-Rear",1,2016,"CHEVROLET","CRUZE",998,"Minor Damage",0,0,1,"Full Driver License","Valid","No",55,"Dry","Decelerating in Road","From adjacent lane (same direction) over left lane line","Unknown/Not Reported","Tracking","Stayed in original travel lane","4 DR",1,1,0,0,0,0,0,2,1
481209,5,7,12,"Motor Vehicle In-Transport","Angle",1,2017,"RAM","1500",998,"Damage Reported, Extent Unknown",0,0,1,"Full Driver License","Valid","No",40,"Dry","Turning Left","Turning Left","Unknown/Not Reported","Tracking","Stayed in original travel lane","PU/EC",0,0,0,0,0,0,0,0,0
481210,5,7,12,"Motor Vehicle In-Transport","Sideswipe - Same Direction",2,2014,"CHEVROLET","SONIC",998,"Minor Damage",0,0,1,"Full Driver License","Valid","No",70,"Dry","Going Straight","Traveling in same direction with higher speed","Unknown/Not Reported","Tracking","Stayed in original travel lane","5 HB",0,2,0,1,0,0,1,2,1
481210,5,7,12,"Motor Vehicle In-Transport","Sideswipe - Same Direction",1,2015,"NISSAN","FRONTIER",998,"Disabling Damage",0,0,1,"Full Driver License","Valid","No",70,"Dry","Going Straight","From opposite direction  over left lane line","Unknown/Not Reported","Tracking","Stayed in original travel lane","PU/CC",0,0,0,0,0,0,0,0,0
481214,4,16,33,"Curb","The First Harmful Event was Not a Collision with a Motor Vehicle in Transport",1,2022,"TOYOTA","TACOMA",998,"Damage Reported, Extent Unknown",0,0,1,"Full Driver License","Valid","No",40,"Dry","Going Straight","From crossing street, across path","Unknown/Not Reported","Tracking","Stayed in original travel lane","PU/CC",0,2,1,1,1,1,0,5,2
481214,4,16,33,"Curb","The First Harmful Event was Not a Collision with a Motor Vehicle in Transport",1,2012,"MERCEDES-BENZ","E-CLASS",998,"Damage Reported, Extent Unknown",0,0,1,"Full Driver License","Valid","No",40,"Dry","Going Straight","From crossing street, across path","Unknown/Not Reported","Tracking","Stayed in original travel lane","2 DR",1,1,1,0,0,0,1,2,2
481219,5,14,12,"Motor Vehicle In-Transport","Angle",2,2016,"HONDA","ACCORD",998,"Damage Reported, Extent Unknown",1,0,1,"Full Driver License","Valid","No",55,"Dry","Making a U-turn","Making a U-Turn","Unknown/Not Reported","Tracking","Stayed on roadway, but left original travel lane","4 DR",0,1,1,1,2,2,0,2,2
481224,5,1,12,"Motor Vehicle In-Transport","Front-to-Front",4,2018,"DODGE","GRAND CARAVAN",998,"Damage Reported, Extent Unknown",4,0,1,"Full Driver License","Valid","No",65,"Dry","Going Straight","Traveling in opposite direction","Unknown/Not Reported","Tracking","Stayed in original travel lane","VAN",1,0,0,0,0,0,0,0,1
481226,5,23,12,"Motor Vehicle In-Transport","Front-to-Front",1,2020,"BUICK","ENVISION",998,"Damage Reported, Extent Unknown",1,0,1,"Full Driver License","Valid","No",75,"Dry","Going Straight","From opposite direction  over left lane line","Unknown/Not Reported","Tracking","Stayed in original travel lane","SUV",1,1,1,0,2,2,0,2,2
481231,5,16,12,"Motor Vehicle In-Transport","Angle",1,2021,"RAM","1500",998,"Damage Reported, Extent Unknown",0,0,1,"Intermediate Driver License","Valid","No",30,"Dry","Going Straight","From adjacent lane (same direction) over right lane line","Unknown/Not Reported","Tracking","Stayed in original travel lane","PU/EC",0,0,1,1,2,2,0,0,2
481237,5,20,1,"Rollover/Overturn","The First Harmful Event was Not a Collision with a Motor Vehicle in Transport",1,2020,"NISSAN","ALTIMA",998,"Damage Reported, Extent Unknown",0,0,1,"Full Driver License","Valid","No",55,"Dry","Turning Left","From opposite direction  over right lane line","Unknown/Not Reported","Tracking","Stayed in original travel lane","4 DR",1,1,1,1,1,1,0,4,3
481240,5,3,8,"Pedestrian","The First Harmful Event was Not a Collision with a Motor Vehicle in Transport",2,2021,"FORD","EXPLORER",998,"Damage Reported, Extent Unknown",0,0,1,"Full Driver License","Valid","No",45,"Dry","Going Straight","Pedestrian in road","Unknown/Not Reported","Tracking","Stayed in original travel lane","SUV",1,0,1,1,1,1,0,6,3
481251,4,5,12,"Motor Vehicle In-Transport","Front-to-Front",1,2015,"HONDA","CR-V",998,"Damage Reported, Extent Unknown",1,0,1,"Full Driver License","Valid","No",65,"Dry","Going Straight","Traveling in opposite direction","Unknown/Not Reported","Tracking","Stayed in original travel lane","SUV",0,1,0,0,2,2,0,1,0
481252,5,7,12,"Motor Vehicle In-Transport","Angle",1,2012,"MAZDA","MAZDA6",998,"Damage Reported, Extent Unknown",1,0,1,"Intermediate Driver License","Valid","No",55,"Dry","Turning Left","Turning Left","Unknown/Not Reported","Tracking","Stayed in original travel lane","4 DR",0,1,0,0,0,0,1,2,0
481259,5,1,12,"Motor Vehicle In-Transport","Front-to-Rear",1,2013,"HONDA","FIT",0,"Damage Reported, Extent Unknown",1,0,1,"Full Driver License","Valid","No",75,"Dry","Disabled or ""Parked"" in Travel lane","Traveling in same direction with higher speed","No Avoidance Maneuver","Tracking","Stayed in original travel lane","5 HB",0,0,0,0,0,0,1,1,0