"SERIAL_CRASH","MONTH","HOUR","HARM_EV","HARM_EVNAME","TYPE_OF_COLLIOSION","NUM_OF_PEOPLE","MOD_YEAR","VPICMAKENAME","VPICMODELNAME","TRAV_SP","DEFORMEDNAME","DEATHS","DR_DRINK","IS_DRIVER_PRESENT","L_TYPENAME","L_STATUSNAME","SPEEDRELNAME","VSPD_LIM","VSURCONDNAME","P_CRASH1NAME","P_CRASH2NAME","P_CRASH3NAME","PCRASH4NAME","PCRASH5NAME","BODY_STYLE","BLIND_SPOT_DETECTION","ARS","FRNT_COLLISION_WARNING","LANE_DEPARTURE_WARNING","CRASH_IMMINENT_BRAKE","DYNAMIC_BRAKE_SUPPORT","NHTSA_ESC","SAFETY_COUNT","notification_count"
481259,5,1,12,"Motor Vehicle In-Transport","Front-to-Rear",1,2017,"CHEVROLET","MALIBU",998,"Damage Reported, Extent Unknown",0,0,1,"Full Driver License","Valid","No",75,"Dry","Going Straight","Other vehicle stopped","No Avoidance Maneuver","Tracking","Stayed in original travel lane","4 DR",1,1,0,1,2,2,0,2,2
481260,5,12,12,"Motor Vehicle In-Transport","Front-to-Rear",1,2012,"MERCEDES-BENZ","E-CLASS",998,"Damage Reported, Extent Unknown",0,0,1,"Full Driver License","Valid","No",40,"Dry","Going Straight","From opposite direction  over left lane line","Steering left","Precrash stability unknown","Stayed on roadway, but left original travel lane","2 DR",0,1,1,0,0,0,1,2,1
481272,4,14,12,"Motor Vehicle In-Transport","Front-to-Rear",1,2014,"TOYOTA","CAMRY",998,"Damage Reported, Extent Unknown",0,0,1,"Full Driver License","Valid","No",40,"Dry","Negotiating a Curve","From adjacent lane (same direction) over left lane line","Unknown/Not Reported","Tracking","Stayed in original travel lane","4 DR",1,0,0,0,0,0,1,1,1
481273,5,18,12,"Motor Vehicle In-Transport","Angle",1,2022,"NISSAN","KICKS",998,"Damage Reported, Extent Unknown",0,0,1,"Full Driver License","Valid","No",60,"Dry","Turning Left","Turning Left","Unknown/Not Reported","Tracking","Stayed in original travel lane","SUV",1,0,1,1,1,1,0,5,3
481273,5,18,12,"Motor Vehicle In-Transport","Angle",4,2022,"JEEP","GRAND CHEROKEE",0,"Minor Damage",0,0,1,"Full Driver License","Valid","No",55,"Dry","Stopped in Roadway","From crossing street, turning into opposite direction","No Avoidance Maneuver","Tracking","Stayed in original travel lane","SUV",1,1,1,1,1,1,0,7,3
481274,5,6,8,"Pedestrian","The First Harmful Event was Not a Collision with a Motor Vehicle in Transport",1,2022,"CHEVROLET","TAHOE",998,"Damage Reported, Extent Unknown",0,0,1,"Full Driver License","Valid","No",50,"Dry","Going Straight","Pedestrian in road","Unknown/Not Reported","Tracking","Stayed in original travel lane","SUV",0,1,0,0,0,0,0,2,0
481279,4,16,12,"Motor Vehicle In-Transport","Angle",2,2011,"CHEVROLET","CORVETTE",998,"Minor Damage",0,0,1,"Full Driver License","Valid","No",30,"Dry","Going Straight","From crossing street, across path","Unknown/Not Reported","Tracking","Stayed in original travel lane","2 DR",0,0,0,0,0,0,1,2,0
481281,4,23,12,"Motor Vehicle In-Transport","Angle",1,2015,"HYUNDAI","SONATA",998,"Damage Reported, Extent Unknown",0,0,1,"Full Driver License","Valid","No",40,"Dry","Turning Left","Turning Left","Unknown/Not Reported","Tracking","Stayed in original travel lane","4 DR",0,1,1,0,0,0,0,1,1
481283,5,2,12,"Motor Vehicle In-Transport","Front-to-Front",1,2016,"FORD","FUSION",998,"Damage Reported, Extent Unknown",0,0,1,"Intermediate Driver License","Valid","No",70,"Dry","Going Straight","Traveling in opposite direction","Unknown/Not Reported","Tracking","Stayed in original travel lane","4 DR",0,1,0,0,0,0,0,1,0
481288,5,17,12,"Motor Vehicle In-Transport","Angle",1,2019,"RAM","2500",998,"Damage Reported, Extent Unknown",0,0,1,"Full Driver License","Valid","No",70,"Dry","Going Straight","From crossing street, across path","Steering left","Precrash stability unknown","Stayed in original travel lane","PU/CC",0,0,1,0,2,2,0,0,1
481293,5,6,14,"Parked Motor Vehicle","The First Harmful Event was Not a Collision with a Motor Vehicle in Transport",1,2011,"SUZUKI","EQUATOR",998,"Damage Reported, Extent Unknown",1,0,1,"Full Driver License","Valid","No",75,"Dry","Passing or Overtaking Another Vehicle","Off the edge of the road on the right side","Unknown/Not Reported","Tracking","Departed roadway","PU/CC",0,0,0,0,0,0,1,1,0
481294,5,21,12,"Motor Vehicle In-Transport","Angle",2,2021,"CHEVROLET","TRAILBLAZER",998,"Damage Reported, Extent Unknown",0,0,1,"Full Driver License","Valid","No",45,"Dry","Going Straight","From adjacent lane (same direction) over left lane line","Unknown/Not Reported","Tracking","Stayed in original travel lane","SUV",0,1,1,1,1,1,0,6,2
481298,5,13,12,"Motor Vehicle In-Transport","Angle",2,2017,"NISSAN","TITAN",998,"Disabling Damage",1,0,1,"Full Driver License","Valid","No",55,"Dry","Going Straight","From crossing street, intended path not known","Unknown/Not Reported","Tracking","Stayed in original travel lane","PU/CC",1,0,0,0,0,0,0,0,1
481299,5,7,12,"Motor Vehicle In-Transport","Angle",1,2016,"RAM","2500",998,"Damage Reported, Extent Unknown",1,0,1,"Full Driver License","Valid","No",50,"Dry","Going Straight","From crossing street, turning into opposite direction","Unknown/Not Reported","Tracking","Stayed in original travel lane","PU/CC",0,0,0,0,0,0,0,0,0
481303,5,3,12,"Motor Vehicle In-Transport","Front-to-Front",1,2014,"FORD","FUSION",998,"Damage Reported, Extent Unknown",1,0,1,"Full Driver License","Valid","No",65,"Dry","Negotiating a Curve","Other cause of control loss (specify:)","No Avoidance Maneuver","Tracking","Stayed on roadway, but left original travel lane","4 DR",1,1,1,0,0,0,1,2,2
481314,5,19,14,"Parked Motor Vehicle","The First Harmful Event was Not a Collision with a Motor Vehicle in Transport",1,2017,"FORD","ESCAPE",998,"Damage Reported, Extent Unknown",0,0,1,"Full Driver License","Valid","No",30,"Dry","Going Straight","From driveway, intended path not known","Steering right","Precrash stability unknown","Departed roadway","SUV",0,0,0,0,0,0,0,1,0
481327,5,7,25,"Concrete Traffic Barrier","The First Harmful Event was Not a Collision with a Motor Vehicle in Transport",1,2014,"DODGE","AVENGER",998,"Disabling Damage",1,0,1,"Full Driver License","Valid","No",70,"Dry","Going Straight","Other critical precrash event (specify:)","Unknown/Not Reported","Tracking","Stayed in original travel lane","4 DR",0,1,0,0,0,0,1,2,0
481328,5,12,12,"Motor Vehicle In-Transport","Front-to-Rear",1,2017,"MERCEDES-BENZ","C-CLASS",998,"Damage Reported, Extent Unknown",0,0,1,"Full Driver License","Valid","No",40,"Dry","Starting in Road","Traveling in same direction with higher speed","Unknown/Not Reported","Tracking","Stayed in original travel lane","2 DR",0,1,1,0,1,1,0,4,1
481344,5,21,12,"Motor Vehicle In-Transport","Front-to-Front",1,2016,"NISSAN","ROGUE",998,"Damage Reported, Extent Unknown",0,0,1,"Full Driver License","Valid","No",40,"Dry","Turning Left","Turning Left","Unknown/Not Reported","Tracking","Stayed in original travel lane","SUV",1,0,0,0,2,2,0,0,1
481347,5,8,12,"Motor Vehicle In-Transport","Front-to-Rear",1,2013,"TOYOTA","CAMRY",0,"Disabling Damage",1,0,1,"Full Driver License","Valid","No",70,"Dry","Stopped in Roadway","Traveling in same direction with higher speed","No Avoidance Maneuver","Tracking","Stayed in original travel lane","4 DR",0,1,0,0,0,0,1,2,0
481349,5,12,12,"Motor Vehicle In-Transport","Front-to-Rear",3,2019,"TOYOTA","RAV4",998,"Damage Reported, Extent Unknown",1,0,1,"Full Driver License","Valid","No",75,"Dry","Decelerating in Road","From adjacent lane (same direction) over left lane line","Unknown/Not Reported","Tracking","Stayed in original travel lane","SUV",0,1,1,1,1,1,0,6,2
481355,5,17,12,"Motor Vehicle In-Transport","Front-to-Rear",1,2014,"HONDA","CR-V",0,"Damage Reported, Extent Unknown",1,0,1,"Full Driver License","Valid","No",70,"Dry","Stopped in Roadway","Traveling in same direction with higher speed","No Avoidance Maneuver","Tracking","Stayed in original travel lane","SUV",0,0,0,0,0,0,1,1,0
481356,5,16,12,"Motor Vehicle In-Transport","Angle",3,2018,"FORD","MUSTANG",80,"Minor Damage",0,0,1,"Full Driver License","Valid","No",70,"Dry","Going Straight","Other critical precrash event (specify:)","Other actions (specify:)","Tracking","Stayed in original travel lane","2 DR",0,0,0,0,2,2,0,1,0
481357,5,19,57,"Cable Barrier","The First Harmful Event was Not a Collision with a Motor Vehicle in Transport",1,2012,"MAZDA","MAZDA3",998,"Damage Reported, Extent Unknown",1,0,1,"Full Driver License","Valid","No",75,"Dry","Going Straight","Off the edge of the road on the left side","Unknown/Not Reported","Tracking","Departed roadway","4 DR",0,1,0,0,0,0,1,2,0
481357,5,19,57,"Cable Barrier","The First Harmful Event was Not a Collision with a Motor Vehicle in Transport",2,2022,"FORD","EDGE",998,"Damage Reported, Extent Unknown",0,0,1,"Full Driver License","Valid","No",75,"Dry","Going Straight","From opposite direction  over left lane line","Unknown/Not Reported","Tracking","Stayed in original travel lane","SUV",1,0,1,1,1,1,0,6,3
481357,5,19,57,"Cable Barrier","The First Harmful Event was Not a Collision with a Motor Vehicle in Transport",1,2013,"TOYOTA","RAV4",998,"Minor Damage",0,0,1,"Full Driver License","Valid","No",75,"Dry","Going Straight","Other critical precrash event (specify:)","Unknown/Not Reported","Tracking","Stayed in original travel lane","SUV",0,0,0,0,0,0,1,1,0
481360,5,11,12,"Motor Vehicle In-Transport","Front-to-Rear",1,2019,"RAM","1500",0,"Disabling Damage",0,0,1,"Full Driver License","Valid","No",45,"Dry","Stopped in Roadway","Traveling in same direction with higher speed","No Avoidance Maneuver","Tracking","Stayed in original travel lane","PU/EC",1,1,0,0,2,2,0,1,1
481360,5,11,12,"Motor Vehicle In-Transport","Front-to-Rear",1,2015,"FORD","ESCAPE",0,"Damage Reported, Extent Unknown",0,0,1,"Full Driver License","Valid","No",45,"Dry","Stopped in Roadway","From adjacent lane (same direction) over left lane line","No Avoidance Maneuver","Tracking","Stayed in original travel lane","SUV",0,1,0,0,0,0,0,1,0
481366,5,20,8,"Pedestrian","The First Harmful Event was Not a Collision with a Motor Vehicle in Transport",2,2017,"MAZDA","CX-3",998,"Minor Damage",0,0,1,"Full Driver License","Valid","No",35,"Dry","Going Straight","Pedestrian in road","Unknown/Not Reported","Tracking","Stayed in original travel lane","SUV",1,1,1,0,2,2,0,2,2
481366,5,20,8,"Pedestrian","The First Harmful Event was Not a Collision with a Motor Vehicle in Transport",1,2014,"HYUNDAI","SANTA FE",998,"Minor Damage",0,0,1,"Full Driver License","Valid","No",35,"Dry","Going Straight","Pedestrian in road","Unknown/Not Reported","Tracking","Stayed in original travel lane","SUV",1,0,0,0,0,0,1,1,1
481367,5,14,12,"Motor Vehicle In-Transport","Angle",1,2020,"BUICK","ENVISION",998,"Minor Damage",0,0,1,"Full Driver License","Valid","No",30,"Dry","Going Straight","From crossing street, across path","Unknown/Not Reported","Tracking","Stayed in original travel lane","SUV",0,1,1,1,2,2,0,2,2
481377,5,10,12,"Motor Vehicle In-Transport","Angle",2,2019,"RAM","2500",998,"Damage Reported, Extent Unknown",0,0,1,"Full Driver License","Valid","No",65,"Dry","Going Straight","From opposite direction  over left lane line","Unknown/Not Reported","Tracking","Stayed in original travel lane","PU/CC",1,0,0,0,2,2,0,0,1
481382,5,19,12,"Motor Vehicle In-Transport","Angle",3,2016,"FORD","MUSTANG",998,"Minor Damage",0,0,1,"Full Driver License","Valid","No",75,"Dry","Going Straight","From adjacent lane (same direction) over right lane line","Unknown/Not Reported","Tracking","Stayed in original travel lane","C",0,0,1,0,0,0,0,0,1
481395,5,0,8,"Pedestrian","The First Harmful Event was Not a Collision with a Motor Vehicle in Transport",1,2023,"CHEVROLET","MALIBU",998,"Damage Reported, Extent Unknown",0,0,1,"Full Driver License","Valid","No",45,"Dry","Going Straight","Pedestrian in road","No Avoidance Maneuver","Tracking","Stayed in original travel lane","4 DR",0,2,1,1,1,1,0,4,2
481405,5,17,12,"Motor Vehicle In-Transport","Front-to-Rear",3,2013,"DODGE","CHARGER",0,"Damage Reported, Extent Unknown",1,0,1,"Full Driver License","Valid","No",55,"Dry","Stopped in Roadway","Traveling in same direction with higher speed","No Avoidance Maneuver","Tracking","Stayed in original travel lane","4 DR",0,1,0,0,0,0,1,2,0
481405,5,17,12,"Motor Vehicle In-Transport","Front-to-Rear",2,2021,"CHEVROLET","EQUINOX",0,"Minor Damage",0,0,1,"Full Driver License","Valid","No",55,"Dry","Stopped in Roadway","Traveling in same direction with higher speed","No Avoidance Maneuver","Tracking","Stayed in original travel lane","SUV",1,1,1,1,1,1,0,6,3
481405,5,17,12,"Motor Vehicle In-Transport","Front-to-Rear",1,2020,"TOYOTA","CAMRY",0,"Damage Reported, Extent Unknown",0,0,1,"Full Driver License","Valid","No",55,"Dry","Stopped in Roadway","From adjacent lane (same direction) over left lane line","No Avoidance Maneuver","Tracking","Stayed in original travel lane","4 DR",1,1,1,1,1,1,0,6,3
481406,5,3,12,"Motor Vehicle In-Transport","Front-to-Rear",1,2018,"FORD","FUSION",0,"Damage Reported, Extent Unknown",0,0,1,"Full Driver License","Valid","No",55,"Dry","Stopped in Roadway","From adjacent lane (same direction) over right lane line","No Avoidance Maneuver","Tracking","Stayed in original travel lane","4 DR",1,1,0,0,2,2,0,2,1
481414,5,6,8,"Pedestrian","The First Harmful Event was Not a Collision with a Motor Vehicle in Transport",1,2023,"CHEVROLET","TAHOE",998,"Damage Reported, Extent Unknown",0,0,1,"Full Driver License","Valid","No",30,"Dry","Going Straight","Pedestrian in road","Unknown/Not Reported","Precrash stability unknown","Stayed in original travel lane","SUV",0,0,1,1,1,1,0,4,2
481417,5,3,12,"Motor Vehicle In-Transport","Front-to-Rear",2,2013,"CADILLAC","SRX",998,"Minor Damage",0,0,1,"Full Driver License","Valid","No",45,"Dry","Going Straight","Traveling in same direction with higher speed","Unknown/Not Reported","Tracking","Stayed in original travel lane","SUV",0,1,0,0,2,2,1,3,0
481424,4,6,12,"Motor Vehicle In-Transport","Angle",1,2018,"JEEP","WRANGLER JK",998,"Damage Reported, Extent Unknown",1,0,1,"Full Driver License","Valid","No",40,"Dry","Going Straight","From opposite direction  over left lane line","Unknown/Not Reported","Tracking","Stayed in original travel lane","SUV",0,0,0,0,0,0,0,0,0
481426,5,21,8,"Pedestrian","The First Harmful Event was Not a Collision with a Motor Vehicle in Transport",1,2019,"NISSAN","VERSA",35,"Damage Reported, Extent Unknown",0,0,1,"Full Driver License","Valid","No",35,"Dry","Going Straight","Pedestrian in road","Steering right","Tracking","Stayed on roadway, but left original travel lane","4 DR",0,0,0,0,0,0,0,0,0
481432,5,21,8,"Pedestrian","The First Harmful Event was Not a Collision with a Motor Vehicle in Transport",1,2014,"RAM","1500",998,"Damage Reported, Extent Unknown",0,0,1,"Full Driver License","Valid","No",40,"Dry","Going Straight","Pedestrian in road","No Avoidance Maneuver","Tracking","Stayed in original travel lane","PU/RC",0,1,0,0,0,0,1,2,0
481436,6,21,9,"Pedalcyclist","The First Harmful Event was Not a Collision with a Motor Vehicle in Transport",2,2011,"TOYOTA","CAMRY",998,"Damage Reported, Extent Unknown",0,0,1,"Full Driver License","Valid","No",35,"Dry","Going Straight","Pedalcyclist or other non-motorist in road","Unknown/Not Reported","Tracking","Stayed in original travel lane","4 DR",0,1,0,0,0,0,1,2,0
481441,6,10,12,"Motor Vehicle In-Transport","Front-to-Rear",1,2016,"FORD","ESCAPE",998,"Damage Reported, Extent Unknown",1,0,1,"Full Driver License","Valid","No",75,"Dry","Going Straight","Traveling in same direction with higher speed","Unknown/Not Reported","Tracking","Stayed in original travel lane","SUV",1,0,0,0,0,0,0,0,1
481441,6,10,12,"Motor Vehicle In-Transport","Front-to-Rear",2,2019,"SUBARU","ASCENT",998,"Damage Reported, Extent Unknown",2,0,1,"Full Driver License","Valid","No",75,"Dry","Going Straight","Traveling in same direction with higher speed","Unknown/Not Reported","Tracking","Stayed in original travel lane","SUV",0,0,1,1,1,1,0,5,2
481448,6,14,12,"Motor Vehicle In-Transport","Angle",2,2017,"FORD","EXPEDITION EL",998,"Damage Reported, Extent Unknown",1,0,1,"Full Driver License","Valid","No",60,"Dry","Turning Left","Over the lane line on left side of travel lane","Unknown/Not Reported","Tracking","Stayed on roadway, but left original travel lane","EXTENDED SUV",0,0,0,0,0,0,0,0,0
481451,6,9,12,"Motor Vehicle In-Transport","Front-to-Front",1,2020,"FORD","EXPLORER",998,"Damage Reported, Extent Unknown",1,0,1,"Full Driver License","Valid","No",70,"Dry","Going Straight","Traveling in opposite direction","Unknown/Not Reported","Tracking","Stayed in original travel lane","SUV",1,0,1,1,1,1,0,6,3
481454,5,16,12,"Motor Vehicle In-Transport","Angle",1,2011,"JEEP","PATRIOT",998,"Damage Reported, Extent Unknown",1,0,1,"Full Driver License","Valid","No",70,"Dry","Going Straight","From crossing street, across path","Unknown/Not Reported","Tracking","Stayed in original travel lane","SUV",0,0,0,0,0,0,1,1,0
481460,6,21,8,"Pedestrian","The First Harmful Event was Not a Collision with a Motor Vehicle in Transport",1,2014,"AUDI","Q5",998,"Minor Damage",0,0,1,"Full Driver License","Valid","No",45,"Dry","Going Straight","Pedestrian in road","Unknown/Not Reported","Tracking","Stayed in original travel lane","SUV",0,1,1,0,2,0,1,2,1
481461,5,15,12,"Motor Vehicle In-Transport","Angle",2,2014,"FORD","FOCUS",998,"Damage Reported, Extent Unknown",1,0,1,"Full Driver License","Valid","No",55,"Dry","Going Straight","Crossing Over (Passing Through) Junction","Unknown/Not Reported","Tracking","Stayed in original travel lane","5 HB",0,1,0,0,0,0,1,2,0
481461,5,15,12,"Motor Vehicle In-Transport","Angle",2,2011,"FORD","F-250",998,"Minor Damage",0,0,1,"Full Driver License","Valid","No",60,"Dry","Going Straight","From opposite direction  over left lane line","Unknown/Not Reported","Tracking","Stayed in original travel lane","PU/RC",0,0,0,0,0,0,1,1,0
481463,4,0,9,"Pedalcyclist","The First Harmful Event was Not a Collision with a Motor Vehicle in Transport",1,2015,"HONDA","CIVIC",998,"Damage Reported, Extent Unknown",0,0,1,"Full Driver License","Valid","No",40,"Dry","Going Straight","Pedalcyclist or other non-motorist in road","Unknown/Not Reported","Tracking","Stayed in original travel lane","4 DR",0,1,1,0,0,0,0,1,1
481464,3,9,12,"Motor Vehicle In-Transport","Angle",1,2017,"FORD","FOCUS",998,"Damage Reported, Extent Unknown",0,0,1,"Learner's Permit","Valid","No",35,"Dry","Going Straight","From crossing street, across path","Unknown/Not Reported","Tracking","Stayed in original travel lane","4 DR",0,0,0,1,0,0,0,0,1
481469,5,14,12,"Motor Vehicle In-Transport","Angle",3,2014,"TOYOTA","HIGHLANDER",998,"Damage Reported, Extent Unknown",0,0,1,"Full Driver License","Valid","No",75,"Dry","Going Straight","From crossing street, turning into opposite direction","Unknown/Not Reported","Tracking","Stayed in original travel lane","SUV",1,0,1,1,2,2,1,1,3
481472,5,14,12,"Motor Vehicle In-Transport","Front-to-Front",1,2013,"CHEVROLET","SONIC",998,"Damage Reported, Extent Unknown",1,0,1,"Full Driver License","Valid","No",65,"Dry","Negotiating a Curve","Traveling in opposite direction","Steering right","Precrash stability unknown","Departed roadway","5 HB",0,2,0,0,0,0,1,2,0
481476,6,16,12,"Motor Vehicle In-Transport","Angle",5,2013,"DODGE","DURANGO",998,"Damage Reported, Extent Unknown",0,0,1,"Full Driver License","Valid","No",45,"Dry","Turning Left","From adjacent lane (same direction) over left lane line","Unknown/Not Reported","Tracking","Stayed in original travel lane","SUV",0,1,0,0,2,2,1,2,0
481482,6,17,8,"Pedestrian","The First Harmful Event was Not a Collision with a Motor Vehicle in Transport",1,2016,"HYUNDAI","TUCSON",998,"Damage Reported, Extent Unknown",0,0,1,"Full Driver License","Valid","No",40,"Dry","Going Straight","Pedestrian in road","Unknown/Not Reported","Tracking","Stayed in original travel lane","SUV",1,1,1,0,2,2,0,1,2
481485,5,19,42,"Tree (Standing Only)","The First Harmful Event was Not a Collision with a Motor Vehicle in Transport",1,2018,"FORD","ESCAPE",998,"Disabling Damage",1,0,1,"Full Driver License","Valid","No",75,"Dry","Going Straight","Off the edge of the road on the right side","Unknown/Not Reported","Tracking","Departed roadway","SUV",1,0,0,0,0,0,0,1,1
481486,5,18,12,"Motor Vehicle In-Transport","Angle",2,2017,"JEEP","RENEGADE",0,"Damage Reported, Extent Unknown",0,0,1,"Full Driver License","Valid","No",55,"Dry","Stopped in Roadway","From crossing street, across path","No Avoidance Maneuver","Tracking","Stayed in original travel lane","SUV",0,0,0,1,2,2,0,0,1
481487,5,13,12,"Motor Vehicle In-Transport","Sideswipe - Same Direction",2,2015,"MERCEDES-BENZ","E-CLASS",998,"Minor Damage",0,0,1,"Full Driver License","Valid","No",55,"Dry","Negotiating a Curve","Traveling in same direction with higher speed","Unknown/Not Reported","Tracking","Stayed in original travel lane","SW",0,0,0,1,2,2,0,0,1
481489,5,12,12,"Motor Vehicle In-Transport","Front-to-Front",1,2012,"FORD","FOCUS",998,"Damage Reported, Extent Unknown",1,0,1,"Full Driver License","Valid","No",60,"Dry","Negotiating a Curve","From opposite direction  over left lane line","Unknown/Not Reported","Tracking","Stayed in original travel lane","5 HB",0,1,0,0,0,0,1,2,0
481491,5,17,12,"Motor Vehicle In-Transport","Front-to-Front",1,2012,"HONDA","CIVIC",998,"Damage Reported, Extent Unknown",1,0,1,"Full Driver License","Valid","No",55,"Dry","Going Straight","Over the lane line on left side of travel lane","Unknown/Not Reported","Tracking","Stayed on roadway, but left original travel lane","2 DR",0,0,0,0,0,0,1,1,0
481491,5,17,12,"Motor Vehicle In-Transport","Front-to-Front",2,2019,"HONDA","CR-V",998,"Damage Reported, Extent Unknown",0,0,1,"Full Driver License","Valid","No",55,"Dry","Going Straight","From opposite direction  over left lane line","Unknown/Not Reported","Tracking","Stayed in original travel lane","SUV",1,1,1,0,2,2,0,1,2
481491,5,17,12,"Motor Vehicle In-Transport","Front-to-Front",1,2020,"RAM","1500",998,"Damage Reported, Extent Unknown",0,0,1,"Full Driver License","Valid","No",55,"Dry","Going Straight","From opposite direction  over left lane line","Unknown/Not Reported","Tracking","Stayed in original travel lane","PU/EC",0,0,0,1,2,2,0,0,1
481493,6,6,12,"Motor Vehicle In-Transport","Sideswipe - Opposite Direction",1,2017,"HONDA","CIVIC",998,"Minor Damage",1,0,1,"Intermediate Driver License","Valid","No",55,"Dry","Going Straight","Off the edge of the road on the left side","Unknown/Not Reported","Tracking","Stayed on roadway, but left original travel lane","2 DR",0,1,0,1,2,2,0,1,1
481493,6,6,12,"Motor Vehicle In-Transport","Sideswipe - Opposite Direction",2,2014,"BMW","320I",998,"Minor Damage",0,0,1,"Full Driver License","Valid","No",55,"Dry","Going Straight","From opposite direction  over left lane line","Unknown/Not Reported","Tracking","Stayed in original travel lane","4 DR",0,0,0,0,0,0,1,2,0
481496,5,17,12,"Motor Vehicle In-Transport","Front-to-Front",1,2020,"FORD","RANGER",998,"Damage Reported, Extent Unknown",0,0,1,"Full Driver License","Valid","No",60,"Dry","Going Straight","Over the lane line on left side of travel lane","Unknown/Not Reported","Tracking","Stayed on roadway, but left original travel lane","PU/EC",1,0,1,1,1,1,0,6,3
481497,6,18,8,"Pedestrian","The First Harmful Event was Not a Collision with a Motor Vehicle in Transport",1,2013,"HYUNDAI","SONATA",998,"Damage Reported, Extent Unknown",0,0,1,"Full Driver License","Valid","No",70,"Dry","Going Straight","Pedestrian in road","Unknown/Not Reported","Tracking","Stayed in original travel lane","4 DR",0,1,0,0,0,0,1,2,0
481500,6,18,12,"Motor Vehicle In-Transport","Angle",2,2016,"BMW","X5",998,"Damage Reported, Extent Unknown",1,0,1,"Full Driver License","Valid","No",55,"Dry","Turning Left","Turning Left","Unknown/Not Reported","Tracking","Stayed in original travel lane","SUV",0,1,1,0,2,2,0,2,1
481500,6,18,12,"Motor Vehicle In-Transport","Angle",1,2020,"INFINITI","Q50",998,"Damage Reported, Extent Unknown",0,0,1,"Full Driver License","Valid","No",55,"Dry","Going Straight","From opposite direction  over left lane line","Unknown/Not Reported","Tracking","Stayed in original travel lane","4 DR",1,0,1,0,1,1,0,3,2
481501,6,2,12,"Motor Vehicle In-Transport","Front-to-Front",2,2022,"HYUNDAI","SONATA",998,"Damage Reported, Extent Unknown",1,0,1,"Full Driver License","Valid","No",75,"Dry","Going Straight","Traveling in opposite direction","Unknown/Not Reported","Tracking","Stayed in original travel lane","4 DR",1,2,1,1,1,1,0,4,3
481504,5,15,12,"Motor Vehicle In-Transport","Front-to-Rear",2,2021,"TOYOTA","RAV4",998,"Minor Damage",0,0,1,"Full Driver License","Valid","No",70,"Dry","Negotiating a Curve","Traveling in same direction while decelerating","Unknown/Not Reported","Tracking","Stayed in original travel lane","SUV",1,1,1,1,1,1,0,6,3
481505,5,15,12,"Motor Vehicle In-Transport","Front-to-Front",1,2014,"FORD","ESCAPE",998,"Minor Damage",0,0,1,"Learner's Permit","Valid","No",50,"Dry","Going Straight","From opposite direction  over right lane line","Unknown/Not Reported","Tracking","Stayed in original travel lane","SUV",1,0,0,0,0,0,1,1,1
481507,6,15,12,"Motor Vehicle In-Transport","Angle",2,2012,"TOYOTA","TUNDRA",998,"Disabling Damage",1,0,1,"Full Driver License","Valid","No",60,"Dry","Going Straight","Crossing Over (Passing Through) Junction","Unknown/Not Reported","Tracking","Stayed in original travel lane","PU/RC",0,0,0,0,0,0,1,1,0
481513,5,11,59,"Traffic Sign Support","The First Harmful Event was Not a Collision with a Motor Vehicle in Transport",2,2017,"TOYOTA","TACOMA",998,"Damage Reported, Extent Unknown",1,0,1,"Full Driver License","Valid","No",65,"Dry","Going Straight","Off the edge of the road on the right side","Unknown/Not Reported","Tracking","Departed roadway","PU/CC",0,1,0,0,0,0,0,1,0
481516,5,9,8,"Pedestrian","The First Harmful Event was Not a Collision with a Motor Vehicle in Transport",1,2015,"FORD","EXPLORER",998,"No Damage",0,0,1,"Full Driver License","Valid","No",40,"Dry","Turning Left","Pedestrian in road","Unknown/Not Reported","Tracking","Stayed in original travel lane","SUV",0,1,0,1,0,0,0,1,1
481518,5,18,12,"Motor Vehicle In-Transport","Front-to-Front",3,2023,"GMC","TERRAIN",998,"Damage Reported, Extent Unknown",0,0,1,"Full Driver License","Valid","No",70,"Dry","Going Straight","From crossing street, across path","Unknown/Not Reported","Tracking","Stayed in original travel lane","SUV",0,0,1,1,1,1,0,4,2
481520,6,6,39,"Wall","The First Harmful Event was Not a Collision with a Motor Vehicle in Transport",1,2014,"TOYOTA","COROLLA",998,"Damage Reported, Extent Unknown",1,0,1,"Full Driver License","Valid","No",75,"Dry","Going Straight","Off the edge of the road on the right side","No Avoidance Maneuver","Tracking","Departed roadway","4 DR",0,0,0,0,0,0,1,1,0
481525,5,15,12,"Motor Vehicle In-Transport","Front-to-Front",1,2018,"HONDA","CIVIC",998,"Damage Reported, Extent Unknown",1,0,1,"Full Driver License","Valid","No",70,"Dry","Turning Left","Turning Left","Unknown/Not Reported","Tracking","Stayed in original travel lane","5 HB",0,1,0,0,2,2,0,1,0
481525,5,15,12,"Motor Vehicle In-Transport","Front-to-Front",1,2022,"TOYOTA","CAMRY",998,"Damage Reported, Extent Unknown",0,0,1,"Full Driver License","Valid","No",70,"Dry","Going Straight","From opposite direction  over left lane line","Unknown/Not Reported","Tracking","Stayed in original travel lane","4 DR",0,1,1,1,1,1,0,6,2
481526,5,12,12,"Motor Vehicle In-Transport","Front-to-Front",1,2019,"HYUNDAI","ELANTRA",998,"Damage Reported, Extent Unknown",1,0,1,"Intermediate Driver License","Valid","No",40,"Dry","Going Straight","Traveling in opposite direction","Unknown/Not Reported","Tracking","Stayed on roadway, but left original travel lane","4 DR",0,2,0,1,2,2,0,0,1