"SERIAL_CRASH","MONTH","HOUR","HARM_EV","HARM_EVNAME","TYPE_OF_COLLIOSION","NUM_OF_PEOPLE","MOD_YEAR","VPICMAKENAME","VPICMODELNAME","TRAV_SP","DEFORMEDNAME","DEATHS","DR_DRINK","IS_DRIVER_PRESENT","L_TYPENAME","L_STATUSNAME","SPEEDRELNAME","VSPD_LIM","VSURCONDNAME","P_CRASH1NAME","P_CRASH2NAME","P_CRASH3NAME","PCRASH4NAME","PCRASH5NAME","BODY_STYLE","BLIND_SPOT_DETECTION","ARS","FRNT_COLLISION_WARNING","LANE_DEPARTURE_WARNING","CRASH_IMMINENT_BRAKE","DYNAMIC_BRAKE_SUPPORT","NHTSA_ESC","SAFETY_COUNT","notification_count"
481820,6,23,12,"Motor Vehicle In-Transport","Front-to-Rear",1,2019,"CHEVROLET","EQUINOX",998,"Minor Damage",0,0,1,"Full Driver License","Valid","No",40,"Dry","Going Straight","Other vehicle stopped","Unknown/Not Reported","Tracking","Stayed in original travel lane","SUV",1,1,0,0,2,2,0,2,1
481821,6,16,12,"Motor Vehicle In-Transport","Angle",2,2023,"MERCEDES-BENZ","S-CLASS",998,"Damage Reported, Extent Unknown",1,0,1,"Full Driver License","Valid","No",35,"Dry","Starting in Road","Crossing Over (Passing Through) Junction","Unknown/Not Reported","Tracking","Stayed in original travel lane","4 DR",1,1,1,1,1,1,0,6,3
481821,6,16,12,"Motor Vehicle In-Transport","Angle",2,2017,"NISSAN","ROGUE",998,"Damage Reported, Extent Unknown",0,0,1,"Full Driver License","Valid","No",60,"Dry","Negotiating a Curve","From crossing street, intended path not known","Unknown/Not Reported","Tracking","Stayed in original travel lane","SUV",1,0,0,0,2,2,0,0,1
481823,7,21,12,"Motor Vehicle In-Transport","Angle",1,2018,"SUBARU","IMPREZA",998,"Damage Reported, Extent Unknown",0,0,1,"Full Driver License","Valid","No",35,"Dry","Turning Left","Turning Left","Unknown/Not Reported","Tracking","Stayed in original travel lane","SW",0,0,0,1,2,2,0,0,1
481824,6,20,12,"Motor Vehicle In-Transport","Angle",2,2016,"FORD","ESCAPE",998,"Damage Reported, Extent Unknown",1,0,1,"Full Driver License","Valid","No",55,"Dry","Turning Left","Turning Left","Unknown/Not Reported","Tracking","Stayed in original travel lane","SUV",1,0,0,0,0,0,0,0,1
481828,6,17,12,"Motor Vehicle In-Transport","Front-to-Rear",1,2019,"FORD","EXPLORER",998,"Damage Reported, Extent Unknown",0,0,1,"Full Driver License","Valid","No",65,"Dry","Going Straight","Other vehicle stopped","Unknown/Not Reported","Tracking","Stayed in original travel lane","SUV",0,0,1,0,0,2,0,0,1
481830,6,6,12,"Motor Vehicle In-Transport","Front-to-Front",1,2016,"TOYOTA","TUNDRA",998,"Damage Reported, Extent Unknown",1,0,1,"Full Driver License","Valid","No",60,"Dry","Going Straight","Over the lane line on left side of travel lane","Unknown/Not Reported","Precrash stability unknown","Departed roadway","PU/CC",1,1,0,0,0,0,0,1,1
481833,6,4,8,"Pedestrian","The First Harmful Event was Not a Collision with a Motor Vehicle in Transport",1,2019,"TOYOTA","TUNDRA",998,"Damage Reported, Extent Unknown",0,0,1,"Full Driver License","Valid","No",45,"Dry","Going Straight","Pedestrian in road","Unknown/Not Reported","Tracking","Stayed in original travel lane","PU/EC",1,2,1,1,1,1,0,4,3
481841,6,5,8,"Pedestrian","The First Harmful Event was Not a Collision with a Motor Vehicle in Transport",1,2022,"NISSAN","SENTRA",998,"Minor Damage",0,0,1,"Full Driver License","Valid","No",45,"Dry","Successful Avoidance Maneuver to a Previous Critical Event","Pedestrian in road","Steering left","Tracking","Stayed on roadway, but left original travel lane","4",1,0,1,1,1,1,0,5,3
481842,6,14,12,"Motor Vehicle In-Transport","Front-to-Rear",2,2020,"RAM","2500",998,"Functional Damage",0,0,1,"Full Driver License","Valid","No",70,"Dry","Turning Left","Traveling in same direction with higher speed","Unknown/Not Reported","Tracking","Stayed in original travel lane","PU/RC",0,0,1,0,2,2,0,0,1
481844,7,22,12,"Motor Vehicle In-Transport","Angle",1,2011,"TOYOTA","VENZA",998,"Damage Reported, Extent Unknown",0,0,1,"Full Driver License","Valid","No",40,"Dry","Turning Left","Turning Left","Unknown/Not Reported","Tracking","Stayed in original travel lane","SUV",0,1,0,0,0,0,1,2,0
481846,7,1,12,"Motor Vehicle In-Transport","Front-to-Rear",1,2017,"HONDA","FIT",998,"Damage Reported, Extent Unknown",0,0,1,"Full Driver License","Valid","No",70,"Dry","Going Straight","Traveling in same direction with higher speed","Unknown/Not Reported","Tracking","Stayed in original travel lane","5 HB",0,1,0,0,0,0,0,1,0
481846,7,1,12,"Motor Vehicle In-Transport","Front-to-Rear",2,2017,"NISSAN","MURANO",998,"Not Reported",0,0,1,"Full Driver License","Valid","No",70,"Dry","Going Straight","Other critical precrash event (specify:)","Unknown/Not Reported","Tracking","Stayed in original travel lane","SUV",0,0,1,0,2,2,0,0,1
481850,7,9,12,"Motor Vehicle In-Transport","Front-to-Front",1,2016,"FORD","EXPLORER",998,"Disabling Damage",0,0,1,"Full Driver License","Valid","No",40,"Dry","Going Straight","Traveling in opposite direction","Unknown/Not Reported","Precrash stability unknown","Stayed in original travel lane","SUV",0,1,1,0,0,0,0,1,1
481852,6,2,8,"Pedestrian","The First Harmful Event was Not a Collision with a Motor Vehicle in Transport",1,2021,"HYUNDAI","KONA",998,"Minor Damage",0,0,1,"Full Driver License","Valid","No",45,"Dry","Going Straight","Pedestrian in road","Unknown/Not Reported","Tracking","Stayed in original travel lane","SUV",0,2,1,1,1,1,0,4,2
481854,6,5,12,"Motor Vehicle In-Transport","Front-to-Front",1,2015,"KIA","FORTE",998,"Disabling Damage",1,0,1,"Learner's Permit","Valid","No",70,"Dry","Going Straight","Over the lane line on left side of travel lane","Unknown/Not Reported","Tracking","Stayed on roadway, but left original travel lane","5 HB",0,1,0,0,0,0,0,2,0
481854,6,5,12,"Motor Vehicle In-Transport","Front-to-Front",1,2017,"KIA","RIO",998,"Disabling Damage",0,0,1,"Full Driver License","Valid","No",70,"Dry","Going Straight","From opposite direction  over left lane line","Unknown/Not Reported","Tracking","Stayed in original travel lane","5 HB",0,1,0,0,0,0,0,1,0
481855,7,21,12,"Motor Vehicle In-Transport","Angle",5,2013,"CHEVROLET","TAHOE",998,"Damage Reported, Extent Unknown",0,0,1,"Full Driver License","Valid","No",55,"Dry","Going Straight","From driveway, across path","Unknown/Not Reported","Tracking","Stayed in original travel lane","SUV",0,1,0,0,0,0,1,3,0
481856,7,17,12,"Motor Vehicle In-Transport","Front-to-Rear",4,2012,"NISSAN","ROGUE",0,"Damage Reported, Extent Unknown",1,0,1,"Full Driver License","Valid","No",65,"Dry","Stopped in Roadway","Traveling in same direction with higher speed","No Avoidance Maneuver","Tracking","Stayed in original travel lane","SUV",0,0,0,0,0,0,1,1,0
481856,7,17,12,"Motor Vehicle In-Transport","Front-to-Rear",2,2017,"HYUNDAI","SANTA FE",998,"Damage Reported, Extent Unknown",0,0,1,"Full Driver License","Valid","No",65,"Dry","Going Straight","Other vehicle stopped","Unknown/Not Reported","Tracking","Stayed in original travel lane","SUV",0,1,0,0,2,2,0,2,0
481861,6,0,12,"Motor Vehicle In-Transport","Front-to-Front",1,2013,"DODGE","AVENGER",998,"Damage Reported, Extent Unknown",1,0,1,"Full Driver License","Valid","No",60,"Dry","Going Straight","Over the lane line on left side of travel lane","Unknown/Not Reported","Tracking","Stayed on roadway, but left original travel lane","4 DR",0,1,0,0,0,0,1,2,0
481867,7,2,8,"Pedestrian","The First Harmful Event was Not a Collision with a Motor Vehicle in Transport",1,2012,"JEEP","COMPASS",998,"Minor Damage",0,0,1,"Full Driver License","Valid","No",55,"Dry","Negotiating a Curve","Pedestrian in road","Unknown/Not Reported","Precrash stability unknown","Stayed in original travel lane","SUV",0,1,0,0,0,0,1,2,0
481877,7,6,33,"Curb","The First Harmful Event was Not a Collision with a Motor Vehicle in Transport",1,2012,"NISSAN","ALTIMA",998,"Damage Reported, Extent Unknown",1,0,1,"Full Driver License","Valid","No",45,"Dry","Going Straight","Off the edge of the road on the right side","Unknown/Not Reported","Tracking","Departed roadway","4 DR",0,0,0,0,0,0,1,1,0
481886,6,22,12,"Motor Vehicle In-Transport","Angle",4,2023,"FORD","BRONCO SPORT",998,"Damage Reported, Extent Unknown",0,0,1,"Full Driver License","Valid","No",65,"Dry","Going Straight","From opposite direction  over left lane line","Unknown/Not Reported","Tracking","Stayed in original travel lane","SUV",1,1,1,1,1,1,0,6,3
481887,6,7,12,"Motor Vehicle In-Transport","Front-to-Rear",1,2017,"MITSUBISHI","MIRAGE",0,"Damage Reported, Extent Unknown",0,0,1,"Full Driver License","Valid","No",60,"Dry","Disabled or ""Parked"" in Travel lane","Traveling in same direction with higher speed","No Avoidance Maneuver","Tracking","Stayed in original travel lane","5 HB",0,1,0,0,0,0,0,1,0
481902,7,23,8,"Pedestrian","The First Harmful Event was Not a Collision with a Motor Vehicle in Transport",2,2016,"FORD","EXPLORER",998,"Damage Reported, Extent Unknown",0,0,1,"Full Driver License","Valid","No",60,"Dry","Going Straight","Pedestrian in road","Unknown/Not Reported","Precrash stability unknown","Stayed on roadway, but left original travel lane","SUV",1,1,0,1,0,0,0,1,2
481904,7,22,8,"Pedestrian","The First Harmful Event was Not a Collision with a Motor Vehicle in Transport",2,2022,"JEEP","GRAND CHEROKEE",998,"Damage Reported, Extent Unknown",0,0,1,"Full Driver License","Valid","No",75,"Dry","Going Straight","Pedestrian in road","Unknown/Not Reported","Tracking","Stayed in original travel lane","SUV",1,1,1,1,1,1,0,7,3
481905,7,23,12,"Motor Vehicle In-Transport","Front-to-Rear",1,2013,"TOYOTA","TUNDRA",998,"Minor Damage",0,0,1,"Intermediate Driver License","Valid","No",45,"Dry","Going Straight","Other vehicle stopped","Steering left","Tracking","Stayed in original travel lane","PU/CC",0,1,0,0,0,0,1,2,0
481906,7,12,12,"Motor Vehicle In-Transport","Front-to-Front",2,2018,"HYUNDAI","SONATA",998,"Damage Reported, Extent Unknown",2,0,1,"Full Driver License","Valid","No",70,"Dry","Passing or Overtaking Another Vehicle","Over the lane line on left side of travel lane","Unknown/Not Reported","Tracking","Stayed on roadway, but left original travel lane","4 DR",1,2,0,0,2,2,0,2,1
481912,7,22,8,"Pedestrian","The First Harmful Event was Not a Collision with a Motor Vehicle in Transport",2,2012,"HONDA","ODYSSEY",998,"Damage Reported, Extent Unknown",0,0,1,"Full Driver License","Valid","No",65,"Dry","Going Straight","Pedestrian in road","Unknown/Not Reported","Tracking","Stayed in original travel lane","VAN",0,0,0,0,0,0,1,1,0
481913,7,3,10,"Railway Vehicle","The First Harmful Event was Not a Collision with a Motor Vehicle in Transport",1,2021,"TOYOTA","CAMRY",998,"Damage Reported, Extent Unknown",1,0,1,"Full Driver License","Valid","No",35,"Dry","Going Straight","Object in road","Unknown/Not Reported","Tracking","Stayed in original travel lane","4 DR",1,1,1,1,1,1,0,6,3
481915,6,1,33,"Curb","The First Harmful Event was Not a Collision with a Motor Vehicle in Transport",1,2020,"MERCEDES-BENZ","E-CLASS",998,"Damage Reported, Extent Unknown",0,0,1,"Full Driver License","Valid","No",45,"Dry","Going Straight","From opposite direction  over left lane line","Unknown/Not Reported","Tracking","Stayed in original travel lane","2 DR",0,1,1,0,1,1,0,5,1
481916,7,0,8,"Pedestrian","The First Harmful Event was Not a Collision with a Motor Vehicle in Transport",1,2017,"NISSAN","MAXIMA",998,"Not Reported",0,0,1,"Full Driver License","Valid","No",35,"Dry","Going Straight","Pedestrian in road","Unknown/Not Reported","Tracking","Stayed in original travel lane","4 DR",0,0,1,0,2,2,0,0,1
481922,7,0,12,"Motor Vehicle In-Transport","Angle",1,2011,"CHEVROLET","CAMARO",998,"Damage Reported, Extent Unknown",0,0,1,"Full Driver License","Valid","No",80,"Dry","Passing or Overtaking Another Vehicle","Unknown cause of control loss","Unknown/Not Reported","Skidding Laterally, Rotation Direction Unknown","Stayed on roadway, but left original travel lane","C",0,1,0,0,0,0,1,3,0
481923,1,21,12,"Motor Vehicle In-Transport","Angle",1,2020,"RAM","2500",998,"Damage Reported, Extent Unknown",0,0,1,"Full Driver License","Valid","No",70,"Dry","Going Straight","Other vehicle stopped","Steering left","Precrash stability unknown","Stayed in original travel lane","PU/RC",0,0,0,0,2,2,0,0,0
481927,7,3,8,"Pedestrian","The First Harmful Event was Not a Collision with a Motor Vehicle in Transport",1,2018,"TOYOTA","CAMRY",998,"Damage Reported, Extent Unknown",0,0,1,"Full Driver License","Valid","No",70,"Dry","Going Straight","Pedestrian in road","No Avoidance Maneuver","Tracking","Stayed in original travel lane","4 DR",1,1,1,1,1,1,0,5,3
481930,7,12,12,"Motor Vehicle In-Transport","Front-to-Front",1,2012,"SUBARU","OUTBACK",998,"Damage Reported, Extent Unknown",0,0,1,"Full Driver License","Valid","No",45,"Dry","Negotiating a Curve","From opposite direction  over left lane line","Unknown/Not Reported","Tracking","Stayed in original travel lane","SUV",0,0,0,0,0,0,1,1,0
481931,5,5,8,"Pedestrian","The First Harmful Event was Not a Collision with a Motor Vehicle in Transport",1,2013,"HONDA","ACCORD",998,"Damage Reported, Extent Unknown",0,0,1,"Full Driver License","Valid","No",45,"Dry","Going Straight","Pedestrian in road","Unknown/Not Reported","Tracking","Stayed in original travel lane","2 DR",0,0,1,0,0,0,1,1,1
481931,5,5,8,"Pedestrian","The First Harmful Event was Not a Collision with a Motor Vehicle in Transport",1,2021,"KIA","FORTE",998,"Damage Reported, Extent Unknown",0,0,1,"Full Driver License","Valid","No",45,"Dry","Going Straight","Pedestrian in road","Unknown/Not Reported","Tracking","Stayed in original travel lane","4 DR",1,2,1,1,1,1,0,4,3
481932,7,23,12,"Motor Vehicle In-Transport","Angle",2,2012,"HONDA","ACCORD",998,"Disabling Damage",0,0,1,"Full Driver License","Valid","No",45,"Dry","Turning Left","Turning Left","Unknown/Not Reported","Tracking","Stayed in original travel lane","2 DR",0,0,0,0,0,0,1,1,0
481933,7,22,12,"Motor Vehicle In-Transport","Angle",1,2019,"FORD","ECOSPORT",998,"Damage Reported, Extent Unknown",0,0,1,"Full Driver License","Valid","No",60,"Dry","Going Straight","From opposite direction  over left lane line","Unknown/Not Reported","Tracking","Stayed in original travel lane","SUV",0,0,0,0,0,0,0,0,0
481947,6,14,12,"Motor Vehicle In-Transport","Front-to-Front",1,2018,"CHRYSLER","300",998,"Damage Reported, Extent Unknown",1,0,1,"Full Driver License","Valid","No",70,"Dry","Passing or Overtaking Another Vehicle","Over the lane line on left side of travel lane","Steering right","Skidding longitudinally  rotation less than 30 degrees","Stayed on roadway, but left original travel lane","4 DR",1,0,0,0,2,2,0,0,1
481947,6,14,12,"Motor Vehicle In-Transport","Front-to-Front",2,2018,"FORD","ESCAPE",998,"Damage Reported, Extent Unknown",2,0,1,"Full Driver License","Valid","No",70,"Dry","Going Straight","From opposite direction  over left lane line","Unknown/Not Reported","Tracking","Stayed in original travel lane","SUV",0,0,1,1,0,0,0,1,2
481954,7,21,8,"Pedestrian","The First Harmful Event was Not a Collision with a Motor Vehicle in Transport",1,2016,"VOLKSWAGEN","TIGUAN",998,"Damage Reported, Extent Unknown",0,0,1,"Full Driver License","Valid","No",70,"Dry","Changing Lanes","Pedestrian in road","Steering left","Precrash stability unknown","Stayed on roadway, but left original travel lane","SUV",0,1,0,0,0,0,0,1,0
481956,7,13,1,"Rollover/Overturn","The First Harmful Event was Not a Collision with a Motor Vehicle in Transport",1,2015,"DODGE","CHARGER",998,"Minor Damage",0,0,1,"Full Driver License","Valid","No",30,"Dry","Starting in Road","Crossing Over (Passing Through) Junction","No Avoidance Maneuver","Tracking","Stayed in original travel lane","4 DR",1,1,1,0,0,0,0,1,2
481963,4,11,12,"Motor Vehicle In-Transport","Angle",2,2014,"CHEVROLET","IMPALA",998,"Damage Reported, Extent Unknown",0,0,1,"Full Driver License","Valid","No",35,"Dry","Going Straight","From opposite direction  over left lane line","Unknown/Not Reported","Tracking","Stayed in original travel lane","4 DR",0,0,0,0,2,0,1,2,0
481965,7,23,8,"Pedestrian","The First Harmful Event was Not a Collision with a Motor Vehicle in Transport",1,2015,"VOLKSWAGEN","PASSAT",998,"Minor Damage",0,0,1,"Full Driver License","Valid","No",40,"Dry","Going Straight","Pedestrian in road","Unknown/Not Reported","Tracking","Stayed in original travel lane","4 DR",0,1,0,0,0,0,0,2,0
481966,7,21,12,"Motor Vehicle In-Transport","Front-to-Front",4,2022,"HONDA","PILOT",998,"Damage Reported, Extent Unknown",0,0,1,"Full Driver License","Valid","No",75,"Dry","Going Straight","From adjacent lane (same direction) over left lane line","Unknown/Not Reported","Tracking","Stayed in original travel lane","SUV",0,1,1,1,1,1,0,6,2
481967,7,20,12,"Motor Vehicle In-Transport","Angle",2,2022,"TOYOTA","COROLLA",0,"Minor Damage",0,0,1,"Full Driver License","Valid","No",30,"Dry","Stopped in Roadway","From crossing street, turning into opposite direction","No Avoidance Maneuver","Tracking","Stayed in original travel lane","4 DR",1,1,1,1,1,1,0,6,3
481968,7,17,12,"Motor Vehicle In-Transport","Front-to-Front",2,2023,"JEEP","GRAND CHEROKEE",998,"Damage Reported, Extent Unknown",0,0,1,"Full Driver License","Valid","No",65,"Dry","Going Straight","Traveling in opposite direction","Steering right","Tracking","Departed roadway","SUV",1,0,1,1,1,1,0,5,3
481968,7,17,12,"Motor Vehicle In-Transport","Front-to-Front",2,2011,"NISSAN","SENTRA",998,"Damage Reported, Extent Unknown",1,0,1,"Full Driver License","Valid","No",65,"Dry","Passing or Overtaking Another Vehicle","Off the edge of the road on the left side","Unknown/Not Reported","Tracking","Departed roadway","4 DR",0,1,0,0,0,0,1,2,0
481971,7,22,12,"Motor Vehicle In-Transport","Front-to-Rear",1,2016,"TOYOTA","RAV4",998,"Damage Reported, Extent Unknown",0,0,1,"Full Driver License","Valid","No",45,"Dry","Going Straight","Traveling in same direction with higher speed","Unknown/Not Reported","Tracking","Stayed in original travel lane","SUV",0,1,1,0,2,2,0,1,1
481978,6,10,12,"Motor Vehicle In-Transport","Angle",5,2014,"FORD","FUSION",998,"Damage Reported, Extent Unknown",1,0,1,"Full Driver License","Valid","No",60,"Dry","Starting in Road","Crossing Over (Passing Through) Junction","Unknown/Not Reported","Tracking","Stayed in original travel lane","4 DR",1,1,1,1,0,0,1,2,3
481978,6,10,12,"Motor Vehicle In-Transport","Angle",1,2013,"HYUNDAI","SANTA FE",998,"Damage Reported, Extent Unknown",0,0,1,"Full Driver License","Valid","No",60,"Dry","Going Straight","From crossing street, across path","Unknown/Not Reported","Tracking","Stayed in original travel lane","SUV",0,1,0,0,0,0,1,2,0
481980,7,20,12,"Motor Vehicle In-Transport","Sideswipe - Same Direction",1,2015,"RAM","1500",998,"Damage Reported, Extent Unknown",0,0,1,"Full Driver License","Valid","No",60,"Dry","Passing or Overtaking Another Vehicle","From adjacent lane (same direction) over right lane line","Unknown/Not Reported","Tracking","Stayed in original travel lane","PU/EC",0,0,0,0,0,0,0,0,0
481985,7,21,8,"Pedestrian","The First Harmful Event was Not a Collision with a Motor Vehicle in Transport",2,2015,"NISSAN","SENTRA",998,"Damage Reported, Extent Unknown",0,0,1,"Full Driver License","Valid","No",60,"Dry","Going Straight","Other vehicle stopped","Steering right","Tracking","Stayed in original travel lane","4 DR",0,1,0,0,0,0,0,1,0
481985,7,21,8,"Pedestrian","The First Harmful Event was Not a Collision with a Motor Vehicle in Transport",1,2017,"CADILLAC","ATS",998,"Damage Reported, Extent Unknown",0,0,1,"Full Driver License","Valid","No",60,"Dry","Successful Avoidance Maneuver to a Previous Critical Event","Pedestrian in road","No Avoidance Maneuver","Tracking","Stayed in original travel lane","4 DR",0,1,1,0,2,2,0,2,1
481987,7,15,12,"Motor Vehicle In-Transport","Angle",2,2017,"NISSAN","FRONTIER",998,"Damage Reported, Extent Unknown",0,0,1,"Full Driver License","Valid","No",55,"Dry","Unknown","Unknown travel direction","Unknown/Not Reported","Tracking","Stayed in original travel lane","PU/CC",0,0,0,0,0,0,0,0,0
481987,7,15,12,"Motor Vehicle In-Transport","Angle",4,2019,"MITSUBISHI","OUTLANDER",998,"Damage Reported, Extent Unknown",2,0,1,"Full Driver License","Valid","No",70,"Dry","Going Straight","From crossing street, intended path not known","Unknown/Not Reported","Tracking","Stayed in original travel lane","SUV",1,1,1,0,2,2,0,1,2
481990,7,22,8,"Pedestrian","The First Harmful Event was Not a Collision with a Motor Vehicle in Transport",1,2013,"NISSAN","ALTIMA",998,"Damage Reported, Extent Unknown",0,0,1,"Full Driver License","Valid","No",35,"Dry","Going Straight","Pedestrian in road","No Avoidance Maneuver","Tracking","Stayed in original travel lane","2 DR",0,1,0,0,0,0,1,2,0
481991,7,12,12,"Motor Vehicle In-Transport","Angle",3,2014,"HYUNDAI","SONATA",998,"Damage Reported, Extent Unknown",1,0,1,"Full Driver License","Valid","No",75,"Dry","Making a U-turn","Making a U-Turn","Unknown/Not Reported","Tracking","Stayed in original travel lane","4 DR",0,1,0,0,0,0,1,2,0
481998,7,15,12,"Motor Vehicle In-Transport","Angle",2,2023,"KIA","SPORTAGE",998,"Damage Reported, Extent Unknown",1,0,1,"Full Driver License","Valid","No",55,"Dry","Going Straight","From crossing street, turning into opposite direction","Unknown/Not Reported","Tracking","Stayed in original travel lane","SUV",1,2,1,1,1,1,0,4,3
481999,7,12,12,"Motor Vehicle In-Transport","Front-to-Front",1,2021,"FORD","BRONCO SPORT",998,"Damage Reported, Extent Unknown",0,0,1,"Full Driver License","Valid","No",45,"Dry","Turning Left","Turning Left","Other actions (specify:)","Precrash stability unknown","Stayed in original travel lane","SUV",1,0,1,1,1,1,0,6,3
482006,7,11,12,"Motor Vehicle In-Transport","Front-to-Front",1,2012,"TOYOTA","COROLLA",998,"Damage Reported, Extent Unknown",1,0,1,"Full Driver License","Valid","No",55,"Dry","Negotiating a Curve","From opposite direction  over left lane line","Unknown/Not Reported","Tracking","Stayed in original travel lane","4 DR",0,0,0,0,0,0,1,1,0
482009,7,3,8,"Pedestrian","The First Harmful Event was Not a Collision with a Motor Vehicle in Transport",1,2015,"NISSAN","VERSA",45,"Minor Damage",0,0,1,"Full Driver License","Valid","No",45,"Dry","Going Straight","Pedestrian in road","No Avoidance Maneuver","Tracking","Stayed in original travel lane","4 DR",0,0,0,0,0,0,0,0,0
482016,7,16,12,"Motor Vehicle In-Transport","Angle",1,2013,"HONDA","CIVIC",998,"Damage Reported, Extent Unknown",1,0,1,"Full Driver License","Valid","No",60,"Dry","Negotiating a Curve","From crossing street, turning into opposite direction","Unknown/Not Reported","Tracking","Stayed in original travel lane","4 DR",0,0,0,0,0,0,1,1,0
482020,7,22,8,"Pedestrian","The First Harmful Event was Not a Collision with a Motor Vehicle in Transport",2,2012,"MITSUBISHI","LANCER",998,"Damage Reported, Extent Unknown",0,0,1,"Full Driver License","Valid","No",65,"Dry","Going Straight","Pedestrian in road","Unknown/Not Reported","Tracking","Stayed in original travel lane","4 DR",0,1,0,0,0,0,1,2,0
482021,7,14,12,"Motor Vehicle In-Transport","Angle",2,2014,"DODGE","GRAND CARAVAN",998,"Damage Reported, Extent Unknown",1,0,1,"Full Driver License","Valid","No",70,"Dry","Turning Left","Turning Left","Unknown/Not Reported","Tracking","Stayed in original travel lane","VAN",1,1,0,0,0,0,1,2,1
482021,7,14,12,"Motor Vehicle In-Transport","Angle",3,2021,"KIA","SOUL",998,"Damage Reported, Extent Unknown",0,0,1,"Full Driver License","Valid","No",70,"Dry","Going Straight","From opposite direction  over left lane line","Unknown/Not Reported","Tracking","Stayed in original travel lane","SUV",1,2,1,0,2,2,0,0,2
482023,7,19,12,"Motor Vehicle In-Transport","Front-to-Front",1,2012,"CHEVROLET","SONIC",998,"Damage Reported, Extent Unknown",1,0,1,"Full Driver License","Valid","No",60,"Dry","Negotiating a Curve","Over the lane line on left side of travel lane","Unknown/Not Reported","Tracking","Stayed on roadway, but left original travel lane","5 HB",0,0,0,0,0,0,1,2,0
482023,7,19,12,"Motor Vehicle In-Transport","Front-to-Front",4,2019,"NISSAN","SENTRA",998,"Damage Reported, Extent Unknown",0,0,1,"Full Driver License","Valid","No",60,"Dry","Negotiating a Curve","From opposite direction  over left lane line","Unknown/Not Reported","Tracking","Stayed in original travel lane","4 DR",0,1,0,0,2,2,0,1,0
482024,6,10,12,"Motor Vehicle In-Transport","Angle",1,2022,"TESLA","MODEL 3",998,"Damage Reported, Extent Unknown",1,0,1,"Full Driver License","Valid","No",65,"Dry","Turning Left","Turning Left","Unknown/Not Reported","Tracking","Stayed in original travel lane","4 DR",1,1,1,1,1,1,0,6,3
482027,7,10,12,"Motor Vehicle In-Transport","Angle",1,2023,"HYUNDAI","SONATA",998,"Damage Reported, Extent Unknown",0,0,1,"Full Driver License","Valid","No",50,"Dry","Negotiating a Curve","From opposite direction  over left lane line","Unknown/Not Reported","Tracking","Stayed in original travel lane","4 DR",1,0,1,1,1,1,0,5,3
482038,7,18,12,"Motor Vehicle In-Transport","Front-to-Front",4,2020,"NISSAN","ARMADA",998,"Damage Reported, Extent Unknown",0,0,1,"Full Driver License","Valid","No",55,"Dry","Negotiating a Curve","From opposite direction  over left lane line","Unknown/Not Reported","Tracking","Stayed in original travel lane","SUV",0,0,1,0,1,1,0,4,1
482046,7,23,8,"Pedestrian","The First Harmful Event was Not a Collision with a Motor Vehicle in Transport",4,2018,"HONDA","ACCORD",998,"Minor Damage",0,0,1,"Full Driver License","Valid","No",65,"Dry","Going Straight","Pedestrian in road","Unknown/Not Reported","Tracking","Stayed in original travel lane","4 DR",1,1,1,1,1,1,0,5,3
482049,6,22,12,"Motor Vehicle In-Transport","Angle",99,2015,"HYUNDAI","SONATA",998,"Damage Reported, Extent Unknown",0,0,1,"Full Driver License","Valid","No",40,"Dry","Going Straight","Crossing Over (Passing Through) Junction","Unknown/Not Reported","Tracking","Stayed in original travel lane","4 DR",0,1,1,0,0,0,0,1,1
482049,6,22,12,"Motor Vehicle In-Transport","Angle",1,2018,"HYUNDAI","ELANTRA",0,"Damage Reported, Extent Unknown",0,0,1,"Full Driver License","Valid","No",40,"Dry","Stopped in Roadway","From crossing street, across path","No Avoidance Maneuver","Tracking","Stayed in original travel lane","4 DR",1,2,1,0,2,2,0,0,2
482063,7,10,31,"Post, Pole or Other Supports","The First Harmful Event was Not a Collision with a Motor Vehicle in Transport",1,2016,"HONDA","ACCORD",998,"Disabling Damage",1,0,1,"Full Driver License","Valid","No",35,"Dry","Negotiating a Curve","Other cause of control loss (specify:)","No Avoidance Maneuver","Tracking","Departed roadway","4 DR",0,1,0,0,2,2,0,2,0
482066,7,22,42,"Tree (Standing Only)","The First Harmful Event was Not a Collision with a Motor Vehicle in Transport",1,2012,"TOYOTA","CAMRY",998,"Damage Reported, Extent Unknown",1,0,1,"Full Driver License","Valid","No",60,"Dry","Going Straight","Off the edge of the road on the right side","Unknown/Not Reported","Tracking","Departed roadway","4 DR",0,1,0,0,0,0,1,2,0
482084,7,21,12,"Motor Vehicle In-Transport","Sideswipe - Same Direction",5,2019,"RAM","1500",998,"Minor Damage",0,0,1,"Full Driver License","Valid","No",35,"Dry","Negotiating a Curve","From adjacent lane (same direction) over left lane line","Unknown/Not Reported","Tracking","Stayed on roadway, but left original travel lane","PU/EC",1,1,0,1,2,2,0,1,2
482085,6,22,12,"Motor Vehicle In-Transport","Angle",1,2017,"CHEVROLET","TRAX",998,"Damage Reported, Extent Unknown",1,0,1,"Full Driver License","Valid","No",75,"Dry","Going Straight","From crossing street, across path","Unknown/Not Reported","Tracking","Stayed on roadway, but left original travel lane","SUV",1,1,0,1,0,0,0,2,2