"SERIAL_CRASH","MONTH","HOUR","HARM_EV","HARM_EVNAME","TYPE_OF_COLLIOSION","NUM_OF_PEOPLE","MOD_YEAR","VPICMAKENAME","VPICMODELNAME","TRAV_SP","DEFORMEDNAME","DEATHS","DR_DRINK","IS_DRIVER_PRESENT","L_TYPENAME","L_STATUSNAME","SPEEDRELNAME","VSPD_LIM","VSURCONDNAME","P_CRASH1NAME","P_CRASH2NAME","P_CRASH3NAME","PCRASH4NAME","PCRASH5NAME","BODY_STYLE","BLIND_SPOT_DETECTION","ARS","FRNT_COLLISION_WARNING","LANE_DEPARTURE_WARNING","CRASH_IMMINENT_BRAKE","DYNAMIC_BRAKE_SUPPORT","NHTSA_ESC","SAFETY_COUNT","notification_count"
483552,12,7,32,"Culvert","The First Harmful Event was Not a Collision with a Motor Vehicle in Transport",1,2017,"CHEVROLET","VOLT",998,"Disabling Damage",1,0,1,"Full Driver License","Valid","No",75,"Dry","Going Straight","Off the edge of the road on the left side","Unknown/Not Reported","Tracking","Departed roadway","5 HB",1,1,1,0,2,2,0,2,2
483554,12,14,12,"Motor Vehicle In-Transport","Angle",1,2020,"MITSUBISHI","MIRAGE",998,"Damage Reported, Extent Unknown",1,0,1,"Full Driver License","Valid","No",65,"Dry","Going Straight","From opposite direction  over left lane line","Unknown/Not Reported","Tracking","Stayed in original travel lane","5 HB",0,0,0,0,0,0,0,0,0
483557,12,14,12,"Motor Vehicle In-Transport","Front-to-Rear",1,2012,"TOYOTA","CAMRY",0,"Minor Damage",0,0,1,"Full Driver License","Valid","No",45,"Dry","Stopped in Roadway","Traveling in same direction with higher speed","No Avoidance Maneuver","Tracking","Stayed in original travel lane","4 DR",1,1,0,0,0,0,1,2,1
483561,11,17,12,"Motor Vehicle In-Transport","Front-to-Front",1,2022,"TOYOTA","TACOMA",998,"Damage Reported, Extent Unknown",0,0,1,"Full Driver License","Valid","No",70,"Dry","Going Straight","From opposite direction  over left lane line","Steering left","Tracking","Stayed on roadway, but left original travel lane","PU/CC",0,2,1,1,1,1,0,5,2
483562,11,21,9,"Pedalcyclist","The First Harmful Event was Not a Collision with a Motor Vehicle in Transport",1,2019,"TOYOTA","C-HR",998,"Damage Reported, Extent Unknown",0,0,1,"Full Driver License","Valid","No",45,"Dry","Going Straight","Pedalcyclist or other non-motorist in road","Unknown/Not Reported","Tracking","Stayed in original travel lane","5 HB",0,1,1,1,1,1,0,5,2
483580,11,19,8,"Pedestrian","The First Harmful Event was Not a Collision with a Motor Vehicle in Transport",1,2021,"MERCEDES-BENZ","GLA-CLASS",998,"Damage Reported, Extent Unknown",0,0,1,"Full Driver License","Valid","No",55,"Dry","Going Straight","Pedestrian in road","Unknown/Not Reported","Tracking","Stayed in original travel lane","SUV",1,1,1,0,1,1,0,6,2
483581,12,0,12,"Motor Vehicle In-Transport","Front-to-Front",2,2020,"INFINITI","QX60",998,"Damage Reported, Extent Unknown",2,0,1,"Full Driver License","Valid","No",60,"Dry","Negotiating a Curve","Traveling in opposite direction","Unknown/Not Reported","Tracking","Stayed in original travel lane","SUV",1,1,1,1,1,1,0,5,3
483586,12,2,12,"Motor Vehicle In-Transport","Front-to-Rear",3,2012,"KIA","SOUL",998,"Damage Reported, Extent Unknown",1,0,1,"Full Driver License","Valid","No",65,"Dry","Merging","Traveling in same direction with higher speed","Unknown/Not Reported","Tracking","Stayed in original travel lane","SUV",0,0,0,0,0,0,1,1,0
483590,12,19,12,"Motor Vehicle In-Transport","Angle",3,2015,"NISSAN","PATHFINDER",998,"Damage Reported, Extent Unknown",0,0,1,"Full Driver License","Valid","No",40,"Dry","Turning Left","Turning Left","Unknown/Not Reported","Precrash stability unknown","Stayed in original travel lane","SUV",0,0,0,0,0,0,0,0,0
483592,12,19,8,"Pedestrian","The First Harmful Event was Not a Collision with a Motor Vehicle in Transport",2,2023,"TOYOTA","CAMRY",998,"Damage Reported, Extent Unknown",0,0,1,"Intermediate Driver License","Valid","No",60,"Dry","Going Straight","Pedestrian in road","No Avoidance Maneuver","Tracking","Stayed in original travel lane","4 DR",0,1,1,1,1,1,0,5,2
483593,12,21,8,"Pedestrian","The First Harmful Event was Not a Collision with a Motor Vehicle in Transport",2,2023,"FORD","EXPLORER",998,"Minor Damage",0,0,1,"Full Driver License","Valid","No",50,"Dry","Going Straight","Pedestrian in road","Unknown/Not Reported","Tracking","Stayed in original travel lane","SUV",1,1,1,1,1,1,0,6,3
483595,11,13,12,"Motor Vehicle In-Transport","Front-to-Front",1,2014,"KIA","RIO",998,"Damage Reported, Extent Unknown",1,0,1,"Full Driver License","Valid","No",50,"Dry","Going Straight","From opposite direction  over left lane line","Unknown/Not Reported","Tracking","Stayed in original travel lane","4 DR",0,1,0,0,0,0,1,2,0
483596,12,21,12,"Motor Vehicle In-Transport","Angle",2,2018,"NISSAN","ALTIMA",998,"Disabling Damage",0,0,1,"Full Driver License","Valid","No",50,"Dry","Going Straight","From opposite direction  over left lane line","Unknown/Not Reported","Precrash stability unknown","Stayed in original travel lane","4 DR",0,1,1,0,1,1,0,4,1
483597,12,15,12,"Motor Vehicle In-Transport","Angle",2,2011,"TOYOTA","YARIS",998,"Damage Reported, Extent Unknown",1,0,1,"Full Driver License","Valid","No",55,"Dry","Making a U-turn","Making a U-Turn","Unknown/Not Reported","Tracking","Returned to roadway","5 HB",0,0,0,0,0,0,1,1,0
483599,11,3,25,"Concrete Traffic Barrier","The First Harmful Event was Not a Collision with a Motor Vehicle in Transport",3,2023,"GMC","CANYON",998,"Minor Damage",0,0,1,"Full Driver License","Valid","No",60,"Dry","Going Straight","From adjacent lane (same direction) over right lane line","Unknown/Not Reported","Tracking","Stayed in original travel lane","PU/CC",1,2,1,1,1,1,0,4,3
483601,11,10,12,"Motor Vehicle In-Transport","Front-to-Front",1,2016,"BUICK","ENVISION",998,"Damage Reported, Extent Unknown",1,0,1,"Full Driver License","Valid","No",40,"Dry","Negotiating a Curve","Over the lane line on left side of travel lane","Unknown/Not Reported","Tracking","Departed roadway","SUV",1,1,1,1,0,0,0,5,3
483603,11,16,12,"Motor Vehicle In-Transport","Angle",2,2016,"HONDA","ACCORD",998,"Damage Reported, Extent Unknown",1,0,1,"Full Driver License","Valid","No",30,"Dry","Going Straight","Crossing Over (Passing Through) Junction","Unknown/Not Reported","Tracking","Stayed in original travel lane","4 DR",0,1,0,0,2,2,0,2,0
483607,12,5,8,"Pedestrian","The First Harmful Event was Not a Collision with a Motor Vehicle in Transport",1,2020,"RAM","1500",998,"Minor Damage",0,0,1,"Full Driver License","Valid","No",45,"Dry","Going Straight","Pedestrian in road","Unknown/Not Reported","Tracking","Stayed in original travel lane","PU/EC",1,0,0,0,2,2,0,0,1
483608,12,18,8,"Pedestrian","The First Harmful Event was Not a Collision with a Motor Vehicle in Transport",1,2014,"NISSAN","ALTIMA",998,"Damage Reported, Extent Unknown",0,0,1,"Full Driver License","Valid","No",45,"Dry","Going Straight","Pedestrian in road","No Avoidance Maneuver","Tracking","Stayed in original travel lane","4 DR",1,1,0,1,0,0,1,2,2
483613,12,17,12,"Motor Vehicle In-Transport","Front-to-Rear",4,2018,"JEEP","GRAND CHEROKEE",0,"Damage Reported, Extent Unknown",0,0,1,"Full Driver License","Valid","No",70,"Dry","Stopped in Roadway","Traveling in same direction with higher speed","No Avoidance Maneuver","Tracking","Stayed in original travel lane","SUV",0,0,0,1,2,2,0,0,1
483613,12,17,12,"Motor Vehicle In-Transport","Front-to-Rear",4,2019,"FORD","FUSION",998,"Minor Damage",0,0,1,"Full Driver License","Valid","No",70,"Dry","Going Straight","Other vehicle stopped","Steering right","Tracking","Departed roadway","4 DR",0,1,1,1,1,1,0,6,2
483629,10,0,18,"Other Object (not fixed)","The First Harmful Event was Not a Collision with a Motor Vehicle in Transport",1,2013,"TOYOTA","TACOMA",998,"Damage Reported, Extent Unknown",1,0,1,"Full Driver License","Valid","No",75,"Dry","Going Straight","End departure","Unknown/Not Reported","Tracking","Departed roadway","PU/CC",0,0,0,0,0,0,1,1,0
483641,12,6,8,"Pedestrian","The First Harmful Event was Not a Collision with a Motor Vehicle in Transport",1,2013,"HYUNDAI","ELANTRA",998,"Damage Reported, Extent Unknown",0,0,1,"Full Driver License","Valid","No",55,"Dry","Changing Lanes","Over the lane line on left side of travel lane","Unknown/Not Reported","Tracking","Stayed on roadway, but left original travel lane","2 DR",0,1,0,0,0,0,1,2,0
483654,11,21,59,"Traffic Sign Support","The First Harmful Event was Not a Collision with a Motor Vehicle in Transport",1,2019,"FORD","MUSTANG",998,"Damage Reported, Extent Unknown",1,0,1,"Full Driver License","Valid","No",50,"Dry","Going Straight","End departure","No Avoidance Maneuver","Tracking","Departed roadway","C",0,0,1,0,2,2,0,1,1
483658,12,12,12,"Motor Vehicle In-Transport","Angle",2,2023,"TOYOTA","TACOMA",998,"Damage Reported, Extent Unknown",0,0,1,"Full Driver License","Valid","No",70,"Dry","Going Straight","From opposite direction  over left lane line","Steering right","Precrash stability unknown","Departed roadway","PU/EC",0,2,1,1,1,1,0,4,2
483663,8,10,12,"Motor Vehicle In-Transport","Angle",1,2019,"NISSAN","ALTIMA",998,"Damage Reported, Extent Unknown",0,0,1,"Full Driver License","Valid","No",45,"Dry","Going Straight","Crossing Over (Passing Through) Junction","Unknown/Not Reported","Tracking","Stayed in original travel lane","4 DR",1,1,0,1,1,1,0,3,2
483665,11,7,43,"Other Fixed Object","The First Harmful Event was Not a Collision with a Motor Vehicle in Transport",1,2011,"KIA","SOUL",998,"Damage Reported, Extent Unknown",1,0,1,"Full Driver License","Valid","No",60,"Dry","Going Straight","Object in road","Unknown/Not Reported","Tracking","Stayed in original travel lane","SUV",0,0,0,0,0,0,1,1,0
483666,11,17,12,"Motor Vehicle In-Transport","Angle",1,2014,"MITSUBISHI","LANCER",998,"Damage Reported, Extent Unknown",0,0,1,"Full Driver License","Valid","No",35,"Dry","Turning Right","Turning Right","Unknown/Not Reported","Tracking","Stayed in original travel lane","4 DR",0,1,0,0,0,0,1,2,0
483673,12,18,10,"Railway Vehicle","The First Harmful Event was Not a Collision with a Motor Vehicle in Transport",1,2021,"JEEP","GRAND CHEROKEE",998,"Damage Reported, Extent Unknown",1,0,1,"Full Driver License","Valid","No",35,"Dry","Changing Lanes","Object approaching road","Unknown/Not Reported","Tracking","Stayed on roadway, but left original travel lane","SUV",1,1,0,1,2,2,0,2,2
483674,12,16,12,"Motor Vehicle In-Transport","Front-to-Front",3,2022,"HONDA","ACCORD",998,"Damage Reported, Extent Unknown",2,0,1,"Full Driver License","Valid","No",70,"Dry","Going Straight","From opposite direction  over left lane line","Unknown/Not Reported","Tracking","Stayed in original travel lane","4 DR",1,1,1,1,1,1,0,6,3
483677,12,20,12,"Motor Vehicle In-Transport","Front-to-Front",1,2021,"GMC","TERRAIN",998,"Damage Reported, Extent Unknown",0,0,1,"Full Driver License","Valid","No",70,"Dry","Going Straight","From opposite direction  over left lane line","Steering right","Tracking","Stayed in original travel lane","SUV",0,1,1,1,1,1,0,6,2
483678,12,21,25,"Concrete Traffic Barrier","The First Harmful Event was Not a Collision with a Motor Vehicle in Transport",2,2013,"NISSAN","ALTIMA",998,"Damage Reported, Extent Unknown",1,0,1,"Intermediate Driver License","Valid","No",45,"Dry","Negotiating a Curve","Off the edge of the road on the right side","Unknown/Not Reported","Tracking","Departed roadway","2 DR",0,1,0,0,0,0,1,2,0
483678,12,21,25,"Concrete Traffic Barrier","The First Harmful Event was Not a Collision with a Motor Vehicle in Transport",2,2014,"TOYOTA","COROLLA",998,"Minor Damage",0,0,1,"Full Driver License","Valid","No",45,"Dry","Going Straight","From adjacent lane (same direction) over left lane line","Unknown/Not Reported","Tracking","Stayed in original travel lane","4 DR",0,0,0,0,0,0,1,1,0
483687,12,18,12,"Motor Vehicle In-Transport","Front-to-Front",2,2017,"TOYOTA","PRIUS",998,"Damage Reported, Extent Unknown",2,0,1,"Full Driver License","Valid","No",75,"Dry","Negotiating a Curve","From opposite direction  over left lane line","Unknown/Not Reported","Tracking","Stayed in original travel lane","5 HB",1,1,0,0,2,2,0,1,1
483688,12,16,12,"Motor Vehicle In-Transport","Sideswipe - Same Direction",1,2017,"TOYOTA","COROLLA",0,"Damage Reported, Extent Unknown",0,0,1,"Intermediate Driver License","Valid","No",75,"Dry","Stopped in Roadway","From adjacent lane (same direction) over left lane line","Steering right","Precrash stability unknown","Departed roadway","4 DR",0,1,1,1,2,2,0,2,2
483691,12,18,8,"Pedestrian","The First Harmful Event was Not a Collision with a Motor Vehicle in Transport",3,2019,"CHEVROLET","MALIBU",998,"Minor Damage",0,0,1,"Full Driver License","Valid","No",55,"Dry","Going Straight","Pedestrian in road","Unknown/Not Reported","Tracking","Stayed in original travel lane","4 DR",0,1,1,1,2,2,0,2,2
483700,12,14,12,"Motor Vehicle In-Transport","Angle",1,2019,"HYUNDAI","ELANTRA",998,"Damage Reported, Extent Unknown",1,0,1,"Full Driver License","Valid","No",60,"Dry","Turning Left","Turning Left","Unknown/Not Reported","Tracking","Stayed in original travel lane","4 DR",0,2,0,1,2,2,0,0,1
483700,12,14,12,"Motor Vehicle In-Transport","Angle",2,2018,"RAM","2500",998,"Minor Damage",0,0,1,"Full Driver License","Valid","No",65,"Dry","Going Straight","From crossing street, turning into opposite direction","Unknown/Not Reported","Tracking","Stayed in original travel lane","PU/EC",0,0,0,0,0,0,0,0,0
483704,12,16,12,"Motor Vehicle In-Transport","Front-to-Rear",2,2013,"LINCOLN","MKZ",0,"Damage Reported, Extent Unknown",0,0,1,"Full Driver License","Valid","No",35,"Dry","Stopped in Roadway","Traveling in same direction with higher speed","No Avoidance Maneuver","Tracking","Stayed in original travel lane","4 DR",0,1,1,1,0,0,1,3,2
483704,12,16,12,"Motor Vehicle In-Transport","Front-to-Rear",1,2016,"TOYOTA","HIGHLANDER",0,"Minor Damage",0,0,1,"Full Driver License","Valid","No",35,"Dry","Stopped in Roadway","From adjacent lane (same direction) over left lane line","No Avoidance Maneuver","Tracking","Stayed in original travel lane","SUV",0,1,0,0,2,2,0,1,0
483708,12,17,12,"Motor Vehicle In-Transport","Front-to-Front",1,2023,"NISSAN","KICKS",998,"Damage Reported, Extent Unknown",0,0,1,"Full Driver License","Valid","No",65,"Dry","Going Straight","From opposite direction  over left lane line","Unknown/Not Reported","Tracking","Stayed in original travel lane","SUV",1,1,1,1,1,1,0,6,3
483711,11,22,59,"Traffic Sign Support","The First Harmful Event was Not a Collision with a Motor Vehicle in Transport",1,2020,"CHEVROLET","TAHOE",998,"Minor Damage",0,0,1,"Full Driver License","Valid","No",65,"Dry","Negotiating a Curve","Other vehicle stopped","Unknown/Not Reported","Tracking","Stayed in original travel lane","SUV",0,0,1,0,2,2,0,0,1
483714,12,1,9,"Pedalcyclist","The First Harmful Event was Not a Collision with a Motor Vehicle in Transport",1,2020,"FORD","FUSION",998,"Damage Reported, Extent Unknown",0,0,1,"Full Driver License","Valid","No",50,"Dry","Going Straight","Pedalcyclist or other non-motorist in road","Unknown/Not Reported","Tracking","Stayed in original travel lane","4 DR",1,1,1,1,1,1,0,7,3
483718,12,16,8,"Pedestrian","The First Harmful Event was Not a Collision with a Motor Vehicle in Transport",1,2021,"MAZDA","CX-30",998,"Minor Damage",0,0,1,"Full Driver License","Valid","No",35,"Dry","Going Straight","Pedestrian in road","Braking","Precrash stability unknown","Stayed in original travel lane","SUV",1,1,1,1,1,1,0,7,3
483721,11,8,12,"Motor Vehicle In-Transport","Front-to-Rear",2,2017,"HONDA","CIVIC",998,"Minor Damage",0,0,1,"Full Driver License","Valid","No",60,"Dry","Going Straight","Traveling in same direction with higher speed","Unknown/Not Reported","Tracking","Stayed in original travel lane","2 DR",0,1,1,0,2,2,0,1,1
483721,11,8,12,"Motor Vehicle In-Transport","Front-to-Rear",1,2015,"JEEP","GRAND CHEROKEE",998,"Minor Damage",0,0,1,"Full Driver License","Valid","No",60,"Dry","Going Straight","From adjacent lane (same direction) over right lane line","Unknown/Not Reported","Tracking","Stayed in original travel lane","SUV",0,0,0,0,0,0,0,0,0
483721,11,8,12,"Motor Vehicle In-Transport","Front-to-Rear",2,2021,"TOYOTA","COROLLA",998,"Minor Damage",0,0,1,"Full Driver License","Valid","No",60,"Dry","Going Straight","Other critical precrash event (specify:)","Unknown/Not Reported","Tracking","Stayed in original travel lane","4 DR",1,1,1,1,1,1,0,6,3
483723,12,15,8,"Pedestrian","The First Harmful Event was Not a Collision with a Motor Vehicle in Transport",1,2019,"NISSAN","MURANO",998,"No Damage",0,0,1,"Full Driver License","Valid","No",40,"Dry","Going Straight","Pedestrian in road","Unknown/Not Reported","Tracking","Stayed in original travel lane","SUV",1,1,1,1,1,1,0,4,3
483726,12,19,14,"Parked Motor Vehicle","The First Harmful Event was Not a Collision with a Motor Vehicle in Transport",2,2023,"VOLKSWAGEN","JETTA",998,"Minor Damage",0,0,1,"Intermediate Driver License","Valid","No",60,"Dry","Going Straight","From Parking Lane/Shoulder, Median/Crossover, Roadside","Unknown/Not Reported","Tracking","Stayed in original travel lane","4 DR",1,0,1,0,1,1,0,4,2
483727,12,6,8,"Pedestrian","The First Harmful Event was Not a Collision with a Motor Vehicle in Transport",1,2017,"RAM","2500",998,"Minor Damage",0,0,1,"Full Driver License","Valid","No",60,"Dry","Going Straight","Pedestrian in road","Unknown/Not Reported","Tracking","Stayed in original travel lane","PU/RC",0,0,0,0,0,0,0,0,0
483730,12,20,42,"Tree (Standing Only)","The First Harmful Event was Not a Collision with a Motor Vehicle in Transport",1,2023,"NISSAN","ALTIMA",998,"Damage Reported, Extent Unknown",1,0,1,"Full Driver License","Valid","No",50,"Dry","Going Straight","Off the edge of the road on the right side","Unknown/Not Reported","Tracking","Departed roadway","4 DR",1,0,1,1,1,1,0,4,3
483733,11,18,8,"Pedestrian","The First Harmful Event was Not a Collision with a Motor Vehicle in Transport",2,2023,"CHEVROLET","MALIBU",45,"Functional Damage",0,0,1,"Full Driver License","Valid","No",55,"Dry","Going Straight","Pedestrian in road","Unknown/Not Reported","Precrash stability unknown","Stayed in original travel lane","4 DR",0,2,1,1,1,1,0,4,2
483736,12,22,8,"Pedestrian","The First Harmful Event was Not a Collision with a Motor Vehicle in Transport",3,2023,"ACURA","INTEGRA",998,"Damage Reported, Extent Unknown",0,0,1,"Intermediate Driver License","Valid","No",55,"Dry","Going Straight","Pedestrian in road","Unknown/Not Reported","Tracking","Stayed in original travel lane","5 HB",1,1,1,1,1,1,0,6,3
483739,12,19,12,"Motor Vehicle In-Transport","Front-to-Front",2,2021,"HONDA","RIDGELINE",998,"Damage Reported, Extent Unknown",1,0,1,"Full Driver License","Valid","No",75,"Dry","Negotiating a Curve","From opposite direction  over left lane line","No Avoidance Maneuver","Tracking","Stayed in original travel lane","PU/CC",0,1,1,1,1,1,0,6,2
483741,4,9,12,"Motor Vehicle In-Transport","Angle",1,2018,"TOYOTA","CAMRY",998,"Damage Reported, Extent Unknown",0,0,1,"Full Driver License","Valid","No",35,"Dry","Going Straight","From crossing street, across path","Unknown/Not Reported","Tracking","Stayed in original travel lane","4 DR",0,1,1,1,1,1,0,5,2
483742,11,12,52,"Guardrail End","The First Harmful Event was Not a Collision with a Motor Vehicle in Transport",1,2018,"NISSAN","FRONTIER",998,"Damage Reported, Extent Unknown",1,0,1,"Full Driver License","Valid","No",75,"Dry","Going Straight","Off the edge of the road on the left side","Unknown/Not Reported","Tracking","Departed roadway","PU/EC",0,1,0,0,0,0,0,1,0
483744,12,20,12,"Motor Vehicle In-Transport","Front-to-Rear",1,2012,"NISSAN","VERSA",0,"Disabling Damage",1,0,1,"Full Driver License","Valid","No",70,"Dry","Disabled or ""Parked"" in Travel lane","From adjacent lane (same direction) over right lane line","No Avoidance Maneuver","Tracking","Stayed in original travel lane","4 DR",0,0,0,0,0,0,1,1,0
483761,12,3,12,"Motor Vehicle In-Transport","Angle",1,2018,"JEEP","WRANGLER JK",998,"Damage Reported, Extent Unknown",1,0,1,"Full Driver License","Valid","No",70,"Dry","Going Straight","Other vehicle stopped","Unknown/Not Reported","Tracking","Stayed in original travel lane","SUV",0,0,0,0,0,0,0,0,0
483762,12,22,12,"Motor Vehicle In-Transport","Front-to-Front",3,2018,"DODGE","DURANGO",998,"Damage Reported, Extent Unknown",0,0,1,"Full Driver License","Valid","No",55,"Dry","Going Straight","From opposite direction  over left lane line","Unknown/Not Reported","Tracking","Stayed in original travel lane","SUV",1,0,0,0,2,2,0,0,1
483764,12,9,12,"Motor Vehicle In-Transport","Front-to-Front",1,2020,"NISSAN","SENTRA",998,"Damage Reported, Extent Unknown",1,0,1,"Full Driver License","Valid","No",75,"Dry","Going Straight","From opposite direction  over left lane line","Steering right","Precrash stability unknown","Departed roadway","4 DR",1,1,1,1,1,1,0,6,3
483773,11,0,12,"Motor Vehicle In-Transport","Front-to-Front",1,2015,"GMC","TERRAIN",998,"Damage Reported, Extent Unknown",0,0,1,"Full Driver License","Valid","No",55,"Dry","Going Straight","Traveling in opposite direction","Unknown/Not Reported","Tracking","Stayed in original travel lane","SUV",0,1,0,0,0,0,0,2,0
483789,12,18,12,"Motor Vehicle In-Transport","Front-to-Front",1,2019,"HONDA","ACCORD",998,"Minor Damage",0,0,1,"Full Driver License","Valid","No",55,"Dry","Turning Left","Turning Left","Unknown/Not Reported","Tracking","Stayed in original travel lane","4 DR",0,1,1,1,1,1,0,6,2
483791,12,14,12,"Motor Vehicle In-Transport","Front-to-Rear",1,2018,"HYUNDAI","ELANTRA GT",998,"Damage Reported, Extent Unknown",1,0,1,"Full Driver License","Valid","No",45,"Dry","Decelerating in Road","Traveling in same direction with higher speed","Unknown/Not Reported","Tracking","Stayed in original travel lane","5 HB",0,2,1,1,2,2,0,0,2
483796,12,19,8,"Pedestrian","The First Harmful Event was Not a Collision with a Motor Vehicle in Transport",1,2018,"MERCEDES-BENZ","C-CLASS",998,"Minor Damage",0,0,1,"Full Driver License","Valid","No",50,"Dry","Negotiating a Curve","Pedestrian in road","Steering right","Tracking","Stayed in original travel lane","2 DR",1,1,1,0,1,1,0,4,2
483804,12,14,42,"Tree (Standing Only)","The First Harmful Event was Not a Collision with a Motor Vehicle in Transport",1,2020,"CHRYSLER","300",998,"Damage Reported, Extent Unknown",1,0,1,"Full Driver License","Valid","No",35,"Dry","Going Straight","Off the edge of the road on the left side","Unknown/Not Reported","Tracking","Departed roadway","4 DR",0,1,0,1,2,2,0,1,1
483806,12,21,8,"Pedestrian","The First Harmful Event was Not a Collision with a Motor Vehicle in Transport",1,2019,"FORD","EXPLORER",998,"Damage Reported, Extent Unknown",0,0,1,"Full Driver License","Valid","No",45,"Dry","Going Straight","Pedestrian in road","Unknown/Not Reported","Tracking","Stayed in original travel lane","SUV",0,0,0,0,0,2,0,0,0
483807,12,20,8,"Pedestrian","The First Harmful Event was Not a Collision with a Motor Vehicle in Transport",3,2016,"BUICK","LACROSSE",998,"Damage Reported, Extent Unknown",0,0,1,"Full Driver License","Valid","No",70,"Dry","Going Straight","Pedestrian in road","Unknown/Not Reported","Tracking","Stayed in original travel lane","4 DR",0,1,1,0,2,0,0,2,1
483807,12,20,8,"Pedestrian","The First Harmful Event was Not a Collision with a Motor Vehicle in Transport",3,2021,"HONDA","ODYSSEY",998,"Minor Damage",0,0,1,"Full Driver License","Valid","No",70,"Dry","Going Straight","Backing","Unknown/Not Reported","Tracking","Stayed in original travel lane","VAN",1,2,1,1,1,1,0,4,3
483813,12,21,8,"Pedestrian","The First Harmful Event was Not a Collision with a Motor Vehicle in Transport",1,2013,"VOLKSWAGEN","PASSAT",998,"Damage Reported, Extent Unknown",0,0,1,"Full Driver License","Valid","No",35,"Dry","Going Straight","Pedestrian in road","Unknown/Not Reported","Tracking","Stayed in original travel lane","4 DR",0,1,0,0,0,0,1,2,0
483814,12,19,8,"Pedestrian","The First Harmful Event was Not a Collision with a Motor Vehicle in Transport",1,2018,"RAM","2500",998,"Damage Reported, Extent Unknown",0,0,1,"Full Driver License","Valid","No",45,"Dry","Going Straight","Pedestrian in road","Unknown/Not Reported","Tracking","Stayed in original travel lane","PU/EC",0,0,0,0,0,0,0,0,0
483815,12,14,12,"Motor Vehicle In-Transport","Front-to-Front",1,2018,"LINCOLN","MKX",998,"Damage Reported, Extent Unknown",0,0,1,"Full Driver License","Valid","No",30,"Dry","Turning Left","Turning Left","Unknown/Not Reported","Tracking","Stayed in original travel lane","SUV",0,1,1,1,2,2,0,2,2
483815,12,14,12,"Motor Vehicle In-Transport","Front-to-Front",2,2018,"BUICK","ENCORE",998,"Damage Reported, Extent Unknown",1,0,1,"Full Driver License","Valid","No",30,"Dry","Going Straight","From opposite direction  over left lane line","Unknown/Not Reported","Tracking","Stayed in original travel lane","SUV",0,1,1,1,0,0,0,2,2
483820,12,3,12,"Motor Vehicle In-Transport","Front-to-Rear",3,2017,"TOYOTA","COROLLA",998,"Damage Reported, Extent Unknown",1,0,1,"Full Driver License","Valid","No",70,"Dry","Going Straight","Traveling in same direction with higher speed","Unknown/Not Reported","Tracking","Stayed in original travel lane","4 DR",0,1,1,1,2,2,0,2,2
483823,10,6,8,"Pedestrian","The First Harmful Event was Not a Collision with a Motor Vehicle in Transport",1,2020,"GMC","CANYON",998,"Minor Damage",0,0,1,"Full Driver License","Valid","No",40,"Dry","Going Straight","Pedestrian in road","Other actions (specify:)","Precrash stability unknown","Stayed in original travel lane","PU/CC",0,1,0,0,0,0,0,1,0
483834,12,22,12,"Motor Vehicle In-Transport","Angle",4,2020,"KIA","SPORTAGE",998,"Damage Reported, Extent Unknown",3,0,1,"Full Driver License","Valid","No",75,"Dry","Going Straight","From crossing street, across path","Unknown/Not Reported","Tracking","Stayed in original travel lane","SUV",1,2,1,1,1,1,0,5,3
483836,12,8,9,"Pedalcyclist","The First Harmful Event was Not a Collision with a Motor Vehicle in Transport",1,2012,"NISSAN","MURANO",998,"Damage Reported, Extent Unknown",0,0,1,"Full Driver License","Valid","No",45,"Dry","Going Straight","Pedalcyclist or other non-motorist in road","No Avoidance Maneuver","Tracking","Stayed in original travel lane","SUV",0,0,0,0,0,0,1,1,0
483846,12,18,12,"Motor Vehicle In-Transport","Angle",2,2017,"NISSAN","ROGUE",998,"Damage Reported, Extent Unknown",2,0,1,"Full Driver License","Valid","No",75,"Dry","Going Straight","Traveling in opposite direction","Unknown/Not Reported","Tracking","Stayed in original travel lane","SUV",0,0,0,1,2,2,0,0,1
483846,12,18,12,"Motor Vehicle In-Transport","Angle",6,2022,"CHRYSLER","PACIFICA",998,"Damage Reported, Extent Unknown",0,0,1,"Full Driver License","Valid","No",75,"Dry","Going Straight","Traveling in opposite direction","Unknown/Not Reported","Tracking","Stayed in original travel lane","MV",1,1,1,1,1,1,0,7,3
483846,12,18,12,"Motor Vehicle In-Transport","Angle",1,2018,"DODGE","GRAND CARAVAN",998,"Minor Damage",0,0,1,"Full Driver License","Valid","No",75,"Dry","Going Straight","From opposite direction  over right lane line","Unknown/Not Reported","Tracking","Stayed in original travel lane","VAN",1,0,0,0,0,0,0,0,1
483848,12,3,12,"Motor Vehicle In-Transport","Front-to-Rear",2,2023,"CHEVROLET","MALIBU",998,"Damage Reported, Extent Unknown",2,0,1,"Full Driver License","Valid","No",70,"Dry","Going Straight","Other vehicle stopped","Unknown/Not Reported","Tracking","Stayed in original travel lane","4 DR",0,2,1,1,1,1,0,4,2
483849,12,9,8,"Pedestrian","The First Harmful Event was Not a Collision with a Motor Vehicle in Transport",2,2014,"HONDA","CR-V",998,"Minor Damage",0,0,1,"Full Driver License","Valid","No",40,"Dry","Going Straight","Pedestrian in road","Unknown/Not Reported","Tracking","Stayed in original travel lane","SUV",0,0,0,0,0,0,1,1,0