"SERIAL_CRASH","MONTH","HOUR","HARM_EV","HARM_EVNAME","TYPE_OF_COLLIOSION","NUM_OF_PEOPLE","MOD_YEAR","VPICMAKENAME","VPICMODELNAME","TRAV_SP","DEFORMEDNAME","DEATHS","DR_DRINK","IS_DRIVER_PRESENT","L_TYPENAME","L_STATUSNAME","SPEEDRELNAME","VSPD_LIM","VSURCONDNAME","P_CRASH1NAME","P_CRASH2NAME","P_CRASH3NAME","PCRASH4NAME","PCRASH5NAME","BODY_STYLE","BLIND_SPOT_DETECTION","ARS","FRNT_COLLISION_WARNING","LANE_DEPARTURE_WARNING","CRASH_IMMINENT_BRAKE","DYNAMIC_BRAKE_SUPPORT","NHTSA_ESC","SAFETY_COUNT","notification_count"
510183,3,18,12,"Motor Vehicle In-Transport","Angle",1,2018,"NISSAN","ALTIMA",10,"Disabling Damage",0,0,1,"Full Driver License","Valid","No",45,"Dry","Going Straight","From crossing street, across path","Unknown/Not Reported","Tracking","Stayed in original travel lane","4 DR",0,1,1,0,1,1,0,4,1
510187,3,14,24,"Guardrail Face","The First Harmful Event was Not a Collision with a Motor Vehicle in Transport",1,2018,"NISSAN","MAXIMA",55,"Disabling Damage",1,0,1,"Full Driver License","Valid","No",55,"Dry","Going Straight","Off the edge of the road on the right side","Unknown/Not Reported","Tracking","Departed roadway","4 DR",0,1,1,0,1,1,0,4,1
510188,3,11,42,"Tree (Standing Only)","The First Harmful Event was Not a Collision with a Motor Vehicle in Transport",1,2013,"HYUNDAI","SANTA FE",999,"Disabling Damage",1,0,1,"Full Driver License","Valid","No",55,"Dry","Going Straight","Off the edge of the road on the right side","Unknown/Not Reported","Tracking","Departed roadway","SUV",0,1,0,0,0,0,1,2,0
510189,3,21,12,"Motor Vehicle In-Transport","Angle",1,2016,"JEEP","WRANGLER",25,"Damage Reported, Extent Unknown",0,0,1,"Full Driver License","Valid","No",45,"Dry","Turning Left","Crossing Over (Passing Through) Junction","Unknown/Not Reported","Tracking","Stayed in original travel lane","4 DR",0,0,0,0,0,0,0,0,0
510191,4,22,12,"Motor Vehicle In-Transport","Front-to-Front",1,2014,"SUBARU","IMPREZA",65,"Disabling Damage",0,0,1,"Full Driver License","Valid","No",65,"Dry","Going Straight","Encroachment by other vehicle - details unknown","Unknown/Not Reported","Tracking","Stayed in original travel lane","SW",0,0,0,0,0,0,1,1,0
510198,4,5,8,"Pedestrian","The First Harmful Event was Not a Collision with a Motor Vehicle in Transport",1,2014,"NISSAN","ALTIMA",45,"Damage Reported, Extent Unknown",0,0,1,"Full Driver License","Valid","No",45,"Dry","Going Straight","Pedestrian in road","Unknown/Not Reported","Tracking","Stayed in original travel lane","4 DR",1,1,0,1,0,0,1,2,2
510200,4,20,8,"Pedestrian","The First Harmful Event was Not a Collision with a Motor Vehicle in Transport",1,2013,"KIA","OPTIMA",15,"Damage Reported, Extent Unknown",0,0,1,"Full Driver License","Valid","No",45,"Dry","Going Straight","Pedestrian in road","No Avoidance Maneuver","Tracking","Stayed in original travel lane","4 DR",0,1,0,0,0,0,1,2,0
510208,4,7,9,"Pedalcyclist","The First Harmful Event was Not a Collision with a Motor Vehicle in Transport",1,2019,"CHEVROLET","EQUINOX",55,"Damage Reported, Extent Unknown",0,0,1,"Full Driver License","Valid","No",55,"Dry","Negotiating a Curve","Pedalcyclist or other non-motorist in road","Unknown/Not Reported","Tracking","Stayed in original travel lane","SUV",0,1,0,1,2,2,0,2,1
510213,4,20,12,"Motor Vehicle In-Transport","Front-to-Front",1,2019,"NISSAN","SENTRA",30,"Disabling Damage",0,0,1,"Full Driver License","Valid","No",55,"Dry","Going Straight","Traveling in opposite direction","Unknown/Not Reported","Tracking","Stayed in original travel lane","4 DR",1,1,0,0,2,2,0,1,1
510213,4,20,12,"Motor Vehicle In-Transport","Front-to-Front",2,2019,"JEEP","CHEROKEE",60,"Disabling Damage",1,0,1,"Full Driver License","Valid","No",55,"Dry","Going Straight","Traveling in opposite direction","Unknown/Not Reported","Tracking","Stayed in original travel lane","SUV",0,1,1,0,2,2,0,1,1
510216,4,10,12,"Motor Vehicle In-Transport","Angle",1,2016,"NISSAN","SENTRA",998,"Damage Reported, Extent Unknown",0,0,1,"Full Driver License","Valid","No",25,"Dry","Turning Left","Turning Left","Unknown/Not Reported","Tracking","Stayed in original travel lane","4 DR",0,0,0,0,2,2,0,0,0
510220,4,12,12,"Motor Vehicle In-Transport","Angle",2,2023,"TOYOTA","CAMRY",998,"Disabling Damage",1,0,1,"Full Driver License","Valid","No",55,"Dry","Turning Left","Crossing Over (Passing Through) Junction","Unknown/Not Reported","Tracking","Stayed in original travel lane","4 DR",1,1,1,1,1,1,0,5,3
510233,4,23,12,"Motor Vehicle In-Transport","Front-to-Rear",1,2019,"ACURA","MDX",70,"Disabling Damage",0,0,1,"Full Driver License","Valid","No",60,"Dry","Going Straight","Traveling in same direction with lower steady speed","Unknown/Not Reported","Tracking","Stayed in original travel lane","SUV",0,1,1,1,1,1,0,5,2
510233,4,23,12,"Motor Vehicle In-Transport","Front-to-Rear",1,2020,"FORD","TRANSIT",60,"Damage Reported, Extent Unknown",0,0,1,"Full Driver License","Valid","No",60,"Dry","Going Straight","Traveling in same direction with lower steady speed","Unknown/Not Reported","Tracking","Stayed in original travel lane","VAN",1,0,1,1,1,1,0,4,3
510234,4,1,12,"Motor Vehicle In-Transport","Sideswipe - Same Direction",2,2020,"TOYOTA","CAMRY",50,"Disabling Damage",0,0,1,"Full Driver License","Valid","No",50,"Dry","Going Straight","From adjacent lane (same direction) over left lane line","Unknown/Not Reported","Tracking","Stayed on roadway, but left original travel lane","4 DR",0,1,1,1,1,1,0,6,2
510235,4,12,12,"Motor Vehicle In-Transport","Front-to-Front",1,2013,"BMW","535I",50,"Disabling Damage",0,0,1,"Full Driver License","Valid","No",55,"Dry","Negotiating a Curve","From opposite direction  over left lane line","Unknown/Not Reported","Tracking","Stayed in original travel lane","4 DR",0,1,1,1,2,2,1,3,2
510238,4,20,12,"Motor Vehicle In-Transport","Front-to-Rear",2,2013,"HYUNDAI","SONATA",20,"Disabling Damage",0,0,1,"Full Driver License","Valid","No",45,"Dry","Starting in Road","Traveling in same direction with higher speed","Unknown/Not Reported","Tracking","Stayed in original travel lane","4 DR",0,1,0,0,0,0,1,2,0
510238,4,20,12,"Motor Vehicle In-Transport","Front-to-Rear",2,2019,"NISSAN","SENTRA",30,"Damage Reported, Extent Unknown",0,0,1,"Full Driver License","Valid","No",45,"Dry","Going Straight","From adjacent lane (same direction) over left lane line","Unknown/Not Reported","Tracking","Stayed in original travel lane","4 DR",1,1,1,0,2,2,0,1,2
510240,4,17,12,"Motor Vehicle In-Transport","Angle",1,2013,"TOYOTA","AVALON",0,"Damage Reported, Extent Unknown",0,0,1,"Full Driver License","Valid","No",45,"Dry","Stopped in Roadway","From crossing street, across path","No Avoidance Maneuver","Tracking","Stayed in original travel lane","4 DR",0,0,1,0,2,2,1,1,1
510244,4,18,8,"Pedestrian","The First Harmful Event was Not a Collision with a Motor Vehicle in Transport",1,2013,"MAZDA","MAZDA3",10,"Minor Damage",0,0,1,"Full Driver License","Valid","No",10,"Dry","Going Straight","Pedestrian in road","No Avoidance Maneuver","Tracking","Stayed in original travel lane","4 DR",0,1,0,0,0,0,1,2,0
510247,4,23,8,"Pedestrian","The First Harmful Event was Not a Collision with a Motor Vehicle in Transport",1,2020,"KIA","SORENTO",70,"Damage Reported, Extent Unknown",0,0,1,"Full Driver License","Valid","No",70,"Dry","Going Straight","Over the lane line on left side of travel lane","Unknown/Not Reported","Tracking","Stayed on roadway, but left original travel lane","SUV",1,2,1,1,2,2,0,0,3
510249,4,9,12,"Motor Vehicle In-Transport","Sideswipe - Opposite Direction",2,2021,"HONDA","CR-V",55,"Disabling Damage",0,0,1,"Full Driver License","Valid","No",55,"Dry","Negotiating a Curve","From opposite direction  over left lane line","Unknown/Not Reported","Tracking","Stayed in original travel lane","SUV",1,1,1,1,1,1,0,6,3
510249,4,9,12,"Motor Vehicle In-Transport","Sideswipe - Opposite Direction",5,2018,"HYUNDAI","SONATA",55,"Disabling Damage",0,0,1,"Full Driver License","Valid","No",55,"Dry","Negotiating a Curve","From opposite direction  over left lane line","Unknown/Not Reported","Tracking","Stayed in original travel lane","4 DR",1,2,1,0,2,2,0,2,2
510254,4,23,12,"Motor Vehicle In-Transport","Front-to-Rear",1,2020,"KIA","SORENTO",0,"Disabling Damage",0,0,1,"Full Driver License","Valid","No",45,"Dry","Stopped in Roadway","From Parking Lane/Shoulder, Median/Crossover, Roadside","No Avoidance Maneuver","Tracking","Stayed on roadway, but left original travel lane","SUV",1,2,1,1,2,2,0,0,3
510255,4,11,12,"Motor Vehicle In-Transport","Angle",1,2013,"FORD","EXPLORER",40,"Damage Reported, Extent Unknown",0,0,1,"Full Driver License","Valid","No",55,"Dry","Going Straight","Other critical precrash event (specify:)","Unknown/Not Reported","Tracking","Stayed in original travel lane","SUV",0,0,1,1,0,0,1,1,2
510259,4,15,12,"Motor Vehicle In-Transport","Angle",1,2019,"NISSAN","ALTIMA",5,"Disabling Damage",0,0,1,"Full Driver License","Valid","No",45,"Dry","Turning Left","Turning Left","Unknown/Not Reported","Tracking","Stayed in original travel lane","4 DR",1,1,0,0,1,1,0,3,1
510259,4,15,12,"Motor Vehicle In-Transport","Angle",1,2015,"TOYOTA","RAV4",45,"Disabling Damage",1,0,1,"Full Driver License","Valid","No",45,"Dry","Going Straight","From crossing street, turning into opposite direction","Unknown/Not Reported","Tracking","Stayed in original travel lane","SUV",1,1,0,0,0,0,0,1,1
510264,4,1,12,"Motor Vehicle In-Transport","Angle",1,2018,"HONDA","CIVIC",9,"Disabling Damage",1,0,1,"Full Driver License","Valid","No",45,"Dry","Making a U-turn","From adjacent lane (same direction) over left lane line","Braking and steering left","Precrash stability unknown","Stayed on roadway, but left original travel lane","5 HB",0,1,0,1,2,2,0,1,1
510277,5,2,42,"Tree (Standing Only)","The First Harmful Event was Not a Collision with a Motor Vehicle in Transport",4,2013,"SUBARU","IMPREZA",110,"Disabling Damage",1,0,1,"Full Driver License","Valid","No",55,"Dry","Going Straight","Off the edge of the road on the right side","Unknown/Not Reported","Tracking","Departed roadway","SW",0,1,0,0,0,0,1,2,0
510278,5,7,12,"Motor Vehicle In-Transport","Front-to-Front",1,2018,"BUICK","ENCORE",53,"Disabling Damage",0,0,1,"Full Driver License","Valid","No",45,"Dry","Negotiating a Curve","From opposite direction  over left lane line","Unknown/Not Reported","Tracking","Stayed in original travel lane","SUV",0,1,1,1,0,0,0,2,2
510287,5,16,12,"Motor Vehicle In-Transport","Angle",5,2020,"HONDA","PILOT",20,"Disabling Damage",0,0,1,"Full Driver License","Valid","No",55,"Dry","Turning Left","From opposite direction  over left lane line","Unknown/Not Reported","Tracking","Stayed in original travel lane","SUV",1,1,1,1,1,1,0,5,3
510290,5,17,12,"Motor Vehicle In-Transport","Angle",1,2018,"HONDA","ACCORD",14,"Disabling Damage",0,0,1,"Full Driver License","Valid","No",45,"Dry","Making a U-turn","Making a U-Turn","Unknown/Not Reported","Tracking","Stayed in original travel lane","4 DR",0,1,1,1,1,1,0,5,2
510294,5,20,12,"Motor Vehicle In-Transport","Angle",1,2018,"NISSAN","ALTIMA",15,"Damage Reported, Extent Unknown",0,0,1,"Full Driver License","Valid","No",55,"Dry","Turning Left","Turning Left","Unknown/Not Reported","Tracking","Stayed in original travel lane","4 DR",0,1,1,0,1,1,0,4,1
510297,5,8,12,"Motor Vehicle In-Transport","Angle",1,2015,"NISSAN","PATHFINDER",10,"Disabling Damage",0,0,1,"Full Driver License","Valid","No",60,"Dry","Going Straight","Crossing Over (Passing Through) Junction","Unknown/Not Reported","Tracking","Stayed in original travel lane","SUV",0,0,0,0,0,0,0,0,0
510301,5,6,12,"Motor Vehicle In-Transport","Angle",1,2015,"MERCEDES-BENZ","C-CLASS",998,"Disabling Damage",0,0,1,"Full Driver License","Valid","No",35,"Dry","Turning Left","Turning Left","Unknown/Not Reported","Tracking","Stayed in original travel lane","4 DR",1,1,1,1,2,2,0,2,3
510315,5,16,12,"Motor Vehicle In-Transport","Sideswipe - Same Direction",1,2014,"CADILLAC","ESCALADE",5,"Damage Reported, Extent Unknown",0,0,1,"Full Driver License","Valid","No",35,"Dry","Turning Right","Turning Right","Unknown/Not Reported","Tracking","Stayed in original travel lane","SUV",0,1,0,0,0,0,1,3,0
510319,5,14,12,"Motor Vehicle In-Transport","Angle",1,2017,"NISSAN","ROGUE",58,"Disabling Damage",1,0,1,"Full Driver License","Valid","No",55,"Dry","Going Straight","Traveling in opposite direction","Unknown/Not Reported","Tracking","Stayed in original travel lane","SUV",1,0,0,1,2,2,0,0,2
510320,5,21,12,"Motor Vehicle In-Transport","Front-to-Rear",1,2016,"HONDA","CIVIC",25,"Disabling Damage",0,0,1,"Full Driver License","Valid","No",25,"Dry","Going Straight","Traveling in same direction with higher speed","Unknown/Not Reported","Tracking","Stayed in original travel lane","4 DR",0,1,1,1,2,2,0,1,2
510332,5,21,12,"Motor Vehicle In-Transport","Front-to-Front",2,2019,"HONDA","CR-V",55,"Disabling Damage",1,0,1,"Full Driver License","Valid","No",55,"Dry","Going Straight","From opposite direction  over left lane line","Unknown/Not Reported","Tracking","Stayed in original travel lane","SUV",0,1,1,0,2,2,0,1,1
510343,6,17,5,"Fell/Jumped from Vehicle","The First Harmful Event was Not a Collision with a Motor Vehicle in Transport",1,2018,"KIA","SORENTO",35,"Damage Reported, Extent Unknown",0,0,1,"Full Driver License","Valid","No",55,"Dry","Negotiating a Curve","From opposite direction  over left lane line","Unknown/Not Reported","Tracking","Stayed in original travel lane","SUV",0,2,0,0,2,2,0,0,0
510347,6,22,8,"Pedestrian","The First Harmful Event was Not a Collision with a Motor Vehicle in Transport",1,2011,"MAZDA","MAZDA3",45,"Reported as Unknown",0,0,1,"Full Driver License","Valid","No",45,"Dry","Going Straight","Pedestrian in road","Unknown/Not Reported","Tracking","Stayed in original travel lane","5 HB",0,1,0,0,0,0,1,2,0
510349,6,13,20,"Impact Attenuator/Crash Cushion","The First Harmful Event was Not a Collision with a Motor Vehicle in Transport",1,2015,"HYUNDAI","SANTA FE",60,"Damage Reported, Extent Unknown",0,0,1,"Full Driver License","Valid","No",60,"Dry","Going Straight","From adjacent lane (same direction) over left lane line","Unknown/Not Reported","Tracking","Stayed on roadway, but left original travel lane","SUV",0,1,0,0,0,0,0,2,0
510352,6,13,12,"Motor Vehicle In-Transport","Angle",3,2011,"KIA","OPTIMA",19,"Disabling Damage",1,0,1,"Full Driver License","Valid","No",55,"Dry","Turning Left","In crossover","Unknown/Not Reported","Tracking","Stayed on roadway, but left original travel lane","4 DR",0,2,0,0,0,0,1,1,0
510354,6,10,8,"Pedestrian","The First Harmful Event was Not a Collision with a Motor Vehicle in Transport",1,2013,"HYUNDAI","ELANTRA",50,"Damage Reported, Extent Unknown",0,0,1,"Full Driver License","Valid","No",50,"Dry","Going Straight","Pedestrian in road","Unknown/Not Reported","Tracking","Stayed in original travel lane","2 DR",0,1,0,0,0,0,1,2,0
510357,6,11,12,"Motor Vehicle In-Transport","Angle",3,2014,"DODGE","GRAND CARAVAN",55,"Disabling Damage",0,0,1,"Full Driver License","Valid","No",55,"Dry","Going Straight","From crossing street, across path","Unknown/Not Reported","Tracking","Stayed in original travel lane","VAN",0,1,0,0,0,0,1,2,0
510362,6,11,12,"Motor Vehicle In-Transport","Front-to-Front",1,2013,"NISSAN","ROGUE",55,"Disabling Damage",1,0,1,"Full Driver License","Valid","No",55,"Dry","Negotiating a Curve","Over the lane line on left side of travel lane","Unknown/Not Reported","Tracking","Stayed on roadway, but left original travel lane","SUV",0,1,0,0,0,0,1,2,0
510378,6,14,12,"Motor Vehicle In-Transport","Front-to-Rear",1,2015,"CHEVROLET","EQUINOX",5,"Damage Reported, Extent Unknown",0,0,1,"Full Driver License","Valid","No",45,"Dry","Going Straight","Traveling in same direction with higher speed","No Avoidance Maneuver","Tracking","Stayed in original travel lane","SUV",0,1,1,0,0,0,0,2,1
510385,6,22,12,"Motor Vehicle In-Transport","Sideswipe - Same Direction",2,2023,"HYUNDAI","ELANTRA",72,"Disabling Damage",0,0,1,"Full Driver License","Valid","No",65,"Dry","Going Straight","Other vehicle stopped","Unknown/Not Reported","Tracking","Stayed in original travel lane","4 DR",1,2,1,1,1,1,0,5,3
510393,6,6,12,"Motor Vehicle In-Transport","Front-to-Front",1,2021,"HYUNDAI","SONATA",60,"Disabling Damage",1,0,1,"Full Driver License","Valid","No",55,"Dry","Going Straight","From opposite direction  over left lane line","Steering left","Tracking","Stayed in original travel lane","4 DR",1,0,1,1,1,1,0,4,3
510394,6,21,8,"Pedestrian","The First Harmful Event was Not a Collision with a Motor Vehicle in Transport",1,2011,"CHEVROLET","MALIBU",999,"Damage Reported, Extent Unknown",0,0,1,"Full Driver License","Valid","No",25,"Dry","Going Straight","Pedestrian in road","Unknown/Not Reported","Tracking","Stayed in original travel lane","4 DR",0,1,0,0,0,0,1,3,0
510397,6,7,12,"Motor Vehicle In-Transport","Angle",1,2011,"BMW","328I",10,"Disabling Damage",1,0,1,"Full Driver License","Valid","No",65,"Dry","Changing Lanes","Traveling in same direction with lower steady speed","Unknown/Not Reported","Tracking","Stayed on roadway, but left original travel lane","2 DR",0,1,0,0,0,0,1,2,0
510397,6,7,12,"Motor Vehicle In-Transport","Angle",1,2013,"CHRYSLER","300",65,"Disabling Damage",0,0,1,"Full Driver License","Valid","No",65,"Dry","Going Straight","From adjacent lane (same direction) over left lane line","Unknown/Not Reported","Tracking","Stayed on roadway, not known if left original travel lane","4 DR",1,1,0,0,0,0,1,2,1
510405,6,17,12,"Motor Vehicle In-Transport","Sideswipe - Same Direction",3,2022,"TOYOTA","HIGHLANDER",75,"Disabling Damage",1,0,1,"Full Driver License","Valid","No",70,"Dry","Going Straight","From adjacent lane (same direction) over right lane line","Unknown/Not Reported","Tracking","Stayed in original travel lane","SUV",0,1,1,1,1,1,0,6,2
510416,7,20,12,"Motor Vehicle In-Transport","Front-to-Rear",1,2014,"MAZDA","MAZDA3",60,"Disabling Damage",0,0,1,"Full Driver License","Valid","No",55,"Dry","Going Straight","Traveling in same direction with lower steady speed","Unknown/Not Reported","Tracking","Stayed in original travel lane","4 DR",0,1,0,0,2,0,1,2,0
510424,7,4,12,"Motor Vehicle In-Transport","Sideswipe - Same Direction",1,2014,"NISSAN","MAXIMA",76,"Disabling Damage",1,0,1,"Full Driver License","Valid","No",65,"Dry","Decelerating in Road","From adjacent lane (same direction) over left lane line","Unknown/Not Reported","Tracking","Stayed in original travel lane","4 DR",0,1,0,0,0,0,1,2,0
510425,7,11,12,"Motor Vehicle In-Transport","Angle",1,2019,"TOYOTA","CAMRY",15,"Disabling Damage",1,0,1,"Full Driver License","Valid","No",45,"Dry","Going Straight","Crossing Over (Passing Through) Junction","Unknown/Not Reported","Tracking","Stayed in original travel lane","4 DR",1,1,1,1,1,1,0,5,3
510425,7,11,12,"Motor Vehicle In-Transport","Angle",2,2012,"NISSAN","ARMADA",60,"Disabling Damage",0,0,1,"Full Driver License","Valid","No",60,"Dry","Going Straight","From crossing street, across path","Unknown/Not Reported","Tracking","Stayed in original travel lane","SUV",0,0,0,0,0,0,1,1,0
510435,7,10,12,"Motor Vehicle In-Transport","Angle",1,2013,"HONDA","ODYSSEY",998,"Disabling Damage",1,0,1,"Full Driver License","Valid","No",40,"Dry","Turning Left","Turning Left","Unknown/Not Reported","Tracking","Stayed in original travel lane","VAN",0,0,0,0,0,0,1,1,0
510436,7,16,12,"Motor Vehicle In-Transport","Front-to-Front",2,2019,"CHEVROLET","TRAX",42,"Disabling Damage",2,0,1,"Full Driver License","Valid","No",55,"Dry","Going Straight","From opposite direction  over left lane line","Unknown/Not Reported","Tracking","Stayed in original travel lane","SUV",0,1,1,0,0,0,0,2,1
510441,7,2,12,"Motor Vehicle In-Transport","Front-to-Front",1,2018,"CHEVROLET","SONIC",20,"Disabling Damage",1,0,1,"Full Driver License","Valid","No",30,"Dry","Turning Left","Turning Left","Unknown/Not Reported","Tracking","Stayed in original travel lane","4 DR",0,1,0,1,0,0,0,2,1
510444,7,14,12,"Motor Vehicle In-Transport","Front-to-Front",3,2012,"NISSAN","TITAN",30,"Disabling Damage",0,0,1,"Full Driver License","Valid","No",45,"Dry","Going Straight","From opposite direction  over left lane line","Unknown/Not Reported","Tracking","Stayed in original travel lane","PU/CC",0,0,0,0,0,0,1,1,0
510447,7,21,12,"Motor Vehicle In-Transport","Sideswipe - Same Direction",1,2020,"CHEVROLET","TAHOE",85,"Disabling Damage",0,0,1,"Full Driver License","Valid","No",60,"Dry","Going Straight","Over the lane line on right side of travel lane","Unknown/Not Reported","Tracking","Stayed on roadway, but left original travel lane","SUV",0,0,0,0,2,2,0,0,0
510451,7,21,12,"Motor Vehicle In-Transport","Angle",1,2015,"HONDA","ACCORD",15,"Disabling Damage",1,0,1,"Full Driver License","Valid","No",55,"Dry","Starting in Road","From crossing street, across path","Unknown/Not Reported","Tracking","Stayed on roadway, but left original travel lane","4 DR",0,1,0,0,0,0,0,2,0
510452,7,5,12,"Motor Vehicle In-Transport","Front-to-Front",1,2016,"NISSAN","ALTIMA",60,"Disabling Damage",0,0,1,"Full Driver License","Valid","No",55,"Dry","Going Straight","From opposite direction  over left lane line","Unknown/Not Reported","Tracking","Stayed on roadway, but left original travel lane","4 DR",1,0,0,0,2,2,0,0,1
510462,7,10,8,"Pedestrian","The First Harmful Event was Not a Collision with a Motor Vehicle in Transport",1,2011,"NISSAN","VERSA",40,"Disabling Damage",0,0,1,"Full Driver License","Valid","No",55,"Dry","Going Straight","Pedestrian in road","Unknown/Not Reported","Tracking","Stayed in original travel lane","4 DR",0,1,0,0,0,0,2,1,0
510464,7,14,12,"Motor Vehicle In-Transport","Angle",1,2023,"CHEVROLET","EQUINOX",15,"Disabling Damage",0,0,1,"Full Driver License","Valid","No",55,"Dry","Starting in Road","Crossing Over (Passing Through) Junction","Unknown/Not Reported","Tracking","Stayed in original travel lane","SUV",1,0,1,1,1,1,0,4,3
510466,7,23,8,"Pedestrian","The First Harmful Event was Not a Collision with a Motor Vehicle in Transport",1,2017,"KIA","SORENTO",50,"Disabling Damage",0,0,1,"Full Driver License","Valid","No",55,"Dry","Going Straight","Pedestrian in road","Unknown/Not Reported","Tracking","Stayed in original travel lane","SUV",0,1,0,0,2,2,0,1,0
510467,7,14,12,"Motor Vehicle In-Transport","Angle",1,2016,"TOYOTA","COROLLA",10,"Disabling Damage",1,0,1,"Full Driver License","Valid","No",35,"Dry","Going Straight","From crossing street, across path","Unknown/Not Reported","Tracking","Stayed on roadway, not known if left original travel lane","4 DR",0,1,0,0,0,0,0,1,0
510468,7,22,8,"Pedestrian","The First Harmful Event was Not a Collision with a Motor Vehicle in Transport",1,2019,"NISSAN","ALTIMA",35,"Disabling Damage",0,0,1,"Full Driver License","Valid","No",45,"Dry","Going Straight","Pedestrian in road","Unknown/Not Reported","Tracking","Stayed in original travel lane","4 DR",1,1,0,1,1,1,0,3,2
510469,7,20,12,"Motor Vehicle In-Transport","Angle",2,2015,"HONDA","ODYSSEY",10,"Disabling Damage",1,0,1,"Full Driver License","Valid","No",55,"Dry","Turning Left","In crossover","Unknown/Not Reported","Tracking","Stayed on roadway, but left original travel lane","VAN",1,1,1,0,0,0,0,1,2
510469,7,20,12,"Motor Vehicle In-Transport","Angle",1,2016,"TOYOTA","TUNDRA",60,"Disabling Damage",0,0,1,"Full Driver License","Valid","No",55,"Dry","Going Straight","In crossover","Unknown/Not Reported","Tracking","Stayed in original travel lane","PU/CC",0,1,0,0,0,0,0,1,0
510477,7,7,8,"Pedestrian","The First Harmful Event was Not a Collision with a Motor Vehicle in Transport",1,2011,"HONDA","ODYSSEY",40,"Disabling Damage",0,0,1,"Full Driver License","Valid","No",45,"Dry","Negotiating a Curve","Pedestrian in road","Unknown/Not Reported","Tracking","Stayed in original travel lane","VAN",0,1,0,0,0,0,1,2,0
510486,8,10,12,"Motor Vehicle In-Transport","Angle",1,2015,"CHEVROLET","MALIBU",10,"Disabling Damage",0,0,1,"Full Driver License","Valid","No",55,"Dry","Turning Left","Crossing Over (Passing Through) Junction","No Avoidance Maneuver","Tracking","Stayed in original travel lane","4 DR",1,0,1,0,0,0,0,1,2
510495,8,13,12,"Motor Vehicle In-Transport","Front-to-Front",1,2014,"RAM","1500",45,"Disabling Damage",0,0,1,"Full Driver License","Valid","No",45,"Dry","Negotiating a Curve","From opposite direction  over left lane line","Unknown/Not Reported","Tracking","Stayed in original travel lane","PU/RC",0,1,0,0,0,0,1,2,0
510497,8,21,12,"Motor Vehicle In-Transport","Front-to-Rear",1,2012,"NISSAN","ALTIMA",30,"Disabling Damage",0,0,1,"Full Driver License","Valid","No",45,"Dry","Going Straight","From opposite direction  over left lane line","Unknown/Not Reported","Tracking","Stayed in original travel lane","4 DR",0,0,0,0,0,0,1,1,0
510499,8,16,12,"Motor Vehicle In-Transport","Angle",1,2011,"ACURA","TSX",15,"Damage Reported, Extent Unknown",0,0,1,"Full Driver License","Valid","No",35,"Dry","Turning Left","Turning Left","Unknown/Not Reported","Tracking","Stayed in original travel lane","4 DR",0,1,0,0,0,0,1,2,0
510501,8,9,12,"Motor Vehicle In-Transport","Front-to-Front",1,2020,"HYUNDAI","ELANTRA",7,"Disabling Damage",0,0,1,"Full Driver License","Valid","No",45,"Dry","Turning Left","Turning Left","No Avoidance Maneuver","Tracking","Stayed in original travel lane","4 DR",0,2,0,1,2,2,0,0,1
510502,8,16,12,"Motor Vehicle In-Transport","Angle",2,2016,"NISSAN","ROGUE",10,"Disabling Damage",2,0,1,"Full Driver License","Valid","No",55,"Dry","Starting in Road","Crossing Over (Passing Through) Junction","Unknown/Not Reported","Tracking","Stayed in original travel lane","SUV",1,0,1,0,2,2,0,0,2
510506,8,8,16,"Thrown or Falling Object","The First Harmful Event was Not a Collision with a Motor Vehicle in Transport",1,2021,"HONDA","PASSPORT",45,"Disabling Damage",1,0,1,"Full Driver License","Valid","No",45,"Dry","Negotiating a Curve","Other critical precrash event (specify:)","Unknown/Not Reported","Tracking","Stayed in original travel lane","SUV",0,1,1,1,1,1,0,6,2
510508,8,16,12,"Motor Vehicle In-Transport","Front-to-Front",1,2012,"NISSAN","SENTRA",55,"Disabling Damage",1,0,1,"Full Driver License","Valid","No",55,"Dry","Going Straight","From driveway, turning into opposite direction","Unknown/Not Reported","Tracking","Stayed in original travel lane","4 DR",0,0,0,0,0,0,1,1,0
510512,8,5,12,"Motor Vehicle In-Transport","Front-to-Front",1,2015,"FORD","FOCUS",45,"Disabling Damage",1,0,1,"Full Driver License","Valid","No",45,"Dry","Going Straight","From opposite direction  over left lane line","Unknown/Not Reported","Tracking","Stayed in original travel lane","5 HB",0,1,0,0,0,0,0,1,0
510513,8,11,12,"Motor Vehicle In-Transport","Angle",2,2015,"TOYOTA","CAMRY",10,"Disabling Damage",1,0,1,"Full Driver License","Valid","No",45,"Dry","Turning Left","Crossing Over (Passing Through) Junction","Unknown/Not Reported","Tracking","Stayed on roadway, but left original travel lane","4 DR",1,1,0,1,2,2,0,1,2
510514,8,4,8,"Pedestrian","The First Harmful Event was Not a Collision with a Motor Vehicle in Transport",1,2014,"VOLKSWAGEN","JETTA",35,"Disabling Damage",0,0,1,"Full Driver License","Valid","No",45,"Dry","Going Straight","Pedestrian in road","Unknown/Not Reported","Tracking","Stayed on roadway, but left original travel lane","4 DR",0,1,0,0,0,0,1,2,0
510518,8,11,12,"Motor Vehicle In-Transport","Angle",1,2016,"FORD","TRANSIT",18,"Disabling Damage",0,0,1,"Full Driver License","Valid","No",45,"Dry","Going Straight","In crossover","Unknown/Not Reported","Tracking","Stayed in original travel lane","VAN",0,0,0,0,0,0,0,0,0