"SERIAL_CRASH","MONTH","HOUR","HARM_EV","HARM_EVNAME","TYPE_OF_COLLIOSION","NUM_OF_PEOPLE","MOD_YEAR","VPICMAKENAME","VPICMODELNAME","TRAV_SP","DEFORMEDNAME","DEATHS","DR_DRINK","IS_DRIVER_PRESENT","L_TYPENAME","L_STATUSNAME","SPEEDRELNAME","VSPD_LIM","VSURCONDNAME","P_CRASH1NAME","P_CRASH2NAME","P_CRASH3NAME","PCRASH4NAME","PCRASH5NAME","BODY_STYLE","BLIND_SPOT_DETECTION","ARS","FRNT_COLLISION_WARNING","LANE_DEPARTURE_WARNING","CRASH_IMMINENT_BRAKE","DYNAMIC_BRAKE_SUPPORT","NHTSA_ESC","SAFETY_COUNT","notification_count"
510521,8,15,12,"Motor Vehicle In-Transport","Front-to-Rear",1,2022,"BMW","X3",0,"Disabling Damage",0,0,1,"Full Driver License","Valid","No",70,"Dry","Stopped in Roadway","Traveling in same direction with higher speed","No Avoidance Maneuver","Tracking","Stayed in original travel lane","SUV",0,1,0,0,0,0,0,2,0
510521,8,15,12,"Motor Vehicle In-Transport","Front-to-Rear",1,2022,"MAZDA","MAZDA3",0,"Disabling Damage",0,0,1,"Full Driver License","Valid","No",70,"Dry","Stopped in Roadway","Traveling in same direction with higher speed","No Avoidance Maneuver","Tracking","Stayed in original travel lane","4 DR",1,1,1,1,1,1,0,6,3
510521,8,15,12,"Motor Vehicle In-Transport","Front-to-Rear",1,2018,"VOLKSWAGEN","TIGUAN",0,"Disabling Damage",0,0,1,"Full Driver License","Valid","No",70,"Dry","Stopped in Roadway","Traveling in same direction with higher speed","No Avoidance Maneuver","Tracking","Stayed in original travel lane","SUV",1,0,0,0,2,2,0,0,1
510521,8,15,12,"Motor Vehicle In-Transport","Front-to-Rear",1,2021,"SUBARU","FORESTER",0,"Disabling Damage",0,0,1,"Full Driver License","Valid","No",70,"Dry","Stopped in Roadway","Traveling in same direction with higher speed","No Avoidance Maneuver","Tracking","Stayed in original travel lane","SUV",0,0,1,1,1,1,0,4,2
510521,8,15,12,"Motor Vehicle In-Transport","Front-to-Rear",1,2015,"SUBARU","OUTBACK",0,"Disabling Damage",0,0,1,"Full Driver License","Valid","No",70,"Dry","Stopped in Roadway","Traveling in same direction with higher speed","No Avoidance Maneuver","Tracking","Stayed in original travel lane","SUV",0,0,1,0,2,2,0,0,1
510521,8,15,12,"Motor Vehicle In-Transport","Front-to-Rear",1,2014,"TOYOTA","COROLLA",0,"Disabling Damage",0,0,1,"Full Driver License","Valid","No",70,"Dry","Stopped in Roadway","Traveling in same direction with higher speed","No Avoidance Maneuver","Tracking","Stayed in original travel lane","4 DR",0,0,0,0,0,0,1,1,0
510528,8,18,42,"Tree (Standing Only)","The First Harmful Event was Not a Collision with a Motor Vehicle in Transport",4,2016,"GMC","YUKON",998,"Disabling Damage",3,0,1,"Full Driver License","Valid","No",55,"Dry","Going Straight","Off the edge of the road on the right side","Unknown/Not Reported","Tracking","Departed roadway","SUV",1,1,1,0,2,0,0,2,2
510529,8,13,12,"Motor Vehicle In-Transport","Sideswipe - Opposite Direction",1,2014,"JEEP","CHEROKEE",40,"Disabling Damage",0,0,1,"Full Driver License","Valid","No",45,"Dry","Negotiating a Curve","Traveling in opposite direction","Unknown/Not Reported","Tracking","Unknown","SUV",0,1,0,0,0,0,1,2,0
510531,8,2,12,"Motor Vehicle In-Transport","Front-to-Rear",1,2017,"RAM","1500",78,"Disabling Damage",0,0,1,"Full Driver License","Valid","No",65,"Dry","Going Straight","Other vehicle stopped","Unknown/Not Reported","Tracking","Stayed in original travel lane","PU/EC",0,0,0,0,0,0,0,0,0
510533,8,21,15,"Non-Motorist on Personal Conveyance","The First Harmful Event was Not a Collision with a Motor Vehicle in Transport",1,2022,"TOYOTA","COROLLA",15,"Damage Reported, Extent Unknown",0,0,1,"Full Driver License","Valid","No",35,"Dry","Decelerating in Road","Pedalcyclist or other non-motorist in road","Unknown/Not Reported","Tracking","Stayed in original travel lane","4 DR",1,1,1,1,1,1,0,6,3
510545,8,16,35,"Embankment","The First Harmful Event was Not a Collision with a Motor Vehicle in Transport",3,2017,"NISSAN","ALTIMA",70,"Disabling Damage",1,0,1,"Full Driver License","Valid","No",65,"Dry","Negotiating a Curve","Off the edge of the road on the right side","Unknown/Not Reported","Tracking","Departed roadway","4 DR",1,0,0,0,2,2,0,0,1
510548,8,0,12,"Motor Vehicle In-Transport","Front-to-Front",1,2020,"NISSAN","ALTIMA",55,"Disabling Damage",0,0,1,"Full Driver License","Valid","No",55,"Dry","Going Straight","Traveling in opposite direction","Unknown/Not Reported","Tracking","Stayed in original travel lane","4 DR",1,1,1,0,1,1,0,4,2
510550,8,5,12,"Motor Vehicle In-Transport","Angle",4,2020,"KIA","SPORTAGE",998,"Disabling Damage",2,0,1,"Full Driver License","Valid","No",60,"Dry","Going Straight","From crossing street, across path","Unknown/Not Reported","Tracking","Stayed in original travel lane","SUV",1,2,1,1,1,1,0,5,3
510552,8,14,8,"Pedestrian","The First Harmful Event was Not a Collision with a Motor Vehicle in Transport",1,2016,"LINCOLN","MKX",60,"Damage Reported, Extent Unknown",0,0,1,"Full Driver License","Valid","No",60,"Dry","Going Straight","Pedestrian in road","Unknown/Not Reported","Tracking","Stayed in original travel lane","SUV",1,1,1,0,0,0,0,2,2
510553,8,18,12,"Motor Vehicle In-Transport","Front-to-Front",1,2019,"SUBARU","CROSSTREK",45,"Disabling Damage",0,0,1,"Full Driver License","Valid","No",45,"Dry","Negotiating a Curve","From opposite direction  over left lane line","Unknown/Not Reported","Tracking","Stayed in original travel lane","SW",1,0,1,0,2,2,0,0,2
510554,8,21,8,"Pedestrian","The First Harmful Event was Not a Collision with a Motor Vehicle in Transport",1,2011,"VOLKSWAGEN","JETTA",55,"Disabling Damage",0,0,1,"Learner's Permit","Valid","No",55,"Dry","Going Straight","Pedestrian in road","Unknown/Not Reported","Tracking","Stayed in original travel lane","4 DR",0,1,0,0,0,0,1,2,0
510565,8,22,8,"Pedestrian","The First Harmful Event was Not a Collision with a Motor Vehicle in Transport",1,2014,"HYUNDAI","ELANTRA",998,"Disabling Damage",0,0,1,"Full Driver License","Valid","No",35,"Dry","Going Straight","Pedestrian in road","Unknown/Not Reported","Tracking","Stayed in original travel lane","2 DR",0,0,0,0,0,0,1,1,0
510567,8,20,31,"Post, Pole or Other Supports","The First Harmful Event was Not a Collision with a Motor Vehicle in Transport",1,2018,"TOYOTA","COROLLA IM",35,"Reported as Unknown",1,0,1,"Full Driver License","Valid","No",35,"Dry","Going Straight","Off the edge of the road on the right side","Unknown/Not Reported","Tracking","Departed roadway","5 HB",0,1,1,1,0,0,0,3,2
510568,8,6,8,"Pedestrian","The First Harmful Event was Not a Collision with a Motor Vehicle in Transport",99,2015,"CADILLAC","ESCALADE",999,"Damage Reported, Extent Unknown",0,0,1,"Full Driver License","Valid","No",25,"Dry","Starting in Road","Pedestrian in road","Unknown/Not Reported","Tracking","Stayed on roadway, but left original travel lane","SUV",0,1,0,0,2,0,0,2,0
510574,8,0,9,"Pedalcyclist","The First Harmful Event was Not a Collision with a Motor Vehicle in Transport",1,2019,"TOYOTA","CAMRY",25,"Damage Reported, Extent Unknown",0,0,1,"Full Driver License","Valid","No",45,"Dry","Going Straight","Pedalcyclist or other non-motorist in road","Unknown/Not Reported","Precrash stability unknown","Stayed in original travel lane","4 DR",0,1,1,1,1,1,0,5,2
510580,5,20,11,"Live Animal","The First Harmful Event was Not a Collision with a Motor Vehicle in Transport",2,2015,"TOYOTA","SIENNA",65,"Disabling Damage",1,0,1,"Full Driver License","Valid","No",55,"Dry","Going Straight","Animal in road","Unknown/Not Reported","Tracking","Stayed in original travel lane","VAN",1,1,0,0,2,2,0,1,1
510583,7,16,12,"Motor Vehicle In-Transport","Angle",1,2013,"TOYOTA","CAMRY",30,"Disabling Damage",1,0,1,"Full Driver License","Valid","No",45,"Dry","Turning Left","In crossover","Unknown/Not Reported","Tracking","Stayed on roadway, but left original travel lane","4 DR",0,1,0,0,0,0,1,2,0
510591,9,16,42,"Tree (Standing Only)","The First Harmful Event was Not a Collision with a Motor Vehicle in Transport",2,2021,"LINCOLN","NAVIGATOR",70,"Damage Reported, Extent Unknown",1,0,1,"Full Driver License","Valid","No",55,"Dry","Going Straight","Off the edge of the road on the right side","Unknown/Not Reported","Tracking","Departed roadway","SUV",1,1,1,1,1,1,0,7,3
510593,9,14,12,"Motor Vehicle In-Transport","Angle",1,2019,"SUBARU","CROSSTREK",20,"Disabling Damage",0,0,1,"Full Driver License","Valid","No",55,"Dry","Turning Left","Turning Left","Unknown/Not Reported","Tracking","Stayed in original travel lane","SW",0,0,1,1,2,2,0,0,2
510596,9,17,12,"Motor Vehicle In-Transport","Angle",1,2022,"TOYOTA","RAV4",50,"Disabling Damage",0,0,1,"Full Driver License","Valid","No",50,"Dry","Going Straight","From opposite direction  over left lane line","Unknown/Not Reported","Tracking","Stayed in original travel lane","SUV",1,1,1,1,1,1,0,6,3
510601,9,14,12,"Motor Vehicle In-Transport","Front-to-Front",1,2015,"INFINITI","Q50",55,"Disabling Damage",0,0,1,"Full Driver License","Valid","No",55,"Dry","Negotiating a Curve","Over the lane line on left side of travel lane","Unknown/Not Reported","Tracking","Stayed on roadway, but left original travel lane","4 DR",1,0,0,0,2,2,0,0,1
510605,9,22,12,"Motor Vehicle In-Transport","Angle",1,2015,"FORD","EXPEDITION",65,"Disabling Damage",0,0,1,"Full Driver License","Valid","No",65,"Dry","Going Straight","From Parking Lane/Shoulder, Median/Crossover, Roadside","Steering left","Tracking","Stayed on roadway, but left original travel lane","SUV",1,1,0,0,0,0,0,1,1
510605,9,22,12,"Motor Vehicle In-Transport","Angle",2,2022,"KIA","SELTOS",65,"Disabling Damage",1,0,1,"Full Driver License","Valid","No",65,"Dry","Going Straight","From opposite direction  over left lane line","Unknown/Not Reported","Tracking","Stayed in original travel lane","SUV",1,2,1,1,2,2,0,0,3
510605,9,22,12,"Motor Vehicle In-Transport","Angle",1,2023,"NISSAN","PATHFINDER",65,"Damage Reported, Extent Unknown",0,0,1,"Full Driver License","Valid","No",65,"Dry","Going Straight","From opposite direction  over left lane line","Unknown/Not Reported","Tracking","Stayed in original travel lane","SUV",1,1,1,1,1,1,0,6,3
510615,9,14,42,"Tree (Standing Only)","The First Harmful Event was Not a Collision with a Motor Vehicle in Transport",2,2013,"CHEVROLET","MALIBU",80,"Disabling Damage",1,0,1,"Full Driver License","Valid","No",70,"Dry","Other(specify:)","Off the edge of the road on the right side","Unknown/Not Reported","Tracking","Departed roadway","4 DR",0,1,1,0,0,0,1,3,1
510620,9,8,12,"Motor Vehicle In-Transport","Angle",3,2012,"HONDA","ACCORD",15,"Disabling Damage",2,0,1,"Full Driver License","Valid","No",0,"Dry","Turning Left","Turning Left","Unknown/Not Reported","Tracking","Stayed in original travel lane","2 DR",0,0,0,0,0,0,1,1,0
510620,9,8,12,"Motor Vehicle In-Transport","Angle",1,2014,"NISSAN","MAXIMA",55,"Disabling Damage",0,0,1,"Full Driver License","Valid","No",55,"Dry","Going Straight","From crossing street, turning into opposite direction","Unknown/Not Reported","Tracking","Stayed in original travel lane","4 DR",0,1,0,0,0,0,1,2,0
510628,9,18,12,"Motor Vehicle In-Transport","Front-to-Front",1,2021,"TOYOTA","RAV4",55,"Disabling Damage",0,0,1,"Full Driver License","Valid","No",55,"Dry","Going Straight","From opposite direction  over left lane line","Unknown/Not Reported","Tracking","Stayed in original travel lane","SUV",1,1,1,1,1,1,0,6,3
510631,9,7,12,"Motor Vehicle In-Transport","Front-to-Front",1,2016,"JEEP","CHEROKEE",49,"Disabling Damage",0,0,1,"Full Driver License","Valid","No",45,"Dry","Negotiating a Curve","From opposite direction  over left lane line","Unknown/Not Reported","Tracking","Stayed in original travel lane","SUV",1,1,0,1,2,2,0,1,2
510636,9,14,12,"Motor Vehicle In-Transport","Angle",1,2011,"HYUNDAI","GENESIS",998,"Disabling Damage",1,0,1,"Full Driver License","Valid","No",25,"Dry","Going Straight","Crossing Over (Passing Through) Junction","Unknown/Not Reported","Tracking","Stayed in original travel lane","4 DR",0,1,0,0,0,0,1,2,0
510636,9,14,12,"Motor Vehicle In-Transport","Angle",2,2015,"JEEP","WRANGLER",998,"Disabling Damage",0,0,1,"Full Driver License","Valid","No",45,"Dry","Going Straight","From crossing street, across path","Unknown/Not Reported","Tracking","Stayed in original travel lane","SUV",0,0,0,0,0,0,0,0,0
510638,9,6,12,"Motor Vehicle In-Transport","Front-to-Rear",1,2023,"SUBARU","OUTBACK",0,"Disabling Damage",0,0,1,"Full Driver License","Valid","No",70,"Dry","Stopped in Roadway","Traveling in same direction with higher speed","No Avoidance Maneuver","Tracking","Stayed in original travel lane","SW",0,1,1,1,1,1,0,5,2
510641,9,22,12,"Motor Vehicle In-Transport","Front-to-Rear",1,2017,"ACURA","MDX",55,"Disabling Damage",0,0,1,"Full Driver License","Valid","No",55,"Dry","Negotiating a Curve","From Parking Lane/Shoulder, Median/Crossover, Roadside","Unknown/Not Reported","Tracking","Stayed in original travel lane","SUV",0,1,1,1,1,1,0,5,2
510642,9,16,12,"Motor Vehicle In-Transport","Front-to-Rear",1,2018,"HYUNDAI","SONATA",45,"Damage Reported, Extent Unknown",0,0,1,"Full Driver License","Valid","No",60,"Dry","Going Straight","Traveling in same direction with higher speed","Unknown/Not Reported","Tracking","Stayed in original travel lane","4 DR",1,2,1,1,2,2,0,2,3
510643,9,10,8,"Pedestrian","The First Harmful Event was Not a Collision with a Motor Vehicle in Transport",1,2013,"NISSAN","ROGUE",55,"Disabling Damage",1,0,1,"Full Driver License","Valid","No",55,"Dry","Going Straight","Pedestrian in road","Unknown/Not Reported","Tracking","Stayed in original travel lane","SUV",0,1,0,0,0,0,1,2,0
510645,9,16,12,"Motor Vehicle In-Transport","Front-to-Rear",1,2019,"CHEVROLET","IMPALA",50,"Disabling Damage",0,0,1,"Full Driver License","Valid","No",55,"Dry","Going Straight","Traveling in same direction with higher speed","Unknown/Not Reported","Tracking","Stayed in original travel lane","4 DR",1,1,1,0,2,0,0,2,2
510648,9,13,12,"Motor Vehicle In-Transport","Angle",1,2017,"FORD","TAURUS",40,"Damage Reported, Extent Unknown",0,0,1,"Full Driver License","Valid","No",55,"Dry","Decelerating in Road","Traveling in same direction while decelerating","Unknown/Not Reported","Tracking","Unknown","4 DR",0,0,0,1,0,0,0,0,1
510651,9,10,12,"Motor Vehicle In-Transport","Front-to-Front",1,2020,"TOYOTA","SIENNA",40,"Reported as Unknown",1,0,1,"Full Driver License","Valid","No",45,"Dry","Going Straight","Traveling in opposite direction","Unknown/Not Reported","Tracking","Stayed in original travel lane","VAN",1,2,1,1,1,1,0,5,3
510655,9,9,24,"Guardrail Face","The First Harmful Event was Not a Collision with a Motor Vehicle in Transport",1,2012,"CHEVROLET","MALIBU",60,"Disabling Damage",1,0,1,"Full Driver License","Valid","No",60,"Dry","Going Straight","Off the edge of the road on the right side","Unknown/Not Reported","Tracking","Remained off roadway","4 DR",0,0,0,0,0,0,1,2,0
510667,9,18,42,"Tree (Standing Only)","The First Harmful Event was Not a Collision with a Motor Vehicle in Transport",1,2015,"CHEVROLET","COLORADO",999,"Disabling Damage",1,0,1,"Full Driver License","Valid","No",60,"Dry","Going Straight","Off the edge of the road on the left side","Unknown/Not Reported","Tracking","Departed roadway","PU/EC",0,1,1,1,0,0,0,1,2
510672,10,12,54,"Motor Vehicle In-Transport Strikes or is Struck by Cargo, Persons or Objects Set-in-Motion from/by Another Motor Vehicle In Transport","Other",1,2017,"JEEP","RENEGADE",70,"Disabling Damage",0,0,1,"Full Driver License","Valid","No",70,"Dry","Going Straight","Other critical precrash event (specify:)","Unknown/Not Reported","Tracking","Stayed in original travel lane","SUV",1,0,1,0,2,2,0,0,2
510676,10,16,8,"Pedestrian","The First Harmful Event was Not a Collision with a Motor Vehicle in Transport",99,2019,"HONDA","CIVIC",45,"Damage Reported, Extent Unknown",0,0,1,"Full Driver License","Valid","No",45,"Dry","Going Straight","Pedestrian in road","Unknown/Not Reported","Tracking","Stayed in original travel lane","2 DR",0,1,1,1,1,1,0,5,2
510678,10,10,19,"Building","The First Harmful Event was Not a Collision with a Motor Vehicle in Transport",1,2022,"HONDA","CIVIC",77,"Disabling Damage",1,0,1,"Full Driver License","Valid","No",45,"Dry","Going Straight","Off the edge of the road on the left side","Unknown/Not Reported","Tracking","Departed roadway","4 DR",1,1,1,1,1,1,0,5,3
510679,10,18,12,"Motor Vehicle In-Transport","Front-to-Rear",2,2017,"FORD","FUSION",0,"Disabling Damage",0,0,1,"Full Driver License","Valid","No",55,"Dry","Stopped in Roadway","Other critical precrash event (specify:)","No Avoidance Maneuver","Tracking","Stayed in original travel lane","4 DR",1,1,0,1,2,2,0,2,2
510682,10,19,12,"Motor Vehicle In-Transport","Angle",1,2022,"HYUNDAI","ELANTRA",19,"Disabling Damage",1,0,1,"Full Driver License","Valid","No",40,"Dry","Going Straight","From crossing street, across path","Unknown/Not Reported","Tracking","Stayed in original travel lane","4 DR",1,2,1,1,1,1,0,4,3
510682,10,19,12,"Motor Vehicle In-Transport","Angle",1,2014,"CADILLAC","XTS",0,"Disabling Damage",0,0,1,"Full Driver License","Valid","No",40,"Dry","Stopped in Roadway","From opposite direction  over left lane line","No Avoidance Maneuver","Tracking","Stayed in original travel lane","4 DR",0,1,0,0,2,2,1,3,0
510684,10,16,12,"Motor Vehicle In-Transport","Angle",2,2019,"HONDA","CR-V",25,"Disabling Damage",0,0,1,"Full Driver License","Valid","No",45,"Dry","Turning Left","Crossing Over (Passing Through) Junction","Unknown/Not Reported","Tracking","Stayed in original travel lane","SUV",1,1,0,0,2,2,0,1,1
510685,10,15,12,"Motor Vehicle In-Transport","Angle",1,2015,"HONDA","ODYSSEY",3,"Disabling Damage",0,0,1,"Full Driver License","Valid","No",50,"Dry","Turning Left","From opposite direction  over right lane line","Unknown/Not Reported","Tracking","Stayed in original travel lane","VAN",0,1,1,0,0,0,0,1,1
510697,10,23,12,"Motor Vehicle In-Transport","Front-to-Front",1,2018,"NISSAN","SENTRA",40,"Disabling Damage",0,0,1,"Full Driver License","Valid","No",45,"Dry","Going Straight","Traveling in opposite direction","Unknown/Not Reported","Tracking","Stayed in original travel lane","4 DR",0,1,0,0,2,2,0,1,0
510708,10,13,12,"Motor Vehicle In-Transport","Front-to-Front",1,2015,"MERCEDES-BENZ","ML-CLASS",15,"Disabling Damage",1,0,1,"Full Driver License","Valid","No",55,"Dry","Turning Left","Turning Left","Unknown/Not Reported","Tracking","Stayed in original travel lane","SUV",1,1,1,1,2,2,0,2,3
510713,10,17,8,"Pedestrian","The First Harmful Event was Not a Collision with a Motor Vehicle in Transport",1,2022,"MERCEDES-BENZ","GLE-CLASS",27,"Damage Reported, Extent Unknown",0,0,1,"Full Driver License","Valid","No",25,"Dry","Going Straight","Pedestrian in road","Unknown/Not Reported","Tracking","Stayed in original travel lane","SUV",0,1,1,0,1,1,0,5,1
510719,10,11,12,"Motor Vehicle In-Transport","Angle",1,2014,"SUBARU","FORESTER",15,"Disabling Damage",1,0,1,"Full Driver License","Valid","No",45,"Dry","Turning Left","Turning Left","Unknown/Not Reported","Tracking","Stayed in original travel lane","SUV",0,0,0,1,2,2,1,1,1
510721,10,12,12,"Motor Vehicle In-Transport","Angle",1,2019,"NISSAN","SENTRA",15,"Disabling Damage",0,0,1,"Full Driver License","Valid","No",45,"Dry","Going Straight","Crossing Over (Passing Through) Junction","Unknown/Not Reported","Tracking","Stayed in original travel lane","4 DR",0,1,1,0,2,2,0,1,1
510721,10,12,12,"Motor Vehicle In-Transport","Angle",1,2013,"CHEVROLET","MALIBU",0,"Damage Reported, Extent Unknown",0,0,1,"Full Driver License","Valid","No",45,"Dry","Stopped in Roadway","From opposite direction  over left lane line","No Avoidance Maneuver","Tracking","Stayed in original travel lane","4 DR",0,1,0,1,0,0,1,3,1
510723,10,18,12,"Motor Vehicle In-Transport","Front-to-Rear",1,2018,"HONDA","CIVIC",5,"Disabling Damage",0,0,1,"Full Driver License","Valid","No",25,"Dry","Going Straight","Traveling in same direction with higher speed","Unknown/Not Reported","Tracking","Stayed in original travel lane","5 HB",0,1,1,0,2,2,0,1,1
510730,10,18,8,"Pedestrian","The First Harmful Event was Not a Collision with a Motor Vehicle in Transport",1,2018,"TOYOTA","CAMRY",65,"Disabling Damage",0,0,1,"Full Driver License","Valid","No",65,"Dry","Going Straight","Pedestrian in road","Unknown/Not Reported","Tracking","Stayed in original travel lane","4 DR",1,1,1,1,1,1,0,5,3
510748,11,17,12,"Motor Vehicle In-Transport","Angle",3,2018,"HYUNDAI","ELANTRA",70,"Disabling Damage",2,0,1,"Full Driver License","Valid","No",65,"Dry","Going Straight","Off the edge of the road on the left side","Unknown/Not Reported","Tracking","Stayed on roadway, but left original travel lane","4 DR",1,2,1,0,2,2,0,0,2
510748,11,17,12,"Motor Vehicle In-Transport","Angle",1,2023,"INFINITI","QX60",70,"Disabling Damage",0,0,1,"Full Driver License","Valid","No",65,"Dry","Going Straight","From Parking Lane/Shoulder, Median/Crossover, Roadside","Unknown/Not Reported","Tracking","Stayed in original travel lane","SUV",1,1,1,1,1,1,0,6,3
510752,11,8,42,"Tree (Standing Only)","The First Harmful Event was Not a Collision with a Motor Vehicle in Transport",1,2017,"NISSAN","MAXIMA",55,"Disabling Damage",1,0,1,"Full Driver License","Valid","No",55,"Dry","Going Straight","Off the edge of the road on the left side","Unknown/Not Reported","Tracking","Departed roadway","4 DR",0,0,0,0,2,2,0,0,0
510753,11,13,12,"Motor Vehicle In-Transport","Angle",3,2021,"FORD","BRONCO",44,"Disabling Damage",0,0,1,"Full Driver License","Valid","No",45,"Dry","Going Straight","From crossing street, across path","Unknown/Not Reported","Tracking","Stayed in original travel lane","2DR",1,0,1,1,1,1,0,6,3
510754,11,4,14,"Parked Motor Vehicle","The First Harmful Event was Not a Collision with a Motor Vehicle in Transport",1,2013,"HONDA","CR-V",55,"Disabling Damage",0,0,1,"Full Driver License","Valid","No",55,"Dry","Going Straight","Off the edge of the road on the right side","Unknown/Not Reported","Tracking","Departed roadway","SUV",0,0,0,0,0,0,1,1,0
510756,11,18,8,"Pedestrian","The First Harmful Event was Not a Collision with a Motor Vehicle in Transport",1,2018,"HONDA","ODYSSEY",57,"Disabling Damage",0,0,1,"Full Driver License","Valid","No",55,"Dry","Going Straight","Pedestrian in road","Unknown/Not Reported","Tracking","Stayed in original travel lane","VAN",0,1,1,1,2,2,0,1,2
510757,11,14,12,"Motor Vehicle In-Transport","Angle",1,2011,"MERCEDES-BENZ","E-CLASS",5,"Disabling Damage",0,0,1,"Full Driver License","Valid","No",25,"Dry","Starting in Road","In crossover","Unknown/Not Reported","Precrash stability unknown","Stayed in original travel lane","4 DR",1,1,0,0,0,0,1,3,1
510758,11,13,35,"Embankment","The First Harmful Event was Not a Collision with a Motor Vehicle in Transport",1,2014,"HONDA","ACCORD",70,"Disabling Damage",1,0,1,"Full Driver License","Valid","No",70,"Dry","Going Straight","Off the edge of the road on the left side","Unknown/Not Reported","Precrash stability unknown","Departed roadway","2 DR",0,0,0,0,0,0,1,1,0
510761,11,18,12,"Motor Vehicle In-Transport","Angle",1,2017,"FORD","ESCAPE",45,"Disabling Damage",1,0,1,"Full Driver License","Valid","No",35,"Dry","Going Straight","From opposite direction  over left lane line","Unknown/Not Reported","Tracking","Stayed in original travel lane","SUV",0,0,1,0,0,0,0,1,1
510769,11,14,12,"Motor Vehicle In-Transport","Sideswipe - Same Direction",1,2013,"HYUNDAI","SONATA",35,"Disabling Damage",0,0,1,"Full Driver License","Valid","No",35,"Dry","Negotiating a Curve","From adjacent lane (same direction) over left lane line","Unknown/Not Reported","Tracking","Stayed in original travel lane","4 DR",0,1,0,0,0,0,1,2,0
510770,11,12,10,"Railway Vehicle","The First Harmful Event was Not a Collision with a Motor Vehicle in Transport",1,2023,"NISSAN","ROGUE",25,"Disabling Damage",1,0,1,"Full Driver License","Valid","No",25,"Dry","Other(specify:)","Object in road","Unknown/Not Reported","Tracking","Stayed on roadway, but left original travel lane","SUV",1,0,1,1,1,1,0,5,3
510773,11,18,12,"Motor Vehicle In-Transport","Angle",1,2016,"HONDA","ACCORD",14,"Disabling Damage",0,0,1,"Full Driver License","Valid","No",45,"Dry","Turning Left","From opposite direction  over right lane line","No Avoidance Maneuver","Tracking","Stayed in original travel lane","4 DR",0,1,0,0,2,2,0,2,0
510773,11,18,12,"Motor Vehicle In-Transport","Angle",1,2023,"NISSAN","KICKS",0,"Damage Reported, Extent Unknown",0,0,1,"Full Driver License","Valid","No",45,"Dry","Stopped in Roadway","From Parking Lane/Shoulder, Median/Crossover, Roadside","No Avoidance Maneuver","Tracking","Stayed in original travel lane","SUV",1,1,1,1,1,1,0,6,3
510779,11,7,12,"Motor Vehicle In-Transport","Angle",2,2011,"MERCURY","GRAND MARQUIS",5,"Disabling Damage",2,0,1,"Full Driver License","Valid","No",70,"Dry","Making a U-turn","Making a U-Turn","Unknown/Not Reported","Tracking","Stayed in original travel lane","4 DR",0,0,0,0,0,0,0,0,0
510791,11,15,42,"Tree (Standing Only)","The First Harmful Event was Not a Collision with a Motor Vehicle in Transport",2,2013,"HONDA","CR-V",70,"Disabling Damage",1,0,1,"Full Driver License","Valid","No",70,"Dry","Going Straight","Over the lane line on right side of travel lane","Unknown/Not Reported","Tracking","Departed roadway","SUV",0,0,0,0,0,0,1,1,0
510795,11,17,12,"Motor Vehicle In-Transport","Front-to-Rear",1,2013,"FORD","TAURUS",45,"Disabling Damage",1,0,1,"Full Driver License","Valid","No",55,"Dry","Going Straight","Other vehicle stopped","No Avoidance Maneuver","Tracking","Stayed in original travel lane","4 DR",0,0,0,0,0,0,1,1,0
510795,11,17,12,"Motor Vehicle In-Transport","Front-to-Rear",1,2020,"HYUNDAI","SANTA FE",0,"Damage Reported, Extent Unknown",0,0,1,"Full Driver License","Valid","No",55,"Dry","Stopped in Roadway","Other vehicle stopped","No Avoidance Maneuver","Tracking","Stayed in original travel lane","SUV",1,1,1,1,1,1,0,5,3
510795,11,17,12,"Motor Vehicle In-Transport","Front-to-Rear",1,2016,"TOYOTA","RAV4",0,"Damage Reported, Extent Unknown",0,0,1,"Full Driver License","Valid","No",55,"Dry","Stopped in Roadway","Other vehicle stopped","No Avoidance Maneuver","Tracking","Stayed in original travel lane","SUV",0,1,1,1,2,2,0,1,2
510801,11,20,8,"Pedestrian","The First Harmful Event was Not a Collision with a Motor Vehicle in Transport",1,2014,"SUBARU","FORESTER",30,"Damage Reported, Extent Unknown",0,0,1,"Full Driver License","Valid","No",45,"Dry","Going Straight","Pedestrian in road","Unknown/Not Reported","Tracking","Stayed in original travel lane","SUV",0,0,1,0,2,2,1,1,1
510803,11,6,12,"Motor Vehicle In-Transport","Sideswipe - Same Direction",1,2021,"HYUNDAI","TUCSON",65,"Damage Reported, Extent Unknown",0,0,1,"Full Driver License","Valid","No",70,"Dry","Going Straight","Off the edge of the road on the left side","Unknown/Not Reported","Tracking","Departed roadway","SUV",0,2,1,1,1,1,0,4,2
510804,11,11,12,"Motor Vehicle In-Transport","Angle",1,2014,"ACURA","MDX",15,"Disabling Damage",1,0,1,"Full Driver License","Valid","No",45,"Dry","Turning Left","In crossover","Unknown/Not Reported","Tracking","Remained off roadway","SUV",1,0,1,1,2,2,1,1,3
510804,11,11,12,"Motor Vehicle In-Transport","Angle",2,2012,"HONDA","CIVIC",45,"Disabling Damage",0,0,1,"Full Driver License","Valid","No",45,"Dry","Going Straight","Crossing Over (Passing Through) Junction","Unknown/Not Reported","Tracking","Stayed on roadway, but left original travel lane","2 DR",0,0,0,0,0,0,1,1,0
510807,11,7,12,"Motor Vehicle In-Transport","Front-to-Front",3,2013,"NISSAN","ROGUE",31,"Damage Reported, Extent Unknown",1,0,1,"Full Driver License","Valid","No",55,"Dry","Going Straight","From opposite direction  over left lane line","Unknown/Not Reported","Tracking","Stayed in original travel lane","SUV",0,1,0,0,0,0,1,2,0