"SERIAL_CRASH","MONTH","HOUR","HARM_EV","HARM_EVNAME","TYPE_OF_COLLIOSION","NUM_OF_PEOPLE","MOD_YEAR","VPICMAKENAME","VPICMODELNAME","TRAV_SP","DEFORMEDNAME","DEATHS","DR_DRINK","IS_DRIVER_PRESENT","L_TYPENAME","L_STATUSNAME","SPEEDRELNAME","VSPD_LIM","VSURCONDNAME","P_CRASH1NAME","P_CRASH2NAME","P_CRASH3NAME","PCRASH4NAME","PCRASH5NAME","BODY_STYLE","BLIND_SPOT_DETECTION","ARS","FRNT_COLLISION_WARNING","LANE_DEPARTURE_WARNING","CRASH_IMMINENT_BRAKE","DYNAMIC_BRAKE_SUPPORT","NHTSA_ESC","SAFETY_COUNT","notification_count"
530339,7,12,12,"Motor Vehicle In-Transport","Front-to-Rear",4,2019,"NISSAN","KICKS",0,"Disabling Damage",0,0,1,"Full Driver License","Valid","No",60,"Dry","Stopped in Roadway","Traveling in same direction with higher speed","No Avoidance Maneuver","Tracking","Stayed in original travel lane","SUV",1,1,1,0,1,1,0,4,2
530339,7,12,12,"Motor Vehicle In-Transport","Front-to-Rear",1,2013,"HONDA","PILOT",0,"Damage Reported, Extent Unknown",0,0,1,"Full Driver License","Valid","No",60,"Dry","Stopped in Roadway","Traveling in same direction with higher speed","No Avoidance Maneuver","Tracking","Stayed in original travel lane","SUV",0,0,0,0,0,0,1,1,0
530345,7,11,12,"Motor Vehicle In-Transport","Angle",7,2021,"KIA","FORTE",998,"Disabling Damage",6,0,1,"Full Driver License","Valid","No",25,"Dry","Going Straight","Crossing Over (Passing Through) Junction","Unknown/Not Reported","Tracking","Stayed in original travel lane","4 DR",0,2,1,1,1,1,0,4,2
530345,7,11,12,"Motor Vehicle In-Transport","Angle",2,2021,"BMW","X7",998,"Disabling Damage",0,0,1,"Full Driver License","Valid","No",50,"Dry","Going Straight","Crossing Over (Passing Through) Junction","Unknown/Not Reported","Tracking","Stayed in original travel lane","SUV",1,1,1,1,1,1,0,7,3
530348,6,4,8,"Pedestrian","The First Harmful Event was Not a Collision with a Motor Vehicle in Transport",1,2015,"SUBARU","FORESTER",998,"Damage Reported, Extent Unknown",0,0,1,"Full Driver License","Valid","No",98,"Dry","Going Straight","Pedestrian in road","Unknown/Not Reported","Tracking","Stayed in original travel lane","SUV",0,0,1,1,2,2,0,0,2
530348,6,4,8,"Pedestrian","The First Harmful Event was Not a Collision with a Motor Vehicle in Transport",1,2012,"SUBARU","OUTBACK",998,"Damage Reported, Extent Unknown",0,0,1,"Full Driver License","Valid","No",98,"Dry","Going Straight","Pedestrian in road","Unknown/Not Reported","Tracking","Stayed in original travel lane","SUV",0,0,0,0,0,0,1,1,0
530351,7,11,1,"Rollover/Overturn","The First Harmful Event was Not a Collision with a Motor Vehicle in Transport",1,2020,"TOYOTA","RAV4",998,"Disabling Damage",0,0,1,"Full Driver License","Valid","No",60,"Dry","Going Straight","From opposite direction  over left lane line","Unknown/Not Reported","Tracking","Stayed in original travel lane","SUV",1,1,1,1,1,1,0,6,3
530359,8,6,12,"Motor Vehicle In-Transport","Sideswipe - Same Direction",1,2013,"DODGE","GRAND CARAVAN",998,"Disabling Damage",0,0,1,"Full Driver License","Valid","No",60,"Dry","Passing or Overtaking Another Vehicle","Traveling in same direction with lower steady speed","Unknown/Not Reported","Tracking","Stayed on roadway, but left original travel lane","VAN",1,1,0,0,0,0,1,2,1
530360,8,8,12,"Motor Vehicle In-Transport","Front-to-Front",1,2017,"NISSAN","SENTRA",998,"Disabling Damage",1,0,1,"Full Driver License","Valid","No",60,"Dry","Passing or Overtaking Another Vehicle","Over the lane line on left side of travel lane","Unknown/Not Reported","Tracking","Stayed on roadway, but left original travel lane","4 DR",1,0,0,0,2,2,0,0,1
530371,8,18,12,"Motor Vehicle In-Transport","Angle",1,2015,"HONDA","CR-V",998,"Disabling Damage",1,0,1,"Full Driver License","Valid","No",98,"Dry","Turning Left","From opposite direction  over left lane line","Unknown/Not Reported","Tracking","Stayed in original travel lane","SUV",0,1,0,0,2,2,0,1,0
530375,8,12,12,"Motor Vehicle In-Transport","Angle",1,2020,"FORD","TRANSIT",998,"Disabling Damage",0,0,1,"Full Driver License","Valid","No",25,"Dry","Turning Left","Turning Left","No Avoidance Maneuver","Tracking","Stayed in original travel lane","VAN",1,0,1,1,1,1,0,4,3
530382,5,12,12,"Motor Vehicle In-Transport","Front-to-Front",3,2015,"SUBARU","FORESTER",998,"Disabling Damage",1,0,1,"Full Driver License","Valid","No",98,"Dry","Negotiating a Curve","From opposite direction  over left lane line","Unknown/Not Reported","Tracking","Stayed in original travel lane","SUV",0,0,0,0,2,2,0,0,0
530387,8,7,12,"Motor Vehicle In-Transport","Angle",3,2022,"HONDA","PILOT",998,"Disabling Damage",0,0,1,"Full Driver License","Valid","No",35,"Dry","Turning Left","From opposite direction  over right lane line","No Avoidance Maneuver","Tracking","Stayed in original travel lane","SUV",0,1,1,1,1,1,0,6,2
530392,7,23,8,"Pedestrian","The First Harmful Event was Not a Collision with a Motor Vehicle in Transport",1,2012,"CHEVROLET","CAMARO",998,"Disabling Damage",0,0,1,"Full Driver License","Valid","No",50,"Dry","Going Straight","Pedestrian in road","Unknown/Not Reported","Tracking","Stayed in original travel lane","2 DR",0,1,0,0,0,0,1,3,0
530394,2,10,12,"Motor Vehicle In-Transport","Angle",1,2022,"JEEP","WRANGLER",998,"Disabling Damage",0,0,1,"Full Driver License","Valid","No",35,"Dry","Turning Left","Turning Left","Unknown/Not Reported","Tracking","Stayed in original travel lane","SUV",0,0,1,0,2,2,0,1,1
530395,2,16,12,"Motor Vehicle In-Transport","Angle",2,2013,"DODGE","JOURNEY",998,"Damage Reported, Extent Unknown",0,0,1,"Full Driver License","Valid","No",35,"Dry","Going Straight","From opposite direction  over left lane line","Unknown/Not Reported","Tracking","Stayed in original travel lane","SUV",0,1,0,0,0,0,1,2,0
530397,8,14,12,"Motor Vehicle In-Transport","Sideswipe - Same Direction",3,2022,"TOYOTA","HIGHLANDER",998,"Disabling Damage",0,0,1,"Full Driver License","Valid","No",70,"Dry","Going Straight","From opposite direction  over left lane line","Unknown/Not Reported","Tracking","Stayed in original travel lane","SUV",0,1,1,1,1,1,0,6,2
530398,7,20,12,"Motor Vehicle In-Transport","Angle",2,2018,"SUBARU","OUTBACK",998,"Damage Reported, Extent Unknown",1,0,1,"Full Driver License","Valid","No",35,"Dry","Turning Left","Turning Left","No Avoidance Maneuver","Tracking","Stayed in original travel lane","SW",0,0,0,1,2,2,0,0,1
530404,7,3,12,"Motor Vehicle In-Transport","Front-to-Rear",1,2019,"MITSUBISHI","OUTLANDER SPORT",998,"Damage Reported, Extent Unknown",0,0,1,"Full Driver License","Valid","No",60,"Dry","Going Straight","Object in road","Unknown/Not Reported","Tracking","Stayed in original travel lane","SUV",1,1,1,1,2,2,0,1,3
530406,3,4,12,"Motor Vehicle In-Transport","Angle",3,2014,"HONDA","CR-V",998,"Disabling Damage",1,0,1,"Full Driver License","Valid","No",50,"Dry","Negotiating a Curve","From opposite direction  over left lane line","No Avoidance Maneuver","Tracking","Stayed in original travel lane","SUV",0,0,0,0,0,0,1,1,0
530415,8,22,8,"Pedestrian","The First Harmful Event was Not a Collision with a Motor Vehicle in Transport",3,2015,"VOLKSWAGEN","TIGUAN",998,"Not Reported",0,0,1,"Full Driver License","Valid","No",35,"Dry","Going Straight","Pedestrian in road","No Avoidance Maneuver","Tracking","Stayed in original travel lane","SUV",0,1,0,0,0,0,0,1,0
530420,8,10,41,"Shrubbery","The First Harmful Event was Not a Collision with a Motor Vehicle in Transport",1,2017,"JEEP","PATRIOT",998,"Damage Reported, Extent Unknown",1,0,1,"Full Driver License","Valid","No",45,"Dry","Negotiating a Curve","Off the edge of the road on the left side","Unknown/Not Reported","Tracking","Departed roadway","SUV",0,0,0,0,0,0,0,0,0
530420,8,10,41,"Shrubbery","The First Harmful Event was Not a Collision with a Motor Vehicle in Transport",2,2013,"HYUNDAI","SONATA",998,"Damage Reported, Extent Unknown",0,0,1,"Full Driver License","Valid","No",45,"Dry","Negotiating a Curve","Object in road","Unknown/Not Reported","Tracking","Stayed in original travel lane","4 DR",0,1,0,0,0,0,1,2,0
530421,8,6,12,"Motor Vehicle In-Transport","Front-to-Rear",2,2011,"TOYOTA","HIGHLANDER",998,"Disabling Damage",0,0,1,"Full Driver License","Valid","No",60,"Dry","Decelerating in Road","Traveling in same direction with higher speed","No Avoidance Maneuver","Tracking","Stayed in original travel lane","SUV",0,1,0,0,0,0,1,2,0
530423,8,17,12,"Motor Vehicle In-Transport","Sideswipe - Same Direction",2,2013,"MERCEDES-BENZ","C-CLASS",998,"Damage Reported, Extent Unknown",0,0,1,"Full Driver License","Valid","No",98,"Dry","Negotiating a Curve","From adjacent lane (same direction) over left lane line","No Avoidance Maneuver","Tracking","Stayed in original travel lane","2 DR",0,0,0,1,0,0,1,1,1
530423,8,17,12,"Motor Vehicle In-Transport","Sideswipe - Same Direction",1,2014,"SUBARU","XV CROSSTREK",998,"Damage Reported, Extent Unknown",0,0,1,"Full Driver License","Valid","No",98,"Dry","Negotiating a Curve","From adjacent lane (same direction) over left lane line","No Avoidance Maneuver","Tracking","Stayed in original travel lane","SUV",0,0,0,0,0,0,1,1,0
530426,8,18,24,"Guardrail Face","The First Harmful Event was Not a Collision with a Motor Vehicle in Transport",1,2021,"VOLKSWAGEN","ID.4",998,"Disabling Damage",1,0,1,"Full Driver License","Valid","No",35,"Dry","Negotiating a Curve","Off the edge of the road on the right side","Unknown/Not Reported","Tracking","Departed roadway","SUV",1,1,1,0,1,1,0,5,2
530431,5,14,33,"Curb","The First Harmful Event was Not a Collision with a Motor Vehicle in Transport",1,2018,"HONDA","CR-V",998,"Damage Reported, Extent Unknown",1,0,1,"Full Driver License","Valid","No",25,"Dry","Going Straight","Off the edge of the road on the right side","No Avoidance Maneuver","Tracking","Departed roadway","SUV",0,1,0,0,2,2,0,1,0
530432,8,15,12,"Motor Vehicle In-Transport","Front-to-Rear",1,2012,"JEEP","GRAND CHEROKEE",998,"Disabling Damage",0,0,1,"Full Driver License","Valid","No",55,"Dry","Decelerating in Road","Traveling in same direction with higher speed","Braking","Tracking","Stayed in original travel lane","SUV",0,1,0,0,0,0,1,2,0
530432,8,15,12,"Motor Vehicle In-Transport","Front-to-Rear",2,2014,"VOLKSWAGEN","JETTA SPORTWAGEN",998,"Disabling Damage",0,0,1,"Full Driver License","Valid","No",55,"Dry","Going Straight","Traveling in same direction with lower steady speed","No Avoidance Maneuver","Tracking","Stayed in original travel lane","SW",0,0,0,0,0,0,1,1,0
530432,8,15,12,"Motor Vehicle In-Transport","Front-to-Rear",1,2017,"CHEVROLET","VOLT",0,"Damage Reported, Extent Unknown",0,0,1,"Full Driver License","Valid","No",55,"Dry","Stopped in Roadway","Traveling in same direction with higher speed","No Avoidance Maneuver","Tracking","Stayed in original travel lane","5 HB",0,1,1,1,2,2,0,2,2
530433,5,22,12,"Motor Vehicle In-Transport","Front-to-Rear",5,2022,"HONDA","CR-V",998,"Disabling Damage",0,0,1,"Full Driver License","Valid","No",60,"Dry","Going Straight","Traveling in same direction with higher speed","No Avoidance Maneuver","Tracking","Stayed in original travel lane","SUV",0,1,1,1,1,1,0,6,2
530439,8,14,59,"Traffic Sign Support","The First Harmful Event was Not a Collision with a Motor Vehicle in Transport",4,2013,"SUBARU","LEGACY",998,"Disabling Damage",3,0,1,"Full Driver License","Valid","No",70,"Dry","Negotiating a Curve","Off the edge of the road on the right side","Unknown/Not Reported","Tracking","Departed roadway","4 DR",0,1,1,0,2,2,1,2,1
530440,8,20,8,"Pedestrian","The First Harmful Event was Not a Collision with a Motor Vehicle in Transport",2,2016,"HYUNDAI","AZERA",998,"Disabling Damage",0,0,1,"Full Driver License","Valid","No",50,"Dry","Going Straight","Pedestrian in road","No Avoidance Maneuver","Tracking","Stayed in original travel lane","4 DR",1,1,1,0,0,0,0,3,2
530448,8,23,12,"Motor Vehicle In-Transport","Front-to-Front",2,2017,"DODGE","GRAND CARAVAN",998,"Disabling Damage",1,0,1,"Full Driver License","Valid","No",45,"Dry","Going Straight","From opposite direction  over left lane line","Unknown/Not Reported","Tracking","Stayed in original travel lane","VAN",1,0,0,0,0,0,0,0,1
530452,7,12,12,"Motor Vehicle In-Transport","Front-to-Front",2,2019,"CHEVROLET","CRUZE",998,"Damage Reported, Extent Unknown",1,0,1,"Full Driver License","Valid","No",50,"Dry","Going Straight","Over the lane line on left side of travel lane","Steering left","Tracking","Stayed on roadway, but left original travel lane","4 DR",1,2,0,0,2,2,0,1,1
530453,9,21,8,"Pedestrian","The First Harmful Event was Not a Collision with a Motor Vehicle in Transport",1,2014,"ACURA","MDX",998,"Damage Reported, Extent Unknown",0,0,1,"Full Driver License","Valid","No",35,"Dry","Going Straight","Pedestrian in road","Unknown/Not Reported","Tracking","Stayed in original travel lane","SUV",1,0,1,1,2,2,1,1,3
530458,8,15,12,"Motor Vehicle In-Transport","Sideswipe - Opposite Direction",1,2019,"NISSAN","NV200",998,"Disabling Damage",1,0,1,"Full Driver License","Valid","No",50,"Dry","Negotiating a Curve","Over the lane line on left side of travel lane","Unknown/Not Reported","Tracking","Stayed on roadway, but left original travel lane","VAN",0,1,0,0,0,0,0,1,0
530463,9,2,15,"Non-Motorist on Personal Conveyance","The First Harmful Event was Not a Collision with a Motor Vehicle in Transport",1,2014,"FORD","FUSION",998,"Damage Reported, Extent Unknown",0,0,1,"Full Driver License","Valid","No",35,"Dry","Going Straight","Pedalcyclist or other non-motorist in road","Unknown/Not Reported","Tracking","Stayed in original travel lane","4 DR",0,1,0,0,0,0,1,2,0
530467,9,18,8,"Pedestrian","The First Harmful Event was Not a Collision with a Motor Vehicle in Transport",1,2023,"JEEP","GRAND CHEROKEE",998,"Damage Reported, Extent Unknown",0,0,1,"Full Driver License","Valid","No",30,"Dry","Going Straight","Pedestrian in road","Unknown/Not Reported","Tracking","Stayed in original travel lane","SUV",1,0,1,1,1,1,0,5,3
530474,9,11,12,"Motor Vehicle In-Transport","Front-to-Front",1,2021,"SUBARU","OUTBACK",998,"Disabling Damage",0,0,1,"Full Driver License","Valid","No",40,"Dry","Turning Left","From opposite direction  over right lane line","No Avoidance Maneuver","Tracking","Stayed in original travel lane","SUV",1,0,1,1,1,1,0,4,3
530479,8,4,30,"Utility Pole/Light Support","The First Harmful Event was Not a Collision with a Motor Vehicle in Transport",1,2016,"HONDA","CIVIC",998,"Disabling Damage",1,0,1,"Full Driver License","Valid","No",30,"Dry","Negotiating a Curve","Unknown cause of control loss","Unknown/Not Reported","Tracking","Departed roadway","4 DR",0,1,0,1,2,2,0,1,1
530487,9,14,12,"Motor Vehicle In-Transport","Angle",2,2017,"CHEVROLET","SONIC",998,"Disabling Damage",2,0,1,"Full Driver License","Valid","No",55,"Dry","Decelerating in Road","From adjacent lane (same direction) over left lane line","Braking","Tracking","Stayed on roadway, but left original travel lane","5 HB",0,1,0,1,0,0,0,2,1
530495,9,13,12,"Motor Vehicle In-Transport","Angle",2,2014,"HONDA","CR-V",998,"Disabling Damage",0,0,1,"Full Driver License","Valid","No",30,"Dry","Turning Left","From opposite direction  over right lane line","Unknown/Not Reported","Tracking","Stayed in original travel lane","SUV",0,0,0,0,0,0,1,1,0
530498,6,19,12,"Motor Vehicle In-Transport","Front-to-Front",2,2020,"NISSAN","MURANO",998,"Disabling Damage",0,0,1,"Full Driver License","Valid","No",55,"Dry","Going Straight","From opposite direction  over left lane line","Unknown/Not Reported","Tracking","Stayed in original travel lane","SUV",1,1,1,0,1,1,0,4,2
530504,9,21,12,"Motor Vehicle In-Transport","Front-to-Front",4,2011,"HONDA","ACCORD",998,"Disabling Damage",2,0,1,"Full Driver License","Valid","No",40,"Dry","Going Straight","Traveling in opposite direction","Unknown/Not Reported","Tracking","Stayed in original travel lane","2 DR",0,1,0,0,0,0,1,2,0
530510,9,20,8,"Pedestrian","The First Harmful Event was Not a Collision with a Motor Vehicle in Transport",1,2017,"NISSAN","ROGUE",998,"Damage Reported, Extent Unknown",0,0,1,"Full Driver License","Valid","No",35,"Dry","Going Straight","Pedestrian in road","Unknown/Not Reported","Tracking","Stayed in original travel lane","SUV",1,0,1,1,2,2,0,0,3
530512,9,2,12,"Motor Vehicle In-Transport","Front-to-Front",2,2015,"FORD","MUSTANG",998,"Disabling Damage",1,0,1,"Full Driver License","Valid","No",60,"Dry","Going Straight","Traveling in opposite direction","Unknown/Not Reported","Tracking","Stayed in original travel lane","2 DR",1,1,0,0,0,0,0,1,1
530514,9,10,12,"Motor Vehicle In-Transport","Angle",1,2011,"NISSAN","MURANO",998,"Disabling Damage",0,0,1,"Full Driver License","Valid","No",40,"Dry","Turning Left","From opposite direction  over right lane line","Unknown/Not Reported","Tracking","Stayed in original travel lane","SUV",0,1,0,0,0,0,1,2,0
530514,9,10,12,"Motor Vehicle In-Transport","Angle",1,2011,"HONDA","CR-V",0,"Damage Reported, Extent Unknown",0,0,1,"Full Driver License","Valid","No",25,"Dry","Stopped in Roadway","Other critical precrash event (specify:)","No Avoidance Maneuver","Tracking","Stayed in original travel lane","SUV",0,1,0,0,0,0,1,2,0
530517,9,20,12,"Motor Vehicle In-Transport","Front-to-Rear",4,2014,"KIA","SORENTO",998,"Disabling Damage",1,0,1,"Full Driver License","Valid","No",70,"Dry","Going Straight","From adjacent lane (same direction) over left lane line","Unknown/Not Reported","Tracking","Stayed in original travel lane","SUV",0,0,0,0,0,0,1,1,0
530525,9,17,12,"Motor Vehicle In-Transport","Angle",2,2019,"HONDA","CIVIC",998,"Disabling Damage",1,0,1,"Full Driver License","Valid","No",40,"Dry","Turning Left","From opposite direction  over right lane line","Unknown/Not Reported","Tracking","Stayed in original travel lane","2 DR",0,1,1,1,1,1,0,5,2
530525,9,17,12,"Motor Vehicle In-Transport","Angle",1,2014,"DODGE","JOURNEY",70,"Disabling Damage",0,0,1,"Full Driver License","Valid","No",40,"Dry","Going Straight","Crossing Over (Passing Through) Junction","Steering right","Tracking","Stayed in original travel lane","SUV",0,1,0,0,0,0,1,2,0
530535,10,12,12,"Motor Vehicle In-Transport","Angle",1,2015,"TOYOTA","PRIUS",0,"Disabling Damage",0,0,1,"Full Driver License","Valid","No",35,"Dry","Stopped in Roadway","From crossing street, across path","No Avoidance Maneuver","Tracking","Stayed in original travel lane","5 HB",0,1,1,1,2,2,0,1,2
530540,9,19,12,"Motor Vehicle In-Transport","Angle",1,2021,"HONDA","CR-V",998,"Disabling Damage",0,0,1,"Full Driver License","Valid","No",40,"Dry","Turning Left","From opposite direction  over right lane line","Unknown/Not Reported","Tracking","Stayed in original travel lane","SUV",1,1,1,1,1,1,0,6,3
530540,9,19,12,"Motor Vehicle In-Transport","Angle",1,2017,"CADILLAC","ESCALADE",0,"Damage Reported, Extent Unknown",0,0,1,"Full Driver License","Valid","No",40,"Dry","Stopped in Roadway","From opposite direction  over left lane line","No Avoidance Maneuver","Tracking","Stayed in original travel lane","SUV",1,1,1,0,2,2,0,2,2
530540,9,19,12,"Motor Vehicle In-Transport","Angle",1,2015,"TOYOTA","TACOMA",0,"Damage Reported, Extent Unknown",0,0,1,"Full Driver License","Valid","No",40,"Dry","Stopped in Roadway","From opposite direction  over left lane line","No Avoidance Maneuver","Tracking","Stayed in original travel lane","PU/EC",0,0,0,0,0,0,0,0,0
530540,9,19,12,"Motor Vehicle In-Transport","Angle",1,2023,"KIA","NIRO",0,"Damage Reported, Extent Unknown",0,0,1,"Full Driver License","Valid","No",40,"Dry","Stopped in Roadway","From opposite direction  over left lane line","No Avoidance Maneuver","Tracking","Stayed in original travel lane","SUV",1,0,1,1,1,1,0,5,3
530546,6,17,12,"Motor Vehicle In-Transport","Angle",1,2017,"HONDA","CR-V",998,"Disabling Damage",0,0,1,"Full Driver License","Valid","No",30,"Dry","Turning Left","From opposite direction  over left lane line","Unknown/Not Reported","Tracking","Stayed in original travel lane","SUV",1,1,1,0,2,2,0,1,2
530551,10,23,1,"Rollover/Overturn","The First Harmful Event was Not a Collision with a Motor Vehicle in Transport",4,2020,"DODGE","CHALLENGER",998,"Disabling Damage",3,0,1,"Full Driver License","Valid","No",25,"Dry","Going Straight","Other cause of control loss (specify:)","Unknown/Not Reported","Tracking","Stayed in original travel lane","2 DR",0,0,0,0,0,0,0,0,0
530564,10,19,12,"Motor Vehicle In-Transport","Front-to-Front",2,2015,"CHEVROLET","CAMARO",998,"Disabling Damage",1,0,1,"Full Driver License","Valid","No",35,"Dry","Changing Lanes","Over the lane line on left side of travel lane","Unknown/Not Reported","Tracking","Stayed on roadway, but left original travel lane","C",0,1,0,0,0,0,0,2,0
530564,10,19,12,"Motor Vehicle In-Transport","Front-to-Front",3,2014,"CHEVROLET","TRAVERSE",998,"Disabling Damage",0,0,1,"Full Driver License","Valid","No",35,"Dry","Going Straight","From opposite direction  over left lane line","Unknown/Not Reported","Tracking","Stayed in original travel lane","SUV",0,1,0,0,0,0,1,3,0
530566,10,11,12,"Motor Vehicle In-Transport","Sideswipe - Same Direction",2,2014,"HONDA","CIVIC",998,"Disabling Damage",0,0,1,"Full Driver License","Valid","No",35,"Dry","Going Straight","From adjacent lane (same direction) over left lane line","Unknown/Not Reported","Tracking","Stayed in original travel lane","4 DR",0,0,0,0,0,0,1,1,0
530569,10,20,12,"Motor Vehicle In-Transport","Angle",1,2013,"CHEVROLET","CAMARO",998,"Disabling Damage",1,0,1,"Full Driver License","Valid","No",50,"Dry","Turning Left","Turning Left","Unknown/Not Reported","Tracking","Stayed in original travel lane","C",0,1,0,0,0,0,1,3,0
530573,10,18,8,"Pedestrian","The First Harmful Event was Not a Collision with a Motor Vehicle in Transport",4,2012,"CHEVROLET","EQUINOX",998,"Damage Reported, Extent Unknown",0,0,1,"Full Driver License","Valid","No",35,"Dry","Going Straight","Pedestrian in road","Braking","Tracking","Stayed in original travel lane","SUV",0,0,1,0,0,0,1,2,1
530586,9,22,8,"Pedestrian","The First Harmful Event was Not a Collision with a Motor Vehicle in Transport",1,2018,"CHEVROLET","CRUZE",998,"Damage Reported, Extent Unknown",0,0,1,"Full Driver License","Valid","No",98,"Dry","Going Straight","Pedestrian in road","Unknown/Not Reported","Tracking","Stayed in original travel lane","5 HB",1,1,0,1,0,0,0,2,2
530590,9,10,9,"Pedalcyclist","The First Harmful Event was Not a Collision with a Motor Vehicle in Transport",2,2015,"NISSAN","ROGUE",998,"Damage Reported, Extent Unknown",0,0,1,"Full Driver License","Valid","No",40,"Dry","Turning Left","Pedalcyclist or other non-motorist in road","No Avoidance Maneuver","Tracking","Stayed in original travel lane","SUV",0,0,1,0,0,0,0,0,1
530595,11,17,54,"Motor Vehicle In-Transport Strikes or is Struck by Cargo, Persons or Objects Set-in-Motion from/by Another Motor Vehicle In Transport","Other",1,2017,"VOLKSWAGEN","GOLF GTI",998,"Disabling Damage",0,0,1,"Full Driver License","Valid","No",60,"Dry","Going Straight","Object in road","Unknown/Not Reported","Tracking","Stayed in original travel lane","4 DR",1,1,1,1,2,2,0,2,3
530595,11,17,54,"Motor Vehicle In-Transport Strikes or is Struck by Cargo, Persons or Objects Set-in-Motion from/by Another Motor Vehicle In Transport","Other",4,2016,"SUBARU","FORESTER",998,"Damage Reported, Extent Unknown",0,0,1,"Full Driver License","Valid","No",60,"Dry","Going Straight","Object in road","Unknown/Not Reported","Tracking","Stayed in original travel lane","SUV",0,0,1,1,2,2,0,0,2
530595,11,17,54,"Motor Vehicle In-Transport Strikes or is Struck by Cargo, Persons or Objects Set-in-Motion from/by Another Motor Vehicle In Transport","Other",1,2014,"SUBARU","OUTBACK",998,"Damage Reported, Extent Unknown",0,0,1,"Full Driver License","Valid","No",60,"Dry","Going Straight","Object in road","Unknown/Not Reported","Tracking","Stayed in original travel lane","SUV",0,1,1,0,2,2,1,2,1
530601,10,15,12,"Motor Vehicle In-Transport","Front-to-Front",1,2022,"HONDA","ACCORD",998,"Disabling Damage",0,0,1,"Intermediate Driver License","Valid","No",65,"Dry","Going Straight","From opposite direction  over left lane line","Unknown/Not Reported","Tracking","Stayed in original travel lane","4 DR",0,1,1,1,1,1,0,6,2
530620,11,10,12,"Motor Vehicle In-Transport","Front-to-Rear",1,2017,"HYUNDAI","TUCSON",998,"Disabling Damage",1,0,1,"Full Driver License","Valid","No",60,"Dry","Decelerating in Road","Animal in road","Braking","Tracking","Stayed in original travel lane","SUV",1,1,0,0,2,2,0,1,1
530626,10,0,12,"Motor Vehicle In-Transport","Front-to-Front",2,2018,"SUBARU","WRX",998,"Disabling Damage",2,0,1,"Full Driver License","Valid","No",60,"Dry","Negotiating a Curve","Traveling in opposite direction","Unknown/Not Reported","Tracking","Stayed in original travel lane","4 DR",1,0,1,0,2,2,0,0,2
530627,11,12,12,"Motor Vehicle In-Transport","Front-to-Front",2,2022,"GMC","CANYON",998,"Disabling Damage",1,0,1,"Full Driver License","Valid","No",35,"Dry","Negotiating a Curve","From opposite direction  over left lane line","Unknown/Not Reported","Tracking","Stayed in original travel lane","PU/CC",0,1,1,1,0,0,0,1,2
530629,11,2,12,"Motor Vehicle In-Transport","Front-to-Front",1,2019,"AUDI","RS3",998,"Disabling Damage",1,0,1,"Full Driver License","Valid","No",70,"Dry","Going Straight","Traveling in opposite direction","Unknown/Not Reported","Tracking","Stayed in original travel lane","4 DR",1,1,0,1,2,2,0,1,2
530633,9,20,8,"Pedestrian","The First Harmful Event was Not a Collision with a Motor Vehicle in Transport",3,2011,"FORD","EXPLORER",998,"Disabling Damage",0,0,1,"Full Driver License","Valid","No",70,"Dry","Going Straight","Pedestrian in road","Unknown/Not Reported","Tracking","Stayed in original travel lane","SUV",0,1,1,0,0,0,1,2,1
530638,11,17,8,"Pedestrian","The First Harmful Event was Not a Collision with a Motor Vehicle in Transport",1,2018,"HONDA","CR-V",998,"Damage Reported, Extent Unknown",0,0,1,"Full Driver License","Valid","No",50,"Dry","Going Straight","Pedestrian in road","Unknown/Not Reported","Tracking","Stayed in original travel lane","SUV",1,1,1,0,2,2,0,1,2
530646,11,0,12,"Motor Vehicle In-Transport","Sideswipe - Opposite Direction",1,2015,"NISSAN","SENTRA",998,"Disabling Damage",0,0,1,"Full Driver License","Valid","No",50,"Dry","Negotiating a Curve","From opposite direction  over left lane line","Steering left","Tracking","Stayed on roadway, but left original travel lane","4 DR",0,1,0,0,0,0,0,1,0
530652,10,17,8,"Pedestrian","The First Harmful Event was Not a Collision with a Motor Vehicle in Transport",1,2019,"TOYOTA","PRIUS",998,"Disabling Damage",0,0,1,"Full Driver License","Valid","No",25,"Dry","Going Straight","Pedestrian in road","Unknown/Not Reported","Tracking","Stayed in original travel lane","5 HB",1,1,1,1,1,1,0,5,3
530676,10,3,12,"Motor Vehicle In-Transport","Front-to-Front",1,2015,"TOYOTA","PRIUS",998,"Disabling Damage",1,0,1,"Full Driver License","Valid","No",60,"Dry","Going Straight","Traveling in opposite direction","Unknown/Not Reported","Tracking","Stayed in original travel lane","5 HB",0,1,0,1,2,2,0,1,1
530679,11,22,12,"Motor Vehicle In-Transport","Front-to-Front",1,2019,"KIA","SORENTO",998,"Disabling Damage",0,0,1,"Full Driver License","Valid","No",55,"Dry","Going Straight","From opposite direction  over left lane line","Unknown/Not Reported","Tracking","Stayed in original travel lane","SUV",0,2,0,1,2,2,0,0,1
530685,11,10,9,"Pedalcyclist","The First Harmful Event was Not a Collision with a Motor Vehicle in Transport",3,2023,"KIA","TELLURIDE",998,"Damage Reported, Extent Unknown",0,0,1,"Full Driver License","Valid","No",35,"Dry","Going Straight","Pedalcyclist or other non-motorist approaching road","No Avoidance Maneuver","Tracking","Stayed in original travel lane","SUV",1,0,1,1,1,1,0,5,3