"SERIAL_CRASH","MONTH","HOUR","HARM_EV","HARM_EVNAME","TYPE_OF_COLLIOSION","NUM_OF_PEOPLE","MOD_YEAR","VPICMAKENAME","VPICMODELNAME","TRAV_SP","DEFORMEDNAME","DEATHS","DR_DRINK","IS_DRIVER_PRESENT","L_TYPENAME","L_STATUSNAME","SPEEDRELNAME","VSPD_LIM","VSURCONDNAME","P_CRASH1NAME","P_CRASH2NAME","P_CRASH3NAME","PCRASH4NAME","PCRASH5NAME","BODY_STYLE","BLIND_SPOT_DETECTION","ARS","FRNT_COLLISION_WARNING","LANE_DEPARTURE_WARNING","CRASH_IMMINENT_BRAKE","DYNAMIC_BRAKE_SUPPORT","NHTSA_ESC","SAFETY_COUNT","notification_count"
530690,12,22,12,"Motor Vehicle In-Transport","Front-to-Front",2,2012,"HYUNDAI","SONATA",998,"Disabling Damage",1,0,1,"Full Driver License","Valid","No",70,"Dry","Going Straight","Traveling in opposite direction","Unknown/Not Reported","Tracking","Stayed in original travel lane","4 DR",0,1,0,0,0,0,1,3,0
530693,9,14,12,"Motor Vehicle In-Transport","Front-to-Front",2,2013,"RAM","1500",998,"Disabling Damage",1,0,1,"Full Driver License","Valid","No",50,"Dry","Going Straight","From opposite direction  over left lane line","Unknown/Not Reported","Tracking","Stayed in original travel lane","PU/RC",0,1,0,0,0,0,1,2,0
530694,12,21,12,"Motor Vehicle In-Transport","Sideswipe - Opposite Direction",2,2022,"VOLKSWAGEN","PASSAT",998,"Disabling Damage",0,0,1,"Full Driver License","Valid","No",60,"Dry","Going Straight","From opposite direction  over left lane line","Unknown/Not Reported","Tracking","Stayed in original travel lane","4 DR",1,1,1,1,1,1,0,7,3
530704,9,18,12,"Motor Vehicle In-Transport","Front-to-Front",2,2023,"MAZDA","CX-5",998,"Disabling Damage",0,0,1,"Full Driver License","Valid","No",35,"Dry","Going Straight","From opposite direction  over left lane line","Unknown/Not Reported","Tracking","Stayed in original travel lane","SUV",1,1,1,1,1,1,0,6,3
530706,10,18,8,"Pedestrian","The First Harmful Event was Not a Collision with a Motor Vehicle in Transport",1,2017,"JAGUAR","F-PACE",998,"Damage Reported, Extent Unknown",0,0,1,"Full Driver License","Valid","No",98,"Dry","Going Straight","Pedestrian in road","Unknown/Not Reported","Tracking","Stayed in original travel lane","SUV",0,1,1,0,2,1,0,2,1
530707,10,17,15,"Non-Motorist on Personal Conveyance","The First Harmful Event was Not a Collision with a Motor Vehicle in Transport",1,2017,"JEEP","RENEGADE",998,"Disabling Damage",0,0,1,"Full Driver License","Valid","No",30,"Dry","Going Straight","Pedalcyclist or other non-motorist in road","Unknown/Not Reported","Tracking","Stayed in original travel lane","SUV",1,0,0,1,2,2,0,0,2
530708,11,18,9,"Pedalcyclist","The First Harmful Event was Not a Collision with a Motor Vehicle in Transport",1,2016,"CHRYSLER","TOWN AND COUNTRY",998,"Disabling Damage",0,0,1,"Full Driver License","Valid","No",60,"Dry","Negotiating a Curve","Pedalcyclist or other non-motorist in road","Unknown/Not Reported","Tracking","Stayed in original travel lane","VAN",1,0,0,0,0,0,0,0,1
530709,11,10,12,"Motor Vehicle In-Transport","Angle",1,2017,"TOYOTA","PRIUS C",998,"Disabling Damage",1,0,1,"Full Driver License","Valid","No",35,"Dry","Going Straight","Crossing Over (Passing Through) Junction","Unknown/Not Reported","Tracking","Stayed in original travel lane","5 HB",0,1,1,1,2,2,0,1,2
530710,11,15,12,"Motor Vehicle In-Transport","Angle",1,2016,"TOYOTA","PRIUS",998,"Damage Reported, Extent Unknown",0,0,1,"Full Driver License","Valid","No",98,"Dry","Going Straight","Traveling in same direction with higher speed","Unknown/Not Reported","Tracking","Stayed in original travel lane","5 HB",1,1,0,1,2,2,0,1,2
530710,11,15,12,"Motor Vehicle In-Transport","Angle",1,2020,"TESLA","MODEL Y",998,"Damage Reported, Extent Unknown",0,0,1,"Full Driver License","Valid","No",98,"Dry","Going Straight","Traveling in same direction with higher speed","Unknown/Not Reported","Tracking","Stayed in original travel lane","SUV",1,1,1,1,1,1,0,6,3
530728,12,18,8,"Pedestrian","The First Harmful Event was Not a Collision with a Motor Vehicle in Transport",1,2019,"SUBARU","CROSSTREK",998,"Damage Reported, Extent Unknown",0,0,1,"Full Driver License","Valid","No",40,"Dry","Changing Lanes","Pedestrian in road","No Avoidance Maneuver","Tracking","Stayed on roadway, but left original travel lane","SW",0,0,1,1,2,2,0,0,2
530734,8,8,12,"Motor Vehicle In-Transport","Front-to-Front",1,2021,"CHEVROLET","COLORADO",998,"Disabling Damage",1,0,1,"Full Driver License","Valid","No",35,"Dry","Going Straight","Over the lane line on left side of travel lane","Unknown/Not Reported","Tracking","Stayed on roadway, but left original travel lane","PU/EC",0,1,0,0,2,2,0,1,0
530736,11,14,12,"Motor Vehicle In-Transport","Angle",1,2021,"CHEVROLET","SUBURBAN",998,"Disabling Damage",0,0,1,"Full Driver License","Valid","No",50,"Dry","Going Straight","From crossing street, across path","Unknown/Not Reported","Tracking","Stayed in original travel lane","SUV",0,1,1,0,1,1,0,5,1
530738,12,7,12,"Motor Vehicle In-Transport","Front-to-Front",1,2013,"HYUNDAI","ELANTRA",998,"Disabling Damage",1,0,1,"Full Driver License","Valid","No",35,"Dry","Other(specify:)","Over the lane line on left side of travel lane","Unknown/Not Reported","Precrash stability unknown","Stayed on roadway, but left original travel lane","2 DR",0,1,0,0,0,0,1,2,0
530750,9,17,8,"Pedestrian","The First Harmful Event was Not a Collision with a Motor Vehicle in Transport",1,2015,"GMC","CANYON",998,"Damage Reported, Extent Unknown",0,0,1,"Full Driver License","Valid","No",35,"Dry","Going Straight","Pedestrian in road","Unknown/Not Reported","Tracking","Stayed in original travel lane","PU/CC",0,1,1,1,0,0,0,1,2
530751,8,9,12,"Motor Vehicle In-Transport","Angle",2,2013,"CHEVROLET","AVALANCHE",998,"Disabling Damage",1,0,1,"Full Driver License","Valid","No",40,"Dry","Turning Left","From crossing street, across path","Unknown/Not Reported","Tracking","Stayed in original travel lane","SUV",0,1,0,0,0,0,1,3,0
530762,11,17,12,"Motor Vehicle In-Transport","Front-to-Rear",1,2015,"TOYOTA","TACOMA",998,"Damage Reported, Extent Unknown",0,0,1,"Full Driver License","Valid","No",60,"Dry","Other(specify:)","From adjacent lane (same direction) over right lane line","Unknown/Not Reported","Tracking","Departed roadway","PU/EC",0,0,0,0,0,0,0,0,0
530763,12,14,12,"Motor Vehicle In-Transport","Angle",1,2018,"JEEP","COMPASS",998,"Disabling Damage",1,0,1,"Full Driver License","Valid","No",35,"Dry","Turning Left","Turning Left","Unknown/Not Reported","Tracking","Stayed in original travel lane","SUV",1,0,1,0,2,2,0,0,2
530773,12,13,12,"Motor Vehicle In-Transport","Sideswipe - Same Direction",2,2020,"TOYOTA","PRIUS",998,"Damage Reported, Extent Unknown",0,0,1,"Full Driver License","Valid","No",60,"Dry","Going Straight","From adjacent lane (same direction) over left lane line","Unknown/Not Reported","Tracking","Stayed in original travel lane","5 HB",1,1,1,1,1,1,0,5,3
530773,12,13,12,"Motor Vehicle In-Transport","Sideswipe - Same Direction",1,2015,"HYUNDAI","ELANTRA",998,"Damage Reported, Extent Unknown",0,0,1,"Full Driver License","Valid","No",60,"Dry","Going Straight","From adjacent lane (same direction) over right lane line","Unknown/Not Reported","Tracking","Stayed in original travel lane","2 DR",0,2,0,0,0,0,0,0,0
530773,12,13,12,"Motor Vehicle In-Transport","Sideswipe - Same Direction",2,2015,"SUBARU","WRX",998,"Damage Reported, Extent Unknown",0,0,1,"Intermediate Driver License","Valid","No",60,"Dry","Going Straight","Object in road","Unknown/Not Reported","Tracking","Stayed in original travel lane","4 DR",0,0,0,0,0,0,0,0,0
530779,11,13,8,"Pedestrian","The First Harmful Event was Not a Collision with a Motor Vehicle in Transport",1,2012,"KIA","FORTE",33,"Disabling Damage",0,0,1,"Full Driver License","Valid","No",35,"Dry","Going Straight","Pedestrian in road","No Avoidance Maneuver","Tracking","Stayed in original travel lane","4 DR",0,0,0,0,0,0,1,1,0
530785,12,12,8,"Pedestrian","The First Harmful Event was Not a Collision with a Motor Vehicle in Transport",1,2014,"BUICK","LACROSSE",998,"Disabling Damage",0,0,1,"Full Driver License","Valid","No",35,"Dry","Going Straight","Pedestrian in road","No Avoidance Maneuver","Tracking","Stayed in original travel lane","4 DR",0,1,1,0,2,0,1,3,1
540001,1,19,12,"Motor Vehicle In-Transport","Sideswipe - Opposite Direction",1,2011,"CHEVROLET","TAHOE",998,"Disabling Damage",0,0,1,"Full Driver License","Valid","No",55,"Dry","Going Straight","From opposite direction  over left lane line","Steering right","Tracking","Stayed in original travel lane","SUV",0,0,0,0,0,0,1,2,0
540002,1,18,12,"Motor Vehicle In-Transport","Angle",2,2019,"FORD","FUSION",998,"Disabling Damage",1,0,1,"Full Driver License","Valid","No",55,"Dry","Going Straight","Crossing Over (Passing Through) Junction","Unknown/Not Reported","Tracking","Stayed in original travel lane","4 DR",0,1,1,1,1,1,0,6,2
540011,1,5,12,"Motor Vehicle In-Transport","Front-to-Front",1,2020,"JEEP","WRANGLER",998,"Disabling Damage",0,0,1,"Full Driver License","Valid","No",55,"Dry","Going Straight","From opposite direction  over left lane line","Unknown/Not Reported","Tracking","Stayed in original travel lane","SUV",0,0,0,0,2,2,0,0,0
540025,2,21,12,"Motor Vehicle In-Transport","Front-to-Front",1,2016,"NISSAN","FRONTIER",998,"Disabling Damage",0,0,1,"Full Driver License","Valid","No",40,"Dry","Negotiating a Curve","From opposite direction  over left lane line","Unknown/Not Reported","Tracking","Stayed in original travel lane","PU/CC",0,0,0,0,0,0,0,0,0
540026,2,14,18,"Other Object (not fixed)","The First Harmful Event was Not a Collision with a Motor Vehicle in Transport",1,2020,"SUBARU","FORESTER",998,"Disabling Damage",1,0,1,"Full Driver License","Valid","No",30,"Dry","Going Straight","Object in road","Other actions (specify:)","Precrash stability unknown","Stayed in original travel lane","SUV",1,0,1,1,1,1,0,4,3
540035,3,9,12,"Motor Vehicle In-Transport","Angle",1,2021,"FORD","EDGE",998,"Disabling Damage",0,0,1,"Full Driver License","Valid","No",65,"Dry","Going Straight","From driveway, across path","Braking and Unknown Steering Direction","Tracking","Stayed in original travel lane","SUV",1,0,1,1,1,1,0,6,3
540037,3,19,12,"Motor Vehicle In-Transport","Front-to-Front",3,2019,"FORD","ESCAPE",998,"Disabling Damage",2,0,1,"Full Driver License","Valid","No",40,"Dry","Negotiating a Curve","From opposite direction  over left lane line","Unknown/Not Reported","Tracking","Stayed in original travel lane","SUV",0,0,0,0,0,2,0,1,0
540039,3,9,35,"Embankment","The First Harmful Event was Not a Collision with a Motor Vehicle in Transport",1,2019,"KIA","SPORTAGE",998,"Disabling Damage",1,0,1,"Full Driver License","Valid","No",35,"Dry","Going Straight","Off the edge of the road on the right side","Unknown/Not Reported","Tracking","Departed roadway","SUV",0,2,1,1,2,2,0,0,2
540042,3,13,12,"Motor Vehicle In-Transport","Front-to-Rear",1,2017,"NISSAN","FRONTIER",998,"Disabling Damage",1,0,1,"Full Driver License","Valid","No",65,"Dry","Decelerating in Road","Traveling in same direction with higher speed","Unknown/Not Reported","Tracking","Stayed in original travel lane","PU/CC",0,0,0,0,0,0,0,0,0
540044,3,14,12,"Motor Vehicle In-Transport","Sideswipe - Same Direction",2,2012,"CADILLAC","SRX",998,"Disabling Damage",0,0,1,"Full Driver License","Valid","No",55,"Dry","Going Straight","From adjacent lane (same direction) over left lane line","Unknown/Not Reported","Tracking","Stayed in original travel lane","SUV",0,1,0,0,0,0,1,3,0
540044,3,14,12,"Motor Vehicle In-Transport","Sideswipe - Same Direction",1,2015,"CHEVROLET","TRAVERSE",998,"Functional Damage",0,0,1,"Full Driver License","Valid","No",55,"Dry","Going Straight","Over the lane line on right side of travel lane","Unknown/Not Reported","Tracking","Stayed on roadway, but left original travel lane","SUV",0,1,1,1,0,0,0,2,2
540047,3,14,12,"Motor Vehicle In-Transport","Angle",4,2023,"TOYOTA","CAMRY",998,"Disabling Damage",0,0,1,"Full Driver License","Valid","No",65,"Dry","Going Straight","From crossing street, intended path not known","Steering left","Tracking","Stayed in original travel lane","4 DR",1,1,1,1,1,1,0,5,3
540050,4,9,24,"Guardrail Face","The First Harmful Event was Not a Collision with a Motor Vehicle in Transport",1,2017,"KIA","SOUL",998,"Disabling Damage",1,0,1,"Full Driver License","Valid","No",25,"Dry","Going Straight","Over the lane line on left side of travel lane","Unknown/Not Reported","Tracking","Departed roadway","SUV",0,1,1,1,0,0,0,1,2
540054,4,17,12,"Motor Vehicle In-Transport","Sideswipe - Same Direction",2,2022,"CHEVROLET","BOLT EUV",998,"Disabling Damage",2,0,1,"Full Driver License","Valid","No",45,"Dry","Going Straight","Crossing Over (Passing Through) Junction","Unknown/Not Reported","Tracking","Stayed in original travel lane","SUV",0,1,1,1,1,1,0,6,2
540055,4,4,8,"Pedestrian","The First Harmful Event was Not a Collision with a Motor Vehicle in Transport",1,2018,"NISSAN","TITAN",998,"Disabling Damage",0,0,1,"Full Driver License","Valid","No",55,"Dry","Going Straight","Pedestrian in road","Unknown/Not Reported","Tracking","Stayed in original travel lane","PU/CC",0,1,0,0,0,0,0,1,0
540058,4,23,9,"Pedalcyclist","The First Harmful Event was Not a Collision with a Motor Vehicle in Transport",1,2020,"NISSAN","ROGUE",998,"Disabling Damage",0,0,1,"Full Driver License","Valid","No",50,"Dry","Going Straight","Pedalcyclist or other non-motorist in road","Unknown/Not Reported","Tracking","Stayed in original travel lane","SUV",1,1,1,1,1,1,0,6,3
540060,4,17,12,"Motor Vehicle In-Transport","Sideswipe - Same Direction",1,2016,"FORD","FOCUS",998,"Minor Damage",0,0,1,"Full Driver License","Valid","No",45,"Dry","Going Straight","From adjacent lane (same direction) over right lane line","Unknown/Not Reported","Tracking","Stayed in original travel lane","5 HB",0,0,0,0,0,0,0,0,0
540061,4,14,12,"Motor Vehicle In-Transport","Front-to-Front",1,2016,"SUBARU","OUTBACK",998,"Disabling Damage",0,0,1,"Full Driver License","Valid","No",45,"Dry","Going Straight","From opposite direction  over left lane line","Unknown/Not Reported","Tracking","Stayed in original travel lane","SUV",1,0,0,1,2,2,0,0,2
540063,4,10,34,"Ditch","The First Harmful Event was Not a Collision with a Motor Vehicle in Transport",1,2011,"FORD","ESCAPE",998,"Disabling Damage",1,0,1,"Full Driver License","Valid","No",55,"Dry","Going Straight","Off the edge of the road on the left side","Unknown/Not Reported","Tracking","Departed roadway","SUV",0,0,0,0,0,0,1,1,0
540064,4,17,42,"Tree (Standing Only)","The First Harmful Event was Not a Collision with a Motor Vehicle in Transport",1,2017,"TOYOTA","TACOMA",998,"Disabling Damage",1,0,1,"Full Driver License","Valid","No",35,"Dry","Going Straight","Off the edge of the road on the left side","Unknown/Not Reported","Tracking","Departed roadway","PU/CC",0,1,0,0,0,0,0,1,0
540065,4,15,12,"Motor Vehicle In-Transport","Angle",1,2020,"TOYOTA","TACOMA",998,"Disabling Damage",1,0,1,"Full Driver License","Valid","No",65,"Dry","Going Straight","Crossing Over (Passing Through) Junction","Unknown/Not Reported","Tracking","Stayed in original travel lane","PU/EC",1,2,1,1,1,1,0,5,3
540065,4,15,12,"Motor Vehicle In-Transport","Angle",1,2015,"JEEP","CHEROKEE",998,"Disabling Damage",0,0,1,"Full Driver License","Valid","No",35,"Dry","Going Straight","Crossing Over (Passing Through) Junction","Unknown/Not Reported","Tracking","Stayed in original travel lane","SUV",0,0,0,0,0,0,0,0,0
540079,5,18,12,"Motor Vehicle In-Transport","Front-to-Front",1,2012,"CHEVROLET","VOLT",998,"Disabling Damage",1,0,1,"Full Driver License","Valid","No",55,"Dry","Going Straight","Over the lane line on left side of travel lane","Steering right","Tracking","Stayed on roadway, but left original travel lane","4 DR",0,0,0,0,0,0,1,2,0
540079,5,18,12,"Motor Vehicle In-Transport","Front-to-Front",2,2015,"HONDA","CIVIC",998,"Disabling Damage",1,0,1,"Full Driver License","Valid","No",55,"Dry","Going Straight","From opposite direction  over left lane line","Braking","Tracking","Stayed in original travel lane","4 DR",0,1,0,0,0,0,0,1,0
540080,5,12,12,"Motor Vehicle In-Transport","Angle",2,2020,"HYUNDAI","ELANTRA",998,"Disabling Damage",1,0,1,"Full Driver License","Valid","No",55,"Dry","Going Straight","Over the lane line on left side of travel lane","Unknown/Not Reported","Tracking","Stayed on roadway, but left original travel lane","4 DR",0,2,1,1,2,2,0,0,2
540080,5,12,12,"Motor Vehicle In-Transport","Angle",2,2014,"CHEVROLET","IMPALA LIMITED",998,"Disabling Damage",0,0,1,"Full Driver License","Valid","No",55,"Dry","Going Straight","From opposite direction  over left lane line","Steering right","Tracking","Stayed in original travel lane","4 DR",0,0,1,1,0,0,1,2,2
540084,5,14,1,"Rollover/Overturn","The First Harmful Event was Not a Collision with a Motor Vehicle in Transport",1,2018,"FORD","EXPLORER",998,"Minor Damage",0,0,1,"Full Driver License","Valid","No",55,"Dry","Going Straight","From opposite direction  over left lane line","Braking and steering right","Tracking","Stayed in original travel lane","SUV",0,0,0,0,0,0,0,0,0
540086,5,11,12,"Motor Vehicle In-Transport","Angle",1,2018,"NISSAN","FRONTIER",998,"Disabling Damage",0,0,1,"Full Driver License","Valid","No",25,"Dry","Going Straight","From crossing street, intended path not known","Unknown/Not Reported","Tracking","Stayed in original travel lane","PU/EC",0,1,0,0,0,0,0,1,0
540090,6,14,12,"Motor Vehicle In-Transport","Angle",2,2017,"KIA","RIO",998,"Disabling Damage",2,0,1,"Full Driver License","Valid","No",55,"Dry","Going Straight","Unknown travel direction","No Avoidance Maneuver","Tracking","Stayed in original travel lane","5 HB",0,1,0,0,0,0,0,1,0
540090,6,14,12,"Motor Vehicle In-Transport","Angle",2,2019,"GMC","ACADIA",998,"Disabling Damage",0,0,1,"Full Driver License","Valid","No",55,"Dry","Going Straight","From crossing street, intended path not known","No Avoidance Maneuver","Tracking","Stayed in original travel lane","SUV",1,1,1,0,2,2,0,2,2
540103,6,16,12,"Motor Vehicle In-Transport","Front-to-Front",1,2022,"TOYOTA","TACOMA",998,"Disabling Damage",0,0,1,"Full Driver License","Valid","No",55,"Dry","Going Straight","From opposite direction  over left lane line","Steering left","Tracking","Stayed in original travel lane","PU/CC",1,2,1,1,1,1,0,5,3
540107,7,16,12,"Motor Vehicle In-Transport","Front-to-Front",1,2020,"FORD","ECOSPORT",998,"Disabling Damage",0,0,1,"Full Driver License","Valid","No",45,"Dry","Negotiating a Curve","From opposite direction  over left lane line","Unknown/Not Reported","Tracking","Stayed in original travel lane","SUV",1,0,0,0,0,0,0,1,1
540111,7,14,12,"Motor Vehicle In-Transport","Angle",2,2017,"FORD","EXPEDITION EL",998,"Disabling Damage",0,0,1,"Full Driver License","Valid","No",70,"Dry","Going Straight","Unknown Travel Direction/Speed of Other Motor Vehicle in Lane","Unknown/Not Reported","Tracking","Stayed in original travel lane","EXTENDED SUV",0,0,0,0,0,0,0,0,0
540118,7,15,12,"Motor Vehicle In-Transport","Front-to-Front",2,2019,"JEEP","CHEROKEE",998,"Disabling Damage",0,0,1,"Full Driver License","Valid","No",45,"Dry","Going Straight","From opposite direction  over left lane line","Braking and steering right","Tracking","Stayed in original travel lane","SUV",0,1,0,1,2,2,0,1,1
540121,8,14,12,"Motor Vehicle In-Transport","Front-to-Rear",3,2017,"HYUNDAI","ELANTRA",0,"Disabling Damage",0,0,1,"Full Driver License","Valid","No",65,"Dry","Stopped in Roadway","Traveling in same direction with higher speed","No Avoidance Maneuver","Tracking","Stayed in original travel lane","4 DR",1,1,1,0,2,2,0,1,2
540133,8,14,1,"Rollover/Overturn","The First Harmful Event was Not a Collision with a Motor Vehicle in Transport",1,2012,"NISSAN","VERSA",998,"Disabling Damage",1,0,1,"Full Driver License","Valid","No",15,"Dry","Going Straight","Off the edge of the road on the left side","Unknown/Not Reported","Tracking","Departed roadway","4 DR",0,0,0,0,0,0,1,1,0
540136,8,20,12,"Motor Vehicle In-Transport","Angle",1,2020,"AUDI","Q5",998,"Disabling Damage",0,0,1,"Full Driver License","Valid","No",45,"Dry","Turning Left","Turning Left","Unknown/Not Reported","Tracking","Stayed in original travel lane","SUV",0,1,1,1,1,1,0,5,2
540137,8,15,12,"Motor Vehicle In-Transport","Angle",2,2016,"FORD","ESCAPE",998,"Disabling Damage",1,0,1,"Full Driver License","Valid","No",30,"Dry","Going Straight","Crossing Over (Passing Through) Junction","Unknown/Not Reported","Tracking","Stayed in original travel lane","SUV",0,0,0,0,0,0,0,0,0
540142,8,8,12,"Motor Vehicle In-Transport","Angle",1,2019,"CHEVROLET","EQUINOX",998,"Disabling Damage",0,0,1,"Full Driver License","Valid","No",10,"Dry","Turning Left","Turning Left","No Avoidance Maneuver","Tracking","Stayed in original travel lane","SUV",1,1,1,1,2,2,0,2,3
540142,8,8,12,"Motor Vehicle In-Transport","Angle",1,2021,"HYUNDAI","SANTA FE",998,"Disabling Damage",1,0,1,"Full Driver License","Valid","No",35,"Dry","Going Straight","From crossing street, turning into opposite direction","Unknown/Not Reported","Tracking","Stayed in original travel lane","SUV",0,0,1,1,1,1,0,4,2
540143,9,6,8,"Pedestrian","The First Harmful Event was Not a Collision with a Motor Vehicle in Transport",1,2017,"JEEP","WRANGLER",998,"Minor Damage",0,0,1,"Full Driver License","Valid","No",15,"Dry","Going Straight","Pedestrian in road","No Avoidance Maneuver","Tracking","Stayed in original travel lane","SUV",0,0,0,0,0,0,0,0,0
540146,9,15,12,"Motor Vehicle In-Transport","Front-to-Rear",1,2018,"HYUNDAI","SONATA",0,"Disabling Damage",1,0,1,"Full Driver License","Valid","No",60,"Dry","Stopped in Roadway","Traveling in same direction with higher speed","No Avoidance Maneuver","Tracking","Stayed in original travel lane","4 DR",1,2,0,0,2,2,0,2,1
540146,9,15,12,"Motor Vehicle In-Transport","Front-to-Rear",1,2013,"DODGE","AVENGER",998,"Minor Damage",0,0,1,"Full Driver License","Valid","No",60,"Dry","Accelerating in Road","Traveling in same direction with higher speed","Accelerating","Tracking","Stayed in original travel lane","4 DR",0,1,0,0,0,0,1,2,0
540147,9,19,12,"Motor Vehicle In-Transport","Front-to-Front",2,2014,"JEEP","GRAND CHEROKEE",998,"Disabling Damage",0,0,1,"Full Driver License","Valid","No",45,"Dry","Going Straight","From opposite direction  over left lane line","Unknown/Not Reported","Tracking","Stayed in original travel lane","SUV",1,1,0,0,2,2,1,2,1
540152,9,6,12,"Motor Vehicle In-Transport","Angle",1,2013,"BUICK","ENCORE",998,"Disabling Damage",0,0,1,"Full Driver License","Valid","No",35,"Dry","Going Straight","Crossing Over (Passing Through) Junction","Unknown/Not Reported","Tracking","Stayed in original travel lane","SUV",0,1,0,0,0,0,1,3,0
540153,9,6,12,"Motor Vehicle In-Transport","Front-to-Front",3,2011,"KIA","SOUL",998,"Disabling Damage",1,0,1,"Full Driver License","Valid","No",45,"Dry","Negotiating a Curve","From opposite direction  over left lane line","Unknown/Not Reported","Tracking","Stayed in original travel lane","SUV",0,0,0,0,0,0,1,1,0
540156,9,20,12,"Motor Vehicle In-Transport","Angle",1,2016,"FORD","ESCAPE",998,"Disabling Damage",0,0,1,"Full Driver License","Valid","No",35,"Dry","Going Straight","From opposite direction  over left lane line","No Avoidance Maneuver","Tracking","Stayed in original travel lane","SUV",1,0,0,0,0,0,0,0,1
540158,9,17,26,"Other Traffic Barrier","The First Harmful Event was Not a Collision with a Motor Vehicle in Transport",2,2023,"NISSAN","ROGUE",998,"Disabling Damage",0,0,1,"Full Driver License","Valid","No",55,"Dry","Going Straight","Over the lane line on left side of travel lane","Unknown/Not Reported","Tracking","Departed roadway","SUV",1,0,1,1,1,1,0,5,3
540158,9,17,26,"Other Traffic Barrier","The First Harmful Event was Not a Collision with a Motor Vehicle in Transport",2,2019,"BUICK","LACROSSE",998,"Disabling Damage",1,0,1,"Full Driver License","Valid","No",55,"Dry","Going Straight","Over the lane line on right side of travel lane","Unknown/Not Reported","Tracking","Stayed on roadway, but left original travel lane","4 DR",1,1,0,0,2,2,0,2,1
540163,9,14,12,"Motor Vehicle In-Transport","Angle",6,2019,"VOLKSWAGEN","ATLAS",998,"Disabling Damage",0,0,1,"Full Driver License","Valid","No",55,"Dry","Going Straight","From opposite direction  over left lane line","Unknown/Not Reported","Tracking","Stayed in original travel lane","SUV",1,1,1,1,1,1,0,5,3
540166,9,7,12,"Motor Vehicle In-Transport","Front-to-Front",1,2015,"JEEP","WRANGLER",998,"Disabling Damage",0,0,1,"Full Driver License","Valid","No",40,"Dry","Going Straight","From opposite direction  over left lane line","Unknown/Not Reported","Tracking","Stayed in original travel lane","SUV",0,0,0,0,0,0,0,0,0
540168,8,5,18,"Other Object (not fixed)","The First Harmful Event was Not a Collision with a Motor Vehicle in Transport",1,2011,"TOYOTA","RAV4",998,"Disabling Damage",1,0,1,"Full Driver License","Valid","No",55,"Dry","Going Straight","Object in road","Unknown/Not Reported","Tracking","Stayed in original travel lane","SUV",0,1,0,0,0,0,1,2,0
540169,10,7,12,"Motor Vehicle In-Transport","Sideswipe - Same Direction",1,2017,"TOYOTA","COROLLA",998,"Disabling Damage",0,0,1,"Full Driver License","Valid","No",40,"Dry","Turning Right","Turning Right","Unknown/Not Reported","Tracking","Stayed in original travel lane","4 DR",0,1,1,1,2,2,0,2,2
540170,10,6,8,"Pedestrian","The First Harmful Event was Not a Collision with a Motor Vehicle in Transport",1,2016,"JEEP","WRANGLER",998,"Minor Damage",0,0,1,"Full Driver License","Valid","No",45,"Dry","Going Straight","Pedestrian in road","Braking and steering left","Tracking","Stayed in original travel lane","4 DR",0,0,0,0,0,0,0,0,0
540171,10,10,12,"Motor Vehicle In-Transport","Angle",1,2014,"CHEVROLET","TRAVERSE",998,"Disabling Damage",0,0,1,"Full Driver License","Valid","No",65,"Dry","Going Straight","Crossing Over (Passing Through) Junction","Braking","Skidding longitudinally  rotation less than 30 degrees","Stayed in original travel lane","SUV",0,1,0,1,0,0,1,3,1
540171,10,10,12,"Motor Vehicle In-Transport","Angle",2,2021,"HONDA","HR-V",998,"Disabling Damage",1,0,1,"Full Driver License","Valid","No",40,"Dry","Going Straight","Crossing Over (Passing Through) Junction","Unknown/Not Reported","Tracking","Stayed in original travel lane","SUV",0,1,1,1,2,2,0,1,2
540174,10,22,12,"Motor Vehicle In-Transport","Front-to-Rear",2,2017,"JEEP","CHEROKEE",998,"Minor Damage",0,0,1,"Full Driver License","Valid","No",70,"Dry","Decelerating in Road","Traveling in same direction with higher speed","Unknown/Not Reported","Tracking","Stayed in original travel lane","SUV",1,0,1,0,2,2,0,0,2
540181,10,7,12,"Motor Vehicle In-Transport","Front-to-Front",1,2017,"TOYOTA","CAMRY",998,"Disabling Damage",1,0,1,"Full Driver License","Valid","No",55,"Dry","Negotiating a Curve","Over the lane line on left side of travel lane","Unknown/Not Reported","Tracking","Stayed on roadway, but left original travel lane","4 DR",0,1,0,1,2,2,0,1,1
540181,10,7,12,"Motor Vehicle In-Transport","Front-to-Front",1,2014,"TOYOTA","CAMRY",998,"Disabling Damage",0,0,1,"Full Driver License","Valid","No",55,"Dry","Negotiating a Curve","From opposite direction  over left lane line","Unknown/Not Reported","Tracking","Stayed in original travel lane","4 DR",1,0,0,0,0,0,1,1,1
540186,7,15,12,"Motor Vehicle In-Transport","Front-to-Front",1,2013,"CHEVROLET","EQUINOX",998,"Disabling Damage",1,0,1,"Full Driver License","Valid","No",55,"Dry","Going Straight","Over the lane line on left side of travel lane","Unknown/Not Reported","Tracking","Stayed on roadway, but left original travel lane","SUV",0,1,0,0,0,0,1,3,0