"SERIAL_CRASH","MONTH","HOUR","HARM_EV","HARM_EVNAME","TYPE_OF_COLLIOSION","NUM_OF_PEOPLE","MOD_YEAR","VPICMAKENAME","VPICMODELNAME","TRAV_SP","DEFORMEDNAME","DEATHS","DR_DRINK","IS_DRIVER_PRESENT","L_TYPENAME","L_STATUSNAME","SPEEDRELNAME","VSPD_LIM","VSURCONDNAME","P_CRASH1NAME","P_CRASH2NAME","P_CRASH3NAME","PCRASH4NAME","PCRASH5NAME","BODY_STYLE","BLIND_SPOT_DETECTION","ARS","FRNT_COLLISION_WARNING","LANE_DEPARTURE_WARNING","CRASH_IMMINENT_BRAKE","DYNAMIC_BRAKE_SUPPORT","NHTSA_ESC","SAFETY_COUNT","notification_count"
550271,8,6,9,"Pedalcyclist","The First Harmful Event was Not a Collision with a Motor Vehicle in Transport",1,2015,"RAM","1500",60,"Minor Damage",0,0,1,"Full Driver License","Valid","No",55,"Dry","Going Straight","Pedalcyclist or other non-motorist in road","Steering left","Precrash stability unknown","Stayed in original travel lane","PU/EC",0,0,0,0,0,0,0,0,0
550275,7,15,12,"Motor Vehicle In-Transport","Front-to-Rear",1,2014,"RAM","2500",0,"Disabling Damage",0,0,1,"Full Driver License","Valid","No",55,"Dry","Stopped in Roadway","Traveling in same direction with higher speed","No Avoidance Maneuver","Tracking","Stayed on roadway, but left original travel lane","PU/EC",0,1,0,0,0,0,1,2,0
550281,7,18,8,"Pedestrian","The First Harmful Event was Not a Collision with a Motor Vehicle in Transport",1,2019,"FORD","EXPLORER",10,"No Damage",0,0,1,"Full Driver License","Valid","No",25,"Dry","Going Straight","Pedestrian in road","No Avoidance Maneuver","Tracking","Stayed in original travel lane","SUV",0,0,0,1,0,2,0,0,1
550288,8,22,8,"Pedestrian","The First Harmful Event was Not a Collision with a Motor Vehicle in Transport",1,2020,"CHEVROLET","TAHOE",40,"Functional Damage",0,0,1,"Full Driver License","Valid","No",55,"Dry","Going Straight","Pedestrian in road","No Avoidance Maneuver","Tracking","Stayed in original travel lane","SUV",0,0,1,0,2,2,0,0,1
550293,7,15,12,"Motor Vehicle In-Transport","Front-to-Front",1,2012,"FORD","FOCUS",55,"Disabling Damage",0,0,1,"Full Driver License","Valid","No",55,"Dry","Going Straight","Traveling in opposite direction","Unknown/Not Reported","Precrash stability unknown","Stayed on roadway, but left original travel lane","5 HB",0,1,0,0,0,0,1,2,0
550294,8,21,12,"Motor Vehicle In-Transport","Angle",1,2020,"TOYOTA","COROLLA",10,"Disabling Damage",1,0,1,"Full Driver License","Valid","No",25,"Dry","Turning Left","From opposite direction  over right lane line","No Avoidance Maneuver","Tracking","Stayed on roadway, but left original travel lane","5 HB",0,1,1,1,1,1,0,6,2
550297,8,6,12,"Motor Vehicle In-Transport","Front-to-Front",1,2015,"KIA","SOUL",55,"Disabling Damage",1,0,1,"Full Driver License","Valid","No",55,"Dry","Going Straight","Over the lane line on left side of travel lane","No Avoidance Maneuver","Precrash stability unknown","Stayed on roadway, but left original travel lane","SUV",0,1,0,0,0,0,0,1,0
550301,8,1,12,"Motor Vehicle In-Transport","Front-to-Front",1,2011,"TOYOTA","CAMRY",65,"Disabling Damage",0,0,1,"Full Driver License","Valid","No",65,"Dry","Going Straight","Traveling in opposite direction","Braking and Unknown Steering Direction","Skidding longitudinally  rotation less than 30 degrees","Stayed on roadway, but left original travel lane","4 DR",0,1,0,0,0,0,1,2,0
550306,8,16,12,"Motor Vehicle In-Transport","Angle",1,2020,"CADILLAC","XT4",55,"Disabling Damage",0,0,1,"Full Driver License","Valid","No",55,"Dry","Going Straight","From crossing street, across path","No Avoidance Maneuver","Tracking","Stayed in original travel lane","SUV",0,0,1,1,2,1,0,3,2
550307,8,16,12,"Motor Vehicle In-Transport","Front-to-Rear",1,2013,"BUICK","LACROSSE",0,"Disabling Damage",0,0,1,"Full Driver License","Valid","No",55,"Dry","Stopped in Roadway","Traveling in same direction with higher speed","No Avoidance Maneuver","Tracking","Stayed in original travel lane","4 DR",0,1,0,0,0,0,1,3,0
550308,8,12,12,"Motor Vehicle In-Transport","Front-to-Rear",1,2015,"JEEP","GRAND CHEROKEE",0,"Minor Damage",0,0,1,"Full Driver License","Valid","No",45,"Dry","Stopped in Roadway","Traveling in same direction with higher speed","No Avoidance Maneuver","Tracking","Stayed in original travel lane","SUV",0,0,0,0,0,0,0,0,0
550311,8,17,12,"Motor Vehicle In-Transport","Front-to-Front",2,2015,"CHEVROLET","EQUINOX",50,"Disabling Damage",0,0,1,"Full Driver License","Valid","No",55,"Dry","Going Straight","From opposite direction  over left lane line","No Avoidance Maneuver","Tracking","Stayed in original travel lane","SUV",0,1,0,0,0,0,0,2,0
550319,7,9,12,"Motor Vehicle In-Transport","Angle",1,2013,"KIA","SOUL",30,"Minor Damage",0,0,1,"Full Driver License","Valid","No",30,"Dry","Going Straight","From crossing street, across path","No Avoidance Maneuver","Tracking","Stayed in original travel lane","SUV",0,1,0,0,0,0,1,2,0
550323,9,13,12,"Motor Vehicle In-Transport","Angle",1,2015,"CHEVROLET","TRAVERSE",998,"Minor Damage",0,0,1,"Full Driver License","Valid","No",55,"Dry","Turning Left","Turning Left","No Avoidance Maneuver","Tracking","Stayed in original travel lane","SUV",0,1,0,0,0,0,0,2,0
550326,8,7,12,"Motor Vehicle In-Transport","Angle",4,2014,"VOLKSWAGEN","TIGUAN",40,"Disabling Damage",0,0,1,"Learner's Permit","Valid","No",40,"Dry","Going Straight","Crossing Over (Passing Through) Junction","No Avoidance Maneuver","Tracking","Stayed in original travel lane","SUV",0,1,0,0,0,0,1,2,0
550326,8,7,12,"Motor Vehicle In-Transport","Angle",1,2022,"FORD","ESCAPE",25,"Disabling Damage",1,0,1,"Full Driver License","Valid","No",25,"Dry","Going Straight","Crossing Over (Passing Through) Junction","No Avoidance Maneuver","Tracking","Stayed on roadway, but left original travel lane","SUV",1,0,1,1,1,1,0,6,3
550332,9,12,42,"Tree (Standing Only)","The First Harmful Event was Not a Collision with a Motor Vehicle in Transport",2,2016,"JEEP","CHEROKEE",999,"Disabling Damage",1,0,1,"Full Driver License","Valid","No",55,"Dry","Going Straight","Other cause of control loss (specify:)","No Avoidance Maneuver","Precrash stability unknown","Departed roadway","SUV",1,1,0,0,2,2,0,1,1
550333,8,14,12,"Motor Vehicle In-Transport","Front-to-Rear",1,2019,"LAND ROVER","RANGE ROVER VELAR",998,"Disabling Damage",1,0,1,"Full Driver License","Valid","No",30,"Dry","Going Straight","Traveling in same direction with lower steady speed","Braking","Skidding longitudinally  rotation less than 30 degrees","Stayed in original travel lane","SUV",0,1,1,1,1,2,0,5,2
550333,8,14,12,"Motor Vehicle In-Transport","Front-to-Rear",2,2014,"TOYOTA","CAMRY",998,"Disabling Damage",0,0,1,"Full Driver License","Valid","No",30,"Dry","Going Straight","Traveling in same direction with higher speed","Unknown/Not Reported","Tracking","Stayed in original travel lane","4 DR",1,0,0,0,0,0,1,1,1
550341,8,19,12,"Motor Vehicle In-Transport","Angle",2,2019,"CHEVROLET","TRAX",15,"Disabling Damage",1,0,1,"Full Driver License","Valid","No",55,"Dry","Turning Right","From crossing street, across path","No Avoidance Maneuver","Tracking","Stayed in original travel lane","SUV",0,1,0,0,0,0,0,2,0
550347,9,18,8,"Pedestrian","The First Harmful Event was Not a Collision with a Motor Vehicle in Transport",2,2011,"HONDA","CR-V",25,"No Damage",0,0,1,"Full Driver License","Valid","No",30,"Dry","Going Straight","Pedestrian in road","No Avoidance Maneuver","Tracking","Stayed in original travel lane","SUV",0,1,0,0,0,0,1,2,0
550349,9,17,12,"Motor Vehicle In-Transport","Angle",1,2022,"BMW","X6",13,"Disabling Damage",0,0,1,"Full Driver License","Valid","No",25,"Dry","Turning Left","Turning Left","No Avoidance Maneuver","Tracking","Stayed in original travel lane","SUV",0,1,0,0,0,0,0,2,0
550350,9,22,12,"Motor Vehicle In-Transport","Angle",4,2014,"FORD","FOCUS",55,"Disabling Damage",0,0,1,"Intermediate Driver License","Valid","No",55,"Dry","Going Straight","Crossing Over (Passing Through) Junction","No Avoidance Maneuver","Tracking","Stayed in original travel lane","5 HB",0,1,0,0,0,0,1,2,0
550350,9,22,12,"Motor Vehicle In-Transport","Angle",1,2013,"SUBARU","LEGACY",55,"Disabling Damage",1,0,1,"Full Driver License","Valid","No",55,"Dry","Going Straight","From opposite direction  over left lane line","No Avoidance Maneuver","Tracking","Stayed in original travel lane","4 DR",0,1,0,0,2,2,1,2,0
550361,9,17,12,"Motor Vehicle In-Transport","Front-to-Front",3,2016,"TOYOTA","AVALON",998,"Disabling Damage",2,0,1,"Full Driver License","Valid","No",55,"Dry","Going Straight","Traveling in opposite direction","No Avoidance Maneuver","Tracking","Stayed in original travel lane","4 DR",1,1,0,0,2,2,0,1,1
550361,9,17,12,"Motor Vehicle In-Transport","Front-to-Front",1,2015,"JEEP","GRAND CHEROKEE",998,"Disabling Damage",0,0,1,"Full Driver License","Valid","No",55,"Dry","Going Straight","Other vehicle stopped","Steering right","Tracking","Departed roadway","SUV",0,0,1,0,0,0,0,0,1
550362,9,7,12,"Motor Vehicle In-Transport","Angle",1,2012,"BUICK","LACROSSE",55,"Disabling Damage",0,0,1,"Intermediate Driver License","Valid","No",55,"Dry","Going Straight","From crossing street, across path","Unknown/Not Reported","Tracking","Stayed in original travel lane","4 DR",0,1,0,0,0,0,1,3,0
550381,10,16,12,"Motor Vehicle In-Transport","Angle",1,2015,"TOYOTA","RAV4",998,"Functional Damage",0,0,1,"Full Driver License","Valid","No",55,"Dry","Turning Left","Turning Left","Unknown/Not Reported","Tracking","Stayed in original travel lane","SUV",1,1,0,0,0,0,0,1,1
550384,10,16,12,"Motor Vehicle In-Transport","Angle",2,2015,"KIA","OPTIMA",65,"Disabling Damage",1,0,1,"Full Driver License","Valid","No",65,"Dry","Going Straight","From crossing street, turning into opposite direction","Unknown/Not Reported","Tracking","Stayed in original travel lane","4 DR",0,1,0,0,0,0,0,1,0
550384,10,16,12,"Motor Vehicle In-Transport","Angle",3,2020,"TOYOTA","CAMRY",65,"Disabling Damage",0,0,1,"Full Driver License","Valid","No",45,"Dry","Turning Left","Turning Left","No Avoidance Maneuver","Tracking","Stayed in original travel lane","4 DR",1,1,1,1,1,1,0,6,3
550385,9,5,12,"Motor Vehicle In-Transport","Angle",1,2014,"VOLKSWAGEN","PASSAT",55,"Disabling Damage",1,0,1,"Intermediate Driver License","Valid","No",55,"Dry","Going Straight","From crossing street, turning into same direction","No Avoidance Maneuver","Tracking","Stayed in original travel lane","4 DR",0,1,0,0,0,0,1,2,0
550402,10,18,12,"Motor Vehicle In-Transport","Angle",2,2020,"CHEVROLET","BLAZER",55,"Disabling Damage",0,0,1,"Full Driver License","Valid","No",55,"Dry","Turning Left","Turning Left","No Avoidance Maneuver","Tracking","Stayed on roadway, but left original travel lane","SUV",0,1,1,1,2,2,0,2,2
550404,10,16,12,"Motor Vehicle In-Transport","Front-to-Rear",2,2018,"CHEVROLET","EQUINOX",998,"Disabling Damage",0,0,1,"Full Driver License","Valid","No",55,"Dry","Decelerating in Road","Traveling in same direction with higher speed","No Avoidance Maneuver","Tracking","Stayed in original travel lane","SUV",1,1,0,0,2,2,0,2,1
550413,10,17,12,"Motor Vehicle In-Transport","Front-to-Rear",4,2019,"CHEVROLET","EQUINOX",998,"Disabling Damage",0,0,1,"Full Driver License","Valid","No",70,"Dry","Decelerating in Road","Traveling in same direction with higher speed","No Avoidance Maneuver","Tracking","Stayed in original travel lane","SUV",1,1,1,1,2,2,0,2,3
550417,10,11,12,"Motor Vehicle In-Transport","Angle",1,2016,"TOYOTA","RAV4",999,"Disabling Damage",0,0,1,"Full Driver License","Valid","No",55,"Dry","Turning Left","Turning Left","No Avoidance Maneuver","Tracking","Stayed on roadway, but left original travel lane","SUV",0,1,0,0,2,2,0,1,0
550419,11,7,12,"Motor Vehicle In-Transport","Front-to-Rear",1,2012,"FORD","FUSION",0,"Disabling Damage",0,0,1,"Full Driver License","Valid","No",55,"Dry","Stopped in Roadway","Traveling in same direction with higher speed","No Avoidance Maneuver","Tracking","Stayed in original travel lane","4 DR",0,0,0,0,0,0,1,1,0
550425,10,21,12,"Motor Vehicle In-Transport","Angle",4,2020,"CHRYSLER","VOYAGER",91,"Disabling Damage",0,0,1,"Full Driver License","Valid","No",25,"Dry","Going Straight","Off the edge of the road on the right side","No Avoidance Maneuver","Skidding laterally clockwise rotation","Departed roadway","VAN",0,0,0,0,0,0,0,0,0
550425,10,21,12,"Motor Vehicle In-Transport","Angle",2,2017,"CHEVROLET","MALIBU",0,"Disabling Damage",1,0,1,"Full Driver License","Valid","No",30,"Dry","Stopped in Roadway","Other critical precrash event (specify:)","No Avoidance Maneuver","Tracking","Stayed in original travel lane","4 DR",0,1,1,1,2,2,0,2,2
550428,11,10,12,"Motor Vehicle In-Transport","Angle",1,2017,"TOYOTA","CAMRY",15,"Disabling Damage",1,0,1,"Intermediate Driver License","Valid","No",35,"Dry","Going Straight","From crossing street, across path","No Avoidance Maneuver","Tracking","Stayed in original travel lane","4 DR",0,1,0,1,2,2,0,1,1
550430,11,15,12,"Motor Vehicle In-Transport","Front-to-Rear",2,2019,"SUBARU","OUTBACK",0,"Functional Damage",0,0,1,"Full Driver License","Valid","No",45,"Dry","Stopped in Roadway","Traveling in same direction with higher speed","No Avoidance Maneuver","Tracking","Stayed in original travel lane","SW",0,0,1,1,1,1,0,4,2
550431,10,1,31,"Post, Pole or Other Supports","The First Harmful Event was Not a Collision with a Motor Vehicle in Transport",1,2022,"VOLKSWAGEN","TIGUAN",998,"Disabling Damage",1,0,1,"Full Driver License","Valid","No",35,"Dry","Going Straight","Off the edge of the road on the right side","No Avoidance Maneuver","Tracking","Departed roadway","SUV",1,1,1,0,1,1,0,6,2
550433,11,10,12,"Motor Vehicle In-Transport","Front-to-Front",1,2018,"CADILLAC","XT5",998,"Disabling Damage",1,0,1,"Full Driver License","Valid","No",55,"Dry","Turning Left","Turning Left","Unknown/Not Reported","Tracking","Stayed in original travel lane","SUV",1,1,1,1,2,2,0,2,3
550434,11,8,12,"Motor Vehicle In-Transport","Angle",1,2012,"TOYOTA","HIGHLANDER",50,"Functional Damage",0,0,1,"Full Driver License","Valid","No",50,"Dry","Going Straight","From adjacent lane (same direction) over left lane line","Steering left","Precrash stability unknown","Stayed in original travel lane","SUV",0,1,0,0,0,0,1,2,0
550434,11,8,12,"Motor Vehicle In-Transport","Angle",1,2018,"CHEVROLET","MALIBU",50,"Disabling Damage",0,0,1,"Full Driver License","Valid","No",50,"Dry","Going Straight","From opposite direction  over left lane line","Braking","Precrash stability unknown","Stayed in original travel lane","4 DR",1,1,1,0,2,2,0,2,2
550434,11,8,12,"Motor Vehicle In-Transport","Angle",1,2017,"TOYOTA","RAV4",50,"Minor Damage",0,0,1,"Full Driver License","Valid","No",50,"Dry","Going Straight","Other critical precrash event (specify:)","No Avoidance Maneuver","Precrash stability unknown","Stayed in original travel lane","SUV",1,1,1,1,2,2,0,1,3
550441,11,13,12,"Motor Vehicle In-Transport","Sideswipe - Opposite Direction",1,2015,"TOYOTA","TACOMA",61,"Disabling Damage",1,0,1,"Full Driver License","Valid","No",55,"Dry","Negotiating a Curve","Over the lane line on left side of travel lane","No Avoidance Maneuver","Skidding longitudinally  rotation less than 30 degrees","Stayed on roadway, but left original travel lane","PU/EC",0,0,0,0,0,0,0,0,0
550442,11,19,12,"Motor Vehicle In-Transport","Angle",2,2020,"TOYOTA","SUPRA",14,"Disabling Damage",1,0,1,"Full Driver License","Valid","No",30,"Dry","Turning Left","Turning Left","No Avoidance Maneuver","Tracking","Stayed in original travel lane","2 DR",1,1,1,0,1,1,0,5,2
550442,11,19,12,"Motor Vehicle In-Transport","Angle",1,2019,"FORD","FUSION",39,"Disabling Damage",0,0,1,"Intermediate Driver License","Valid","No",30,"Dry","Going Straight","From opposite direction  over left lane line","No Avoidance Maneuver","Tracking","Stayed in original travel lane","4 DR",0,1,1,1,1,1,0,6,2
550444,12,99,1,"Rollover/Overturn","The First Harmful Event was Not a Collision with a Motor Vehicle in Transport",1,2018,"CHEVROLET","EQUINOX",60,"Functional Damage",1,0,1,"Full Driver License","Valid","No",55,"Dry","Negotiating a Curve","Off the edge of the road on the right side","Unknown/Not Reported","Skidding Laterally, Rotation Direction Unknown","Departed roadway","SUV",0,1,0,1,2,2,0,2,1
550445,11,21,12,"Motor Vehicle In-Transport","Front-to-Front",1,2020,"FORD","FUSION",70,"Disabling Damage",1,0,1,"Full Driver License","Valid","No",70,"Dry","Going Straight","Traveling in opposite direction","No Avoidance Maneuver","Tracking","Stayed in original travel lane","4 DR",1,1,1,1,1,1,0,7,3
550451,11,14,12,"Motor Vehicle In-Transport","Angle",1,2014,"CHEVROLET","TAHOE",55,"Disabling Damage",0,0,1,"Full Driver License","Valid","No",55,"Dry","Going Straight","Crossing Over (Passing Through) Junction","No Avoidance Maneuver","Tracking","Stayed in original travel lane","SUV",0,1,0,0,0,0,1,3,0
550460,10,19,8,"Pedestrian","The First Harmful Event was Not a Collision with a Motor Vehicle in Transport",1,2013,"CHEVROLET","CRUZE",999,"Functional Damage",0,0,1,"Full Driver License","Valid","No",25,"Dry","Going Straight","Pedestrian in road","No Avoidance Maneuver","Tracking","Stayed in original travel lane","4 DR",0,2,0,0,0,0,1,2,0
550463,12,14,12,"Motor Vehicle In-Transport","Front-to-Rear",2,2016,"CHEVROLET","TAHOE",70,"Disabling Damage",0,0,1,"Full Driver License","Valid","No",70,"Dry","Going Straight","Traveling in same direction with higher speed","No Avoidance Maneuver","Tracking","Stayed in original travel lane","SUV",1,1,1,0,2,0,0,2,2
550467,11,17,12,"Motor Vehicle In-Transport","Front-to-Front",1,2014,"NISSAN","ROGUE",58,"Disabling Damage",0,0,1,"Full Driver License","Valid","No",55,"Dry","Going Straight","From opposite direction  over left lane line","No Avoidance Maneuver","Tracking","Stayed in original travel lane","SUV",0,1,0,1,0,0,1,2,1
550470,12,0,41,"Shrubbery","The First Harmful Event was Not a Collision with a Motor Vehicle in Transport",1,2014,"DODGE","GRAND CARAVAN",30,"Disabling Damage",1,0,1,"Full Driver License","Valid","No",25,"Dry","Going Straight","Off the edge of the road on the left side","No Avoidance Maneuver","Tracking","Departed roadway","VAN",1,1,0,0,0,0,1,2,1
550479,7,21,11,"Live Animal","The First Harmful Event was Not a Collision with a Motor Vehicle in Transport",1,2020,"KIA","FORTE",70,"Disabling Damage",1,0,1,"Full Driver License","Valid","No",70,"Dry","Going Straight","Animal in road","Unknown/Not Reported","Precrash stability unknown","Stayed in original travel lane","4 DR",0,2,1,1,1,1,0,5,2
550479,7,21,11,"Live Animal","The First Harmful Event was Not a Collision with a Motor Vehicle in Transport",1,2019,"HONDA","CIVIC",70,"Disabling Damage",1,0,1,"Full Driver License","Valid","No",70,"Dry","Going Straight","From opposite direction  over left lane line","Unknown/Not Reported","Precrash stability unknown","Stayed on roadway, not known if left original travel lane","2 DR",0,1,1,1,1,1,0,5,2
550479,7,21,11,"Live Animal","The First Harmful Event was Not a Collision with a Motor Vehicle in Transport",1,2022,"TOYOTA","RAV4",70,"Disabling Damage",0,0,1,"Full Driver License","Valid","No",70,"Dry","Going Straight","From opposite direction  over left lane line","Unknown/Not Reported","Precrash stability unknown","Stayed on roadway, not known if left original travel lane","SUV",0,1,1,1,1,1,0,6,2
550482,8,15,12,"Motor Vehicle In-Transport","Angle",1,2018,"FORD","TRANSIT",55,"Disabling Damage",0,0,1,"Full Driver License","Valid","No",55,"Dry","Going Straight","Off the edge of the road on the left side","Other actions (specify:)","Precrash stability unknown","Stayed on roadway, but left original travel lane","VAN",0,0,0,0,0,0,0,0,0
550482,8,15,12,"Motor Vehicle In-Transport","Angle",1,2013,"VOLKSWAGEN","JETTA",55,"Minor Damage",0,0,1,"Full Driver License","Valid","No",55,"Dry","Going Straight","From opposite direction  over left lane line","Steering right","Precrash stability unknown","Departed roadway","4 DR",0,1,0,0,0,0,1,2,0
550484,8,13,12,"Motor Vehicle In-Transport","Angle",1,2019,"TOYOTA","HIGHLANDER",999,"Disabling Damage",0,0,1,"Full Driver License","Valid","No",55,"Dry","Turning Left","Turning Left","No Avoidance Maneuver","Tracking","Stayed in original travel lane","SUV",1,1,1,1,1,1,0,5,3
550486,8,12,12,"Motor Vehicle In-Transport","Angle",2,2015,"CHEVROLET","TRAX",5,"Disabling Damage",1,0,1,"Full Driver License","Valid","No",45,"Dry","Accelerating in Road","Crossing Over (Passing Through) Junction","Steering right","Precrash stability unknown","Stayed on roadway, but left original travel lane","SUV",0,1,1,0,0,0,0,2,1
550487,9,18,12,"Motor Vehicle In-Transport","Angle",1,2016,"FORD","FUSION",55,"Disabling Damage",0,0,1,"Intermediate Driver License","Valid","No",55,"Dry","Going Straight","Crossing Over (Passing Through) Junction","No Avoidance Maneuver","Precrash stability unknown","Stayed in original travel lane","4 DR",0,1,1,0,0,0,0,1,1
550498,11,16,12,"Motor Vehicle In-Transport","Front-to-Front",2,2014,"HONDA","CIVIC",55,"Disabling Damage",1,0,1,"Full Driver License","Valid","No",55,"Dry","Negotiating a Curve","From opposite direction  over left lane line","Unknown/Not Reported","Precrash stability unknown","Stayed in original travel lane","4 DR",0,0,0,0,0,0,1,1,0
550501,11,18,12,"Motor Vehicle In-Transport","Front-to-Front",3,2013,"CHEVROLET","TAHOE",65,"Disabling Damage",1,0,1,"Full Driver License","Valid","No",65,"Dry","Going Straight","Traveling in opposite direction","No Avoidance Maneuver","Tracking","Stayed in original travel lane","SUV",0,1,0,0,0,0,1,3,0
550506,11,8,12,"Motor Vehicle In-Transport","Angle",1,2020,"MAZDA","MAZDA3",34,"Disabling Damage",1,0,1,"Full Driver License","Valid","No",35,"Dry","Going Straight","From crossing street, across path","No Avoidance Maneuver","Skidding laterally counterclockwise rotation","Stayed on roadway, but left original travel lane","5 HB",1,1,1,1,1,1,0,7,3
550509,11,20,8,"Pedestrian","The First Harmful Event was Not a Collision with a Motor Vehicle in Transport",1,2019,"GMC","ACADIA",25,"Functional Damage",0,0,1,"Full Driver License","Valid","No",30,"Dry","Going Straight","Pedestrian in road","No Avoidance Maneuver","Precrash stability unknown","Stayed in original travel lane","SUV",0,1,1,1,2,2,0,2,2
550512,12,13,12,"Motor Vehicle In-Transport","Angle",2,2017,"JEEP","CHEROKEE",25,"Disabling Damage",2,0,1,"Full Driver License","Valid","No",55,"Dry","Going Straight","Crossing Over (Passing Through) Junction","No Avoidance Maneuver","Tracking","Stayed in original travel lane","SUV",0,0,0,0,2,2,0,0,0
550513,12,19,12,"Motor Vehicle In-Transport","Angle",1,2016,"CHEVROLET","COLORADO",58,"Disabling Damage",0,0,1,"Full Driver License","Valid","No",55,"Dry","Going Straight","From crossing street, across path","Unknown/Not Reported","Tracking","Stayed in original travel lane","PU/EC",0,1,1,1,0,0,0,1,2
550526,12,4,8,"Pedestrian","The First Harmful Event was Not a Collision with a Motor Vehicle in Transport",2,2014,"DODGE","GRAND CARAVAN",35,"Minor Damage",0,0,1,"Full Driver License","Valid","No",35,"Dry","Going Straight","Pedestrian in road","No Avoidance Maneuver","Precrash stability unknown","Stayed in original travel lane","VAN",1,1,0,0,0,0,1,2,1
560004,1,14,12,"Motor Vehicle In-Transport","Angle",3,2019,"DODGE","DURANGO",70,"Disabling Damage",0,0,1,"Full Driver License","Valid","No",70,"Dry","Going Straight","From crossing street, across path","Unknown/Not Reported","Tracking","Stayed in original travel lane","SUV",1,0,0,1,2,2,0,0,2
560007,1,18,12,"Motor Vehicle In-Transport","Sideswipe - Opposite Direction",3,2014,"INFINITI","QX80",77,"Disabling Damage",0,0,1,"Full Driver License","Valid","No",75,"Dry","Passing or Overtaking Another Vehicle","Traveling in opposite direction","Unknown/Not Reported","Tracking","Stayed on roadway, not known if left original travel lane","SUV",1,0,0,0,2,0,1,1,1
560022,2,16,12,"Motor Vehicle In-Transport","Front-to-Front",2,2016,"RAM","1500",70,"Disabling Damage",0,0,1,"Full Driver License","Valid","No",70,"Dry","Going Straight","From opposite direction  over left lane line","Unknown/Not Reported","Tracking","Stayed in original travel lane","PU/RC",0,0,0,0,0,0,0,0,0
560028,4,14,12,"Motor Vehicle In-Transport","Angle",3,2023,"TOYOTA","RAV4",25,"Disabling Damage",1,0,1,"Full Driver License","Valid","No",65,"Dry","Turning Left","Turning Left","Unknown/Not Reported","Tracking","Stayed in original travel lane","SUV",1,1,1,1,1,1,0,5,3
560042,5,21,12,"Motor Vehicle In-Transport","Sideswipe - Opposite Direction",4,2015,"GMC","ACADIA",60,"Disabling Damage",2,0,1,"Full Driver License","Valid","No",55,"Dry","Going Straight","From opposite direction  over left lane line","Unknown/Not Reported","Tracking","Stayed in original travel lane","SUV",0,1,0,0,0,0,0,2,0
560043,5,11,12,"Motor Vehicle In-Transport","Angle",1,2018,"NISSAN","ROGUE SPORT",30,"Disabling Damage",0,0,1,"Full Driver License","Valid","No",30,"Dry","Turning Right","Traveling in opposite direction","Unknown/Not Reported","Tracking","Stayed on roadway, but left original travel lane","SUV",1,0,1,1,2,2,0,0,3
560050,6,9,12,"Motor Vehicle In-Transport","Front-to-Front",1,2011,"SUBARU","OUTBACK",70,"Disabling Damage",1,0,1,"Full Driver License","Valid","No",70,"Dry","Going Straight","Traveling in opposite direction","No Avoidance Maneuver","Tracking","Stayed in original travel lane","SUV",0,2,0,0,0,0,1,1,0
560050,6,9,12,"Motor Vehicle In-Transport","Front-to-Front",1,2023,"CHEVROLET","EQUINOX",55,"Disabling Damage",0,0,1,"Full Driver License","Valid","No",70,"Dry","Going Straight","Traveling in opposite direction","Other actions (specify:)","Tracking","Stayed on roadway, not known if left original travel lane","SUV",1,0,1,1,1,1,0,4,3
560054,7,12,12,"Motor Vehicle In-Transport","Front-to-Front",3,2023,"KIA","SOUL",65,"Disabling Damage",1,0,1,"Full Driver License","Valid","No",65,"Dry","Negotiating a Curve","From opposite direction  over left lane line","Unknown/Not Reported","Tracking","Stayed in original travel lane","SUV",0,2,1,1,1,1,0,4,2
560067,7,12,35,"Embankment","The First Harmful Event was Not a Collision with a Motor Vehicle in Transport",2,2017,"NISSAN","PATHFINDER",80,"Disabling Damage",1,0,1,"Full Driver License","Valid","No",80,"Dry","Changing Lanes","Off the edge of the road on the right side","Unknown/Not Reported","Tracking","Departed roadway","SUV",0,0,0,0,2,2,0,0,0
560083,9,15,12,"Motor Vehicle In-Transport","Front-to-Front",2,2022,"CHRYSLER","PACIFICA",70,"Disabling Damage",2,0,1,"Full Driver License","Valid","No",70,"Dry","Going Straight","Over the lane line on left side of travel lane","Unknown/Not Reported","Tracking","Stayed on roadway, but left original travel lane","MV",1,1,1,1,1,1,0,7,3
560093,10,13,12,"Motor Vehicle In-Transport","Angle",1,2016,"RAM","2500",70,"Disabling Damage",0,0,1,"Full Driver License","Valid","No",70,"Dry","Going Straight","From opposite direction  over left lane line","Braking","Tracking","Stayed in original travel lane","PU/CC",0,0,0,0,0,0,0,0,0
560115,12,18,9,"Pedalcyclist","The First Harmful Event was Not a Collision with a Motor Vehicle in Transport",1,2013,"DODGE","JOURNEY",50,"Disabling Damage",0,0,1,"Full Driver License","Valid","No",50,"Dry","Going Straight","Pedalcyclist or other non-motorist in road","No Avoidance Maneuver","Tracking","Stayed in original travel lane","SUV",0,1,0,0,0,0,1,2,0
560120,12,8,12,"Motor Vehicle In-Transport","Angle",5,2020,"TESLA","MODEL Y",70,"Disabling Damage",1,0,1,"Full Driver License","Valid","No",70,"Dry","Negotiating a Curve","Unknown","Steering right","Tracking","Returned to roadway","SUV",1,1,1,1,1,1,0,6,3